nombre,altura,peso
Manuelita Valenzuela Ibáñez,171.1266188847061,60.650625739067785
Paco Cerdá-Zamora,159.19397645519808,50.844917677968965
Ester Florina Pera Azcona,164.6106155863436,43.48675395378129
Angélica Cañas Medina,160.95764081234907,59.10399910383691
Patricio Piña Calzada,184.58129314951063,74.60587572870035
María José Viana,171.94457416250955,73.5583627941927
Josefa Yésica Noguera Lopez,162.76642450606744,30.30677258892652
Emiliana Barceló-Pla,192.3754153448064,71.25096131901893
Cintia Gomez Giralt,161.16682809580988,62.78253362873227
Miguel Ángel Ramis Ortega,161.48733063382792,37.370930464854055
Julio César Benito Riera,160.46215307865222,44.71487883341264
Graciano Ribera Lillo,199.4877024174758,157.63474502873927
Cleto Barragán Cruz,170.74464713249583,56.25486140663208
Pepe Padilla Cañellas,140.0,41.40703851429788
Juan Luis Ayala Bas,161.55269109390338,52.90613729222748
Moreno Campos Posada,155.2913311924553,47.28016970349312
Consuelo Sales Batlle,157.72903960835788,38.041728892340565
Cipriano Bayona-Bárcena,142.82019592872942,62.43088343323633
Vilma Sáez Figueras,180.6835814199486,86.672903819607
Leticia Villegas Anguita,175.84648233641013,104.82663855887635
Itziar Macías Carnero,161.2519617536618,90.93813890203052
Encarnita del Domínguez,171.90105362494776,44.59444385731001
Áurea Cruz Valera,140.0,46.70553437949989
Berto Tovar Gisbert,186.64877436822863,117.97621199364744
Rolando del Juan,181.97765262139075,73.56059030878036
Blas Cruz Romeu,152.6476557029397,58.84388120903938
Ramona Morera Cabrero,178.5954551216526,40.86634866576046
Carla Galán-Sebastián,154.91604572379458,70.19387918298887
Eladio Palomar,160.9865982622198,55.06805764597868
Paco Sosa Vergara,193.38332525335207,101.9623792490979
Trinidad Ferrer Castells,153.45648908874904,42.28458566255198
Ángeles del Sanjuan,158.52522051358105,25.19195021987713
Maribel Recio Garcia,166.954203132238,55.751866888223866
Débora Pol,186.74811381179128,83.79936300911851
Lorena Acevedo Lobato,157.73061531642924,92.08052704401705
Agustín Lara-Rico,186.45221997763056,66.024648450776
Custodia de Gonzalez,195.09936421411757,78.46389662972464
Benigno Saura Guardia,187.86938790433447,35.958114633040815
Aránzazu Piedad Solé Cases,169.8119938108125,70.2955173698269
Emelina de Mena,153.13084162103797,50.86619397349574
Azeneth Viana Teruel,157.5997879331179,56.70158424044181
Odalys Andrea Hidalgo Ferrer,168.99506019181874,40.515500897186016
Ariel López Paniagua,143.03944560449062,75.24550711315894
Chelo Solé Seco,187.24062598610303,47.63861645380054
Joaquín Vito Tur Anglada,178.94531752673606,121.59007576526912
Joel Aparicio Juárez,168.85541767147507,40.58879910821437
Cornelio Nebot Abad,164.485628985178,57.99038148879522
Flor Domínguez-Ferrán,178.0325493520318,68.74710512116194
Primitivo del Dueñas,158.00936936090795,30.370407185613963
Evelia Araujo Cuéllar,176.7536722005254,33.45096252597366
Primitiva Roura Roldán,157.99123026030873,61.1415361528616
Antonio Rogelio Espejo Aragonés,140.0,51.03549092137404
María Pilar Cobos Morales,181.31102803478143,74.67214697040392
Belen Coll Julián,183.7117143878539,123.1174099388072
Luz Sierra-Huerta,179.4741600968587,44.31693817630918
Reynaldo del Carmona,171.96529865355708,83.65150072227937
Eligio del Alegria,170.25333637910907,32.54521876637691
Melchor Egea Tomás,164.1821265583937,103.4077712907251
Loida Hurtado-Sáez,169.4381067821443,37.93628222765068
Nacio Bayona,174.57138254630254,30.526268643751763
Emiliano de Ballesteros,178.2750895324477,36.43534670995423
Aurelio Juárez-Durán,149.95769813890087,67.58698411676794
Paloma Alegria-Gimenez,176.46792691933922,76.393335135513
Regina Ariño Castilla,181.93193018406544,33.94383575598557
Bárbara Cáceres Terrón,189.95034333334053,66.05018426137654
Ileana Huerta Rocha,155.98647635430942,95.10818695487389
Amparo Alberola Pozuelo,154.9372976175031,24.167738977063102
Salomé Tomás Arteaga,167.30322582179963,99.27122017591708
Fátima Sacristán,151.70138441717955,49.259790154873016
Emiliano Hernán Santamaría Cabo,177.73382907137707,46.09709974636263
Eusebio Canals Sanabria,179.22269880013158,74.34566312831878
Tatiana Casares,169.49855848116172,38.02085167193715
María Carmen Real Verdugo,147.88226361163987,45.841189751161565
Pánfilo de Mas,192.02271752719167,49.27328336398535
Héctor Pánfilo Gutierrez Roman,149.29049170204007,22.67779110947076
Imelda Alonso Castañeda,161.29830046121353,82.23050478615372
Alfonso Mármol Haro,194.87538095979653,56.08061150172223
Jenny Matas,157.3544519618557,67.74801647245329
Benita Marco Diéguez,179.34074025684183,109.37475578626656
Virginia Asenjo Fábregas,173.6392685114022,34.02888300767541
Cristóbal Sarabia Palomares,156.01279348950777,75.0121917343763
Sosimo Pagès Ribera,170.73099074961132,44.57986202601387
Berto Zurita Jaume,163.1175805536802,56.061477215677215
Amada Cámara Sevilla,185.74765847512668,65.09107308852917
Isabel Galván Mascaró,189.42223951715837,72.21132764422158
Piedad Hernández-Oliveras,140.0,22.605947724794717
Carmina Huerta-Noguera,184.7258828549208,48.32207118429907
Lupe Abigaíl Alba Benitez,144.93151918033615,28.567895325018046
Zaida Odalys Fuster Rueda,182.91859496087272,112.11959582186124
Pilar Martorell Becerra,169.0381361654935,94.2794706714222
Anna Canals-Vicente,174.53459138568135,90.76854511749016
Estela del Francisco,190.894045343806,105.47879779518874
Judith Saez-Reina,158.51305273033344,98.54273260428349
Norberto Montalbán Pinedo,140.0,29.21179055395659
Graciana Azcona Gutierrez,165.0453643498281,35.629047767920206
Amancio Acuña Losada,179.79996559903938,78.69909731157934
Reyna Sotelo Dávila,173.81114436520264,101.89509809707712
Candela Barrena Paniagua,167.53689842707797,90.77986943072784
Hipólito Paz-Comas,157.35563416390383,88.30415566691902
Esperanza Casanovas Saez,172.1051642709293,84.98767945427173
Ángeles Manuel,155.86392124041765,31.074320356596505
Rómulo Talavera-Lopez,176.06541717282673,70.22185500583751
Casandra Salinas Pol,178.7387438153068,72.07546568159313
Marcio Terrón Arteaga,193.3518547922833,138.81387996850555
Florencio Guardiola Mate,170.00771278104804,112.44361589230834
Quique Herminio Bolaños Mir,163.53911973095467,29.483551974055704
Cecilia Juárez Porcel,186.180927214998,53.40846456402707
Jacinto Sanjuan Juárez,157.75778395848346,94.98788006348433
Feliciano Castell Parra,155.40474261718268,84.2972803336896
Sergio Pérez Jordán,153.81481206830705,36.3999606581431
Asunción Lola Riba Rocha,177.27186699167464,73.22982345868277
Felisa del Andrés,171.1448870764355,85.12628251108755
Mar Fuster,183.40504676376835,79.0018843812517
Anselmo Tena Cordero,195.22646217051675,57.69112888521543
Clotilde Ros Casanova,152.44247867844908,80.28445297475297
Julio César Macías Valderrama,195.24701246205936,74.36509866029324
Elba Seco Aguilar,162.97002761350288,102.04694517570896
Eli Araujo,151.4720126530274,30.42235937234159
Quique Barragán Alvarez,153.42096449545576,37.106905462524686
Manu Eusebia Goñi Ortega,147.44511131445654,52.784329643784496
Paloma Varela,166.77317205002376,109.2618808127809
Vito Alcaraz Carbajo,150.67244080573843,47.88069101863493
Erasmo Villalonga Royo,145.57743395273974,65.41967142714115
Jose Carlos Vega Manso,164.4516194052581,59.54670246792682
Chema de Solano,157.2399852667173,48.20437478103166
Régulo de Lastra,149.0891308245636,47.00461191031148
Artemio Martí Garay,149.60020618042648,54.87798816169118
Felicidad Marcos Bautista,161.7548630083366,61.513246781010125
Graciana Tirado-Molina,186.62317676230475,114.72474363215328
Eva María Arribas Peinado,171.98383964141266,37.08199486204231
Clarisa Bermudez-Valcárcel,151.93851939479347,47.23643138739797
Curro de Hervia,163.25573669561135,31.17352574316004
Cecilia Manrique Roman,193.16959376338497,55.54467300400569
Dolores Roura-Cerezo,156.0763019843174,55.13119361236766
Che Hidalgo Giner,184.54967575897984,112.86610510184228
Macario Telmo Talavera Amat,180.75294857189263,99.4731466512198
Mirta Cárdenas,173.74052381744403,32.82270426549101
Amando de Valero,174.32936539819744,88.87144606578286
Salomé Bayo Moraleda,152.26169861061658,37.215981750464415
Maribel Jaén Morata,164.1672709258193,78.2318133340729
Teobaldo Ojeda Marcos,171.10309380259375,51.4395192022107
Cándida Porta Cañas,143.66449270250496,52.10837144941365
Demetrio Cabrera Galiano,148.1187157141063,43.24227656394847
Luis Barón Aguado,187.44299114060183,39.701563620678655
Artemio de Santiago,180.440010647917,95.97343571972876
Nilda Larrañaga Córdoba,160.02769978107898,77.63349391265739
Anselma Castells-Zurita,159.59133956398458,55.538099259479736
Albert Crespo-Lasa,142.36006496368205,34.700221744707406
Custodio Pomares,140.0,28.129077885162072
Pablo Kike Burgos Trillo,153.3922201191002,50.250457514271886
Charo del Cabeza,173.0512264992663,60.60818570626155
Bernardo Galvez-Tello,186.51718291472528,70.60652946278122
Ani de Torralba,193.99600535563044,78.28693747172406
Augusto Vega Vara,169.89506312530344,106.10267854792536
Ruth Nidia Bejarano Figueroa,175.02179363485297,70.78575321654031
Javier Velázquez Rivera,164.67922353706737,85.24753110006256
Jose Antonio Guardiola Rico,154.69294893718308,47.687247205453886
Baldomero Tejedor,182.4118074498625,51.09422207130533
Silvio Palomo-Expósito,176.93570309818645,73.929188418436
Américo Valls Sobrino,174.46368770991774,59.29538297316351
Jacinta Diaz Menéndez,159.71802331084498,36.77309376550095
Jose Miguel Porras Calzada,162.16508469511223,51.56070618260182
Porfirio Lara-Pellicer,174.86836217651694,116.62190198759438
Edu Atienza Muñoz,165.0721567506107,31.20785093627099
José Luis Calderón Espejo,154.56444901605497,29.611047432533116
Gloria Esparza Miguel,161.72128668983558,30.49731189457944
Gema Corbacho Amo,140.0,74.18541258879759
Mayte de Hoz,185.244594062471,128.7093925109765
Melania Simó Vives,152.63302604546004,66.05845445199168
Yéssica Calderón Márquez,195.53689877026747,53.75423924911924
Yago Montesinos Santana,184.38467512750472,50.18714941547368
Julián Medina Gomila,173.5092848738051,86.46279994545348
Angélica Estevez Pinto,162.66491164031655,70.42253563341097
Emma Casals Torrijos,151.8264125082663,66.89658372380816
Cecilia Quintana Duran,165.84604199614205,45.49071058440453
Flavio Barceló Prado,173.0148401938851,51.00053936807471
Angélica Bermúdez Mas,169.1737369531347,38.43743484225602
Alfredo Gibert Cerro,169.21735855588634,81.43950971321638
Salomé Ferrán Polo,173.05743203596325,71.18184707400225
Mariano Palomino Mendoza,159.9068702927593,58.06881174497281
Vicenta Fajardo Yuste,178.70186730409466,115.65459351886362
Palmira de Martín,158.1188918800361,39.190759777924455
Ale Aznar Almagro,170.84001942515147,60.96307938579388
Edgardo Rafael Morante Hernández,154.05097723097424,54.10251866831541
Fortunato Domínguez Piñol,171.99568079528385,56.360746640290216
Guillermo Palacios Valenciano,198.5706606897664,112.48835718278907
Valentina Cuenca Vidal,174.20428145616194,45.41797724992267
Samuel Sanmiguel Blanco,197.20799066431837,145.13004124566336
Asdrubal Olivé Cantón,145.94648829100962,27.318188926268657
Pepe Marcos Gonzalez,142.47771866291356,32.01867824611173
Abel del Téllez,175.6178323625192,78.34103464429589
Paulino Armando Bartolomé Montalbán,153.20488362179253,29.314000964422245
Haydée Campo Priego,181.6783922494523,73.6875856581424
Natanael Francisco Jose Pintor Molina,167.66103265490773,51.16596882131952
Brunilda Daza Camps,162.71801600775498,68.40745341745097
Modesta Palmira Ayuso Medina,158.1167331024205,51.31218881085408
Cirino del Morillo,184.2455389292288,58.20473187430021
Toño Alberto Villegas,182.25375917812656,54.08849399378563
Cipriano Casanovas Mata,198.04411980073883,68.59266131187208
Marcelino Clímaco Pavón Serna,166.1798945500495,66.13660429748711
Valero Alcalá-Rincón,150.03266644289553,54.77206713011277
Tadeo Rosales-Zamora,167.88596814449215,109.53510106905468
Alexandra Santos Nevado,169.37879129475527,46.65295463633254
Custodia Melero Ferrando,187.48635383759984,76.36683016211545
Pacífica Olga Niño Piñol,159.87919868817704,71.9064578247129
Fidel Hernando Goñi,174.42660002653923,40.50644770529705
Otilia Torrens,188.8854923954709,104.03386785756166
Paca Anglada-Valcárcel,156.56571607140677,31.445241430222215
Jerónimo Rocha Abella,163.70794373301737,101.02630004147775
Noemí Manzanares Villalba,184.01749258606984,54.07453258775041
Íngrid Berta Ibañez Badía,158.1990671075773,32.46405610196723
Leocadia Giménez Iglesia,188.9461101517345,107.46929443424511
Javiera Soler Bartolomé,166.52613322664476,89.17820809888477
Carina del Juan,180.03211436298585,102.03880049841752
Pepito Borrell Silva,159.28523473161837,62.43197107949745
Amando Aparicio Castells,184.47778346688173,108.30382267768736
Concepción Morillo Conde,169.91311416584963,69.6451817953108
Joaquín Isern Guerra,176.5452319856238,79.06730494378412
Vidal Rodrigo Larrañaga,182.14523747507585,125.75832318687148
Charo Ros Peláez,163.08499544990335,32.34650275369258
Iván Nico Cornejo Diéguez,177.92992634089222,79.82392565502256
Hugo Pérez Maestre,186.24210619787684,82.02695645157449
Custodia Liliana Barón Canals,192.7468009912508,134.48840503656638
Cirino Roldán Gabaldón,162.59051054394115,32.00349341807912
Olegario Adadia Feliu,169.64346167438495,108.94569385735882
Victor Llobet Pera,184.95992275174137,85.2758281104259
Palmira Niño Alcalá,170.67020457569066,86.98931503304047
Osvaldo de Palomar,182.49052813133724,102.87589932614134
Abel Bonilla,165.9034472768435,52.15320710155863
Salvador Ferrero Estrada,141.5984408085624,48.268609418363205
Angélica Bayo Rovira,166.8323396762148,28.32739893119038
Gilberto Blanes Fonseca,172.12318331620304,46.05636311060353
Odalis Torralba-Aguado,200.0,89.34946611482953
Calixta Manzano Caro,174.1575401826073,90.95810709139326
Enrique Arrieta Múñiz,183.32413923073136,80.31824194031127
Diana del Gonzalez,177.03845984054922,57.98514152232537
Aristides Carmona Espada,171.28768561796872,41.99562122882006
Nicolás Céspedes Fernández,200.0,51.87076824745275
Iker Pallarès Lara,171.56986002993898,72.38906429510195
Fanny Pizarro Pi,144.09893915922206,80.23277109309794
Apolinar Pinilla Otero,167.7235595819881,92.299488571192
Valentín Perales Segovia,166.84674484149784,55.73730061618072
María Del Carmen Lucena,193.3350686648699,44.67945811010633
Flavio Nilo Plana Gabaldón,140.453960528731,37.13880572047657
Nando Santana Galván,185.26513990642363,35.79024448695093
Lucio Quero-Sancho,141.04583117435214,34.718496834048054
Severo Arteaga Simó,156.87489957549317,52.34893484858311
Cristian Morcillo-Cortes,181.80214125927145,60.69022609234587
Pepita Zurita Castells,190.0087561798261,43.12126896263173
Josefa Rius Valencia,177.2872337926429,65.69668329964249
Fabricio Tomas Sevillano,175.83685783537248,116.43806663310872
Celestino Ballester Pujol,163.8685064047716,47.23094032362458
Sonia Jimenez Gonzalo,158.3103051203719,73.99799383645015
Eric Manzano Leal,185.84628636366784,80.49687012790554
Joel Bou Amorós,169.42292066308886,54.64057646343909
Glauco Martín Quevedo,183.10201978428432,94.3525024820847
Jordán Martín,173.78929302927872,62.037486095106026
Zaira Ortuño Díez,159.44301775851693,67.36283667386421
Gala Marin Pou,152.1171555268196,47.56087348760504
Ernesto de Anaya,174.55360861676962,57.60616304026274
Gala Lerma Crespo,159.51984577224763,53.92684038661296
Silvia del Mayo,175.68450010769115,112.17385126881338
Heraclio Corral Perales,151.8295810644607,84.64131005668649
Yago Huerta-Montesinos,173.72107941094356,31.54851891529905
Joaquina de Batalla,192.71820598885955,52.21561377073135
Javi Santamaría Vega,152.88015967050345,57.49838721151859
Reinaldo Ariel Tello Caro,170.89204119192462,86.3000677398187
Clotilde Hierro Peralta,151.197355904105,47.70872097571332
Zoraida Sales Lumbreras,165.73952564764187,54.06777705280287
Estela del Acero,192.4157614477052,67.35285508388564
Primitiva Meléndez,151.79478551065566,52.19113409080328
Luis Gámez Martí,179.18872706243548,123.44234634862195
Eugenia Salcedo Bolaños,140.0,61.33827739515934
Ovidio Corral Chaves,166.16320436904198,87.21650958312685
Joel Velázquez Gallego,163.90304159982654,28.746730066520342
Pelayo de Andrés,177.91571747875668,64.12369285819771
Samu Miranda,167.59377466702344,91.4728659264037
Leocadio Rosales Diego,177.06145289610723,46.547960091404136
Luisina Capdevila Borja,172.31494892434256,90.44325748463466
Rosa Lozano Salgado,185.5336039381308,84.35079381894097
Amador Ibañez Sanmartín,150.94435677612353,58.17825528307997
Nayara Llanos,157.6591982755518,36.88304688801882
Ruth Anguita Arana,178.57705045037605,96.10087298591004
Sabina Castrillo Jimenez,181.59651477823363,98.93213312429206
María Alba Casanova Girona,200.0,107.8434490832434
Estrella Alfaro Ferrán,193.61876171110413,124.28668001409358
Gerónimo Jódar,186.57467690189455,82.18867150283423
Victoriano Esteve Lago,171.98357192748873,31.47530013338873
Carmela Rosales Barragán,175.20118715817242,43.6675370283624
Paca Toro Herrera,175.68669266869162,74.23225247631716
Severo Díez Frutos,159.74924942354198,49.77015695821581
Trinidad Tur Pastor,153.50132572430016,77.1053731155127
Odalis Noriega-Pallarès,174.49656291577588,83.96346391507498
Rosalina Barros Fabra,176.986280397205,49.19129570441553
Delia Cuéllar Raya,177.44117591347057,101.5947195684244
Elías Palomo Cornejo,166.4695980032941,51.44834445885623
Mauricio Leopoldo Pinilla Gonzalez,144.36885641639418,81.8143380178906
Casandra Real Torrents,162.1575289568455,52.04234008538321
Jose Garcés,140.0,29.70231667939582
Azahara Goicoechea Macias,161.04617819833214,98.57385180888544
Bernarda Sala Oliveras,161.49149357888297,86.00315264794537
María Teresa Pozo,176.30028035438758,56.36493435175843
Domingo Calvo Barreda,193.53403172108048,142.14349280427365
Águeda Taboada,194.9763950782456,94.2321564924062
Esmeralda Soriano-Vizcaíno,176.84338650116683,33.8190992879928
Nydia Castañeda,140.0,41.240157292711984
Leonor Quero Sanjuan,173.56466758190476,99.864879129092
Felicia Campo Gutiérrez,165.2000105309416,66.41111206124431
Abel Medina Ojeda,176.23880029891208,53.92275644251207
Víctor Sarmiento,166.7232847128884,59.527683947801485
Luis Román,181.53284955869285,104.55337627831264
Quique Bilbao Badía,144.82365633720053,55.11524150597395
Emma de Tapia,157.2595826676407,74.865347422181
Amaro Alberola Valcárcel,169.12147991171784,63.11691139807929
Quirino Cantón Pera,180.2535763278276,39.1521473127255
Zaira Ricarda Ortega Vilaplana,181.5097620326566,84.12054597604798
Silvia Conesa Pedrosa,168.725644794774,55.09903820805019
Mirta Sans Bustos,163.835735713714,66.19189129995232
Carla Daza Chamorro,161.41845176567327,100.7988854919506
Petrona Vazquez Hoyos,175.60201880848228,75.22848819382047
Jafet Matías Salinas Carbajo,160.46862906705036,102.8706956219176
Diana Tenorio Ribas,166.6909462331024,56.51079786639974
Vicente Fajardo Quintana,178.9501109308047,67.01847220232625
Antonio Muñoz Mínguez,160.87862218421918,90.06349926147767
Valerio Solera,140.0,39.52520568976863
Tere Mariño Teruel,181.2103757540839,121.14889587231984
María Ángeles Terrón Boix,184.09224440218813,82.19731768410958
Montserrat Montserrat Varela,158.07251595836462,65.27803544614261
Cirino Moliner,145.52044686432902,58.305334881206136
Bartolomé Severiano Abellán Castañeda,152.4081515962906,46.752373712900926
Marcelino Pintor Duque,159.9132875579541,45.79204451964915
Segismundo de Escobar,177.40324760046633,71.01000854966685
Ximena Pedrero Llorente,156.76871201205174,42.01515368272797
Angelita Benavides Arévalo,151.085159284925,38.91012992914736
Leocadio Cazorla Escamilla,195.00227784804216,106.45116470417574
Natalia Hoz Marquez,178.98263854462837,76.77295593637635
Laura Perera Roman,180.52172143423024,67.47619205767288
Salomé Lluch Gutierrez,185.63581541082524,127.70731172678649
Malena Aragón Querol,157.42245514372698,47.84794688857991
Eliseo Ariel Pereira Guerra,172.9896101764695,59.337924273800965
Ruy Ortega Aznar,199.17982319538388,84.51619956844303
Víctor Huguet,155.7000400463163,63.57109808719586
Bernardino Cal Vallés,189.39911098158,84.94077088889254
Anabel Nieves Borrás Talavera,197.56056245032192,109.96655435740944
Tiburcio Iglesia-Sevillano,178.93828053266455,105.7915834252634
Vito Castañeda Chamorro,165.0024394292994,39.89362913119094
Marco Adadia Riera,161.73151586100963,59.38613270694588
Julie Samper,162.75548526260224,80.55375641774438
Rodolfo Cristóbal Lobo Morante,181.96547113808407,120.62426767414355
Carmelo Pujol Martín,159.88108424102788,51.90735644526306
Carolina Osorio Grau,192.3860134461156,105.18684209530578
Mariano Gabaldón Cervera,169.42418015522398,62.70544078822296
Pascuala Coll,150.77788662525077,37.45801298679501
Edgardo Heras Alegre,179.02242793979326,48.18157455271347
Martina Carballo Barragán,155.09174593460014,63.955724259108194
Maricruz Cabezas,165.64908509789706,64.47078126436575
José Mari Asenjo Morcillo,161.73148097190267,53.527855063708486
Eliana Boada,151.98881355426323,52.7002415323575
Carmela Viña,161.71088230342917,87.21438489620579
Dani Diéguez,192.02874050933667,55.91675459602054
Crescencia de Feijoo,167.70434366300032,60.5031875751832
Regina Cueto Perales,147.12273454678385,42.714348647662895
Marco Mir Sedano,197.33703951188176,72.77190572760396
Natanael Moraleda Páez,192.2108729268012,94.6622592759554
Nuria Hoz Olmo,178.36072119903017,75.72367662121957
Bartolomé Mateu,177.87890982990723,92.01699723116016
Bautista Roma-Ferrando,140.0,64.25361347897064
Emiliano de Tello,186.4789919936677,115.97336316105287
Hernando Salamanca Pelayo,165.7134594723378,63.13849213268824
Tiburcio Jose Francisco Pomares Valdés,180.4057954986963,36.23338228186356
Diana Abigaíl Pardo Fonseca,171.4249926101293,36.03390481259783
Iván de Prada,179.77667543925082,82.7196494022446
Zaira del Avilés,143.06206436624709,37.768385767251885
Jose Ramón Salas Sevilla,160.5310049590859,43.05260848578551
Guiomar Calderón,177.33080231697923,40.442796578601104
Alfonso Barroso Ávila,194.6700643048137,141.80886969508904
Fidel de Garmendia,154.43990208998665,61.22370692067049
Luz del Barberá,167.72484995906052,69.03282944752753
Roxana de Santamaría,188.79675143331144,65.28777725403529
Lucas Valdés Marti,169.6139976099815,31.5592497697747
Juana Carrillo Calderón,172.6295627918005,57.37813265794957
Emiliana Río Ríos,147.20788960215992,53.7193002436391
Fidel Ugarte Villalobos,166.54137394159395,48.14502817608346
Consuela Aguilar Pelayo,200.0,54.69818436780159
Paola de Guzman,170.90945221389353,35.19993690450956
Petrona Córdoba Godoy,176.64351569218445,120.50291363397434
Héctor Bonet Segura,164.4311182929162,97.20647755755616
Saturnino Caparrós Criado,164.37011371261326,57.90601642401937
Lope Acedo-Montserrat,156.29328188537613,52.76471816820024
Aarón Cánovas Mosquera,168.64398471991342,57.86012237534528
Natividad Reguera Muro,176.27959108184157,75.4973977878625
Ángel Roldán Alvarado Poza,181.38763849057756,117.51280236353234
José de Martorell,154.38425409693008,38.35355305538535
Calixto Lobato Aranda,199.45434945351275,46.25035999417949
Pastor Ruben Serra Conesa,193.014676217078,70.64463676699724
Leoncio Arnau Priego,176.01556946631388,73.47889081648879
Coral Llanos Esparza,200.0,76.87362816834613
Anastasio Campo-Gibert,164.3149716376676,38.88847879493889
Alfredo Méndez Planas,158.47016434308432,42.27887372558959
Nidia Hernando Baquero,154.47338152450942,27.60882117737965
Reyna Teruel León,140.0,30.919608179194185
Esteban Goñi Criado,177.39704640704153,80.76050771581126
Priscila Nieves Nieto Barros,180.58773053866497,109.10550217039916
Dalila Peral-Ortuño,182.2724753756096,98.27135662066992
Ruth Dolores Llanos Cerdán,169.11026720648508,70.21584158501679
Anabel Liliana Reyes Roman,169.10124835051823,33.82147036626149
Jennifer Pacheco Gonzalo,158.38214463905615,54.26766024815468
Merche Torrent,179.62272109635998,97.27697551342476
Estela Cerro Soler,200.0,43.95270152436014
Fito Cruz Alvarez Morcillo,167.34546269533146,29.65066023433569
Micaela Beatriz Velázquez Cortés,140.4092297505593,74.54434683662058
Jordán Valdés Pellicer,167.2553658584239,61.937602738715526
Lope Aragonés,161.71241753357546,33.77689812083846
Sancho Montoya-Bernal,160.3320755986795,100.97161065279904
Eutimio del Serna,168.84609487557643,99.98752612387946
Ligia Fidela Aramburu Blázquez,141.84145949594097,59.26811088019914
Estefanía Morillo Cáceres,183.28552141333716,42.4540033194339
Óscar Lasa,148.12284649605752,49.856544250719175
Elisa Barrera Molins,140.0,60.724482529132914
Aureliano Miguel Porcel,162.6686467724549,98.5752704965348
Encarnacion de Ricart,188.8377594788427,83.72477261096233
Carmelo Perelló Tudela,173.46251915979863,37.34764799801732
Ibán Mateu Arellano,146.2952990730847,42.2522471342761
Felicia Reyes Badía Cabrero,185.5640995564751,116.36224062036212
Carmelita Landa Olmedo,184.6079124628275,95.21147456264076
Angélica Xiomara Viña Otero,186.1431318272078,110.07944601630444
Remigio Montalbán Cañas,185.33152160325477,128.9482049563294
Camila Badía Calleja,159.29243518967178,37.68448563477263
Victorino Catalán,180.78140476502705,110.41497442644118
Geraldo Vaquero Cruz,157.88721211689906,93.73611626032331
Baudelio Taboada Bermejo,179.2381922463075,35.94620465561761
Cesar Meléndez Alvarado,188.17149665974733,83.01974496055577
Hermenegildo del Cazorla,163.51849746350248,39.01760942585664
Cornelio Fajardo Requena,150.76008419093876,54.39551855222737
Aarón Antón Gimenez,141.01989837131686,70.93170163688139
Mercedes Posada Diéguez,160.24774167443098,54.84919817512471
Belen Llobet-Franco,179.95232189328163,76.8524550256705
Ani Plana Gelabert,162.3478961217923,36.27149418910517
Javi Ibáñez Sanmiguel,178.19108931849547,49.53055921366747
Nuria Huerta Sanz,175.22418597940438,65.69916108427769
Amador Arcos Pacheco,149.2057436076181,45.31940832505486
Guadalupe Kike Galan Salcedo,182.33155836113752,77.83401849356852
Vidal Valencia Escribano,161.9198515903729,84.72368850823497
Nico Hidalgo Palacio,161.99674826101355,37.137913934815785
Bartolomé Sarmiento Murcia,200.0,47.8306121567361
Esther Juárez-Mariscal,170.31833623711205,68.23665545661663
Áurea Carbó Camps,167.91633695757278,59.9694258337405
Lucila Artigas Palacio,178.36632486574908,66.34718539842659
Georgina Rosalina Fajardo Roselló,174.27058693177165,50.2679501906273
Maximiliano Alemany Moles,152.7373327697122,45.88991106935573
Duilio Jódar Coca,157.3457804257067,26.98323262110193
Alfonso Andreu,181.7600039367213,110.8719265982445
Lucio Gallego-Enríquez,170.87525779048863,34.46773756347754
Macario Macias Galindo,185.8730387033345,115.14742890032268
Berta Araceli Lobato Montesinos,174.68046021771266,35.54770257862255
Glauco Bartolomé Pereira Calleja,185.02775123799927,58.63896170401648
Federico Fabián Sanmartín Hoyos,173.68506311116178,49.148890246509055
Sonia Alemán,200.0,153.17748892687686
Jafet Ropero Gordillo,146.38472082244894,23.795195210976303
Natalia Suárez Codina,164.54316352381153,36.66874464611106
Sosimo Barros Mata,166.12862862295987,107.8776949773017
Amanda Figueras Revilla,190.50432979989023,93.76049836585275
René de Rosa,178.1978237315531,51.71150066323187
Calista Otero Cañizares,159.83443518111014,79.63866341491888
Florentina Isaura Diaz Montoya,177.7450566334906,108.43545730757732
Victorino Figueras Bartolomé,149.24535035136785,69.16316255374066
Selena Perea Berenguer,186.7777247072621,110.60899944601788
Fidela Apolonia Ochoa Santiago,165.77368093715288,44.57654069051662
Leonel Alvarez Ribas,166.1954974537018,68.39910370254378
Bibiana Viñas Roselló,172.14638731205108,46.68291950786508
Sosimo Escamilla-Hernando,160.96239562868334,41.19735626837314
Custodia Criado Montenegro,185.32176537058533,39.60926468693704
Mercedes Fajardo Escobar,172.63465477363476,62.81306140302661
Iris Velázquez-Fábregas,170.07392271135942,95.00086498441702
Jorge Valencia-Cánovas,200.0,72.86863877205647
Marco Gomila Diéguez,140.0,38.321307354648965
Ágata Julián Borrell,175.20240436614762,96.47671864199944
Jenaro Piñeiro-Palau,149.45703719450933,78.72647554593377
Víctor del Arana,140.9664781291711,46.23709692828098
Leire Adoración Ibáñez Cuenca,165.74479011056687,63.138150323879984
Chus Viña,172.8046659817469,43.047560915278005
Marcia Ángel Barrios,182.93314894007813,37.74200490024361
Bruno Bustos Mora,180.66902642042464,53.62296243198129
Cándido Montaña,178.00984141599352,73.50844241756613
Arcelia Pellicer Pastor,143.3095387168391,28.37551110061921
Jacinta Zabala Cervantes,193.00195514585656,130.01464469827758
Silvestre Amorós Padilla,173.29870142395822,64.50782927542811
Iris Gonzalo Noguera,170.4725996435116,35.309876731570206
Ildefonso Román Olmedo Gibert,158.4164937226027,40.37491717163592
Marcio Llano Menendez,151.6034179158381,41.651162862370754
Palmira Coca Villar,178.56512208427293,44.19620938728177
Cruz Pina Casals,167.0858000634636,77.66297893044566
Casemiro Hector Ferrer Royo,172.51203954615585,97.76146850577216
Conrado Pombo Marín,188.1180316078764,97.82357317165756
Jenny Gonzalez Barriga,179.78323811597255,37.06446941251591
Lorenzo Tur Cánovas,181.12495337082325,66.8038950039959
Darío Ricart Carrillo,156.100724858035,70.47729374119712
Úrsula Jordana Correa Castells,167.86158514406694,46.52615913393047
Mario Bautista Meléndez Naranjo,181.96598824957235,36.77677675076952
Gabriel Vara-Araujo,140.0,52.76469580833758
Ulises Vélez-Manjón,177.44463175274757,59.67029902099086
Rómulo Andrade Duarte,185.17749258825305,82.85027477808535
Porfirio del Cervantes,153.77516951291895,90.37989279704082
Feliciano Noriega Antúnez,183.10334619398083,129.27838373061695
Joan Merino-Solsona,196.5273547950847,58.451440936346
Azahar de Arnau,159.59901189565036,34.78863456680387
Anselma Diego Miró,149.706127442874,49.95418538276832
César Valverde Trujillo,193.6509318836156,108.41260024603676
Adriana de Barreda,154.77125014127844,36.30339674733031
Gregorio Arce-Aramburu,152.42441288782504,28.25540446746393
Gala Carmona Nicolau,185.90192557797312,85.76352655499294
Porfirio Carrera Gilabert,186.24503161649503,64.10008816598776
Eva Bueno-Madrid,196.24019673706945,104.85210038048602
Chucho de Lumbreras,156.5527575669197,71.01568996056436
Hermenegildo Lastra García,167.97257462206383,67.49816809562033
María José Blazquez Cid,170.84627188858482,70.27895198168773
Celestino Luján,177.18529647431637,68.29911053514155
Bruno Vargas Bermúdez,189.57489557159087,78.30435377505304
Valentina Salgado Clavero,140.0,45.33125537456395
Teófila Galvez Hervia,164.70606272738854,82.66689913472952
Montserrat Quintero-Figueroa,142.52959524914783,65.80389938758587
Dominga de Benet,190.08972064591964,72.96460759726043
Luciana Manzano Marín,193.65494711147048,60.06119347903224
Gabino Yáñez Suárez,161.2099130233918,48.25175606001699
Paulino Cuéllar-Granados,169.98621105346672,70.54879599285752
Renata Alvarez,150.4121862354429,44.28202387234992
Bibiana Granados Valentín,176.64683666462585,46.01590462076136
Magdalena Valeria Fortuny Tello,174.0390779361971,79.75055431698833
Cebrián Casado-Piñeiro,178.83546698881054,52.88552095534162
Aurelio Prada Delgado,167.22890268223006,56.26075858315451
Jafet del Manzano,184.79989590859952,47.35845865295788
Modesta Eufemia Almazán Abril,181.84863275620236,124.917894898998
Maricruz Bejarano Mariscal,170.61818888464148,45.95898173889578
Adela Larrea Pacheco,174.65460144194836,113.00120197682398
Esperanza de Aragonés,159.9426075622812,63.151063632798014
Felicia Palomar Coloma,148.5449838275706,63.932547308549616
Quirino Armas Baena,166.89520653234558,96.26512237341
José Manuel Pedrosa-Benavent,148.28391181676767,32.21055195803658
Montserrat López Tejero,197.5475792489813,55.07482924489806
Maximino Cantón Larrea,189.900026346074,143.31122314365288
Herminia Castelló,172.3679343614703,81.63136254737672
Ruy Perez Vara,175.46410355192276,71.03149382814533
Herminio Amorós-Leon,184.4463875050049,109.18402530021947
Eduardo Marquez Rius,140.0,48.29050557226251
Manuel de Álvarez,173.15059441829524,111.21980203622884
Lucía Aramburu-Galan,176.71086704757664,96.99065088019049
Quique Lope Beltrán Verdugo,140.56291502379833,45.50954287693411
Severo Orozco,186.12693844737683,120.81716449593527
Ignacia del Sosa,154.95808321322625,83.13109337123734
Eulalia Vázquez-Bermejo,177.67863243234345,55.48429152191761
Heliodoro Juliá Cuadrado,168.3272087117484,46.274026056174
René Soria Franco,177.87677688290734,79.12403195704697
Nazario Roldán Palomo,182.8038313813693,48.56107563523509
Judith de Bertrán,182.3982301600108,70.69498824611681
Clemente Vergara Pallarès,169.2294768861752,86.13335688246812
Isidoro Rosselló Torrent,194.7476780358827,108.10975295813547
Baudelio Bermúdez,184.79170894005927,68.85390143341415
Emigdio Collado Garcia,158.51305449854326,82.15989716501055
Tito Arenas-Corbacho,165.83541022075426,105.97912971753364
Encarnita del Capdevila,166.04907495203534,57.7402386316369
Osvaldo Frías Vaquero,158.89127889936356,99.5671810803471
Eliseo Ochoa Tur,177.57045491650348,88.09512813519272
Conrado Ramis Arévalo,163.81712904792423,40.28911581964029
Reyes Cadenas Gual,165.64418377941965,85.63456363810883
Juan Bautista Plana Godoy,179.70894110828633,99.36055301186472
Íñigo Naranjo Jódar,166.69600612140297,47.31559635978428
María Mercader Cámara,181.60635661950124,76.95574700984191
Aarón Carlos Amo,180.56280157316883,62.40173838830621
Isidoro Cabo Múgica,192.66433624590223,55.93597913164588
Toribio de Abella,159.43511080467545,44.36115992811729
Noé Fabregat Álamo,177.70474003431693,72.33801780676994
Teodora Busquets,166.5872715063765,101.752427190892
Benigna Pagès Camino,179.85579741077524,128.62934613425318
Germán Adán Batlle,176.60877696929862,65.08956132122563
Nicolás Zabaleta,155.2492608926571,85.53394017891881
Baltasar Barroso,154.86290555453533,82.06813927146555
Adelaida Arnal Mayo,155.31987007357094,62.61962274133206
Jonatan Badía Uriarte,172.88350392002096,94.96997633959492
María Fernanda Lumbreras Plaza,149.45444469787742,42.042774625045766
Odalys Téllez,172.57822019803717,76.58138558601225
Aitana Chaparro,172.4558477746688,56.408449142944704
Severiano Fábregas Salmerón,151.13754021961444,28.59968696415629
Porfirio Estevez Luque,165.4512881128111,70.74415686934395
Remedios de Cid,177.69050194683012,41.80429603562994
Celia Caparrós Adadia,177.11562786046545,49.05532916783335
Glauco Becerra-Malo,175.76709364224058,65.45572383546445
Noelia Acuña Baeza,144.46235870370276,47.91406987736952
Isa Velázquez Garzón,176.24603711184773,67.09971796035471
Ximena Vergara Andrés,155.2863625116381,51.45924929577463
José Antonio Folch-Arnau,163.92966525164056,39.218085828954194
Consuela Aramburu Huguet,167.76062055427394,32.90171455471026
Fortunato Tamayo Peña,170.89428407731074,61.90052700232168
Zaida Soler Alberto,140.0,44.39940965824958
Bienvenida Rosa Rico,147.64601950572114,81.7284655792415
Zoraida Jáuregui Andres,186.92300164884443,72.46484571693439
Luís Samuel Parejo Heredia,189.9549047498216,106.81744295035308
Natividad Montserrat-Perales,178.11027151813067,59.59757515341448
Valentina Álvaro Esparza,181.4392930525583,51.040382654818885
Amado Salvador Piquer,186.2873650267313,40.98201105867724
Leyre Romero Vara,177.09675584694372,42.22158350205297
Ricardo Pedrosa Acevedo,140.0,34.656143036746904
Julie Valbuena,175.04376364805435,86.80735917685467
Bernarda Becerra Pardo,189.9450951023429,96.23853461144738
Esther de Lucena,171.74214776500693,48.157876713573984
José del Real,163.76828893463195,57.145702449913365
Brunilda Coello Ibañez,160.4553636315662,33.91201331875872
Florencio Sabater Vazquez,162.17629766065545,38.34377089816435
Lupe Casares Capdevila,192.5013829425308,129.4758007228146
Hortensia Pagès Villegas,170.82080832222334,78.77631643110435
Ciro Gálvez,192.00232774775068,93.90249006802932
Nazaret Odalys Manso Franch,176.80626171853993,60.25458908777527
Hernán de Blanco,160.50471465121265,33.891601586891646
Calixta Bayo-Mariño,171.0404466366051,50.586529051975695
Irma Arco Riera,180.62943013698103,80.53515757889694
Brunilda Rodriguez Zamorano,163.79390003724035,34.65382148220255
Gabriel Mercader Sanchez,167.9947453754619,70.1557266923561
Martina Rios Losa,184.6716056393637,77.43004011660952
Ligia Marisa Naranjo Becerra,175.3192011136273,59.07681990542117
Carmen de Jaume,189.60661091660663,67.62367559196407
Ulises Becerra-Pino,144.4126414856347,23.186014185312672
Cayetana Amador Guijarro,200.0,89.6346680309296
Alejandra Viñas Rosa,166.20357534660113,40.04746664609867
Jose Gilabert Roura,150.47629543358772,75.94671305443957
Zacarías Vélez Quintero,169.20913934778386,67.17127327468836
Juan Luis Sastre Castilla,183.07072181531225,34.017215453857
África Molins,169.85573456362695,96.17684098354265
Bautista Riba Vendrell,163.5196253305755,37.450776290296986
Rómulo Mena Garcia,199.43532020904104,69.71498674304142
Isidora Tena Barrena,176.00827397645446,71.30793770111694
Encarnacion Casal Vega,186.4564942164854,75.1306978435758
Edgardo Roldán Villanueva,158.33724713457926,37.57325374568017
Manolo Valdés,160.54167695550737,47.17263276823205
Rosenda Zabala Bustamante,169.0358507555776,113.34323442341918
Eladio de Ponce,152.9680074674881,31.978325123046893
Manuela Martí Codina,168.93035651039708,87.67183949620556
Amanda Jerez,173.9678201894352,82.58294523596311
Virgilio Calvet,179.25922820483277,33.293329297139515
Olalla Prieto-Baños,191.11192212343605,72.83081019037603
Josep Edu Quintanilla Solana,176.1992590650679,61.384936754933776
Cruz de Blasco,186.7659611448837,64.24179737072814
Román Maza Bustamante,151.2427574234629,24.583481235934848
Cristian del Arce,140.85609983632293,45.85964799568226
Nilo del Verdú,200.0,110.30705203279548
Araceli Elías Salvador,173.42810742570532,65.02372265945972
Yolanda Arcos Garmendia,177.50078362897744,44.23145600550667
Enrique del Esteban,166.8549968135766,78.2039589751828
Cristian Moliner Cal,173.35637618325447,76.3066010326088
Nazaret Rivero Pinto,179.62395357715286,33.95597711277393
Cristina Melero Bou,163.7051914144891,61.843244663583846
Nando Juliá Alcaraz,183.0275030923423,63.97645325250957
Fernando Borrell-Mayoral,176.4246500247646,35.33788818306552
Nieves Falcó Giménez,178.28307566893568,103.07596457482086
Luis Miguel Ballester Peralta,173.29598030884503,34.75386939274879
Melania Montero Herrero,152.00608865217018,41.61836267079293
Paola Montesinos Rodríguez,140.0,73.88588134687015
Consuela Batlle Diez,165.4733671448023,77.40642970983755
Maristela Sarabia Bolaños,167.8458165045812,45.12322120818693
Gema Ugarte Giner,167.17266163565444,101.68661325752834
Luís Perera-Vendrell,171.2800155769718,107.70451826956808
Joel Nicolás Alarcón,169.78118522988566,50.860452157715486
Remigio Macias Valle,170.16808403451043,53.22017400906108
Cecilio Portillo-Peñalver,162.19454643319364,64.6505863093744
Damián Vara Baena,164.29975004907124,49.46339268195514
Francisca Luz-Rodriguez,156.0175206668828,43.27102856808358
Florinda Cabezas-Benito,189.7085149864764,80.52629719022403
Bernardo Clavero Cano,157.09537202132847,26.805078684467507
Soraya Juan Iniesta,176.33695084192252,108.64822188584604
Fabiola Bayona Zorrilla,200.0,47.060073571406384
Encarnación Rosselló Mayoral,148.068889675399,34.24682669996399
Dolores Solsona Arcos,174.50218612394073,70.78483511220595
Duilio Carbajo Jaume,193.3628469530643,131.25449146162214
Natividad Lerma Moraleda,185.50018859421203,122.59704613221734
Jafet Palomo Alcaraz,154.23289952219488,75.66168678037417
Yaiza Carreras Bas,175.334376088956,63.62028555742163
Tecla Sierra-Belmonte,187.6693508235698,117.52227122699468
Lino Guzman Lobato,181.71818757939675,87.60758374420968
Ruben Ramírez Zabaleta,171.9324240470668,54.47415387902555
Rómulo Menéndez Lobo,174.7900335946427,65.99963197458058
Ruperta Sáez Palacio,171.84746892333467,70.61330231059917
Lucho Fortuny Barco,167.79969809694742,57.79075139676165
Oriana Cid Maldonado,174.4288920584973,37.94486650509431
Germán Amat-Viñas,160.9886096013947,26.31006603559417
Leire Figuerola Llorens,181.7628031919743,77.71454526223815
Patricio del Querol,168.52706857141737,53.779187101078975
Adrián Macias Ponce,150.92800530730452,46.09411474758183
Adelaida Alcaraz-Escrivá,152.69959207402346,72.66148205335261
Reinaldo Patricio Alcalá Ortiz,178.2606615795777,71.67228381470139
Caridad Ochoa Malo,175.97847113692472,47.26754324418948
María Dolores Bonet Río,191.71728733223156,107.63962555903738
Amor Español,191.65644825515983,58.19131991264767
Bernabé Borrás Oliver,168.06613491097914,102.23152089682728
Daniel Sancho,148.97512525407475,41.5408635277772
Bruno Bello Arnaiz,185.87003842484748,46.9519144348164
Camilo Chamorro Duque,174.65194957945425,110.7147154365415
Cristian Campillo-Garcia,171.96469669614055,109.90803027485778
Camilo Díaz Heras,159.5956056718349,27.836456663503828
Ruy Egea Sarabia,162.7133535154279,50.56344312368197
Ale Cabañas Conde,168.05287098821157,56.23585542471467
Lisandro de Palomares,152.608378363394,78.8558592939328
Graciano Sastre Iborra,172.93872393239337,54.36355797889544
Saturnino Abella-Valenciano,200.0,96.47553914492194
Lilia Caballero Gimeno,180.00658891294515,106.20472766282748
Anastasia Roca Duran,185.57687297268797,113.44613067620944
Gracia Lorena Maestre Villalonga,159.6142846791547,79.34444413357973
Poncio Higueras Pombo,167.69571298722644,60.1250759506916
Rocío Eufemia Salazar Castellanos,164.252072988652,91.43129523829298
Vinicio Guitart Vicente,161.13855313699568,64.3480385224012
Alejo Plana Bustamante,152.1455081073641,54.27300242707852
Maxi Pont Alegria,171.902357630121,48.905022212109344
Sergio Olegario Barral Rebollo,189.62872524732188,100.701772686677
Emigdio Torrijos Hoyos,193.5777115257291,96.83952815857386
Diana Ariadna Durán Pelayo,157.60204652444685,41.17120848044735
Emilio Rodriguez,166.3600414360487,99.02468196548335
Hector Palma-Hidalgo,181.37729232267333,39.17561504695372
Curro Gracia Ruiz,167.38378731577836,97.80197173370104
Manu Aroa Gimenez España,152.84869647735988,93.12612097047568
Julieta del Casals,157.83494965119286,60.94310964407317
Luz Matas Mata,175.70125172843802,74.58615123254795
Porfirio Caro Falcó,146.22311955360294,65.57136128422307
Román del Meléndez,155.07298151462408,60.60278461626737
Mario Gárate Gallo,141.35807693944716,53.51558050557493
Adán Gallo Bonet,140.0,59.311864518861896
Mariana Roura Villaverde,189.60824750965867,86.95097917974057
Juan Bautista Nevado Casas,161.13661810073262,31.461366910641303
Feliciana de Barros,185.1569502548064,128.57291519460125
Nayara Olivé,185.13984563195075,70.60725818561112
Malena Salmerón Torrents,182.6208457264028,129.5885934580557
Herminio Escudero Gascón,160.22262299703402,55.78596091966118
Bibiana de Sainz,177.49451169966636,43.830401780426456
Sebastian Sanz Mercader,180.57842704409245,79.03376834265572
Jacinta Lara Fonseca,154.17448990472502,72.56629465605099
Evelia del Cantón,165.13600191138974,92.73128557108718
Rodrigo Vallejo-Manrique,164.42231393071145,35.20145201329521
Raquel Concepción Pintor Alemán,162.23470750656784,86.12483549550704
Nicodemo Moll,148.3449710652251,44.88566829881105
Valerio de Gálvez,164.51033918587984,39.52894588089514
Paulino Jacinto Linares Armengol,163.6921775175226,47.45409241957421
Leocadio Nogueira Fortuny,167.58273154331832,42.41883130933921
Lorena Tur Roma,150.92952536871817,43.67388547855048
Encarna Álvaro-Belda,179.31430958186226,104.36401015161222
Dani Benito Iglesias,167.96970182244036,52.59810047651597
Rebeca Sevilla Enríquez,174.22713268766032,53.10292039350004
Carolina del Figuerola,168.26701405385674,43.40437868742558
Candela Coll Nuñez,173.93151957567167,44.81270623480472
Rita Ruiz,164.1251158787075,43.24964014511786
Javiera Pulido-Carnero,144.90443414564425,38.28059181785164
Priscila Vizcaíno-Manso,149.73318468650626,55.79793860961925
Gastón Parra Mariscal,173.05895414561326,69.48407701439109
Mario Quintanilla Ojeda,157.27062554339568,30.428915227430828
Susanita Vera-Roig,177.8826229171287,89.41707636881348
Ale García Oliveras,198.62268413632464,131.30799998093607
Octavio Lucas Barrios,169.06512361849005,35.24061317236122
Andrés Felipe Arturo Agustín Peña,173.30322983690797,74.40804286302424
María Fernanda Gras Benítez,173.32707636238752,107.84147902001712
Edmundo Gallardo Vilalta,156.01728778888975,32.34504873228143
Calisto Jerónimo Vila Villalonga,166.48911956050244,67.1049586024224
Leocadia Roldán Beltran,159.4606322989697,45.79749553406152
Hortensia Aragonés Martorell,171.21887929872136,65.48773629255533
Simón Capdevila Jódar,175.40740378137355,45.56493861592858
Amando Ariza Hierro,148.4568135717045,75.66984673918627
Hernán Ibáñez Guillén,175.80749136722983,37.11194909128301
Guillermo Valenciano Pérez,164.69378609041138,37.54484974642343
Casemiro Farré Saldaña,161.42086257945095,64.4929876981316
Alba Álvaro-Berrocal,140.23480475965584,73.56567124964886
Azeneth Navarro Tamayo,200.0,71.31133237507964
Julia de Conde,168.94296433511718,107.95226027958338
Paula Ferrera,140.0,21.911423866824947
Edu Escolano,173.45179487334136,99.3277210599142
Cirino Arnaiz Salmerón,197.57902222611847,60.44565673847475
Julie Pagès,176.89642644184468,62.95774687723938
Ruperta Mosquera Murcia,167.13335780972395,78.74632968395491
Jovita Rincón Santos,142.2140207995058,50.26740803296325
Quirino Rodrigo Valcárcel,166.41147171020987,75.97837747569959
Saturnina Prat,162.22172284225775,37.49137714924906
Socorro Palomares Bayo,186.63166999630053,80.56608680289318
Ramón Sainz Peinado,164.69328875427598,57.74902403179844
Baldomero Frías Bautista,166.9272723267767,32.722033840041505
Florina Cabanillas-Marí,163.94927191059068,46.93612681301527
Galo Sevilla,188.3875344536582,107.43419834490972
Manuelita Tolosa Rios,173.62408081979012,115.08489175460636
Felipe Alemany Heredia,160.04477419022476,51.10505180129543
Alonso de Carrera,145.2172613184663,59.54461484239126
Hilario Alberdi Castillo,172.94124478294296,100.62734852971244
Lucila Lara Guardiola Ávila,158.6690122120372,50.39751894223853
Clemente Ferrando,142.30785640607706,61.49173950620212
Vasco del Vargas,171.6986910471041,60.70521973221607
Álvaro Acero Baena,175.00210634040886,110.20701818517
Evaristo Palacio Barroso,190.6953733425917,136.18069325447604
Haydée Pujadas Andreu,181.68398775837176,39.53161723571865
Onofre Oliver Elorza,175.64050973294442,62.49213496439687
Horacio Gálvez Benitez,185.4745210926804,91.93210783004734
Delia Díaz,169.39157803925835,103.89545784845087
José Ángel Alcántara Armas,185.4005987219012,131.72245038173548
Marisa Pulido Moreno,167.51067060111464,38.97483000253018
Laura Marcia Toledo Merino,180.8435739566521,45.39750822336141
Claudio Bermejo-Cruz,197.2987521310655,95.3572450163301
Balduino Sáenz Ramón,160.61585380183325,85.55977310568645
Gisela Llabrés,176.10920766265423,115.92639636852245
Cayetana del Pont,194.3047326366905,46.90581749203632
Juan Francisco Colom Seco,183.7331778542573,53.23907259472939
Nieves Tur Palomares,183.15035260856516,63.77416220979484
Cruz Moisés Bravo Huerta,181.4011666740237,92.26364516497055
Anacleto Galván Garcia,169.41785861278285,85.23710739644494
Antonio Rosales,170.05810245245956,38.1709765290569
Darío Martínez Vidal,163.05310675961093,59.75481351135156
Ángeles Fabra Portillo,149.02846109494425,44.34217694223722
Reyna Quintanilla-Esteban,177.02076535009775,73.19609866436741
Gracia Odalys Manjón Sánchez,171.69950812424605,82.45235534121127
Micaela Cisneros Arcos,165.24451918160273,52.70424979111459
Ramiro Nevado-Simó,186.97770736295024,51.90435416957904
Reyes Rodríguez Cánovas,155.5087002578787,42.53389362183329
Victoria Estévez-Barriga,159.9878100804698,27.766772098561383
Albina Estrada-Figueroa,193.1891672901361,61.533630100989306
Tomás Corbacho España,156.2434523946123,93.25574036524624
Cándida Genoveva Barragán Arrieta,140.3162553175265,55.72737433949829
Mireia Urrutia Pozo,166.4487520310579,46.44842897800909
Clotilde Anastasia Ugarte Fabregat,172.04964302189234,68.95645697117362
Felicia Rojas Ferrández,162.79005387626543,58.731603023780025
Cándida Barranco Canales,165.18023353610235,99.38300700960706
Estela Chus Nogueira Pedrero,170.84886178871085,35.14032505008473
Emma Aguilar Rocamora,160.76826835038003,27.61962891025275
Ale Guzmán Pagès,168.25817094781624,64.11067182293209
Amaya María José Gascón Cantón,145.8834064952001,82.45153665894188
Amando Lobo Baró,161.11475317628754,48.26618151980268
Clímaco Cleto Medina Corbacho,173.2924643732564,70.73650448635172
Flor Ortega,182.08111870667904,119.02957692119232
Marisol de Amigó,165.59588471289214,63.3272375146862
Eleuterio Rincón-Alvarez,163.7887000908814,50.66459809097215
Bernardino del Villegas,144.1840990250978,21.980146904374703
Azucena Uriarte,159.8368865920902,68.71527863730499
Purificación Olivares Bueno,152.21904393052654,84.32723912750222
Bernarda Carreras-Roldan,200.0,58.13471921384701
Marino Ruano Zamorano,169.77722423775654,62.54605777241795
Apolonia Roura Hernández,153.98435076106094,47.88905473889885
Tatiana Acedo Ramón,182.3849203909687,55.00180989778717
Candelas de Díaz,150.7421486483082,46.71412381442289
Cristina Duran Montenegro,159.58679310993963,51.528519775215145
Valero Vallés Beltran,172.9439155705189,67.63931688120948
Dulce Mateos,159.82151523190493,74.91086721425594
Isidro Llorens Ibáñez,169.3896043415972,59.812140802441945
Venceslás Martín Jódar,143.63773803227784,61.479537220541445
Jose Miguel Armas Ballesteros,174.84522263623694,79.66832197916759
Estela Buendía,181.41291347624176,78.92236342175268
Úrsula Aragón Gomez,191.06418072958053,55.03559856779852
Abilio Cabeza,154.23034125482525,67.09603743877618
Tatiana Bejarano Aragón,171.429283847231,87.20617103219085
Bárbara Cobo Vigil,179.64991433459073,52.909183592464345
Candelas Vila-Aguilera,171.5373412075133,93.01492621156396
Macaria Sanz Gimeno,200.0,130.45437683243108
Tecla Vicens Ferreras,140.0,39.61877030028608
Remedios del Arregui,200.0,61.37743411461224
Leandra Alcántara,180.3946096731324,94.60253454358796
Carina Botella-Machado,144.89299920101047,21.900006987914807
Felicia Piquer Guardiola,177.04745245948004,55.10301845591674
Ileana Sola,160.26494693505384,51.3628677311641
Gertrudis del Correa,189.9041542520233,65.29750798942706
Febe García,192.50551866167015,40.234569117341046
Miriam Perez Cifuentes,165.70786988205515,67.6754345121953
Dan Carbonell,167.41449432270758,30.5514812437387
Encarnita Cervantes Barragán,177.70426103249994,119.88261223938554
Amador Alegria Pérez,186.56207512315757,132.39166884866287
Emelina Estevez Valenzuela,175.69028610434503,40.891601296177335
Lucio Aroca Gaya,144.88147134160707,58.328510035926094
Aurora Luján Falcó,164.9688628144268,51.21752743509259
Martín Amaya Rosales,164.34471929710588,56.83457345191334
Santos de Vidal,157.61165452661334,45.85934922337744
Teodosio Plaza Cánovas,170.31064064776896,91.00946015821025
Gil Peñalver Jódar,161.34303194800862,45.29908333057574
Nicolasa Berenguer Lobato,158.5847339273486,27.13234480317256
José Ángel Rosa Gimenez,180.5976754057345,77.8520690220522
Blas Sevilla Grande,181.59564397508413,89.00953549757737
Mireia Alexandra Perelló Llobet,176.67130014228906,42.28819277402791
Guiomar Grau Vilalta,185.5827548695756,43.99068664364178
Alondra Fajardo Pastor,163.95763523406694,54.78943867210422
Valentín Acedo,163.19416133189827,70.7725168143621
Clemente Tomás Aragonés Rovira,173.6006064214798,82.80819853182967
Ariel Checa,178.23106390440185,43.88776038047729
Nayara Soler Moya,179.10408367952456,91.2464284923605
Rafael de Folch,168.73166580260212,74.17600277619539
Rufina Jódar Quiroga,151.68607431646836,37.064150400630965
Gonzalo Azcona Pérez,180.9193864330985,71.7661459436728
Eliseo Ferrando-Durán,163.3590590598864,63.097965527675576
Gustavo Salas Gracia,176.05086191955172,55.01317058236549
Chelo Padilla Rebollo,181.84951260727905,46.71639024428608
Mariana Bárcena-Herranz,191.15311251594605,80.38984516254318
Alberto Xavier Botella Pujol,152.96925222325666,74.27671055163914
Paulina Pino Franco,148.97258419799994,46.01322528840702
Mariana del Manzano,168.99826870985092,49.32219398483159
Emigdio Rey Colom,173.03212994675297,37.79540235573616
Ileana Hurtado Patiño,144.14544516825617,49.17610529309096
Lázaro de Velázquez,148.1311626860232,84.20905855455706
Soraya Ros Chaparro,163.81161504895243,57.733399225102175
Rebeca Vilar Arenas,164.88413409494228,81.11136750483219
Valerio Molins Amigó,198.28269255650773,57.736671750727545
Hermenegildo Arellano Gilabert,147.57923102202693,85.96000359882515
Dolores Luís,175.84327428984415,118.17526438587416
Ariel Mateu Muro,151.9287038259597,53.03452012167016
Marta Puerta Paz,140.0,26.015644922475
Roberto Lastra Salvà,171.97645194999723,53.77243038610668
Paz Falcón Aguilera,192.95200126436328,46.7766795313432
Prudencia de Ballesteros,190.97458839680803,82.3345439021748
Salvador Lago Goñi,193.7413598540256,39.21016192472135
Dora Caparrós-Chaves,151.8547539682803,37.02441289374122
Encarna Martorell Salamanca,172.05477723852326,47.00018411251641
María Montserrat Quintana,163.38493278367451,90.1051200041902
Lucía Moll Valero,174.3103733511678,74.44895035625566
Fabián Requena Trillo,190.03534330939664,80.87008884559141
África Reig Menéndez,144.17388076565484,47.22568231032103
Wilfredo Garay Pou,170.91469615669126,40.51191808340366
Emilio Escribano Infante,160.01287132019374,44.823653378997584
Encarnación de Portillo,173.7065058142546,84.94621831460867
Alberto de Soler,173.29213610815754,73.29111132220757
Lourdes Ribas Vilaplana,174.32675768987173,70.3515415163441
Sebastian Cristóbal Acevedo Escalona,151.24741425003555,66.26757578806753
Nacho Robledo,184.68401892710028,37.03362520650786
Cristina Torrijos Ribas,142.06416581337317,50.08604958597272
Aitor Corral Priego,151.98464440868335,24.288041775041588
Cintia Alberdi,161.54113667698164,48.65364458969432
Viviana Barrena-Donoso,157.41612677822886,25.851752136790413
Apolinar Maximiano Llamas Prieto,191.4240938805709,133.01654667291598
Cristian Gimeno Nogueira,169.56880312011472,38.91020279474037
Eleuterio Grau Mulet,168.05095065411854,42.34624639220412
Margarita Montenegro,187.2104987248468,52.68131850561608
Severiano Aristides Matas Conesa,184.16318505669224,93.1334296201739
Cruz Jerez,187.94323278557596,103.62333036000022
Noelia Iborra Cárdenas,174.09583177490148,61.9669408745206
Conrado Losada Arribas,165.67311892198111,48.71214428394491
Soraya Llobet Guerra,178.40992785693587,46.958792395673626
Natalio Raimundo Peña Álvaro,183.29161742288457,75.92495053070702
Luís Nadal Gelabert,157.2282559264819,51.15804413501616
Caridad Andreu Ocaña,188.4812577936052,91.66526282161904
Nerea Font Vila,180.9933075139524,73.94941943653681
Anselmo Giner Sanjuan,169.19557905776023,74.74027372553225
Guadalupe Montoya Arteaga,140.06314617807564,21.38403233363614
María Aroca Rodríguez,185.6715109852713,98.35443571702822
Victor Carretero Izaguirre,166.92255154486693,80.0288388132142
Felipe Busquets Cuesta,153.75480590645034,89.2899598949805
Lourdes Saura Criado,165.0002381876388,35.90878625629455
Otilia Piquer Cabo,179.39547881747052,95.61926047197215
Santos Delgado,148.53420493286112,49.62853599195554
Candelaria Varela,150.86554908656316,42.49730611661755
Gisela Ribas Ródenas,169.42569969852389,37.058172585824565
Visitación Juanita Nieto Cañellas,156.84221538307125,24.73960751119078
Anna Tudela Arroyo,173.05893482154264,43.40067454170542
Natanael Canales Lluch,153.15696250146246,52.773411811009005
Jovita Checa Marqués,172.28421453147797,67.41469058929661
Leoncio Piña Rosado,189.683614040461,43.82247988528539
Aura Cuervo Carrillo,142.0915791836286,47.74996711485538
Cecilia Alsina Prada,161.77412008039985,102.78621673353727
Luciana del Garcia,163.8122528282257,50.08920604422419
Duilio Tejero Agustí,149.47198991148798,80.94122841124482
Adora de Torre,176.12644421998283,56.11515282341061
Micaela Leal Porta,166.28363832578768,44.5458987007381
Marianela de Mulet,155.3102686203973,54.16636466611923
Sabina Barranco-Arias,145.63457713428173,30.99924733685716
Iker Borrás Tormo,156.82732241913124,54.01089238747839
Teófilo Buenaventura Luís Agullo,174.5661466066943,46.3699188932148
Clara del Caro,177.44779715565048,65.34886790737994
José Manuel Bauzà Rivas,150.23787491034616,41.44706072026686
Ximena Torrent Barrio,142.5049879851484,21.63182636685623
Octavia Villegas Cabezas,176.5487034774329,35.22808588157562
Bonifacio Pereira Antón,156.1186819034399,32.182704327563215
Chus Goicoechea-Montaña,164.614000963478,27.853548980733336
María Fernanda Ribas Jaén,192.6207781246684,78.02795181738455
Brunilda Zaida Manzano Bejarano,169.50191081182552,109.3828269940037
Marisela Oriana Andrés Arteaga,149.17527992264013,46.42195062333651
Aníbal Bas Mayol,177.5620532355915,70.60610105780711
Vilma Sanjuan Hidalgo,160.2643449308456,81.39110085932847
Maximiliano Haroldo Torrent Gilabert,162.38700128825627,67.84888038171104
Emiliano de Torrents,152.01952214626516,87.20339372657283
Aurelio de Laguna,163.3310370495292,71.66557117199054
Adora del Vicente,155.26667204860274,95.35576140658938
Tito Miguel Alvarez,189.1368164065244,61.501456027597655
Azucena Amigó Trillo,172.864289662134,30.60539400327519
Miguel Santos Moreno,162.8810488898692,96.05317258541317
Duilio Heredia Soto,183.77992034587535,46.67241006768538
Timoteo Arias Morante,180.5571194340608,48.77293594378831
Nicolasa Carro Fernández,171.23553409977262,57.57402778528099
Tomás Prado,187.2743797255508,83.611411285754
Nando del Doménech,167.73443573111192,36.14042854177583
Natalio Beltran,184.6192930356605,114.36918909136656
Flavia Blanes,166.1760597420331,68.88390107423058
Estrella Barba Vives,184.68530198482472,106.19445885264923
Ascensión Dominguez Téllez,153.66698176745592,61.74376387850788
Humberto Hierro-Chaparro,173.84303955565363,86.36069225288831
Toni Sales Villar,143.83711834833045,32.3730424071953
Hortensia Villa Méndez,171.87941870665412,76.73706603184075
Yago Bru Prado,184.43851332787423,58.942223791779234
Guillermo Cerdá Verdugo,140.0,37.73827311452335
Fortunato Barriga Blanco,186.056753675481,120.1988979039343
Ester Adriana Pla Leal,182.33340010474117,90.28502401370788
Lucas Caparrós Torrens,189.0446787169044,133.379464959825
Camilo Rocha Blázquez,163.9574937357414,67.86937151534421
Adelina Yuste Aguiló,186.05387664562963,45.18656391652405
Ileana Pastor Rico,169.19009898013283,47.45656717632097
Reina Anna Ferrando Mancebo,162.40028600252526,60.52826692881961
Iván de Rivas,183.10196482471088,98.06615661766656
Josefina Camps Vaquero,192.82392206948063,61.6864435090469
Maricela Castrillo Pozuelo,165.51811526324258,40.40960355743762
Consuelo Aramburu Nuñez,168.19457241614808,71.43423531821031
Clara Silva-Neira,156.6941339826618,54.23343642745344
Cecilio Gaya-Real,197.23100197003424,97.0793451858637
Ciríaco Toribio Hoz Guardia,183.2939582342944,35.74932409719466
Palmira Izquierdo Navarro,151.6229827937918,41.93082309598799
Julián Portero Cabañas,169.4407301960662,95.64642567719196
Eduardo Osorio Chamorro,170.9222434671184,76.2890722376215
Olegario Rojas Yuste,167.02553266060949,87.87498382834937
Toño Balaguer,190.5686536885936,114.38947577291388
Jordana Sevillano Sarmiento,188.7865239516381,62.049848926067455
Rosaura Paniagua,178.1609080550614,81.1145140089083
Angelina Gras Quevedo,171.94356277025375,53.14130009913909
Sandalio Casanovas,176.294564201917,60.13912337786471
Celia Bru Valencia,173.30138308328634,47.71426426156191
Anita Campos Muñoz,157.91986625265795,26.403008244129406
Eloísa Rozas Viana,161.22450525776495,56.0741481198404
Silvia Guitart Agustín,174.08567511914987,91.28160799982768
Toribio Acero Álvaro,168.07579662339896,47.77084117918209
Anunciación Alfaro Catalá,182.32597285383983,81.87548541223018
Manuelita de Salvà,175.9312532427068,71.11789896357547
Eligio Falcón Cuadrado,168.63234041747054,44.0526583555311
Agapito del Benítez,165.39182191352978,100.03871101947668
Encarna del Company,182.75789382073893,116.51974451358184
Maribel Martí Prat,187.43090748051264,51.89367608550221
Cesar Izquierdo Mayoral,176.67421986004064,47.28107073297702
Anabel Sanchez Agustín,183.4797132820152,104.82533933307452
Renato Falcó Vaquero,162.32837229984966,88.04289325123045
Jimena Palmer-Cantón,154.07645088303332,54.5682971673052
Anselmo Linares Cuéllar,164.13066212352973,57.971160747656185
Carmen Torrens Rebollo,160.857126235641,29.85621355092605
Zaida Martí-Conesa,174.54598961987546,72.32360409420743
Geraldo Dani Sola Vazquez,172.6660475890103,63.62638133833134
Obdulia Olivé-Bustamante,179.04601664330693,57.7286834447149
Rebeca Abril Vendrell Aller,167.12107719836322,59.702841222294346
Demetrio Sevilla Pinto,168.24575992739258,56.04323608131087
Juanita Vives Gimenez,168.66222394806516,106.95363983204666
Balduino de Pinedo,170.12136303681947,68.0643365249797
Rosenda Ibáñez-Granados,169.20168365440776,62.52381827131734
Fabricio Acuña-Haro,147.19462359334176,29.971917232902776
Xavier Moliner Campo,173.86722843500576,38.23899002152483
Ignacio Villalonga Ferrándiz,182.6062057767941,113.5144227111937
Cruz del Pintor,179.44658425278195,57.23499875209549
Leonel Álvaro-Puente,171.3707435053391,99.56422103264174
Manuela de Capdevila,162.95852354032712,103.51837215409572
Celia Aller-Prada,161.71323303799062,92.47349498069818
Modesta Lobato Morata,170.8719525360753,52.27473332807125
Florinda España Amo,179.9697012149966,68.06843877035313
Pilar Graciana Piquer Águila,140.0,36.84641976226416
Ángela Ariza Gras,155.73980842759403,95.07726030366864
Jose Antonio Roman Cueto,155.92006925437403,32.751443775579936
Juanito Alcalde Anglada,177.404201638035,53.99136092883441
Fabiana Lamas,186.2704820215965,71.92600581651428
Pelayo González Bonilla,167.0972400644881,52.64776951697824
Ángeles Perelló Álamo,164.80195979850475,50.02785494894852
Gloria Carvajal Ruano,174.41368245451014,52.62541757001336
Dolores Alcázar Jara,176.23399877213907,34.816919431353526
Emiliano Peláez Soriano,186.16425602842267,43.37673281798065
María Cristina Boada Nuñez,191.14775544381192,86.97684485887181
Salud Abril Vizcaíno,179.68711710880146,69.01215666029326
Genoveva Cerro-Saavedra,172.98278441005888,79.26073459108831
Chucho Álvarez Sanz,156.3765041036801,77.60151182349
Tomasa del Rivas,198.95718391793127,54.34250998917765
Cecilia Martí Toro,165.7903870584579,66.45630817829385
Rafaela Somoza-Riquelme,183.6330450366605,34.668561726198135
Perlita Recio Castro,176.85255702850688,104.91017194042246
Faustino Olegario Pascual Herrera,180.95964479474355,38.93792244856217
Lola Carrillo-Dávila,156.41140157271903,52.0462560585709
Carmela Santana Acero,157.79412734468434,38.62988330041888
Gala Ureña Zabala,172.80124118570816,94.64321114895438
Melchor Santiago Bermudez,166.22200454834055,53.047623001113664
Candela Fuente-Artigas,155.48628757202374,47.55535897653672
Guillermo Campoy Vara,178.53923607270687,53.39783427759242
Felicidad Pinedo Nieto,158.18606204358855,55.39089610465893
Celestina Benavente Peñas,190.71268341813368,116.0234243949284
Adelardo Castañeda Vaquero,153.52292356195505,54.3288648695366
Ezequiel Cárdenas,172.33668370975744,59.37347631733745
Azucena Irene Carrillo Riquelme,177.19024447454015,46.83560657865627
Iker Salom,175.5903046186087,103.72279416343486
Ariel Hernandez-Sierra,150.15299316036334,49.10251962262324
Paloma Maricruz Solera Iglesias,166.24158294568895,51.64402812432977
Fernando Timoteo Uribe Lorenzo,162.93723736483386,58.13621686491368
Cristóbal Benítez,165.91448872023898,56.53990775990063
Calisto Llanos Alegre,163.56610606862432,51.35000211076711
Juana Castells Cano,157.67131713094167,45.731534559658265
Eutimio Arnaiz Manrique,169.98455460354697,98.80271756390562
Nazaret Villegas Pol,167.81838532875614,98.15531609026716
Paca Fabregat-Ocaña,165.58040199459484,56.75558756817914
Macario Garzón-Herrera,159.37540211370958,43.34110032386966
Cecilia Albero León,178.98932575476624,65.41210491292664
Amada Valbuena Chacón,146.7075943122989,29.208357403639692
Pablo Hoyos Palacios,186.6793512169076,45.39899964117202
Cayetana de Sebastián,140.0,76.49298817862748
Vanesa Bermúdez,162.42073579039877,27.461612220442067
Catalina Cerezo Catalá,152.94700992215368,23.69702128599538
Edelmiro Blanco-Palomo,176.2653510573577,121.99292041313316
Ernesto del Gibert,142.87654552463397,74.11713210912768
Alcides Verdú Montoya,175.50091341850572,33.70725447056526
Tristán Mateo Paz Dávila,171.55144165635352,85.35330269307175
Severo Villanueva-Armas,197.0149626810285,95.5544632469928
Fabio Andrade,200.0,99.81976636419648
Cesar José Antonio Lucena Guillén,187.14299415736892,54.41743013409526
Azeneth de Folch,160.7192756730333,63.63916421710817
Matilde Octavia Alberdi Cobo,169.87097099956603,55.27790992591009
Apolinar del Perera,165.0760800555165,98.3179680696517
Calixto Rosell Perez,162.6455158940987,105.4846225243794
Susana Valverde,179.909725872278,67.965922707084
Maxi Pulido Ayala,172.106826003069,33.505921989407184
Vidal Cerezo Arnau,140.0,47.33406273310024
Amancio Egea-Roman,158.58664420736952,38.66978462608174
Íñigo de Manzanares,174.02641559681456,115.5245231365188
Florencio Guzman Lozano,153.86471918108285,50.44975202485924
Carlota Miralles-Pedrosa,165.10142650086948,64.36029608284103
Flavio Pla Alberdi,158.08026079944,51.667584174573065
Leandro Calvet,195.28724456482925,100.22800030728334
Macarena Camacho Reyes,197.10400800923077,76.65211452997632
Ágata de Valenzuela,160.3765482148734,34.567351871981245
Chus Fuster Montaña,195.5858294657364,64.13493182521177
María Teresa Ximena Diez Carnero,181.07991711038076,95.8254423851844
Rosalva Villalba Higueras,169.28824894599398,38.098265163728
Lola de Ugarte,155.3121677245059,73.22828722843555
Matilde Iglesias Escudero,185.9558923308044,46.87471315851046
Laura Escribano Castell,168.98644587689293,60.97610406956026
Jenny Romero-Prats,165.51100579710484,58.81080918813599
Eulalia Rocamora Llano,177.3888726713949,60.43898123842816
Gil Linares Bilbao,167.88558153903705,52.05685658440416
Andrea Fuertes Fernandez,173.89759889051743,65.0472645592916
Teodosio Feijoo Robles,170.6786505477578,82.24999590515918
Martina Durán,155.52899277306028,55.5587594549462
Ulises Manzano Merino,154.33340936813428,38.90573085782425
Máxima de Calvet,142.34373262704085,42.3688088117185
Dorita Quesada León,175.65042248051788,108.97674913160785
Poncio Bustos Salamanca,153.07938862691367,32.792133680349274
Emperatriz Cazorla Abellán,172.24316382715082,37.44921360908839
Áurea Pi Novoa,156.66894596613707,60.7846100916625
Ruy Morales Gárate,158.89524278093322,74.15456424562514
Jose Francisco Román Figueroa Cózar,150.32896662235683,43.90626331674631
Iris Madrid Verdú,174.9497777529593,31.035319436661347
Dominga del Zurita,140.0,36.76432164988685
Ruben Alarcón-Puig,154.47043037680191,51.94752602819064
Moisés Bonilla Córdoba,165.62701753535416,98.93900725434877
Asunción Jordán Núñez,140.0,48.32729246820095
Candelario Roca Villalonga,175.6976619267602,122.11704110221189
Pepito Garcia Frutos,170.46142264611436,64.62112372185025
Anselma Borja Lobo,180.75079425623875,107.91829686358533
Rodrigo Roselló-Solera,164.89984575797646,59.005619898662765
Soraya Figueroa Álamo,197.66469849673217,82.64165260645899
Máxima del Águila,154.83108114741543,58.83568973656908
Elena Carrasco,166.189600979218,42.19871938598602
Reinaldo Narváez,166.84324189078092,73.28809830001413
Carlito Moraleda Lillo,173.0087607672084,116.63320714041063
Georgina Montero Guillen,171.82651446245137,99.12912784926874
Consuela Bilbao,195.868091695452,40.41620131219808
Wálter Zorrilla Rios,154.33612996210198,88.40628792900912
Fabián Vazquez Llanos,163.81384927326775,47.66685132591181
Moisés Verdugo-Herrera,140.0,30.168188090477656
Gabino Barriga Berrocal,175.77619901451874,115.91774711894251
Nacio Barceló Arévalo,169.0578866236381,30.2679274280642
Caridad Amorós Balaguer,171.44657916438655,66.22525994715835
Dionisia Osorio Calzada,162.31244222146512,76.49903099128906
Valeria Estevez Gabaldón,181.9765603157487,84.18578141944934
Plinio del Castejón,179.4865855555507,75.29511301933161
Jesusa Burgos Franch,153.5187580336316,24.66376146563457
Vilma Estevez Mir,140.0,33.463389745677986
Florina Beltran Barrena,155.90944317695826,86.90197428572012
Roque de Aparicio,148.11486098272357,50.00567521837394
Etelvina Menendez Cuéllar,149.4135685774192,37.44170093359648
Basilio Alegre,179.44130807068856,89.35718022476087
Toño Montaña Carmona,182.2665444487264,54.635095650589946
Feliciana Tenorio Barriga,165.23376672988002,50.374694891911545
Santiago Benet Badía,186.83602277119965,109.7936314035215
Claudia Trinidad Garay Lillo,150.89525766165497,24.31960265669347
Jacobo del Galvez,169.99441725757333,59.10086267352061
Eligio Franco Ariza,162.88915590539844,51.32212421934923
Apolinar Narciso Julián Burgos,170.23267157404365,103.46958244849796
Cristóbal de Coloma,146.95970283076338,47.71840434220904
Fortunato del Leal,156.57059731989918,52.67083226042311
Eusebio Higueras Abril,157.93271465095654,47.69297904269511
Jovita Sosa Alcaraz,200.0,94.1326702412782
Gertrudis Tamayo Barberá,145.54210683309233,59.14543793686131
Dalila Bayón Rivero,200.0,119.75445377498616
Daniel Roselló Falcón,155.06288538886284,49.051238891635855
Melania Escudero-Calderon,185.3903359445702,54.7548518749654
Adora Girona Hoyos,140.0,23.895553582374376
Griselda Coloma Villegas,179.4391491165934,120.7902921426318
Yolanda Urrutia Garcia,165.47161726307692,52.54776379109694
Cruz Amador Donaire,191.01588176115217,42.1960870587305
Jacinta Aznar Acedo,187.44461030726484,48.02636176728072
Alberto Bejarano Pera,157.97575403077994,27.541796361653148
Jose Miguel Nevado-Sáenz,140.0,32.567159994384994
Melchor Franco Baños,140.56954973341462,47.933199844814
Amalia Enríquez Valencia,143.480312458382,70.13443133519675
Odalys Ochoa Olmo,165.9385339247485,90.4085089777287
Máxima Tejada Durán,191.61164734192675,73.12626322233274
Zoraida Patiño Aragonés,155.86356553884465,87.60584136190633
Víctor Royo Larrea,170.82342569224505,32.97032659961642
Ramona Fábregas Salinas,160.2089455480243,73.74004799053016
Arturo del Amat,184.94577848342848,53.89019104409277
Margarita Castell Higueras,171.3928502370689,48.431760792663
Zoraida Cañellas Marín,187.86063834751695,35.84043032026055
Visitación Heras,178.85518263566232,101.1960287122354
Juan Luis de Castro,173.975660845657,104.60082862408392
Quirino Velasco,200.0,59.22914636804685
Rosalía Piña Fuster,188.0944405617648,62.01410708684291
Jesús Feijoo Campos,178.9438703980285,44.72091981260515
Salomé Roldan Ros,140.0,45.26290069402155
Fabián Corral Escribano,156.57978946289822,52.8560036922717
Ricardo Pla Morell,168.35064025672156,84.81544592212182
Chucho Salazar Criado,200.0,152.52619795492444
Tomás Cánovas Castilla,187.5497818271104,51.401676515723445
Hipólito Aguilera Bermejo,166.9228622353595,44.27993054918114
Heriberto Juliá González,150.6834458769784,34.20514499526104
Macarena Aliaga,149.04642239085535,82.38903275909064
Aristides Mayo Canals,175.5202559481285,86.18284796658907
Arcelia Larrañaga Mendizábal,170.36841818077068,110.17924772922618
Nayara Coca Roda,200.0,59.07586520330264
Artemio Folch,171.18137389153816,30.84680627240404
Tito Salazar Valero,193.2098026749666,64.46851081217721
Cirino del Azcona,177.05391913962208,64.01809955522741
Felipe Miralles,150.02918958064686,73.80012463242628
Fernanda Laguna Iriarte,154.14230813416273,29.18085860731224
Edgardo Torrens Exposito,168.7215931709981,64.25503723135706
Adelina Río Peinado,166.79628467606074,96.64558317825748
Maribel Odalys Castilla Pazos,143.0758136236344,62.00080163532196
María Ángeles Sarabia Nebot,149.34945488034418,39.95832663744814
Marita Larrañaga Miró,160.72761963632058,29.90484940889918
Eufemia Arrieta Vallés,159.27474398398024,40.87704196340151
Clotilde Ponce-Barrena,170.75542916936192,53.608247153918825
Jennifer Riba Ibañez,181.11284756638076,97.6700748067149
Cebrián Carlos Chaves Campos,171.06823963595124,116.91552802948038
Perlita Donaire Bonilla,144.78848045715563,41.40758840889608
Casemiro Egea,145.38601027950202,41.54919133921738
Olalla Infante Talavera,145.7057525944099,24.224598916687476
Silvio Cano Riera,162.65902882097424,104.49371336473838
Dimas Canet-Luna,169.44671910857693,88.90602429627398
Angelino Sánchez Hervás,181.15839606337585,46.1835839194798
Camila Acevedo Prado,160.41920495436054,74.06435841301492
Dionisio Coll Benavent,200.0,61.5825628692422
Alberto Hervia-Cerezo,145.3593007477663,24.202619509988114
José Mari Daniel Garriga Mínguez,168.22471979436818,106.077507810442
Eutropio Rosa-Ripoll,166.08289041590618,60.20727571331814
Oriana Salas Lucas,164.81986133088367,60.9415862205212
Melisa Larrea Pujadas,163.54265987254968,34.41375562091068
Sosimo Bosch,176.05110045677245,41.34753629884364
Ramiro Parejo Lamas,179.70219114685614,105.92662295596428
Melisa Pina,199.6025858883158,103.10130947483717
Miguela del Carranza,170.28269540228166,115.68972883505788
Vidal Carro Barrios,181.65842743385204,60.74681129760658
Máxima Pellicer Elías,189.68243796218505,78.44552038619744
Dalila Carbonell Prat,180.22711265271485,65.38232204579523
Soraya Ramón Maestre,144.78750246007846,54.30439078121643
Baldomero Hoz Hurtado,171.63643013660345,35.93713457769251
Francisco Jose Pombo-Fabra,188.81003873755492,35.87127256242357
Lupe Carreño Echeverría,166.89856679497336,28.81548578602793
Otilia Montoya Piñol,181.9763597911022,67.01898140304938
Araceli Pavón Carreras,178.88454527796006,75.79866356485402
Antonia Ana Sofía Escolano Pla,172.19101748538515,99.5207921529769
Pía del Montalbán,174.12350270529765,42.53813965209452
Nieves Prats Padilla,198.41500107716303,81.98298564530819
Arcelia Saura-Herrero,160.03296130207198,84.63893273389297
Cecilia Casado-Rivero,174.38136705115215,59.42813386455238
Augusto Ortega Santamaria,173.12670934399904,74.12898375703028
Selena Vives Robledo,188.4264067752433,88.47030647861419
Camila Duarte Carmona,183.53805509596216,60.03771215065328
Luz Peral Rocamora,195.7941153228972,122.57553336722228
Mireia Valenzuela-Amigó,171.87297609601208,67.82764223173021
Poncio Benito Sotelo,173.36129089808904,37.58650070535413
Agapito Villegas Romero,162.42287933046458,30.49425152105748
Virginia Fiol Adán,159.25359114525205,37.45050703279409
León Aller Sanjuan,180.89947692089885,118.7820955627582
Gala Cervera Grande,174.23137984074708,93.95503291950044
Loida Girón Montserrat,170.5243413072299,101.15418003673592
Eliseo Valbuena Herrero,146.8253381011922,51.98708048610206
Manuelita Ferrández,164.47544263195488,27.650089848713588
Mirta del Zamorano,176.57487765140718,73.82581400538679
Esperanza Camps,170.17755880119816,103.55459581384532
Corona Pons Rosales,185.45422173096597,101.65428610977575
Luis Miguel Roselló,153.8335784684648,27.948060654354396
Susanita Carmelita Barranco Doménech,171.1508886961306,67.41038814778781
Edmundo Gil Durán,149.4354666338466,49.41796450621005
Anna Villalobos España,181.23381452816196,34.08256286034006
Hilda Ariza Benítez,168.86657020458247,70.44825802466909
Ramiro Álamo-Miralles,155.14555336824552,25.685840668487003
Rodolfo Andres Soriano,185.79867732504465,58.38545424775872
Amancio Pedrero Vazquez,161.54071900676587,50.30426941630999
Eligia Arjona Frutos,183.36788922755505,74.3032363771752
Leire Nuñez Coronado,161.67380300724437,55.23301753715665
Eduardo Cortés Rocamora,182.80540748939129,38.64999618087088
Emiliana del Priego,178.62974521213224,58.20031010993232
Anunciación Muro,178.44106556366975,116.65339883988769
Bernardo del Roldan,177.8299099250275,32.96853804962151
Marisela Adelia Solera Falcón,150.84519272275725,48.88325653143536
Lina Salmerón-Laguna,172.51867056874443,33.78695870106014
Noemí de Menendez,200.0,142.70356817246665
Claudio Yuste Aragón,182.07025636568105,73.12839849583389
Filomena Aurora Uriarte Milla,185.79639809931297,45.98175735721977
Rico Cuervo Coll,169.3134441689638,38.99860384319544
Pastora Valverde Guzman,185.1573773823811,52.52868752383715
Dora Grande Simó,152.88795367049403,87.27336605818442
Roberto Pino Sebastián,158.20153760381064,81.03591021371716
Amor Franco-Pastor,173.4984010133378,67.47387275101427
Carmen de Español,199.0360835961278,134.19670580893774
Angélica Elías Giner,179.72139349615904,61.3107071394611
Primitivo Cabeza Pintor,160.37577847485792,61.44637296626118
Nereida Leon Granados,167.76815806542638,80.94496425432243
Alicia Guerra Boada,169.09972894318278,60.1944426063871
Margarita Perez Pinilla,161.9013806762937,49.74492516575717
Alicia Peralta Tejero,188.80704888000224,63.86647277029645
Maximiano Ángel Maldonado Morcillo,149.51282192378326,38.06877024903245
Renata Peralta Bas,161.8665158708875,34.48448392449185
Salomón Almansa Zabaleta,174.388715144281,74.4496136602036
Leonardo Blazquez Solís,172.31636893127276,50.13343599470623
Gastón Loreto Bonet Contreras,176.004649605534,42.805526167494286
María Ángeles Cruz Mateo,160.1713611572193,89.61802041738241
Lourdes Maza-Pinto,143.22722644619944,47.77288397649613
Gastón Montserrat-Pedro,185.35168738497543,39.59234603147137
Zaida Ríos Pedraza,182.101295144604,33.97237541727519
Bernardita Borrás Quero,162.1074515111788,62.78153212453493
Eutropio Acero Trujillo,171.1047578120693,83.37385603027367
Hernán Lázaro Morera Santamaría,155.44906425983788,38.16336953227445
Cándido Morera,168.10556698856354,54.25176435510742
Margarita Acero Bello,155.54179101397418,43.99189507479306
Lupe Morcillo-Padilla,183.13112710876285,34.327586989186614
Gregorio de Cerdá,174.35453091363377,56.66761381817932
Loreto Lucas Granados Cañizares,198.13051362343927,42.70811066192968
Raimundo Luna Pujadas,163.12544653074193,55.16195505649885
José Antonio Saldaña-Luna,172.91981291672357,37.50131317066307
Adoración del Valdés,146.82074870421528,26.742480683739505
Juanita Lupe Tomé Gabaldón,160.5677932192805,76.6746464131712
Martín Alemany-Ocaña,140.0,48.909180154860486
Jonatan Andrés-Guijarro,162.57604368919831,39.90994828420435
Andrea Calleja Batalla,160.5283907039403,91.6320546372386
Calixto Montes Expósito,167.79372741677395,52.2869789530052
Modesto del Bárcena,148.80505025318135,41.06306989358582
Áurea Guijarro Cózar,172.08303632625442,58.49981612065166
Flor Ponce Mariño,167.04054332400025,39.41097803572471
María Pilar Ochoa Arjona,157.3108789633848,42.521918562302986
Albino Vicens Bonet,184.9271803903967,54.61770786584702
Concha Alcalde Cortés,170.49554043835798,82.574767267241
Tere Samper Tudela,166.48692374713468,55.41383860926032
Charo Rozas Salas,167.7349591553809,74.42621334020014
Julio César Vall Villa,166.35515262815545,108.0041047003268
Oriana Romero Millán,152.4223122773768,65.19436159328559
Chita Armas Cantero,159.37199481285873,84.42446284059778
Samu Cases Arévalo,140.0,72.91658526367898
Elba Baeza Alonso,170.4628711487697,56.753455999280334
Virginia Sol Almazán Escamilla,155.4394855012375,52.62879587009258
Charo Carnero Escobar,144.78910954848246,62.29036247037568
Florinda del Moya,179.4144781429804,75.31054604479863
Lucas Torrecilla Blanch,176.22135940250317,41.35485441729189
Gema Calixta Jurado Donoso,188.482845793824,69.1753633451624
Haydée Lumbreras Arenas,153.1838291809114,62.942248454642986
Sigfrido Mendoza-Sotelo,143.32925431123044,64.06070918402438
Nicodemo Torrents Figueroa,169.43106730044593,81.20869755440923
Carina Pedraza Coloma,179.84359886412375,45.44104841999822
René Campoy Mosquera,189.1995119816389,128.78716526918038
Artemio Pedro Santamaria,163.80066789564484,33.75164518070311
Nereida Alfonso Fuentes,164.1276830716447,88.16666177788557
Edgardo de Elías,160.6858810790966,71.38921407023689
Ismael Amaro Antúnez Abella,165.6076256262306,58.26935844585646
Chuy León Sosa,185.3989499932139,53.82277820492293
Casemiro Plaza Santiago,167.30797054261976,55.88576845053657
Ovidio Alcalde Sevilla,178.2543878134143,66.30715779750777
Maximino Ángel Palomar Conde,180.69255241538744,76.269606478921
Lupita Córdoba Galvez,149.44321733702714,58.8843662373921
Sol Piñeiro Roldán,166.54228879778933,82.47176988489447
María Teresa Rafaela Blanes Esparza,154.0252348857621,73.68446283725771
Candelaria Bayo Alvarado,150.32555714989013,40.8606447709695
Lara Osorio Peinado,170.9894501381741,75.78615541024439
Nuria Higueras Criado,144.83863214981787,56.42733402684595
Maricruz Cal-Garrido,177.50993516106013,57.70896900880286
Úrsula María Belén Osorio Lloret,182.87751474736797,34.058161509310466
Susanita Frías Aguilar,168.3530037249712,59.33385013364166
Leyre Páez Iriarte,195.25026397157507,84.16823058557648
Feliciano Goñi Sarmiento,158.0343708942827,37.001481887025164
Eugenio Segarra Cornejo,200.0,56.22312013786981
Dan Nieto-Escrivá,159.18143896320828,89.79669184009303
Feliciano Porfirio Cabello Gascón,183.3521790007887,52.18990802390303
Vicente Coloma,167.39050529741542,65.60541245638134
Maximiano Yáñez Abad,154.3088370379823,65.3413397393892
Rosalinda Aliaga Pinilla,151.29530327903896,34.2336614793826
Aránzazu Perea-Verdejo,170.2681683392875,57.12375996610303
Estefanía Cerdán-Benavente,162.24115065826712,65.78051100055534
Lupe Pelayo Becerra,170.09634243255388,113.83476548235282
Aitor Ureña Sedano,187.22709376764132,55.16199623520427
Guiomar Batalla Amigó,200.0,66.64520319536675
Pilar Amaya Flores,143.395272420823,60.22015520890878
Cayetano de Lerma,174.72750269390423,61.422302979591095
Lucio Cañas,169.75842761774305,59.87837768580573
Ernesto Feliu Ribas,170.0095038999047,104.32895425321271
Celso Fonseca Martin,174.31649300607378,36.08227124581601
Quique Alfonso Merino,157.6593176583657,35.893732973415425
María Luisa Mesa Villanueva,197.9829597101717,53.24337011308094
Fortunato Bermejo Alberola,150.56085435155222,70.51005840670646
Gerónimo Arana Mascaró,187.38556375580865,51.40063990858775
Verónica Almagro Frías,186.28879668829643,120.7585270146821
Emiliano Pinedo Codina,161.40317473470228,46.39526706197718
Cándida Ariza Mariño,173.20720215507865,78.64253638236944
Rubén Berenguer Diego,174.58671477838374,42.35588517481257
Román Hoz,145.9413216781685,42.9022497983225
Miguela Peña Vives,171.31334233300183,56.03832299289871
Luciana Roman Gálvez,185.943796665053,71.50815228794326
Nuria Abad Juliá,175.0767888075103,112.70405600951663
Amanda Marti,171.96551875407,79.91874887095292
Nazaret Romero Palau,148.19370941523962,33.70910858287753
Mariana Angelita Rivera Batalla,170.26404460307774,31.29445528994112
Aarón Arnal Figueroa,175.11516111564578,49.66541990407221
Jose Angel Riba-Morales,180.1651734923966,53.210303281326205
Roldán Marín-Ropero,160.85473255958118,64.53424525028137
Bárbara Ana Sofía Lopez Villalonga,158.49708135755773,28.353615621892267
Américo Garzón Solís,167.82901218552095,46.204361093378495
Emilia Aroa Ávila Goñi,148.7462689094641,44.542061208843
Valeria Navarrete,168.97980244958,86.65456388011795
Yésica Alcalde Villaverde,156.35789548702553,51.96943405338445
Graciano Bernad-Porta,160.34810137184598,72.60380221470585
Mauricio Valderrama Egea,184.43517038588732,41.48875235040767
Candelaria Ariza Cerezo,174.0594212794111,64.05659423539929
Teresa Abad Castells,184.63875010200996,124.09451176491132
Bernardino Tamarit Barceló,165.92790960142824,103.4484234622232
Hernando Herranz Frutos,156.27955859233344,57.02679252869599
Fito José Antonio Anaya Daza,152.05277170102414,40.1257440278211
Damián Piñol Galan,166.36114789009636,68.03713930812384
Gabriela Vaquero Sanabria,149.4198775712281,34.56616139095509
Bienvenida Ibáñez Cárdenas,153.98582276596198,93.1326040279297
Julieta Monreal Morell,152.49541950761056,43.192015192170985
Lorenzo del Manso,143.43860406878002,25.781587488498268
Reyes Salvador García,179.65541667230897,116.9456338199371
Soraya Conde Amat,148.35107126729767,31.352358343253584
Alejandro Peñas Galiano,153.58217552017317,26.975483114735194
Jeremías Ayala Boada,180.38501551823217,67.23584709743642
Jordana Morell,179.30032877584844,90.55323217593062
Ximena de Díaz,177.5317894470125,108.40707727928626
María Fernanda del Rey,184.2875996202975,101.92792829906284
Encarnacion Castellanos Llorens,146.26404698197885,74.15236460968987
Maximiano de Verdú,169.3847162754495,82.18150026279582
Lilia Alemán Carballo,194.0881378287885,125.2942076267892
Anabel Bertrán Escrivá,169.15475266833988,114.4118410352292
Hector Córdoba Fernandez,162.2554776955986,86.25548681193912
Mar Quero,200.0,99.1200708110812
Claudia Morell,180.44887886533925,80.6467042751761
Teófilo Suárez-Andreu,181.09191745254356,76.17858810413465
Eligia Montalbán,157.13525509277437,58.88392745679056
Cipriano Reguera,160.57146810373575,79.46397309294422
Saturnina Armas-Pinto,154.16373226544894,54.37247153402842
Heriberto Lozano Arjona,177.62070389023594,48.54599011706454
Maite Quesada Estévez,177.10813571816476,44.65769383547604
Manuel Ochoa Luís,184.90950950596897,38.46914542631664
Cecilia Benigna Avilés Campos,182.49291941674207,97.54566641084034
Roberto Colom Guardiola,152.115705934661,35.04784805494876
Marta Infante-Nuñez,189.1231787207669,116.75330473390564
Guiomar Miró Rius,162.44992994099874,91.21873152666105
Narciso Saez Viña,175.81645233936757,97.41590462604948
Brígida Beltran-Caballero,173.18774808060655,59.38279536914619
Eleuterio Montoya Garcés,176.12211244950265,77.2961798582348
Esteban Casal Alberto,152.11285080868336,54.08024511241975
Jeremías Guzman-Guitart,146.64738919335855,51.35003827361107
Rosaura Sáenz Ródenas,178.48271001169277,58.01829839535253
María Manuela Llopis Lloret,183.48477807662732,99.80526654028203
Albano Melero Sierra,161.35971751618985,58.377236919186
Estrella Cañellas Agustín,192.91506536092783,88.10081700273491
Priscila Corominas Santiago,162.08090470612413,37.09980791063903
Marcelo Comas Silva,161.987981846558,104.0379100527588
Armando Juan Luis Vilalta Abellán,154.44691911600455,41.47065925128808
Adelaida Almagro Ugarte,181.1174085160811,44.10238518748216
Segismundo Graciano Tamarit Perera,168.9472236714505,59.797880759368255
Prudencio Gallardo Artigas,179.3234902265864,127.95918691478828
Azahara Mayol Cerdán,161.87221224394423,28.276969953284738
José Luis del Talavera,154.22336142238095,73.34378569874426
Leticia de Contreras,197.5496693173859,120.64332821149657
Clara Llopis Leon,167.2197660803193,30.816537191016952
Fulgencio Mora Fuente,170.89781636457693,52.57374457395306
Ariel Cabrera Quiroga,185.58471343708524,103.55254953734268
Samanta Gallego Fajardo,159.3104141978947,62.69359913145838
Urbano Santos Calvet Sáez,184.4104254698656,37.79123739831866
Ramona Ferrando Bravo,164.35225485854818,29.74125229158826
Ovidio Robles,176.84181364767758,43.69958666030075
Juan Antonio Méndez Ribas,176.39668478245136,104.49973138139048
Eva María Ale Morcillo Ugarte,155.26303621668998,51.47051447815111
Piedad Gargallo,163.2657487719099,67.0897913467594
Paulino Sanmiguel Córdoba,179.7461813415616,46.93807569764296
Febe Serrano-Marí,158.82273895865163,56.22451915143854
Leocadia Eli Hoz Diaz,168.817548767337,85.24309403354556
Abel Ordóñez Ferrero,184.07177340512592,84.20511448362561
Rolando Jerez Exposito,184.21197015772628,80.49690045817397
Nazaret Vazquez Agullo,167.6565974919098,108.64677998348262
Teresita Vicenta Aguado Mascaró,179.33634018287913,38.62369166882952
Angélica Aguirre Garay,178.9639033400483,60.80041603831116
Adelardo Salvà Maza,164.8895728170253,89.64657961644843
Constanza Saavedra-Herrera,151.983136199117,78.14274878036483
Graciana Serrano,159.96473527004258,41.30780213237284
Lara Cáceres Soria,140.0,51.72597148445243
Máximo Perera,170.41429197091657,53.83315415248698
Jeremías Rosselló Cruz,179.95508768274345,45.79601708597001
Cecilia de Quintanilla,188.0219817440625,70.67450905444583
Asunción Moya Pineda,150.14947716789922,37.19251095211614
María Hierro-Guzman,176.56009619598782,55.52159349121774
África Rocha Águila,148.20235724375502,65.3022447253405
Agapito Checa Perera,182.18957769115016,53.27117801509119
Ani Trillo Poza,176.48612220104823,58.21822087489058
Silvia Briones Coronado,152.87101796752003,73.87757482010072
Encarna de Fuertes,159.01397392794374,92.681215002833
Anunciación Iniesta Pedro,179.7662684964793,32.93811344264691
Gabriel Adadia Valero,150.71900702605416,88.55270936052429
Lázaro Vives Santos,165.80377956286506,66.22703664780553
Melisa Luís Codina,178.5071154137464,111.68014941958668
Mirta Delgado Romeu,162.17873036293258,86.69380879654473
María Luisa Reyes Juan,149.3484317828669,29.817488749087044
Eligia Bravo Huguet,173.61473459258556,106.5945622178604
Nazaret Salas Perea,167.7324616170918,64.85688123400107
Tristán Marí Bernal,200.0,58.86658313862517
Jose Manuel Escalona,174.63966581720828,119.33108622042678
Fabio Llano Canales,155.89164850946193,47.18425748782391
Merche Benavente Reyes,166.6591586067047,49.4795914187948
Salomón Bermúdez Garcia,151.26372384910957,43.240275089681205
Wilfredo Porcel Cerro,150.74957324851857,89.09477108006767
Marino Yáñez-Juan,155.45783940267808,36.14558437245865
Manolo Castilla-Domínguez,167.14282229737995,51.65698748399661
Manolo Cervera,174.2798033678642,56.93877496925307
Silvio Heras-Nebot,146.9247634884973,72.57610610572975
Leopoldo Lucena Vilar,162.82544125200474,46.55864987099292
Juana Villegas,146.9986679217722,41.04211816443747
Virgilio de Cabañas,188.6450737736492,107.22745369581948
Candelaria Jover Aguilera,145.31945740078226,48.98882032959768
Eugenio Noguera Fuente,168.28052626562558,33.312954045039184
Toribio Acuña Hervás,161.2916444590337,60.0787477842021
Bonifacio Simó-Luís,191.0192182235492,88.39102796285474
Emperatriz Piñol,160.6125757253618,26.96284008464909
Victoria Checa Roldan,159.43226477208503,55.67552292650287
Flavia Canales,158.2621530349833,82.94862048724073
Fabio del Menendez,182.5376137566617,112.80731643201662
Fabricio Barbero Casado,199.3197190451232,80.67472595855193
Silvio Peláez Goñi,149.94618680017788,60.40456973245272
Vilma Borrás Agustí,165.5222260211557,35.15262629142212
Dionisia Ferrándiz-Cerezo,169.820985887888,31.282949618088583
Jesús Tomás Saldaña Domínguez,161.20033803408916,62.67573862746275
Serafina Sainz Coll,150.11244640895526,28.23116960585271
Adolfo Berrocal Sanabria,172.44197955868026,71.35966334449999
Dorotea Aznar,162.3186473065369,48.976964971897054
Carolina Iñiguez-Martín,186.2620757833398,55.97770114482802
María José Reguera Ballester,181.0868164756641,81.95432538955725
Teresita Machado Porcel,152.61549642541095,27.40325058956576
Ricarda del Andres,145.46641016019998,33.22249712236062
Edelmira del Gallart,179.3214221922618,43.51317266671394
Cintia Cabezas Gálvez,156.07281732204456,34.21614597013388
Zoraida Nydia Aguiló Elías,166.8241678413042,57.30890314889872
Febe Mayo Navas,157.4992458973224,61.87556657977174
Dafne Escrivá Orozco,180.55660302301973,85.84861912024607
Guillermo Cáceres Salcedo,179.29424552230162,66.77321573034321
Agustina Palomino Almagro,163.28291859748026,57.03928491466738
Lola del Roca,172.44871178900266,59.14466982791906
Asdrubal Tormo-Moya,159.89985278906016,40.692440740451495
Matías Segarra Corral,169.20264246377474,68.44722888999428
Elisa Pinto Raya,162.8667572399078,62.56704089942882
Wálter Acosta Cervantes,179.7863545941371,88.76555866162772
Jacobo Barriga Valcárcel,161.887655528566,35.23975019703643
Reina del Barral,188.39293620427068,73.70840152005186
Fernanda Larrea Madrid,151.0249834744693,46.95797771940568
Edmundo Molina-Vizcaíno,178.1113677164453,107.22907809689956
Felipe de Bustos,147.77531467377617,58.13155153336213
Herminia Julie Villanueva Barros,167.20302913685148,39.97087873971459
Armando de Nogueira,173.72439594297035,72.27117626977414
Guiomar Mamen Ledesma Talavera,159.2852820094949,32.6403401882129
Teodosio Ángel Anglada,185.3942271122275,41.582810887812265
Olimpia Perelló-Verdugo,167.60007228857725,55.51765051180451
Gracia Uría,175.8468933422937,79.26940417610673
Malena Barba Acevedo,172.97203395199037,70.65167629089268
Estefanía Viña Vila,164.39920161610402,62.84861132582227
Eligia Bastida,176.50942947381725,33.500767293605875
Silvestre Gallart,177.8587349855696,76.83235061881277
Noé Severino Baños Ribera,184.1450560878413,76.32217022726711
Florentino Solano,193.8347933257341,90.02245423034829
Juan Bautista Manjón,178.30333572099525,111.93503729542267
Verónica Boada Alvarado,170.13299765425464,30.969930216587308
Josefa Cid Peñas,171.25622596090284,54.09054792792656
Zoraida Santamaría Carbó,168.4717578565852,104.70939379833304
Delfina Gárate-Bou,189.8042523348009,85.96849622150434
Ana Belén Fuente,168.7460374955932,84.04590636077386
Eloy Jordá,164.07959226726643,105.62055174120545
Nuria Rodrigo Estevez,160.26461598509687,59.20607454959503
Lupita Ureña,169.63502373795598,93.47045054102054
Matilde Itziar Escudero Pinilla,177.39237414063726,111.35418138834824
Elpidio Puig Ledesma,187.65995053598556,70.32362563635445
Javier Alsina Querol,193.483358789045,42.51576677340731
Borja del Villanueva,168.95574697739846,72.01585928633018
Miguel de Ruano,162.5257463899369,30.589361547209634
Isabel Mendez Beltran,175.34006735497954,49.05336831253338
Casandra Bonilla,177.59881608113835,52.57191535932522
Felicia López Español,170.71547019705574,95.87362494079872
Cecilia Tur Luna,161.5645738006113,47.95615316341664
Pepita Cobos,175.07221079852388,86.75162645489763
Amanda de Bas,173.77232779287425,66.121919636035
Fidela Heredia Luna,171.8115801004191,63.59670783007516
Leocadio Hernandez Escalona,162.03129811713967,70.64895491014273
Lucio Clemente Jaume,160.73464803066312,38.56297386258199
Quique Girona Maldonado,140.60217277508713,27.51557403267932
América Acuña,150.18339724546755,43.83023251421234
Vanesa Fabregat Iglesias,173.86910775279782,66.72442263077237
Gerónimo García,153.52071887498985,33.64837457994436
Liliana de Girona,178.53166539373137,41.655638367659066
Noé Dani Hernandez Tur,173.6455946342917,86.66851814897343
Rodolfo Carlito Pinto Martínez,162.88559360489674,51.07155596122602
Loreto Paredes-Jove,167.90258385971077,52.48391252515231
María Pons Bermejo,162.55828316963323,41.86750038574069
Graciano Franch,169.71600437286594,69.88385901229883
Zaida del Barrio,154.35316325316654,57.3899984216748
Albina Bejarano Manzanares,178.58362255753525,36.127358880351856
Severiano Aller Giner,157.22370146495268,41.20350697558217
Etelvina Crescencia Suarez Gracia,191.1320604898341,69.71574820136907
Oriana Vilanova,191.2698328097392,73.76671166493654
Guadalupe Bolaños,151.17790046504658,52.66762331771139
Tania Rico Reig,172.9939863245108,74.59698338045442
Simón del Casal,171.21715810318838,58.08953312760317
Elpidio Fabregat Noguera,169.4909075388866,111.85109117954994
Coral Daza Balaguer,174.24544149848424,36.13176771960399
Rosa María Niño-Neira,168.75258887109297,49.08777505911464
Ainoa Bilbao,159.09418231394085,97.89788628611764
Daniela de Trujillo,169.7462096621242,112.1698073343838
Sofía Llanos Polo,175.6273259562645,43.23412390216027
Nico Galván Gutiérrez,167.1932096021372,52.385722887860624
Leticia Amarilis Peralta Escobar,163.32627749448886,89.4559536220425
Carmen del Conde,180.60870052491128,60.11784576546338
Ángel Garrido Barceló,183.89269860597352,83.67307605584278
Cornelio del Cánovas,176.31033795455116,83.76178060574537
Olimpia Pedro Monreal,159.67146004002896,99.78249735980626
Vinicio Noriega Posada,160.58707025305645,56.719003431254045
Ruy Ledesma Ocaña,167.50830188226814,105.88916734658378
Elisa España Pol,174.80552137408736,66.48707652180578
Elpidio Río-Vázquez,161.9966457910118,39.26325479890263
Josué Benet,168.90770154260872,38.521617010880085
Balduino Cadenas Agullo,181.6431825744217,77.1863212398834
Samuel Reguera Bayona,185.35071996215757,97.74921246020362
Cintia Hoz Rebollo,165.78709395910013,35.86506940917721
Amaya Alfaro Mancebo,180.72006609612967,81.15156942721723
Felipa Guzman,158.98442896781455,37.76347375217502
Leandro Bru Tomas,152.54367660122597,57.73572517181333
Manuela Mancebo Baena,190.32654290779595,40.93093625456461
Teodoro Arce Jaén,184.05048830717843,62.52872481622915
Eleuterio Abellán Pino,158.10370108820223,31.88774129694733
Nicanor Bello Carro,190.40356165685532,88.60659268302854
Juan Bautista Águila-Moliner,182.5185144663031,66.65704305047191
Nando Manjón-Herrera,174.344663073663,68.62191812339037
Silvia Herranz,167.60287285305338,33.67236480948489
Samu Calvo-Cid,171.34955121557232,53.01486707564172
Ángela Delgado Perera,180.6594621907433,100.78203788690826
Pepe Llamas Mateos,177.29395713914025,109.9104682624916
Florentino Codina Ayala,179.95816658952904,51.58241255685464
Mauricio Roig-Avilés,155.78400489613273,27.174135312031535
Rosario Canals Pont,183.05534501331687,35.04459239663164
Fulgencio Avilés Moreno,173.08965385306217,103.3931119602064
Calixto Juanito Botella Alfaro,193.0482053264876,134.40104598535115
Leopoldo Colom Haro,158.88481562664452,33.153902877169244
Rosa María de Abad,154.01749585815168,51.47305587503011
Teodora Dueñas Carballo,157.53965709722578,28.48020952443255
Luz de Hernández,183.20498893375265,99.80390353037654
Cesar Beltran Mercader,178.8546394616372,69.57868121085752
Juan José Lluch Naranjo,163.2708202751795,76.11726834242656
Carina Ródenas Llabrés,161.7495792002479,64.44968518074242
Manola Alfaro Borja,148.44297851879588,47.98357178084186
Margarita Vilalta Serra,170.03138507340975,29.89304582838749
Mireia Robles,168.0595264410826,55.03191269107551
Eladio Montesinos,158.85738604982524,61.40055468617958
Gregorio Losada Alberdi,149.819485576104,30.711338306555035
Francisca del Río,175.0036933300595,82.61165705307143
Chita Nebot Morales,171.49641130587878,108.32135737832084
Cosme Tolosa Exposito,199.5116153110176,112.23218494240945
Cipriano Macías Iglesias,193.90046038875172,64.11064056125663
Gastón Noriega Barros,171.15306625702584,67.94507800664088
Lisandro Llabrés,140.0,74.50609542236697
Elodia Valentín Pedrero,158.664210494019,46.88980449464136
Gabriela Milagros Galvez Figueras,155.55317307330316,42.9907512369446
Joan Hervás Calatayud,142.37222438907202,21.994464647258056
Jose Francisco Ramis Bas,171.04495880109553,82.01122403040107
Petrona Sotelo Collado,191.38321670253063,90.26586685729416
Armida Núñez Martin,173.18250358144132,45.17837981162643
Cristina Ofelia Acuña Paniagua,169.59224141421072,61.07649119044545
Prudencia Angelina Lara Mir,182.70696572202445,85.14880281963698
Vanesa del Cortes,168.084543433066,76.62675243318047
Urbano Cañete Solé,153.51341083597396,59.47604963309875
Amancio Rosales Pereira,174.9361442121421,120.41689609902748
Joaquín Jara-Trujillo,166.56943981727798,100.73416650978942
José Luis Coello Lozano,169.39970107901374,94.66988262425414
Óscar Delgado Pujadas,166.55845207687443,86.31337877768472
Dulce Torre Durán,177.57494779022943,41.35421962682051
Cayetana Codina Ordóñez,168.99750425173423,42.39349506311258
Aristides Múgica Calvo,158.94554719930616,81.78086241071415
Jennifer Baena-Borrell,178.34338193306914,33.96026769830257
Sosimo Román Cerdá Piñeiro,164.56121924310153,78.46141183253452
Samuel Donoso Mir,185.51935343978863,39.91745015335464
Felicidad Badía Tomé,173.13437710068985,36.81578619517904
Custodia de Carreño,193.30301525121888,139.76918296274474
Calixta Amador,184.3219090944625,36.72744408409427
Coral Cruz Villena,166.3767273829637,53.953021831957535
Olivia Yáñez Fabregat,164.26609166650618,87.14302116905131
Mamen Almeida Pozuelo,188.7918028466795,37.68523890644449
Espiridión Bernat Giner,164.94237326869356,58.92005910830463
Chuy Burgos,158.37578626668986,80.67248119870662
Gisela Vicente Chico,200.0,114.49184226450444
Bernardita Perlita Garmendia Ayuso,167.30283418856845,73.51108356379173
Alfredo Lopez Grau,164.50838124147646,92.26569884270312
Reinaldo Téllez Sacristán,162.77661691325378,52.01607701504614
Fabián Cabrero Roda,178.93798695814215,32.136916921256216
Bárbara Palmer Aguiló,182.49063726167552,40.837142037664336
Natalio Galindo Hurtado,166.3261146146014,60.48089658322428
Nazario Almagro Canales,177.87996750055615,117.4942222737983
Bernabé Bautista-Arribas,169.278602912647,114.46234536884792
Anastasio Román Baños Bellido,162.70592933285494,87.13543476826023
Jorge Lozano Polo,151.1421121796383,50.70204001506437
Luisa Calatayud Mateo,171.5494906804571,41.51580691418346
Iris Pardo Gual,165.02346343621662,50.08213340305952
Rosalía de Cepeda,182.7062855321371,55.816780641713
Ale Carreras León,164.17881209062782,70.16266046200697
Cristian Machado Goicoechea,157.3338297368348,46.3234085503038
Fidela Ibáñez Llabrés,168.94708603111582,33.13393597980569
Ricardo Camilo Carreras Antón,160.81311198235437,85.26933619274598
Marita de Alberdi,159.13737640660986,45.664569323458245
Melchor Aguilar Pou,182.1730905220783,130.06283957922142
Angelita Almeida,140.0,31.78124672427189
Rosendo Rubio Patiño,190.71255129103915,38.18051409292208
Estefanía Guzman Donoso,175.2316334764059,70.38127758504928
Beatriz Zamorano Zamora,166.4752892292614,38.62360907349984
Alberto Iborra Mateos,156.85068368397944,59.32228725973899
Teodosio Palmer Antón,177.65742111606073,55.05836190484983
Lisandro de Conde,190.6404033558277,89.25836119617273
Ismael Uriarte,186.68481630460997,40.890829556857824
Macario del Morcillo,196.8482650673192,85.76025623551112
Celso de Oliveras,187.85547932181208,76.15245640645892
Chus Sastre Batalla,153.6981301573143,74.1665018125319
Roque Alcolea Tamayo,175.84410518308113,36.54230046440931
Otilia del Ibañez,175.79809279966898,52.23851096577054
Chus Echeverría-Acero,192.34290585364403,40.88581936708168
Reyes Alcaraz Bermúdez,140.0,46.842996388728125
Alejo David Becerra Marín,164.24248422174358,32.646188672794814
Tadeo Puente Batlle,172.3244507961498,116.15753575050614
Hernando Amores Carrera,177.05951316082349,77.05280224327393
Domingo Melchor Cervantes Olivares,154.1772978229411,34.45939046404902
Teresita Chacón Martínez,178.42507573840763,56.78792107573232
Teo Leopoldo Iglesias Royo,141.3539554170403,41.97242905581459
Noelia Torrijos Moliner,179.06196219634668,51.91728014560081
Luisina Celia Mariscal Valderrama,156.5932438831715,59.20416475859694
Abril Amigó-Nuñez,174.73386618694198,101.0382527981978
Maximiano Sabater Guzmán,195.86420012550195,45.74910988148539
Virginia Ferrando,152.05271563907314,63.75585562753596
Bárbara Gracia Gálvez Sánchez,170.69058133360926,111.37254206376076
Jose Luis Boada Barros,162.39030594067412,87.88609097018121
Marianela Mate Guzman,200.0,103.60309053583516
Hilda Escribano Calleja,165.1662301248134,27.656394602371453
Saturnino Duilio Palacios Ferrández,179.43566594517304,34.24332860959236
Valero Bastida-Manrique,186.31208300359,40.58753476237614
Alma Tomas Prieto,200.0,149.64936523095548
Joel Porras Viñas,154.06901329542848,55.66037361363078
Reyes Araujo Arenas,195.52866267473468,53.56547899014738
Florencio Martorell Catalán,173.27607191651003,35.27083354054117
Celia Zaida Mena Figuerola,188.2226830821724,105.65631159788356
Domitila Franch-Parejo,167.76198527550315,67.84169232163636
Lupe Llorens Rocha,156.45099088846987,42.26745186569509
Nidia Olivares,178.63159566943182,37.21424958428765
Bárbara Juan,174.511231635287,81.2936119494298
Paloma del Acuña,154.09450472592778,85.34547251802226
Jeremías Donoso-Ibañez,169.10813441672883,29.86764792676555
Ramona Gracia,168.4970738538395,70.45697028258591
Gabriela Melero Codina,164.78525971318956,46.674260805688206
Germán del Sainz,164.73959916101944,55.42772796869954
Leyre Jáuregui Tolosa,166.47102115925546,96.03428453646671
Abigaíl Iglesias,168.14113638049832,70.90243082229236
María Del Carmen de Cervera,158.42446614729283,61.043441502985104
Esmeralda Fuster Ávila,170.9897986314765,38.03738794975026
Rubén Valera Almagro,177.1634522141466,69.39218876742044
Jovita Bayón Cabezas,179.60603610070575,44.39874382223825
Cornelio Benito Tirado,175.41698379639664,89.67562942845504
Concha Itziar Rozas Roda,168.68986028318517,87.9520774281765
Adelia Toledo Marin,140.62170671471864,38.99133121231535
Victor Manuel Alberto Vendrell,172.41611861142624,42.55001503163639
Lucas Andreu Alcántara,171.00897198884903,107.68796667600044
Celestina Aguiló Cifuentes,200.0,84.86892400297084
Haydée Domínguez Haro,155.4162575144111,63.85512640260679
Bernabé Bustos,164.66948468224143,38.42866399455776
Rosalina Bueno,170.1672255866905,62.43704862241602
Mariana del Nogués,170.09552580510072,40.42403612973781
Edmundo Hernandez Fernandez,176.58644651806333,90.43081796724628
Dimas Ropero Sans,175.11444864710836,54.05185559681766
Maricela Patiño Torralba,173.53607954430657,39.67848701925387
Juan Francisco Macias Costa,165.29335055854986,49.84716786811264
Xiomara Pizarro-Clavero,169.09800358292944,63.69198235999858
Silvio Aller Estévez,181.3773990428342,39.78219097209151
Erasmo Jaume Roldán,140.0,36.41808911537423
Albino Arellano Guijarro,191.46670629867936,91.40392568162872
Alejandra Falcó Ferrer,193.99874743645267,89.57205917428975
Violeta Cruz Peláez,168.9897373595024,70.07115252029527
Fátima Catalán Pera,163.92876140090863,93.25716007479538
Otilia Español Montoya,153.99287135458522,46.88144833164859
Begoña García Mateos,154.92141217229403,33.21573484596421
Luis Ángel Costa,189.17502614240772,69.14757109909527
Esmeralda Hoyos-Cañas,178.6031919177281,108.50649549373908
Ruperta Barrena Llopis,169.22881233689785,83.16236472664484
Sigfrido Batlle Escamilla,169.9510207517654,101.5080086971222
Luciana Aroa Busquets Larrea,150.35579352434422,28.473793279113263
Pilar Pagès Cifuentes,143.07962999514015,41.81378580378784
Celso Baquero Peláez,151.74266348920463,55.19475922773799
Joaquina Batalla Blanco,166.88989119605102,68.91335857036623
Nidia Paz Azorin Velázquez,168.4822235857474,43.484924418366674
Serafina Palacio Téllez,172.99329132463853,66.73476345937212
Esther Itziar Abad Checa,181.0942455216788,102.8312776728239
Aureliano Enríquez Pi,156.19992551414444,49.49957185352237
Ciríaco Farré,146.20183402990614,23.185035845449075
Amílcar Escolano Villanueva,162.59742818630122,61.770090296057525
Faustino Sáenz Vallejo,164.22864675839207,55.06597529796885
Eladio Gárate,185.282346749564,67.3644793679158
Priscila Colom Arribas,184.2482311128772,112.09628416600609
Rodrigo Toledo Pinedo,173.5673234167428,92.34467623800336
Martina del Aliaga,165.32582466562027,58.00131457176244
Baltasar Sarmiento Barral,161.676197615849,34.153322903124106
Luisina Vélez,173.82289247996022,70.86022648234521
Leonor Padilla Múgica,171.28408196820823,73.21360675383929
Sabina Araujo,150.3818164501306,26.892596182368838
Gervasio Murillo Villalba,199.40353885504155,66.23487711318778
Domingo Batalla,181.41074533232185,69.27898165699168
Miriam Perelló Anglada,167.4673552416687,72.60070332956124
Valentín Sotelo Gomez,180.0437466926336,46.17114496036525
Francisca Nogueira-Comas,172.40706522221555,56.68466598043411
Aroa Lupe Landa Bayona,187.64166660157355,67.70973955046445
Dan Morales Caballero,150.71221334876446,70.64774543313912
Plinio Figueras Plana,153.31581741121403,67.79183815489935
Angélica Claudia Canet Porta,164.90206037534452,60.18783884840035
Daniel Montero Milla,184.9859552027493,65.87082925519796
Samanta Salgado Poza,155.42969135448166,51.29842036094548
Ángel Llamas Cabezas,152.82481745852826,52.03236399443428
Tristán Benavente Plaza,159.93187535503063,49.30300526666393
Ariadna Múñiz Márquez,164.5538500294011,86.6877428338367
Pedro Carreras Verdú,177.5736809453809,103.77801119069652
Visitación Hernandez Menendez,163.03683341466277,32.39515203644583
Victor Manuel Sanjuan Godoy,161.3273012918781,99.19483724343226
Rosalina Llorens,158.95408401339066,92.81791113212772
Jordana Jaume Colomer,183.3627114392402,103.60119688556784
Maite Llorente Jáuregui,159.39123198694082,38.30713441942157
Maximiano Roda-Antúnez,177.16048427140004,62.366224225634014
Wilfredo Acedo Torrijos,155.29327879979144,56.15926643302822
Mercedes del Oliva,178.17515063198522,119.25225501363305
Juan Luis Comas,165.10078562712442,67.41743670831359
Jose Ignacio de Herranz,151.9541759006005,86.72262046544486
Chuy Ciríaco Gomila Cuéllar,180.1271191610981,46.93766213981512
Soraya del Hernández,140.8300584272415,52.14625584254901
Clemente Pont Pagès,155.84927046571744,87.86540990038702
Duilio Haro Barrera,155.20184812743403,51.71177020399391
Marcio Porras,200.0,119.93875335617378
Yéssica Maricruz Bustamante Ugarte,174.79031013146573,43.85850727084951
Remigio Giralt Borja,157.3287261890397,85.87382033961194
Rufino Huerta Silva,182.36334444438447,83.4249653912108
Vicenta Benítez,162.63368273133418,104.04596845732183
Julieta Sandra Ballester Cobo,163.37647008700358,44.99149778786218
Noemí Cabo Elorza,157.82058194464432,81.56632295954905
Maite Alegre Cózar,193.7450528605551,55.25628029093953
Araceli Tomás-Aller,186.4224900113576,82.76448861020928
Adriana Alegria Huerta,153.26298838075422,75.68379155956328
Ildefonso de Jaume,172.2589766563871,45.01864968517928
Malena Adora Sevillano Calvet,196.362742649026,81.60532128406604
Esther del Andreu,189.23918122692368,47.85189881195289
Laura Florencia Mena Ángel,153.5147156744742,63.84692136452591
Claudia Escolano Rosado,164.07084197561747,49.50445788620284
Ángela Caro Isern,166.14921147928965,52.714297425611896
Anabel Llorente Ledesma,164.35660644012253,81.53645986595066
Berto Aroca-Bernat,188.4659571568622,83.53731012328652
Jafet Villanueva Perea,190.3132571370992,72.20778925382908
Jesús Reina Sanabria,192.4858446664704,80.45953500887549
Silvestre Jose Carlos Boada Pascual,180.76655156920663,74.93926820535003
Tadeo de García,177.76618810731406,35.27440563923756
Gregorio Artigas-Plana,169.17906400345035,93.21994564301755
Macarena Alba Riquelme,188.7831802062392,70.11134356752807
Milagros Alcaraz Artigas,186.5428172008588,134.43686066817122
Alfonso Quevedo Barco,190.2188029914072,118.69795642670996
Manolo Caro Sans,153.0509157404229,90.71524079830871
Marisol Mancebo,170.8481935680013,33.49394853463004
Anunciación Cortes Ferreras,192.9305692145354,54.49307008450376
Daniela Martorell Bejarano,140.0,39.6583888149894
Anna Galván Larrañaga,179.3542867931857,120.99855247861748
Irene Amaya Figueras,198.47023004818496,62.8369437337295
Marcela Alcolea Gomez,171.58553725673994,68.89748386816157
Maite Roca,150.07555791490296,30.62934609244669
Nilda de Puerta,196.5429072802134,89.89389990011827
Rosalía Benavides Sobrino,172.46499536061006,66.7457541665308
Fidela Iriarte-Esteve,189.24809590962175,51.04011230736397
Tecla Bastida Menéndez,160.47879145596525,62.77231473515114
Yolanda Sarabia,186.10927041082547,111.1259688186283
Berto Leal Leon,180.6827784983095,60.45344861715249
Bárbara Donoso Antón,164.13557834267087,31.91773859223568
Leyre Mateos Villalobos,186.109210742592,83.40909239202111
Enrique Martínez Cornejo,161.53655792753142,87.78490056826703
Aristides Salvà Nogués,177.41849365184785,75.43320624319821
Dionisia Molins Bernal,153.33018620406995,49.65717474099027
Graciana Escudero Marti,140.0,42.38642488848709
Trinidad de Gisbert,168.107384402336,53.593622126717264
Ceferino Serra Chacón,150.235304834724,48.45992099964091
Eleuterio Quevedo-Bravo,159.47751956933402,69.52440546293268
Benito Valenzuela Salcedo,196.9703274132892,82.28351420343873
Lola Asensio Ríos,142.80513319101414,23.91723492305383
Quirino Fajardo Millán,180.08536936051186,112.22522473193725
Rosaura Aller Romero,200.0,55.65201691064296
Pancho Artigas Tudela,160.40933942527153,81.62611496974583
Hugo Sainz-Guerra,161.11907043854268,55.74755605983162
Alejo Rico Godoy,153.6754664768806,26.813621234856043
Haroldo Acevedo Corominas,178.28224209615485,71.00622868156144
Marc del Franch,174.21197212146473,39.57208786232702
Leticia Almagro Blanch,164.74552564942985,66.10023708565699
Florentina Ugarte Carreño,189.35477616157297,43.517355015192734
Rafaela de Briones,158.99516856265876,99.94393989569096
Chuy Salazar-Galan,159.0610771382852,83.62272813923335
Ainoa Amaya Díez,175.0922996212739,64.84049627575422
Glauco Parejo-Bayo,142.92334433653008,23.4751466019586
Ceferino Cantero Quirós,200.0,40.26252201553418
Teodosio Arnaiz Benito,183.91721643430984,72.3460013146541
Fernando Maldonado-Barco,170.6302823256937,89.71328836886073
Rico de Ródenas,170.96074391184695,51.7805362662192
Isidro de Laguna,149.127323536614,31.39564229165816
Albano Kike Águila Franco,164.77288906560963,55.9887661892746
Eva María Rosales Llano,188.32384765366004,56.80770391486252
Dominga Collado Sebastián,162.61935390194918,38.06988533354097
Almudena Bonet Roca,170.45246572780715,103.0511267882841
Gonzalo Cañete Maza,174.0440639400252,74.52180939671587
Leocadio Llobet-Ortega,194.20332564177775,77.84237897159012
Elpidio Gilabert,174.1411836342215,36.6451951774076
Lupe Porta,167.87601407463757,82.95477450212968
Encarnación Gual Herranz,159.43573041655534,96.93239135249144
Rita Asenjo Oliveras,141.32721607708024,58.77393675244186
Adelia Yésica Girona Guzmán,156.4429149611205,88.26625177113804
Valentina Company Barón,172.19155325966872,51.62393876560432
Dimas de Cuenca,149.91477117228703,25.10728637686751
Aníbal Tovar Valls,171.62129203076643,53.57567626074834
Lupe Solís,169.1345506162751,64.44572400016033
Marita Villanueva Garrido,153.2187844942311,41.147955849581145
Noelia Soriano-Mena,180.71745916692132,85.86767666246699
Rico Molina-Valderrama,142.1192308270611,26.297997898102228
Lope Gonzalez Mata,191.024279936352,144.05211179631232
Luna Pomares Becerra,180.86847278744116,125.74971254534276
Azahar Caparrós Mariscal,160.7970450605801,55.44319996560411
Teófila Puig Escobar,182.58305742209836,34.52092348618269
Ignacia Pozuelo Andrés,154.45622448337363,70.15935135173748
Rosa María Manzano Juan,144.4254112782022,58.63046255022556
María Luisa Mendez Arroyo,159.80633208325494,53.0635463567709
Vilma Segura-Pineda,175.19935559737888,34.44179287988717
Yolanda Susana Villalonga Moliner,140.0,23.91579167066745
Nicolás Sales Aroca,187.31615111538568,65.88972328106173
Godofredo Leon Toro,168.0485808905554,57.62602294216883
Ileana Galán-Lopez,181.7963878047044,65.53520088041444
Simón Zamora Ruano,155.41987768518612,45.10241088583091
Venceslás Ramón Falcón,191.3741530666949,94.8002627272476
Eloy Parejo Roura,169.917201496355,104.42284903556016
Rafa de Ayala,177.46390424062724,74.16951268150072
Elisabet Llabrés Gonzalez,173.1404077259453,93.68876054338727
Cristian Ros Abella,158.0071381067142,25.59364176493477
Juan Carlos Cañellas,168.96395609999067,77.50634576217493
Ana Belén de Escudero,181.86469813432092,58.42959589828885
Armando Riba-Tolosa,179.45530577246956,86.92739689389141
Pascual del Riquelme,192.48479370098488,69.6342182213243
Chucho Terrón Pacheco,150.88710311304558,53.879052375662994
Mario Mora Carrera,184.31770735942803,38.74356978202572
Isidora Olmedo Oller,164.9591018009777,65.74297650212215
Isaías Rivas Ortega,169.89533732183017,112.82878406466266
Adrián Alemán Alvarez,170.77691090815227,48.97684981348216
Erasmo del Cantón,169.83199542189732,72.78873211938657
Jordán Peral Monreal,180.1977393002053,69.04530274072877
Tomasa Marín-Vázquez,148.84800903932077,81.92516841786609
Marina Meléndez Lluch,186.9987681012908,75.86936799896822
Olegario del Gallardo,159.93216310477587,43.458630552820914
Leyre de Chaparro,168.09980758344227,106.22433434064747
Perlita Barrio Ángel,176.01775854497797,120.9141526112784
Miguel Gimeno Cabello,174.3353373727368,113.6534589473368
Custodia de Ordóñez,200.0,79.53390872433384
Porfirio Tomás García,188.5996967730776,138.59206227232778
Valentina Múñiz,150.52813227423962,89.31153017836063
Miguel Ángel Reig Carvajal,174.94119224247245,50.47624191973941
Roxana Conesa,182.41389813801567,35.86458719401068
Adolfo Molina Arnau,188.91088147618748,110.7565540874152
Custodio Tristán Bernad Segura,155.6788838502302,46.91847114874693
Heliodoro Bartolomé Parra,180.5331980624087,60.88464881510215
Esther Zamora Haro,166.33318769777642,47.105329236063554
Jenny Guardiola Estevez,183.98720115429472,62.00308334080973
Ignacia Roig Jiménez,161.143230277805,33.06760125577894
María Fernanda Aguado Pinilla,198.4458332524825,57.84784862695619
Carmina Borja,174.2979638951305,73.03262820056887
Tania Barral,170.87232170244263,51.677635829470816
Rosaura Rosales Gargallo,159.70961271011137,58.108482124383215
José Ruano Asensio,193.9425340695794,81.04964759019514
Vicenta Ferrándiz-Segarra,175.76692061128685,56.19578932905537
Rosalva del Rocha,169.54620263713866,32.793045633565825
Lourdes del Sanmiguel,150.69358713573862,40.66182669973196
Hilda Pons-Villanueva,172.7112571677566,51.88650132265316
Pascuala Castrillo Almazán,177.2049968733295,50.0671590822144
Manuel Campos Escamilla,159.8785481661014,41.9705906750529
Elpidio Prats Andrade,181.504236777251,117.06509686422446
Jose Francisco de Guardia,161.82167392586172,60.25395120826439
Cirino Mateu,175.72158709758912,95.6844228343201
Eladio Duque-Ferrero,169.69266668586783,99.1357553536969
Inés Calvet Benet,155.2492748193451,30.011917507075893
Maximino Bilbao-Landa,167.01614856873573,29.13147320204703
Lara Blanch,196.17146547251056,153.00138243050395
Marc Carbajo-Mateu,190.06138035017165,137.3311140417079
Constanza de Huertas,193.39087121239564,66.11988080070415
Flor Infante Piñol,178.03803493362727,108.9431820486819
Nicodemo de Lucena,180.4787026535664,75.03174330372217
Nicanor Echeverría Torrens,147.79425791157638,67.29607051548459
Susanita Amat-Expósito,157.3222336052118,78.88343007576248
Natividad Lerma Belda,167.48669572588892,36.04474013709719
Dionisio Leal Piquer,175.00888344233354,94.69243351562169
Alonso Echevarría Muñoz,171.7021537194891,101.25875924139471
Jafet Gibert Montes,200.0,41.83067740121401
Bernabé Gonzalo-Pintor,183.31434422404445,50.92020110123319
Loreto Méndez Otero,162.22701669473923,50.895851872297015
Édgar Zamorano Aranda,189.1892138064601,141.34273195682076
Sebastian Aparicio,200.0,91.32576439556723
Edelmira Alondra Jimenez Rocamora,167.75880138128213,89.77796351736355
Cristóbal Acedo Bueno,151.67249189465497,76.605003141059
Domitila Sacristán Laguna,157.31285852355504,48.431945727803125
Malena del Cabanillas,178.16047407845986,33.86593929033309
Encarnita Huerta Salas,191.54673881662484,89.86474776111123
Victoriano Carretero Rodríguez,175.82468187881486,31.80059877124297
Moisés del Feliu,151.34471055689414,35.66454292135372
Manola Sans Hernandez,174.73820430404547,73.28082838761135
Luís de Tapia,195.709060814305,146.49355665947826
Adrián Pol Anaya,162.69804952980957,49.03647428435996
Yago Echeverría Lledó,152.24797616459017,73.54037850680407
Amanda Duque-Bosch,159.62385329014398,84.6373942207905
Nereida Español Sastre,185.33901990868543,81.3519567471891
Sergio Priego Barros,144.82194354429342,71.43939785415344
Caridad Marita Zabaleta Vergara,157.2645757488296,76.6871675990957
Lidia Fuentes-Cerezo,189.05115698621265,116.6940259685188
Macarena Lastra Murillo,140.0,37.18012345347309
Zacarías Buendía,195.89652454944743,146.88393225487326
Sergio de Alemán,159.79394450485816,51.40123618277781
Lisandro Boix-Escudero,183.3992862412206,106.3718618518883
Pilar Catalá Boada,171.4496152120321,29.396799402726817
Luis Ángel de Diez,153.85417597116214,52.46789473453906
Heriberto Peinado-Mas,165.3657887902013,50.30667164815118
Adalberto Benítez Zabala,169.28971852903405,29.69815045441793
Calixta Castells Hurtado,163.48775234645578,60.51824601290063
Trini Alfaro,192.6434294741213,128.4080158247645
Martirio Laguna Barón,181.67614568089363,58.97352365889213
Francisco del Cazorla,166.37453709068922,104.25506558780408
Valentina de Badía,167.19507096520428,53.46936679583357
Vicente Cabrero Jordá,140.41404314939598,36.41176932393255
Adelina Parejo Gascón,186.96668162716037,88.76159121456197
Encarnación Iñiguez Romero,159.4427861779905,55.31287283623668
Serafina Paula Benítez Coca,150.9875341375249,59.021366462036426
Toño Barragán Herranz,187.93909842647548,98.26712812783424
Jorge Lobo Vives,184.74805714609408,80.43468994034605
Belen Bastida Pablo,156.55116918544266,34.250402642489824
Rosario Uriarte Sans,182.61148339642796,68.80357518825994
Nazario Soria,169.5763747080302,79.99161584717946
Rómulo Néstor Vilaplana Corbacho,166.990771362676,57.63166010093392
Magdalena Torralba Lobato,187.11310060432456,80.13260614709542
Xiomara Romeu Cobo,163.62404392020574,82.91609416223793
Espiridión Prado Coloma,166.52425912549316,43.46463586849622
Cleto Narváez Ros,157.89226801566446,32.506623881659856
Bautista Jaén Arellano,161.5165152641061,62.50151906529492
Eliseo Pont Mateos,151.93191547339933,65.43438558923368
Victoria Pallarès,184.98134466633115,72.23378401625325
Adelina Larrea Nicolás,156.92414661700897,79.54159696220361
Ignacia Álamo Pons,156.40346116045563,59.27206725276349
Lupe Prats Padilla,188.4143678565083,78.16314063604995
Julie Exposito Mármol,165.24391218267684,92.68635426217276
Aroa Iniesta Vargas,157.94318010459816,89.68407759915355
Lupita Casals Cantón,175.47581456345858,38.79039155819875
Fausto Puig Tormo,162.9748758877083,45.58241339866864
Ignacio Aguilera Clavero,179.64085543104733,63.68331359586579
Jonatan Grau Murillo,140.0,25.15221910006204
Darío Tudela-Borrego,181.54179143129068,67.96821628700701
Martin Jose Carlos Neira Serrano,193.31025065793852,111.88487633762828
Chita Correa Trujillo,166.38281016956182,58.61484350271085
Adelia Ros Ferrero,158.37223938903765,93.0933358623316
Victorino Pera Coello,147.50091295332186,48.83563081145471
Kike Calzada-Cuesta,168.8060926749923,103.04286592761396
Calisto Ferrera,162.46114772375267,34.25761871519554
Rosalva Soriano Zabala,168.52583476569987,35.622714347640304
Manolo Martín Izaguirre,149.89384476810008,28.78838577179089
Cebrián Kike Miguel Alcalde,172.97585111639972,45.91538824839817
Yéssica Armas Villegas,176.01095962466508,53.577553612406135
Ileana de Pazos,145.7223000488453,81.11992417575561
Marcelino del Domínguez,149.60366094558157,44.18978274233723
Severo Losa,166.87896214488975,62.00361206014662
Rafa Montaña,174.9627924429322,119.12434853528646
René Sarmiento Nicolau,168.24002282973396,79.28553905456414
Dionisia Fuertes Haro,155.91690755879492,94.9948163474246
Olalla Noa Chamorro Alvarez,165.73774857087972,80.4711665467563
Candelaria Alberdi,140.0,34.684752622675305
Amando Aroca-Garrido,174.362958232607,53.377979617941605
Noelia Ruiz Montes,181.2128877549316,114.57069101768737
Íngrid Cervera Barragán,178.74977478731475,98.99497937674889
Rocío Cabañas Sans,170.04024050843614,41.6676022026712
Leandra Olivera Coll,158.90276252827348,36.800923815277976
Eloy de Esteve,188.61122524799865,63.33596924407313
Aránzazu Bosch Briones,177.80592058282238,74.6436395216368
Andrés Felipe Catalán Plaza,174.79846851845804,73.71211701607456
Ale España,180.34728248067287,43.39796790382496
Pancho Posada,183.3007767012631,82.42737629817834
Visitación Portero Abascal,168.19754712493568,112.40765480409677
Ernesto Bejarano,162.0211477681859,43.84557419303128
Silvia de Codina,172.53087969086647,57.82729824760257
Narcisa Felipa Sarabia Reig,163.50156135156502,41.91763063210074
Pío Coca Escobar,172.09760166520795,45.08566517829354
Eliana Castro-Barragán,192.9624643192654,41.390777544356766
Benigna Silvia Rius Jaén,191.7267562983534,88.56905881851324
Hernán Rodriguez Barragán,200.0,64.74287735991821
Salvador Portero Ángel,153.77408775780626,28.150832138959743
Anastasio del Garcia,162.40847098522656,55.36921430234886
Alonso Tejera Solsona,175.9393643282406,84.00364750980421
Manuela del Herrera,171.7367763976165,32.040270212251485
Pío Arribas Salvador,162.6279036313979,41.35647907021461
Matilde Ariño Blanca,167.6051586351148,55.42639058837242
Hermenegildo Figueroa Gordillo,184.44442295577517,84.73584377039231
Irene del Cuéllar,163.80132309193914,62.27365066901898
Martin Alvarado Sanz,182.75138163829007,48.52086409130756
Ofelia del Pacheco,144.67073064016176,40.39210064478432
Elodia Garcés-Fonseca,188.77681563605367,77.46903702460884
Leyre Campos Prat,160.1183721867053,45.415470035643565
Rogelio Daza Buendía,182.41336148066077,103.39236485113167
Gracia Palomar Verdú,161.83429309263562,49.16609455732854
Héctor Leiva Linares,171.29072637792606,39.637569983951465
Azahar de Cobos,144.31257674130475,67.4445635869907
Graciano Ayuso Cerdán,185.90261380465307,41.97788193453653
Anna de Posada,178.27180890144402,114.89163452667646
Cándida Sierra Terrón,171.67207026116174,54.41634629163198
Ani Tejera Garrido,176.45931223032807,43.42917300051676
Dafne Cabrero-Mir,187.80795549511413,90.61059472151338
Estrella Valenciano Casares,180.73597003195405,68.02701443852821
Cirino de Giménez,161.2909443922987,47.33093769734676
Custodia Carro Dueñas,173.2812153233814,74.78363021359792
Amílcar Pazos Rosselló,161.759329086173,68.76734906756096
Ofelia de Ávila,181.64191975591703,77.2447090895393
Mirta Anselma Reig Cortina,183.72003955696573,66.72784904221129
Constanza Cordero Higueras,185.35451386603165,67.33922070142386
Calisto Vicens Márquez,178.15461062129384,60.79886711677224
Adelaida Almagro Sancho,176.14644012139877,87.52756988512378
Juan Pablo Cañas Pavón,170.93202441124845,63.784182470791976
Leonel Jurado,180.8116129115184,50.114735405020525
Gabriela Arias Navas,160.6090010898623,48.24487632033709
Mohamed Esteve Pallarès,186.74136031400403,128.22777069884972
Jacinto Vizcaíno Mancebo,193.3991207905464,39.35298431161295
Lupe Solsona Camacho,172.85590426134738,96.16150596669276
Mariana Perera Arnaiz,168.03171836196887,32.15931004908435
Amado Alonso Guitart,163.57232976642666,104.30250467995296
Lupe Andreu Moraleda,165.03145766035638,60.42544811621044
Ceferino Armas Alonso,158.21181434329242,88.95244749108204
Cornelio de Prada,182.7943728054249,71.82774777315382
Domingo Berrocal Macias,156.04310162668085,40.39734317149163
Cecilia Jordá Menendez,162.95041775773615,64.19388836723188
Lázaro Serrano Roma,174.19094677468414,58.05753357234849
Lorenza Ibañez,170.8217320798499,115.23890467288194
Mar Alvarado Varela,168.58009358607288,58.25164858128555
Pascuala Cárdenas Campillo,191.88096473373545,116.43571621096508
Joan Albert Mendizábal Manjón,197.6632266713064,68.02418577262334
Merche Rivero Ortiz,183.85639516624923,60.66196838386401
Oriana Cabello Ferrández,175.15552387676954,72.67771116586738
Olivia Santos Múñiz,179.6767142765885,89.99872437989526
Hector de Cañas,179.55502328016726,60.02225586765131
Pablo Bosch Pacheco,140.0,23.36236279444357
Mariano de Hernández,148.4552217306354,47.26039473368739
Abril Sol Galindo Barrera,170.8861866922904,31.323791688202
Horacio Trillo Serna,140.0,41.0460155971228
Florinda Melero,167.38320447018924,110.10745731166216
Eloy Zabaleta Costa,160.2205223604496,37.41202663526751
Leonor Fortunata Sáenz Neira,163.372569595887,53.49067397630045
Leoncio Molins Vicente,182.058547327063,80.70403857717815
Calista Escribano Bueno,163.6635130794542,79.72581052307258
Isabel Sastre-Gallardo,172.66785461714932,85.83404111945453
Dimas Casanova Grau,188.5497522208928,91.09167042034096
Marina Godoy Ángel,182.35348595012923,127.17679099719848
Rico Benigno Llopis Heredia,169.2567452497188,98.88791384722948
Asdrubal Pineda Casals,183.20556605206565,62.74045126930497
Sofía Carbonell Llanos,164.8043801227093,84.91769376151558
Leyre Ester Herrero Andrade,150.53421689195207,73.26136754385064
Luis Barral Amaya,146.52711326101826,22.710726573669856
Coral Lamas Campos,161.66944967518643,70.26482933858541
Angelita Salom Cantero,179.34512843192053,115.73295240658418
Delia Garay Cornejo,173.43954746346913,101.99818353992212
Leandro del Redondo,168.3542399676613,70.49167207251317
Lucía Prats Anaya,154.6360349763929,93.16214857560298
Juan Pablo Galan,188.74310581347405,84.36576030855805
Salvador Borja Sedano Sola,178.84617758735328,41.79573220531914
Daniel Palacios Iglesias,196.04942079442935,129.28280213878358
Santiago del Verdejo,161.38909103941353,38.92799392334784
Marcos Ariel Palacio Haro,161.5851113322427,59.298714772440185
Plácido de Nicolás,154.9843566677907,53.266647815608096
Román Bellido,177.9768349296367,39.5013603489264
Florentino Ortega,168.0674494575389,33.20707930324271
Raimundo Adrián Arnal Egea,160.2766632557226,40.99045017890299
Marisela Pilar Puga Guillén,167.08355507272407,35.30831708084244
Verónica Vives Patiño,200.0,152.5345966395406
Guadalupe Pedrosa-Cabo,159.7941788488241,64.5507606208726
Jose Miguel Hernández Guillén,198.0107264301952,58.571344382832166
Eulalia Bibiana Marcos Rivero,162.05887533141055,38.13475228352486
Socorro Paca Gabaldón Morán,150.45788171812413,69.64460918488605
Quirino Mínguez-Sancho,189.59146259747445,63.22846539596854
Adalberto Gárate Ródenas,180.3699637049019,68.40649733170359
Bienvenida Perelló-Bas,170.66817543743426,44.442371749735365
Bernardita Rodríguez Miguel,172.30754390244144,73.51143272407631
Héctor Escribano Segarra,178.63729509260867,96.23367059860288
Baltasar Román-Díez,196.48425978214348,92.1717627408164
Amanda Alberdi Vizcaíno,184.74178577619213,41.91133072716963
Jose Ignacio Melchor Corral Leiva,152.47692201362915,56.08423632362829
Valentín Falcó Caballero,172.05769154342298,56.00048333480994
Vanesa Piñeiro Pintor,182.67402201187767,68.35522499362567
Rosario de Becerra,140.0,39.4964819641765
Mayte Otilia Otero Somoza,192.85617118033136,92.57522853513376
Abigaíl Iris Hierro Seguí,173.58434022774122,120.19828332366151
Miguel Segismundo Pagès Mayol,176.54259900881874,74.6397388892801
Calisto Florentino Giralt Huguet,165.07255122034195,65.00512315574097
Elba Palomar Tomás,187.3899607446166,139.08116498211248
Berto Castro Hoz,190.12253068943832,62.197670149199936
Vidal Nuñez,173.24932627924298,111.1441401658991
Maite Eufemia Alegre Carlos,182.6085961487346,64.79121244495519
Rolando Gimenez Pazos,153.53956517466509,49.54925469839361
Marta de Chaves,185.3305330982676,67.11808577892734
Loida Pagès Campillo,170.8665180023656,39.84649716415424
Bruno Arellano Rivero,143.55220379806792,52.71164857641836
Cayetano Lázaro Jara Egea,181.4575384025491,105.2689669051357
Eliseo Espiridión Escribano Diez,181.31260138451051,78.80144337591555
Maricruz Benitez Benavides,181.13994603501024,56.47073653822389
Albert Ulises Gálvez Salmerón,180.0217645411235,79.18265479644278
Baltasar Priego,164.43813728614617,61.77866596782137
Felicidad Cerro-Cabeza,167.08145179249158,58.78216964549151
Ariadna Abril Novoa,179.90735879859176,52.74336797143973
Gisela Goicoechea Hervia,165.64429915895488,36.95030466602032
Ulises Guardiola-Barón,151.18803721927077,23.915569308380046
Ramiro Gabino Hernández Sáenz,165.49631961836118,78.3309567338026
Vicente Ropero Gibert,161.78493196429545,101.349891767233
Rebeca Alcántara Bermúdez,160.32168679228556,56.76193030677334
Imelda Navarro Jove,173.53329190272152,59.13260287464267
Evaristo Raya Román,173.74056976169663,72.93386652331994
Aura Álvarez,143.2692908730537,38.36423046551664
Chus Montalbán-Querol,184.83047790266576,104.96533037202776
Juan Francisco Castillo,166.86911216012504,63.027838915514025
Balduino Zapata-Paz,164.4180159349581,64.78926498473719
Gerónimo Llamas Murillo,181.3372839528109,60.14286481350438
Prudencia Mulet,185.6771742119413,83.85612063695521
Carina Mónica Borja Aliaga,164.4572609444312,94.71299071326396
Sergio Montes Herranz,161.4039495056183,49.91697502967431
Edelmira Bartolomé Lumbreras,180.1041291236607,83.91701883268342
Efraín Juan Francisco Bejarano Campo,157.88016141667737,60.398394493816326
Bienvenida Quesada-Coello,179.98818315737353,88.48886533086552
Adora Fuertes Menéndez,170.67910855779795,46.32508556620493
Emilio Grau Millán,158.1462351662668,32.29018868151616
Cecilia Hoz Ayala,166.00393337781742,79.60392835740797
Lilia Marti Saldaña,163.34820744785688,46.8473803086201
Elisabet Pont Llorente,172.24286887168108,107.27709876308302
Nélida Hidalgo Aparicio,151.26398590989157,53.35531561559285
Lina Cazorla Melero,181.46173978238917,75.87448196589088
Judith Aragonés Garzón,181.4161286047731,66.8105155167731
Eladio Doménech Costa,193.96098040996492,75.55721412757676
Elías Contreras Valera,179.09107764368684,78.39294255381611
Francisco Jose Alemany Valbuena,200.0,149.0048710435745
Bautista de Carranza,171.69842579774917,57.06086794597553
Nicolasa Ariza,141.6643254144094,71.79442911327438
Cruz Benito Parra,180.6756753234283,79.01581289685066
Ceferino Benavente Pinedo,155.129177937419,94.77613955884983
Calista de Tejero,200.0,91.56764044969027
Ileana Oliveras Roldan,182.977995957981,75.45512428479132
Cipriano Avilés Asensio,140.0,52.46886094947602
Jordi Río Torrecilla,150.9026054460171,78.05010297231884
Aitana de Grau,200.0,135.78978023573455
Anita Cabrera Vendrell,172.92739293369382,95.94663728595964
Heliodoro Pinto Amo,153.27693187407382,64.74186962459052
Jonatan Tejera Flores,190.3535086008048,139.5492485018022
Desiderio Quevedo Atienza,172.87124857819472,36.22579083410098
Purificación Trillo Muñoz,196.81938519169,53.473811210816734
Paco Uriarte Blanch,157.15449180183035,61.29075022952597
Alejandra Sevillano Cazorla,151.47921450053371,53.894378272512746
Isaac Comas,159.2416700903103,63.75703500029047
Rafa Caballero Castañeda,195.126456396195,44.84249728489198
Chucho Baltasar Alcalá Zamorano,168.23481247346658,44.40304016287401
Regina Lobo-Roldán,153.09197494602728,92.5785125916272
María Del Carmen Francisco Armengol,168.39479711918256,69.33461898427862
Jose Luis Fernandez Abellán,140.0,73.15140534753488
Pepita Mena Romero,153.9740363330442,30.511764995847408
Victor Mir Peláez,200.0,43.57784454083541
José del Requena,156.1875647756006,80.98023956216893
Delfina Alvarez Lerma,187.97591930895905,127.31167592624335
Ruy Berenguer Valverde,167.34349998546736,57.66830599474445
Nazario del Soria,159.30153978244144,72.65024396380846
Antonio Novoa Pujadas,178.6527398998621,75.96335409746189
Jorge Mateos Bermudez,159.0545700133903,50.423004994629
Cándido Ricart Carrasco,153.46099239697278,65.7260477278226
Máxima Sotelo Falcó,175.18836800139212,69.84358023243954
Anselmo Bravo,182.02591969089332,72.06793074310139
Emigdio Andres Olmo,158.47928372154058,48.89620274202336
Andrea Nicolau Ferrando,140.0,26.26121788214291
Juan Pablo Valderrama Bernad,158.37112153876092,36.09003221095017
Reynaldo Pío Hernández Romeu,200.0,77.01536640346025
Eloísa Garcés Miralles,186.22307145187972,70.26350889260894
Felicia Cerdá Fernández,175.30359824837015,31.7066754104233
Francisco Jose Andrés García,171.0070753907998,37.80614220820516
Guillermo Olmedo Pla,173.372217970243,96.37806432943344
Luís del Muro,200.0,95.1628662412885
Leonel Palacios,167.79428535522715,69.54125390322902
Marcia Cañete,146.11523835876497,76.37305799890719
Onofre Coll Folch,166.38636491347913,37.28459796558215
Aurelia Roca Vaquero,159.21308912396637,77.08704985148717
Leocadio Ciríaco Arellano Perelló,200.0,54.118991270218096
Bernardo Escolano Noriega,160.28436095707227,44.23670799603522
Camilo Moles Mesa,159.73331906399562,59.600637482053855
Camila Sancho Vall,178.6622639289893,62.281752957484585
Marc Valenzuela Alberdi,171.91452160979404,116.46170709965524
Quique Manrique,176.29683209595532,56.26147691116144
Victor Manuel Cánovas Paz,169.2556624761702,102.68327653330972
Martín Norberto Olmedo Vaquero,161.0992810186651,30.62112892775859
Vicente de Valverde,144.19397079725496,31.54053349894238
Alfonso Mendoza Ibañez,180.8187537918965,72.034300946261
Segismundo Cantón Barrio,165.43899247997643,30.380427271941794
Poncio Lucas Sevilla Amat,184.1163369169977,38.62438987944476
Fabiola Angulo Escalona,174.37752441678634,75.94599539588602
Manolo Mena Espejo,154.56242193294057,93.11695193338213
Renata Cervantes Cabanillas,151.55629741852718,30.437232001019424
Porfirio Casals Rosselló,148.51624919693813,74.47682485702373
Nicanor Pulido,157.92271677150828,78.76159866516511
Anastasio del Torres,178.24019163468645,76.59113560853058
Román Leon Luz,188.21974871007384,47.75180530781364
Gerónimo Vilar Salcedo,191.40600912842612,127.5267068425732
José Ángel Pont Carmona,192.11282689379271,87.674161247446
Yolanda Yuste Tolosa,159.19774632736338,78.30667641691136
Miguel de Martí,189.64874715545585,79.12268165774059
Ángel Marcos Guzman Gonzalez,153.04621597548478,52.35404852498442
Ana Belén Benitez Lladó,173.6027545718377,56.93200133871705
Vidal de Gallo,173.13557884541706,46.67013814196564
Aristides Roldan-Salvà,200.0,56.35289867007609
Trini Luz Oliver,167.30342658472907,41.4385513413494
Desiderio Maza Capdevila,169.68474185411537,67.00084274555473
Luciana Azorin Núñez,170.84927623333144,38.44736479450052
Baldomero Elías Calleja Amores,150.5685215676212,40.37166864148905
Luisina Rosselló Sedano,173.60164108569515,36.60249960647792
Nando Rolando Puga Sáenz,169.35799543452245,107.36372919612572
Santiago Sarmiento Ocaña,190.6694157422613,105.63770300059852
Miriam Rodrigo Zabaleta,191.8194810450757,90.46276452007784
Miguel Ángel de Roldan,165.70967781135684,37.75015240180944
Jose Manuel del Santos,171.8547823137424,47.8526139186599
Martin Molina,146.1027670615556,32.08204875609594
María Sala Zamorano,178.37240291729435,63.44452723568376
Soraya Vallejo Andreu,172.68160759059063,92.80765198504538
Fabiola Miranda-Romeu,182.20355101816523,36.2858606771424
Zoraida Isa Cabañas Téllez,173.17329333068147,66.60400844553533
Eliseo del Piñol,164.30813841515263,55.11400563466588
Toño Antón Luján,191.145157438293,68.46289670302657
Eladio Tirado Alcaraz,188.57829277438088,85.49381184959161
Rosendo Moliner Posada,178.79169088477985,38.22535425729773
Angelina Cerdán Criado,178.41343345547762,71.05569630567366
Aníbal Salazar Reyes,169.67638420833214,48.07985952648583
Sebastián de Noriega,165.06966424345956,66.96893739633818
Ibán Roman Cuevas,169.34305863068323,47.97239166978227
Vicenta Caballero Cal,179.35609921803186,39.53646821459642
Gerardo Águila-Jara,169.20515075968248,71.52552090739586
Natalio de Santana,183.24738546613423,73.54059403604174
Benigna Vazquez Aragón,174.59552313455472,108.378046195441
Cintia Montaña Baños,169.19024730970432,82.66853844985049
Esteban Busquets Céspedes,165.9127712064848,90.65162782210282
Aurelia Llorens Río,140.0,32.44381580846177
Albert Iborra Antón,179.4005836097884,36.794398025846256
Domitila Barral Castelló,147.54536872250367,78.52027173766398
Teodoro Bou Ros,164.6205322698906,38.99484684995073
Alondra Pavón Pina,154.51031069565727,93.36401715725628
Natalio Julio César Saez Puerta,173.40097927958456,69.44574450146573
Ruth Cerro Gordillo,172.78723944284215,44.515167597975015
Buenaventura Pagès Santos,161.00927205345505,50.75269530916537
Fernando Rosselló Mercader,169.40295808179937,51.71289311862477
Fabiana Estevez-Luís,168.21072556814178,56.53672346577911
María Fernanda Abascal Farré,188.04426921992612,131.31598407723743
Rita Campo Riera,181.43127819886843,95.76357580119426
Reynaldo Simó Sobrino,151.7352963679251,74.6085117677805
Haroldo Benavent-Juárez,153.78488720862168,40.74130709995259
Antonio Vizcaíno Segura,184.32842884955187,123.21801534912768
Salomón Lobato Corominas,174.01879436017367,114.518889571711
Bernabé Nicolau Cerdán,164.13929189990338,63.89438748630272
Dionisia Fonseca Castells,153.72492012386,47.43550233324386
Azeneth Valera Roda,157.47904686329983,31.916204000699565
Gracia Arcos Torrecilla,160.4945690061586,42.03942888700988
Ramiro Borrell Amador,191.6751709969184,103.3790655638618
Cristian de Guijarro,159.32906830830385,49.65420876226559
Berta Nuñez Santamaria,140.0,33.064076730520334
Gastón Menendez-Vall,160.47204827948292,88.64403251107353
Guillermo Bru Talavera,142.79555996119817,24.91940830333432
Ciriaco Hernández-Santamaria,195.2488635445353,85.78189718634938
Rosario Rubén Aznar Varela,165.99518887107513,29.979107827838604
Celia Alvarado-Ribas,169.36497865631603,51.7906553739403
Toni Castell,140.0,46.87018586882851
Luisa Atienza Carrión,190.0338317445621,74.2338320664861
Rolando Ramos-Romeu,163.18666650479818,38.07168004256153
Inés Ribes Cabañas,171.81168245108034,80.61990504531983
Carla Milagros Bilbao Espada,175.7263393570575,57.89295704107656
Isaura Portero,191.60354196427505,37.10384153153647
Marcelo del Díaz,154.48567205297215,26.13159216676108
Amada Parra Acero,172.69134999798737,62.34204713365492
Bárbara Tena Vizcaíno,181.4807723399554,53.40090076068376
Alondra Bou Oliveras,148.6243578331654,87.23173159725141
Nayara Baró Cordero,153.10163756962314,49.48206493759457
Elodia Domingo Ledesma,197.52275349993624,51.74549434190982
Águeda Teruel Gomila,186.81935197124815,54.32787716327982
Remigio Oliva Oliver,173.4816444183103,53.60602787116769
Joel Duarte-Macias,167.80763779558737,52.60092404514797
Concepción Acuña Galiano,168.4434702038311,57.34628840288297
Herminio Urrutia Ropero,184.28398101815552,86.88407159990868
Olga Rey Córdoba,164.09726880623964,33.06856912868753
María Pilar Amor Lluch Mármol,151.18809437246395,46.4905724879136
Brígida Pazos Calvo,173.6207111790054,52.19737887456347
Arturo Caro Suárez,177.4946243633679,65.1357029059506
Gabino Feliu,168.5182887950931,49.058126598263215
Albert Camino Juliá,144.08491748517702,23.701137504950083
Prudencia Somoza Nieto,187.06916907365488,120.30679733510247
Pía Aroa Juan Nuñez,188.7075409809934,43.67599811726736
Lorenza Valle Peñas,168.35965046980655,29.68070946775048
Eli Alberdi Jara,168.35497764034173,55.88618412686941
María José Cerdá-Perera,176.993046720347,81.63918058712987
Consuelo de Pelayo,189.91455147111665,86.72628105197737
Dora Carrillo Rosales,172.2957955691884,73.97876499348295
Rodolfo Saez,185.60389705673336,111.85815727667658
Rómulo Esparza Escolano,168.0970151050761,51.12428825958838
Silvio Nico Román Arce,140.0,43.01070895619517
Emiliana Reina Saavedra,177.18648814286968,88.85050328011721
Chelo Calatayud Herrera,162.32201096338662,45.095572735576894
Hermenegildo Moreno,182.14813909076287,51.83667118224977
Trinidad Hierro Perales,167.40772828311736,105.65111377673112
Manuel Trujillo,155.24759055167823,67.02274239705679
Bernardo Pedro Atienza,183.0293025267184,81.40042534437285
Rómulo Perales Pineda,164.85079425448285,62.41202989157456
Ciro Tenorio,140.0,24.817092234028063
Rico Iñiguez Requena,173.16488515094164,51.47171417230409
Malena Lobo,171.8987073866238,69.4334863467686
Belén Flor Carbajo Viana,193.5175153616379,40.39309411476382
Rufino Acosta Olivera,164.1316578939518,60.023099245585065
Asunción del Campo,199.55020617302944,139.32206331054596
Lázaro Cardona Amaya,145.06349530266738,79.75829037965961
Ana Sofía Camacho Gordillo,192.4183112620089,131.8547141869497
Feliciano Marquez González,166.39681091264032,56.5401834932745
Nereida Vicens Piñeiro,181.20813353896196,113.02631253735396
Hector Jordán Gálvez,172.1452797868052,105.20435558275388
Leopoldo Núñez Comas,196.26188793049903,39.963958756064585
Danilo Severino Melero Zabaleta,172.3830062908851,107.56244461625867
Flavio Egea Bru,175.97384733685928,53.49726661917753
Onofre Guijarro Cadenas,151.61766322207177,32.8031536403024
Belén Expósito Sanmartín,162.2724819873372,51.59024959976525
José Manuel del Gallart,174.58855999544457,95.3391109447376
Rita Amo Quesada,174.39162908561954,113.3652656379095
Vicenta Crespo Lopez,140.0,37.508565342556274
Leopoldo Palau-Gonzalez,181.8580633106926,43.34245959397485
Joaquina Alcalá Luque,157.09411751816828,27.19691755385552
Eliseo Zabala Acosta,155.25683296284856,94.19869696638682
Camilo Quintanilla Gargallo,178.27105145487997,57.26549297159619
Patricio Cornejo Vázquez,176.5885179284673,65.79209657922047
Gil Jerónimo Gálvez Acevedo,184.4580220359075,78.25976528278152
Estrella del Zurita,145.90973332490898,58.668504369593
Cesar Vega Almeida,168.78659501129832,65.76849132769395
Gervasio del Olivé,152.70797092277817,57.67345969402939
Pablo Huguet-Cid,182.3276357491985,47.83027948205572
Enrique Urrutia Porta,152.95944035574522,40.8584695343786
Olivia Celia Vall Guerrero,172.46382594721115,113.78652115295274
Sofía del Figuerola,174.2582990914892,74.59428129105845
Nicodemo Iglesia Barrio,164.3085045113672,90.9577136384853
Esperanza de Llorente,169.166855823601,84.05750716514984
Timoteo Nogueira,156.3691930791091,49.2441125644563
Zacarías Barragán Piquer,155.98005887188566,73.51327093490393
Ramón Bonifacio Nicolás Font,192.63689776950383,131.69293096976702
Baudelio Ildefonso Espada Reyes,140.0,25.00933561204172
Victorino Gálvez,170.9116700804564,84.50097133977056
Fabiana de Soriano,184.76748472775012,78.94513854979562
Itziar Andrade Castejón,179.1686281024804,82.45508326655245
Jafet Palomar Valencia,161.4249083023382,101.57469034468424
Milagros Gascón,167.10962037424036,65.1368118390782
Reina Feijoo Moliner,198.05880011380236,65.14840873461407
Itziar Quevedo Viana,147.1355619292735,39.46943162798321
Inés Valencia Reguera,189.7314713408628,70.50747618722245
Victorino López Bilbao,151.85058230315778,84.46968292600855
Reyna de Poza,165.1045070670933,28.273877516831732
Ovidio Fabra Rosado,195.9114970929668,106.30305799714976
Tomasa Ibarra Casal,155.2272483990501,60.09597339167038
Estefanía Flora Salas Macias,178.1498209956292,122.41495705463542
Toni Gallart Gimeno,194.90291694243524,94.28543848873365
Leyre Yáñez Pereira,164.5563195674458,87.43328021501199
Chus Juan Francisco Escobar Gracia,178.98958235064626,45.899474012144594
Concha Bustamante Tello,168.40589815468482,61.38321431536421
Eligio Gonzalez Sebastián,140.0,75.05088432490469
Nando Macias Santamaría,200.0,88.63672682640481
Tere Zurita,157.21773883970636,39.11568706475473
Gustavo Ocaña Escrivá,188.30992495876816,84.84465979144228
Amador Baeza Roldan,155.1217873114875,78.90510326852967
Ágata Milla-Lloret,185.89050827756657,66.21316217702832
Emiliana Jimenez-Salcedo,169.2419541470405,49.79976824682987
Manu Arjona Espejo,149.2287038739768,36.01216732221144
Rosa María Egea Yuste,164.86077542964088,91.064053649892
Camila Remedios Verdejo Vaquero,177.92910799801726,114.98798679787234
Rogelio Berenguer Monreal,160.0227677057218,57.779487141616606
Loida Arcos Sainz,187.00448475768653,81.16961989533138
Constanza del Sánchez,186.01132940468807,40.60627828767091
Loreto Beltrán Grande,140.0,37.694289196206455
Rómulo Maximino Infante Noriega,168.3673319023651,104.84907365657358
Federico Jordán,156.46205991031655,46.98499179431321
Jimena Sanz Tejada,170.41707034165887,71.24590662033788
Salvador Zurita Arellano,155.8149817123719,85.42892891749766
Isabela Gálvez,157.42820154093533,29.65075709804023
Angelita Valentín Luna,172.8174020140733,31.84673711550397
Anabel Jordán Alcalde,167.70446071638173,88.37181733834782
Fortunato Garzón Acosta,184.6936441855096,113.11555907495578
Ciro Rocha Navas,186.03357006775096,106.3669375182937
Jonatan Benavides Escribano,184.05282208575025,66.2673590733458
Eulalia Martin Borja,163.5668707255414,63.66015810630539
Basilio del Bernad,188.1472682973059,98.7448386481912
Macaria Rosselló Garcia,189.98578976883084,104.67964825292762
Nerea Oliver Molins,165.07975489649897,77.48242327802991
Leandra Rosado Macias,172.27453705212355,38.49201661207795
Noé del Segovia,142.16337279483204,47.05281283013872
Ágata Romero Navas,172.5978937158414,65.04293528525517
Olimpia Guillen Comas,163.80118659061154,79.65937667040221
Moreno Rosa Escrivá,182.7931885306238,97.25784534751192
Albano Bosch Flores,173.11275267682137,50.699770844878415
Amor Rivero Carranza,187.60958541933363,98.80613712873198
Dionisia Montalbán Ledesma,184.5979765833181,104.8766769256285
Eloísa Suárez Merino,172.0106188350879,55.22555055047909
Victor Santamaría Cordero,189.88665897562743,68.04088050237694
Óscar Cuéllar Núñez,200.0,54.11877394387167
Victor Manuel Roda Valencia,160.27312244166504,33.07278152100413
Olimpia Garriga Barco,141.95258874484028,63.12238239565366
Bienvenida Rocha Trillo,175.66661548465612,37.13345030273359
Valentín Meléndez Raya,156.69653470435543,39.23841752197828
Nazario de Valls,193.60244855500764,68.46793657136232
Georgina Olivera Campos,155.25992497625396,82.78952731095976
Fabián de Collado,162.02032314102783,57.81900790897028
Graciana Cañellas Estrada,159.4681565658242,36.02363967480381
Armando Castells Nicolás,177.74231789915015,97.29777193450528
Patricia Portillo Montes,195.15541040595087,143.05287782330072
Rosalva Macias Escolano,158.11142013383932,27.613146656077053
Amador Mendizábal Carbajo,166.89131103704435,36.20402560985978
Emiliano Verdejo Carmona,152.6498939538764,38.754952603249606
Octavio Aramburu Conde,168.2700441580934,67.19047812684568
Estefanía Correa Román,160.99225494882504,47.92758468280186
Sigfrido Morillo Pereira,140.0,39.9244409450528
Heriberto Madrigal Barrios,151.99037905805204,28.319398747504067
Adelia Marcia Tena Peña,159.03564419990613,85.32707472959837
Leopoldo del Ramis,152.28704381245615,28.0673490294984
Concepción Izquierdo Ayllón,167.6594139846194,43.75491796225228
Lucas Amigó,177.41337215424036,125.01169119160522
Roxana Salom Navarro,189.04946265794808,88.68541524762371
Coral Morillo Cifuentes,176.9454669527108,39.78025927962038
Lucio Moles-Andreu,177.3303951301012,52.44926474626909
Isidro Tejada Benavente,147.62215034749715,54.43785011387649
Armida Carballo Luz,173.79577121066745,70.55501898335041
Evaristo Cervera,174.80391675569234,34.551738067225905
Celso Rey Carnero,182.58934889012855,52.01057044369821
Simón Anguita Acosta,180.59794153205507,54.99311261190602
Claudia Muro Pera,156.6954340547407,78.63369212813015
Renato Luís Alcázar,196.04270495092103,52.175446734359575
Evita de Ros,180.49706621819368,89.59992474451946
Valerio Velasco,151.2720561767035,55.79019244427779
Priscila María Carmen Méndez Merino,189.2505925903744,107.1585991479636
Aarón Morillo Costa,174.05192598919734,60.95428734910995
Santiago Alberto Blasco,142.6416840048789,29.61513089781632
Natividad Duran Ramón,156.4043480311158,38.74286865997245
Noemí Seco Andrade,170.718313260614,42.40002730051107
Ximena Mulet Aznar,186.33619206496755,50.3456782510064
Quirino Ribera,140.0,54.37817091829452
Cesar Gallo Bellido,194.62534187935788,61.14009900076363
Soledad Parejo Verdejo,171.79458161681617,51.79866125670229
Encarnación Feijoo-Guijarro,176.3613750544061,64.59233419641373
María Del Carmen Barroso Tolosa,167.30482917288327,82.64452732786035
Eva María Campoy,180.64808943460295,56.145245002451176
Claudio Calderón,193.45590359032528,78.07685046461694
Marciano Salamanca León,173.37385920914932,65.62102292690669
Julieta Juárez Bejarano,183.7002740548147,63.44147470559311
Jesusa Otero Pizarro,183.52848628177776,46.86875800841075
Juan Luis Sanabria,196.7175101250316,56.958374599173496
Victor Manuel Camps Tur,178.52010219499363,67.06741839401822
Luis Miguel Cerezo Córdoba,158.6759891768767,46.79993064253846
Marisol Benitez Bustos,163.4295114862013,101.0978301085202
Juan Bautista Jiménez-Puerta,184.94312976864413,127.41569923840092
Sandalio Báez Amador,178.6675565858467,33.233498095264245
Rodrigo Galván Pelayo,180.829810981273,112.79603713666692
Hilda Sobrino-Landa,167.62732505559703,70.48082159893717
Primitiva del Calzada,189.9986599258686,110.58920672726686
José Antonio Castilla Bermudez,184.38013808958436,115.283520529718
Jacinto Granados,191.1336653005908,88.51240409768714
Ernesto Valverde Aragón,165.42414106448075,41.05735404214724
Octavia Amo Gras,184.2284227945022,74.42151137210769
Demetrio Prudencio Vicente Casado,181.0183515618939,122.61159003220624
Mariano Quesada Montero,191.4170178024572,127.13676786252492
Miriam del Corral,140.77716218763968,33.787003299083494
Mario Cantón,169.45541620908074,47.72969850534813
Leonardo Nebot-Redondo,161.5802117501085,79.68894984859969
Rubén Cabezas Guerrero,188.8061336504333,79.38713065728616
Bernardo Vizcaíno Carrera,184.37895460209447,130.48653954760033
Gil Rubio-Aragonés,165.4739052534802,88.45748143094956
Aura Calvo Amores,178.11422221215489,74.61010357987058
Ezequiel Lasa Roman,165.59362825349572,47.872901625870895
Benita Romero Calvet,164.87761269798963,57.71924101224696
Esther del Gracia,172.75082783597662,112.69318310609712
Ariadna del Vendrell,163.986216510993,44.48783297903235
Abel Sanmiguel Amor,174.3365733205228,71.08160069007468
Eloy Carranza Ramirez,153.84488956146598,75.76083252653814
Maricruz Arnal,160.5848342981053,72.63762676987993
Jose Francisco de Sanjuan,161.9671619185204,102.85437801435918
Reynaldo Beltrán Bosch,153.27126794135694,45.48676001439316
Berto Batalla,157.85026924559946,30.03594761376848
María José Morcillo Llopis,147.34346697364458,41.61919988439693
Nacio Rodrigo Perea Alcalde,172.9900532792379,37.74088901136452
Matías Perea,160.1479030770438,87.49772107717055
Marita Madrid Valero,160.44857528932636,50.04455489259608
Fortunato Ledesma Barón,158.56081161356997,54.58224827751328
Joel Casanovas Nogués,181.82761699069505,95.84649840219988
Rosario Alba-Valenzuela,176.3126474692596,107.91020715668704
Segismundo Onofre Arenas Segura,181.5634999496355,65.83014167286807
Isaías Clavero Giménez,172.61616193301262,44.872104825644485
Hilario Cid Escamilla,193.6620913233185,55.56062477463735
Lucho Moraleda-Palmer,200.0,59.95246726135643
Macarena Goñi Montes,174.9530448471115,59.62750189055329
Jose Ramón Giner,187.6127654929757,35.794881091737146
Paco Báez Sosa,181.8063281720672,110.11117049208976
Nicanor Arranz,154.16856809497932,42.59048960760112
Ximena de Grande,180.9023150391311,90.0942849029477
Alfredo Olmedo Mercader,168.46715835324247,109.79300587292974
Alondra Sanabria Montenegro,140.0,43.79348594856048
Teófila Rojas Zaragoza,177.03532105312246,60.106051205315154
Fortunato Rosales Ferrera,160.75861544067186,44.114478357774985
Maximino Benet Pinedo,157.88236346903537,83.86177177190001
Mirta Fuente-Mateo,180.71504838580225,108.14235867334116
Bonifacio Goñi Bosch,144.20387698999775,39.56459751692164
Isidoro Mateo-Saez,167.48528870437022,78.395928290215
Mateo Higueras,194.0904051684028,94.95976053408329
Celestina Jove Acuña,182.46725105556456,39.61705048634165
Trinidad Sevilla Alarcón,157.84968176022988,85.74292518286141
Lupe del Priego,183.60084775503432,66.28557312474734
Áurea de Prat,173.18438989981155,104.7535468405442
Édgar Carbonell,153.74693731733697,39.99639379510114
Emiliano Ledesma-Cañizares,154.8291397555714,55.98649329760879
Bibiana Judith Torre Acero,163.34966025416676,52.53662398957826
Jorge Gimeno-Feijoo,176.20974018388873,37.47623100434253
Nidia Cárdenas Cordero,168.9718096597492,50.44878958784696
Angelita Ripoll Fabra,172.63069353619358,30.02437071350925
Álvaro Federico Macias Boada,180.1709110474657,103.525394493026
Goyo Caro,145.10057337287157,25.088537231595545
Aníbal Dominguez Silva,164.2076826710833,107.14382680254413
Ramiro Miranda Carranza,157.52627795713394,79.42735352357033
Amaro Juan Juárez,147.7254750407358,73.16880354348993
Encarnación Villanueva Villalobos,194.53428400454203,92.335849060427
Cornelio Español,154.47863255123684,44.07412554614328
Obdulia Nidia Guardia Villar,175.42435567238607,121.79488437713424
Manuel Baró Camps,178.95695361454267,37.01278179656432
Florinda Villegas Jordán,184.282623627576,73.0288531095172
Marc Guijarro Cano,200.0,159.06023040494136
Jacobo Ferrándiz Herrero,177.08156266691597,50.83149005773326
Baudelio Ribes Cepeda,174.88899447699234,103.09236522851076
José Manuel Donaire Chacón,169.2085337011046,70.48935664388537
Octavia Fuster Olmedo,200.0,57.030778239457504
Clarisa Gimeno Guerrero,148.84147878652527,51.62758370834207
Alejandra Olga Sanz Zapata,156.62487708638744,44.20824650519228
Luis Miguel Navas,181.08428116080427,110.68212864002214
Teófila del Delgado,171.04803353879134,57.35842826245875
Donato Salas Villalba,140.0,25.047474153007027
Adolfo del Juliá,158.1258284639947,56.48173236442862
Azucena Mármol Valencia,157.84315805217562,93.0882699493548
Galo Palomares Abellán,183.506251126226,123.64476283404096
Violeta Guardiola Marín,181.88916512741272,76.64661652091429
Vera Nélida Gelabert Niño,165.13798649738652,64.83643971600196
Dimas Zamorano,166.62820263767242,93.83438973304396
Gonzalo Cayetano Alegria Figueroa,178.48761536623047,35.29300962082977
Américo Cano-Infante,145.22030748120054,67.85859533353906
Sebastián Almeida Vicens,178.6575372880955,51.068994900684345
Victor Manuel Aliaga,171.2782921673846,32.15861589757504
Benigna Águila,175.1857862194292,41.03118369837373
Leandro del Alberdi,169.19516907304492,51.20787612994314
Marcelino de Casanovas,189.4789907134837,134.38413091151193
Aureliano Zamorano Saez,187.19394283236068,83.14831096440633
Macaria de Font,152.26175277950097,36.50969530607302
Fabio Manuel Escalona,165.69162379727487,72.98072887582096
Adelia de Roselló,163.36682138365168,62.27548914436461
Palmira de Coello,179.13964391137426,36.29839108087155
Ciríaco Marqués Caro,172.91678085939486,114.4231979446306
Salomón Peral-Posada,175.51325369222428,83.9464199539147
Manuelita Escrivá Mateu,165.9243347082392,77.33835508777116
Almudena del Carrillo,173.29144730972314,97.39936855312708
Anselmo Trillo Ramón,170.93119882638328,55.643303673081725
Sabina Toro Quirós,176.78316472399,61.848109627967865
Lina Niño,181.0577435038028,117.9226006603743
Seve Acosta,159.7134764489758,39.527179533015214
Chus del Vara,164.7966885330716,40.629949402223296
Luis Miguel Pallarès Pi,164.4452270268173,32.75371276088769
Rosa Vendrell,169.18936528458443,68.37557987034688
Silvia Machado Alberola,162.43485312971512,28.234164000735
Eva María García Sanchez,171.87464618335125,68.18377457518888
José Mari Mulet Maldonado,171.72327296611593,34.64963909345473
Primitiva Sanmiguel Cortés,150.34134354841314,53.524749077554816
Selena Montalbán,175.50100315443376,62.11023641080626
Jessica Escudero,164.88879134098727,92.04276459249706
Jordán Bueno Chamorro,164.34549176305438,98.2054033865361
Irene Arnaiz,151.56555904026757,33.485727604904746
Martirio Molins Pol,171.8729625887941,60.48947017883301
Mirta Giménez Luján,156.90735706902697,52.38986284386827
Primitiva Coral Piña Dávila,165.3179457439312,104.81487970534872
Chus Redondo-Querol,191.6077293112673,47.850595529655614
Felix Casanova-Vall,158.22295831562792,56.405521043642274
Pío Peñalver Hernández,200.0,56.66966139443797
Ernesto Carvajal Parra,162.38739137456022,41.28962373578917
Geraldo Gonzalo Gaya,181.60467882279613,65.73589854903246
Angelino Palmer-Pulido,142.6905016442933,50.35185949639695
Agustín Rosales Mármol,165.63384046854304,79.5574889531607
Amarilis Guijarro Sosa,164.32773130743828,63.37877393513919
Graciana Rosalinda Bernal Quintana,163.273534846952,40.7722417364716
Fito Plana Moliner,169.13098662919842,37.41547445944359
Soraya Robles Roda,140.91420679435203,26.84153416267696
Cosme Gargallo Ledesma,184.62432799432443,35.58107317131418
Leopoldo Pera,182.699936304726,54.7532813214668
Jose Amor Porras,140.0,25.40441882103943
Francisca Sosa Higueras,174.21896104603388,43.89239304593295
Sosimo Murcia Company,186.13892664295835,80.98164158087427
Inmaculada de Bolaños,144.29245654079904,32.52068017021277
Alfonso Samu Tirado Amorós,176.36999287062514,45.12686370615562
Imelda Larrañaga Rivera,170.82642890795407,111.89435877686697
Chus Quevedo,193.4192042121433,62.33274644751841
Jovita Nazaret Portillo Company,169.35046615206738,69.96239758990134
Amador del Guzmán,162.08699878734404,30.916967742218
Brunilda de Sanchez,179.44936816681843,109.2227042588033
Florinda Mínguez Vara,185.61992705502908,80.3080486662915
Nélida Montaña-Beltrán,169.61054809688224,29.14782017781674
Guadalupe del Pi,153.96339325529516,44.17011146302052
Juliana Riera Jerez,177.03135814259744,51.08770818830678
Xavier Pastor Avilés,197.37486104092625,67.44317363339482
Jacinta Escobar Albero,160.02968000859497,45.573013912275584
Anacleto Sotelo Pomares,154.90106909742573,32.91940284431218
Aránzazu Nogués Boada,159.34525259993126,78.25856931974138
Celia Jurado Bonilla,171.13235960962427,105.9553800390342
Seve Cantero Meléndez,166.84763764572412,33.40167154322409
Jeremías Amador Corral,142.74374393079506,38.83139985257124
Baltasar Galindo Agustí,146.67574697323866,38.11928360375069
Modesta de Barberá,183.4217930736355,122.78538006106592
Dulce Llobet Comas,170.61883490319792,64.54864856338308
Juan Pablo Sanabria Paredes,179.95317525076294,117.73738935757947
Emperatriz González,166.5630947689022,102.12544333493116
Aristides Augusto Ordóñez Montserrat,152.06550034765775,30.18291949601743
Sol Barba Arco,200.0,143.02194225651508
Danilo Batlle Llorente,153.71078902142742,53.13920209425648
Alcides Hoz Valle,155.1099426483471,34.05824898933605
Roldán Luis Riba Zamorano,165.85669505965492,63.054856220924734
Efraín Calzada Andreu,158.60092188520755,56.3028931341055
María Dolores Samper Amorós,167.56454895982984,54.08557304769919
Loreto Rodríguez Vidal,172.54888665524726,45.44081179896949
Jordán Íñigo Sacristán Morillo,163.28180211258407,33.98176846154456
Sarita Gárate Navas,147.55968139971918,37.60605591314311
Bernardita Querol,171.84479456668237,74.77838701256738
Ildefonso Dueñas,160.30365207757066,30.47443183677317
Paco Hierro Prada,198.4570736456327,98.27377388075811
Marcelino Valls Carbó,147.40886936691783,26.89417934828232
Liliana Noemí Lago Zamorano,149.62928409692182,68.14778810841172
Aristides Páez,151.0832269742074,89.7126079775452
Reinaldo Cuervo Porcel,176.5937725158801,66.55559895209076
Rufino Lázaro Viña Granados,181.58982581403143,109.7923202286884
Mar Recio Alberto,176.4399548290548,55.88705711276746
Héctor Palma-Marcos,177.16770457969392,116.98107930019744
Clara Arana Otero,164.6472474046412,29.2468574610408
Prudencia Gargallo Elías,156.54301888289746,61.05982814645781
Celestina Leon Campo,164.2688909996918,47.51438160817125
Melisa Riba Nogueira,165.52170958063306,57.33035161248277
Lola Quiroga Manuel,170.11724157435378,44.10082873498283
Severo Llabrés Cuadrado,198.5236421976981,57.66369213662138
Charo Palomares Carvajal,200.0,126.63436288984016
Celso Echeverría,171.68631520017345,77.44829079839413
José Manuel Pelayo Briones,168.7305657705105,86.14253266393345
Rosario Espinosa Quevedo,168.29355644421128,82.97957831578768
Josué Reig Briones,169.6340970633127,87.21379521227679
Natividad Solsona Lumbreras,188.85130946570868,89.55776855406184
Espiridión Torralba Valenciano,159.29015102290097,39.64093317488437
Damián Pomares-Muro,164.161956584529,39.04236950271026
Laura Barrera Soto,140.0,42.53282048487637
Brunilda Alcázar Agudo,187.82762979626685,70.65100081989927
Alondra Crespo Riba,185.71104104549943,125.9639084746118
Armando Cuadrado Codina,167.60305647231598,60.14786922970259
Anunciación Camacho Parejo,180.6984265741217,109.082360037388
Ruperto Sáez Sobrino,176.29862360064865,121.52740143094078
Curro Adán Verdejo,167.4559366246759,53.204335466610445
Juan Carlos Prado Escalona,189.91947514969087,82.44772962570215
Julie Maxi Perales Gimeno,180.5978927669468,87.58035853636214
Bartolomé Arsenio Tomás Suarez,184.90584168173052,46.84842121900704
Nilda Julián Osuna,175.0830492783553,48.44368163344576
Susanita Leon Tur,163.86763625622118,92.41372265918147
Violeta Benítez-Castañeda,158.71023604434714,94.77652926275412
Adora de Barragán,164.5974744428264,30.553956966131004
Odalys de Quintana,142.97470375578217,38.29713815872802
Nuria Alba Alvarado,150.88591495530136,60.08983786652379
Eustaquio Bruno Navas Baños,158.2706505164292,93.83402447665364
Mayte Josefina Cid Ferreras,176.1659834740289,124.04112641249672
Germán Ciro Doménech Leiva,162.99551829549108,58.616875015001256
Marc Carmelo Simó Batlle,161.45926120839826,43.7509047425509
Edmundo Llopis Sainz,141.06024804888975,75.27070349533925
Timoteo Morcillo,172.16055725053985,68.92882904937612
Desiderio Izaguirre Manuel,169.69435444447518,53.05917862086387
Andrés Felipe del Pombo,165.67892366612898,30.7083860368082
Flavia del Cardona,174.94629507171632,46.92672089444765
Bárbara Rosado Saldaña,177.44541303895377,50.80414509138971
Nidia Tomás Heredia,140.0,45.57247525644608
Emigdio Ricart-Nogueira,140.60611328655347,23.322068556934884
Rita de Yáñez,161.37556647410906,28.56826818015765
Dulce Torrens Castro,181.536537662618,93.54595032595483
Moisés Palmer Solís,158.48452518783196,85.47696606798235
Bartolomé Cesar Gárate Gisbert,185.171404620546,53.03070131865377
Loreto Llano Padilla,189.87068293159365,55.903715493108365
Odalis Barrio-Pedrosa,177.9208556228658,47.05994520632287
Jacinta Palma Plaza,196.1459351351029,49.36075401438831
Corona Nicolás Beltrán,170.51899757123326,64.02489211874594
Toño Almagro Ballesteros,183.39221625788235,130.09569118040304
Guadalupe Perera Sanchez,162.7291773671715,69.51681772870546
Charo del Guitart,169.1862819158037,67.22915806754722
Adela Artigas Carreño,162.34751300669055,29.044874237152403
Fabián de Calzada,154.15828166774705,41.134886125643774
Celia Duarte Amigó,143.86898650180078,42.40281239613253
Alex Blanch Cañizares,171.8765634643405,98.30194582911084
Leonor Cortés-Segura,200.0,84.0724619724536
Ruben Portillo-Muñoz,178.097855847831,59.37361913230094
Sarita Lumbreras Puga,181.24631328694596,56.57337009346344
Angelino Rocha,182.0599752823001,85.53437095174164
Reyna Torralba Pol,162.31023878837192,74.28096633167152
Teobaldo Escolano Almansa,140.0,31.96499403567187
Flavio del Cervera,186.77686108442168,72.47546707011008
Juan Manuel Seco Castañeda,166.01024816343144,89.34042124988616
Nieves de Ortuño,155.07916906194663,42.70350243264072
Eduardo Angulo,168.7087041954324,62.19916693940404
Ariel del Bonet,169.63078539240053,107.57107092829486
Gerardo Benavente Vallejo,164.0699457289291,63.46354337318057
Fabián del Lledó,194.3011294977669,79.68396139355063
Sarita Salvà Aramburu,170.31940928702716,83.90708870972634
Belen Narváez Ferrández,172.8786447164129,83.14132955920904
Vilma Amat Tejedor,163.51942377437393,51.93410163362358
Tania Bosch,169.75338613802924,52.653272750313945
Tania Adelaida Meléndez Rincón,149.96833236653686,39.74577584376075
Asunción Batalla Alegre,168.23007574111574,28.32034045023048
Quirino Ferrando Iñiguez,153.16983395648646,37.43149750106991
Jose Antonio Mateo Lastra Talavera,170.66547344650175,111.51978061584556
Jose Marín,165.10203413428033,107.3852317652685
Olimpia Escobar Sánchez,188.01279897683625,117.32553124547958
Estrella Mur Menéndez,177.17694778234565,77.09835524262748
Roldán Andrés Ibañez,152.792979119559,61.29948629835547
Tatiana Figueroa,168.6273304137075,55.39073802801408
Leticia Polo,157.53963104557417,48.34224049948775
Ana Sofía Mendoza Navarro,143.39603517126696,73.50119019799415
Abel Marquez Rodriguez,163.94880781801191,35.894148924008704
Eutimio Andreu Jurado,149.00462765599738,73.18511833512073
Emiliana Aroca Galindo,150.78963274099272,36.69718688577106
Fidela Salinas Pozuelo,172.98250429687073,93.07008691300436
Jenaro Riba,176.79845852894846,60.39199949061688
Manuela Reina,177.4276672470985,110.8346527259595
Petrona Perales Cáceres,156.06964743647478,40.18634839272216
Evaristo Alberto Álvarez,148.0501308493059,51.02639649496105
Hilario Figueroa Canales,160.92960470131905,75.05852866669274
Perlita Ballesteros Moliner,170.2865694526008,74.71867503316444
Victoriano Javier Álvarez Trujillo,172.6927441159932,78.45391501341344
Ricardo Falcó Macías,171.63686951241277,63.528696412676055
José de Valbuena,163.07481908595202,50.77177698022888
Adriana Jimenez,182.12834337882717,71.9779845598085
Bonifacio Norberto Alba Cerro,154.42018201192354,37.96321301501168
Fanny Ascensión Peral Roldán,164.44169464159677,30.94895229278054
Etelvina Abril Alcalá Grau,174.29190023566167,95.61354277908434
Marciano de Cerdá,178.35001412486267,98.82558393456684
Vilma Molins Castañeda,178.36485083989635,61.399205528366856
Hortensia Soriano Girona,189.2956951656864,139.75749862243805
Ainara Colomer Durán,180.7283009330133,65.16530764124221
Alejandra Salom-Alcalde,190.85914968488453,87.48215060668029
Ramiro Taboada-Gordillo,182.4100760703784,37.819851250684366
Domitila de Medina,140.0,46.5672805667503
Gema Cañete Mas,175.03922720033594,104.46632367689324
Mario Reina Granados,163.8636950470585,42.39480740735832
Luisina Girona-Antón,187.17737734614076,66.57102468925954
Martirio Pol Valderrama,186.6696019161689,63.42670832697715
Guiomar Zacarías Robles Espinosa,167.7793080251452,54.2932936281547
Sabas Reguera Blanca,186.13622718703823,130.41119581561398
Lourdes Aragón-Camps,197.68167826201545,79.8865826855682
Priscila Jara-Cervantes,170.08335587990382,41.28863648167122
Tamara Llorente Galvez,183.46931960918243,43.4068689368558
Fabricio Bustamante Gimenez,154.9153443210906,25.22763666798106
Segismundo Amaya,180.8182996429553,51.98719159417027
Rosalina Páez Niño,179.69237633246823,76.08274569552299
Mónica Salgado Carrasco,168.74327973038038,46.667475498244166
Delfina Ordóñez Pineda,173.9502628692889,112.2819232354016
Marta Revilla Roma,140.39290738270233,40.7052632736558
Loreto Villena-Llanos,161.18353639853208,58.64049430310654
Gil Bayón Muro,160.16753934594493,63.737382799265205
Viviana Somoza Córdoba,158.0813410638024,26.529309361512464
Clementina del Salcedo,189.58932591550905,40.927298859889774
Florencio del Heredia,166.26611224124235,27.943018393931183
Clotilde Crescencia Santamaría Llamas,165.58204254979566,77.50097626109988
Elisabet Martín Carpio,181.11333121639456,64.83355250215247
Manuel Luis Miguel Luís Barceló,165.66783184112325,30.647718335481223
Fernando Buendía Rocha,163.5633930410578,36.95330711100623
Octavia Reig Enríquez,173.46380596532086,50.61624051032139
Maximiano Ernesto Seguí Riera,158.83968077535877,35.53359806684854
Ana de Quevedo,196.32676225999347,56.789142567701845
Rufino Busquets Frías,151.0086369442691,35.39308407871473
Azahar Aroca Herrera,176.94935306617955,68.14195341974013
Juana Rojas-Feijoo,154.63570781440498,45.3564935544711
Miguel Zurita Páez,188.71818853476944,69.84911985796946
Charo Velázquez Goicoechea,159.9747157948687,41.02257039253132
Apolinar Cepeda-Figueroa,160.65004903981932,46.360551400745024
Nélida Oliva,158.4179847558922,32.04815362482146
Luna Soler Gras,165.04542220004106,34.13045596936421
Eusebia Canales Zapata,190.54800825310227,71.76150698858272
Íngrid Rafaela Muro Prieto,190.94983957745083,86.15172641749032
Jordán del Chaparro,180.4387219070268,76.5870900874854
Micaela del Iriarte,173.56993934292964,34.61495753924442
Fausto del Marí,164.92000252525403,68.74223492715443
Ramiro Falcó Perelló,192.3578539001756,92.9545182215905
Cristian Cáceres Alemán,183.0069109569424,98.06592635614624
Lope Pagès Sarmiento,176.4290827879296,64.43228845195159
Gonzalo Ferrando Ródenas,173.072880760638,70.65415348593231
Che Meléndez Vergara,178.92039043362666,37.71469769475292
Rocío Agudo Peláez,168.74998438255807,63.507844125374405
Estefanía Mosquera Guijarro,149.53044007385432,35.94744131276268
Malena Casado,180.4907427270092,38.465642817343934
Anastasia Tormo Castillo,191.22165081808424,75.55019776370665
Venceslás Montenegro Camacho,184.86620767619576,74.26646711815405
Javier Lasa Almeida,169.0352740758306,85.40981027872428
Candelario Vázquez-Alberola,187.9048968957493,82.10222421765741
Brígida Becerra Anglada,168.85519633231365,34.20491124851513
Jose Luis Alcalá Pozo,172.98144828567388,97.08214637943522
Itziar Bueno Codina,179.0806308094537,57.79383646477089
Encarnita Gonzalo Paredes,175.251759539198,61.7382461106454
Ana Carrera Gallego,169.94054240393973,48.35269212867617
África Echevarría-Novoa,179.03671657481175,39.02156131596242
Macario Muñoz Rosado,168.31819841105082,100.03049751570975
Dan Escudero Garay,179.19161715745216,76.84875106272293
Fabiola de Acero,181.9316943261879,43.64058592753343
Ceferino Palacio Benet,179.8533764394964,79.94136476525493
Moisés Exposito Ariza,175.7752336440053,96.14719658637928
Rafaela Manrique Bauzà,156.80150117370016,54.82809032732259
Salomé Mateu Barco,146.3240296474222,21.806567496430237
Macario Gustavo Morales Herrera,154.48131273877982,45.4370350259504
Sebastián Carro Martorell,160.29592130852774,90.8939009629845
Bernabé Arco Pol,146.8182154776557,47.85611464215412
Noemí Purificación Alvarado Escribano,152.96113058568423,33.87190806408897
Eligia Vallés-Enríquez,170.67900022108287,40.66974807386429
Tere del Gálvez,167.02360360038983,91.85189566865868
Luz Losada Bello,169.67843304534955,57.93914821968572
Ruben Fuente-Llorente,150.8728500624588,46.25164214242314
Xiomara Llano Belmonte,186.79570082733284,94.85279434912935
Belén Iriarte-Peralta,180.61932404787095,54.26439084333833
Aitana Montaña Fuentes,170.8835812593532,80.39453571024774
Miriam Bermudez Alegre,165.79003624660402,44.163737879134914
Marcial Bertrán Bello,165.7003727238169,47.53619505220056
Ricardo Palmer Porras,197.11540343254137,144.44566283599738
Vicenta Pellicer Gallo,178.25339521396455,73.40693160927518
Segismundo Jacinto Artigas Vargas,165.4344938741369,67.76335228280146
Herminia Gomis Valencia,182.8134966412946,128.54616876780847
Elisabet Egea Cuervo,161.0323344577248,88.01309526046144
Custodia Sáenz-Torrent,140.0,21.80137558209861
Calixto Vicens-Posada,200.0,64.81784637127708
Sabina Font Blazquez,165.3713473029254,36.99058247619827
Vinicio Macias Pallarès,160.3088555655358,44.9826800761941
Inocencio Reig Nieto,167.7589230169978,33.77773308052014
Joaquina Lerma Castañeda,151.51956415414793,48.84142607662772
Baltasar Uribe Solana,173.40162438775198,78.36737324781137
Lucas Garmendia Blázquez,178.4940109939731,51.94451315177749
Aurora Carbonell Pou,177.12794630687634,77.52809990975815
Caridad Guerra-Fabregat,142.05126899424073,21.844798482195205
Felipa de Terrón,157.69605443727016,46.87332874726163
Álvaro Madrid Doménech,179.99878263256105,95.06527593923548
Javi Costa Olivé,140.0,23.84833378057324
Melisa de Becerra,144.50575641522428,52.32340528951055
Anita Cañete Peral,179.5370595454464,64.3971633474569
Sol Somoza,181.04801142779505,74.81191174758375
Blanca Coronado Meléndez,161.04660921846002,57.326534142195655
Felicia Escobar Hurtado,173.43114075364045,51.78700032711316
Aitor Barrio Domingo,196.51853136692984,72.15039608528167
Áurea Plana Montes,171.58497412711912,109.77598215898848
Severino García Álamo,151.33392347481202,36.1439154138327
María Lasa Gordillo,156.666200025941,78.04200610064518
Mariano Mosquera Córdoba,191.46732321731747,55.06353485760903
Hortensia Cabello-Español,176.5010021551038,79.80323185990859
Amando Carbonell Chaparro,177.48759270385378,120.3062217571123
Gabriela Carrera Pallarès,174.3577974221989,56.86085201797789
Gabriel Silva Azcona,163.66629249849316,28.89235462335363
Luisa de Guillén,169.2725777125496,104.2744165529962
Visitación Blazquez Boada,142.15287668308713,36.57705317652516
Filomena Amparo Mena Quintana,152.13635287015802,29.36590457754074
Agapito Jimenez Castillo,148.5074577367392,60.91805527233227
Chuy Acedo Uría,150.31695351234754,55.883652115502095
Ana Sofía Vilaplana,145.30222831985435,51.58491433149943
Héctor de Carrera,191.2207244388429,72.81168995450176
Leopoldo Redondo Acedo,174.14038579866622,72.15742179030815
Camilo de Nicolás,199.5835192488682,141.98145333334577
Ainara Moya Robledo,156.0992521316992,57.51259166185045
Paulino Cases Durán,186.72282766766097,70.36153283523271
Narciso Rico Chaves,167.44609572031425,53.25434407714682
Tatiana Torralba Duarte,191.06959205511984,105.16035959488796
Ricardo Blasco Lago,151.0064202097147,24.712407537999898
Araceli Macias Zamorano,180.68100807701987,43.45776551035673
Haroldo Amor Márquez,164.65691804370283,29.335339039364747
Eva Barranco Maldonado,148.5913796107327,51.83777649292752
Xiomara Guijarro Galán,158.1511918124328,75.91656318693146
Emilio Coll Batlle,181.406515815608,80.66321136919814
Saturnina Montes Blanes,170.85518431780085,56.44616208497229
Marta Ribes-Roldan,182.1996313911112,33.83367701642307
Dorita Flor,186.39644956853397,112.95942599756351
Abel Cerezo Torrijos,159.81126047074932,78.32859137445743
Ezequiel Manzano Baños,178.86603784217505,58.12901006328119
Nayara Aurelia Puig Amores,173.13166602615624,60.71785628703738
Apolinar Juárez,160.57063936868806,29.12917100719924
Evaristo Soria Acuña,164.62227045717222,89.44796929840027
René Rogelio Marcos Antón,178.94250027494013,58.51519978339528
Cristian Pinto Bertrán,142.71486248292007,67.81569043753514
Marcelo Lloret Gallego,165.2980219748544,44.689876533931525
Tristán Castilla Quiroga,182.188469857966,92.08165886831256
Purificación Gibert Sarmiento,179.02373765674892,97.05470330031824
Marcia Gual,148.95888431816567,31.228472388257053
Camilo Maldonado Español,153.01523787601573,32.91331209679599
Regina de Pujadas,157.38995905844837,53.18956306663783
Desiderio Oliver Maldonado,187.15296798184784,86.59324136764928
Jordana Arroyo Rivero,156.46391751038485,97.39184914217208
Amparo del Sanz,170.27524729277494,37.89187081033556
Maximiliano Alvarado Sánchez,172.57202611698216,91.22158690277806
Federico Soriano,151.54103664009824,33.32058528016016
Fulgencio Nadal-Pino,171.76237314622404,54.9128699044289
Amaro Osuna,163.26594961918084,56.94738869745336
Calisto Valcárcel Nevado,159.9109146583563,56.59728393708419
Clementina Bárcena Sevilla,164.01259276151987,45.5516802806436
Goyo Rocamora-Nuñez,161.95649561334503,63.12732968149431
María Luisa Coronado Becerra,195.70371949623507,75.33268856907829
Zaida Jerez Marin,185.1525092313547,73.34930599097605
Vanesa Rosa María Armengol Roig,175.67117970344557,71.27318971766586
Cleto Yuste Álamo,174.83668136979648,58.99195057325716
Plácido Ríos,200.0,54.38025821355802
Ernesto del Vallejo,159.90731564587358,26.8171299058646
Néstor Ripoll-Iñiguez,155.73793056916884,33.40520304602863
Carmelita Perelló Lasa,184.73023157357076,84.91150133575093
José María Blazquez Benavides,154.48701322400166,69.84945204040956
Leire Palacios Castañeda,157.89436291857288,44.771528613781896
Vera Borrás Belmonte,197.18720359009436,83.02699146503647
Jose Manuel Valencia-Roselló,150.97976105806706,31.560571469517328
Martina Cañete Zapata,172.51727899010206,61.55454339771103
Jaime Lladó Ayllón,157.10548719920595,48.118446272246246
Carmelo Dueñas Mínguez,173.25124411641093,86.25023644500243
Lilia Bertrán,169.62523773550805,70.61051668861305
Nicodemo Báez Ojeda,160.37808523319222,53.08083213883703
Leandra Úrsula Herranz Girón,180.60974704032492,107.84394410733792
Ricardo Benavides Alberto,158.15340295970623,99.47575782098896
Dani Valentín Boada,174.26978690833258,95.24394154049789
Leocadio Galindo-Tejera,150.27116800487525,55.89120032678471
Guillermo Medina Santamaria,154.79677207163294,32.901667080256885
Goyo Cebrián Soria Márquez,176.9327829331383,49.37893294343862
María Teresa Prieto Baquero,163.6310536573218,64.37879301556522
Marisol Torre Menéndez,184.14684522877548,60.96030795222714
Salvador del Miranda,148.91745417828176,75.441893713492
Etelvina Garriga Beltran,148.4453868914227,49.47034382291976
Prudencia Gallardo Arias,140.0,26.628376895345667
Angelina Sancho Echeverría,155.83270254842108,46.60360945855436
Nilo Frías-Casado,177.38075145721234,78.78002168706837
Encarnacion Carbonell Pizarro,173.3316262304392,60.67120310322372
Jesús Torres-Silva,180.70664649853245,51.70955728850814
Wálter Carro Costa,175.064720663338,109.52963073128863
Donato Cuervo Esparza,179.0405782699171,69.23093037382706
Paco Galindo Ariza,165.2171048449578,47.93554497737749
Eladio Buendía León,170.57936721127413,102.61367147010898
Ismael Infante Dalmau,162.66214274734196,76.26703700695253
Hipólito Lucas Carbó,195.0175290742384,72.9783248502125
Dorita Terrón Molina,163.47594666059038,47.154055678830986
María Jesús Sureda Bermejo,179.71258715961324,66.00095700971212
Morena Barba Fortuny,172.57661759271676,61.867189659579154
Jose Ramón Agullo Pizarro,164.32108764587244,64.32582319803032
Cándida Monreal Alfaro,158.76590189220613,78.62905055525145
María Luisa Escrivá Quirós,169.6882946143734,38.565309935921576
Leocadia Calderón Reyes,179.7018286864069,64.10711969316088
Mireia Castell Zamora,151.76645914512207,46.32197829487356
Carmen Gimenez Tejedor,166.02650621352345,41.964992414944895
Zacarías del Mata,176.71047038021845,101.34501793997282
Bonifacio Isidoro Suarez Casado,155.9325949787183,54.36135968301623
Dora Luz Peralta,153.71429934558387,85.14879762137807
Gerardo de Menendez,188.88068590080053,78.85223356783277
Luz Bustos-Hoz,168.35748130080327,60.96892440556689
Alondra Aller Rosales,194.49776798743648,105.82913949428176
Silvia Armengol Solsona,184.30067062291823,103.0868983341014
Eleuterio Santana Río,165.66483046402172,38.48340555693506
María José Guillén Mateo,167.89251978415993,74.98376792129635
Celia Elvira Castilla Quintana,195.70091652055223,57.25854242666529
Marcio de Ortuño,174.96689603533068,31.151761761417287
Pánfilo de Batalla,173.0177445106382,103.10684472015105
Amor Nicolau Vargas,173.33449310587423,50.38844307275684
Charo Pinedo Sanz,140.0,72.55204430047475
Soledad Eva Noriega Casanova,200.0,130.88791643877613
Joaquín Cervantes Barbero,146.4679935372823,28.001342744279764
Flor Ofelia Cortés Rosell,155.30838152804293,51.53534004528727
Heraclio Doménech Azcona,165.00943567677973,64.11726833600272
Marc Peralta Jurado,169.71109706371192,82.62743745013628
Antonia Rosario Bauzà Tejero,168.57452226977597,53.81969294761728
Prudencia Beltran Sales,170.81550309736343,94.69952282827995
Sandra Pozo Morell,163.91257931083246,95.60864474861542
Jose Ignacio Jesús Cobos Arévalo,161.50386533904097,90.43464759610802
Pío Castejón-Barrio,148.65811106897402,50.08691690612662
Leoncio del Hernandez,140.0,28.76625518411391
Lucas Ayuso Gálvez,173.88855146255392,92.99959859094211
Nereida Llopis-Santana,149.05100752018907,43.07544960234286
Florentina Montesinos Taboada,159.3804460383394,62.65071624237509
Luisa Carnero,147.13344800288974,36.57025000994117
Leandra Lorenzo Calderon,151.11522275110536,33.15479619029717
Tomasa del Marí,163.40519429044278,102.18141705294538
Marina Oller Carretero,156.39092784721623,57.672496797141065
Lino Cantero-Ribes,158.24519629116702,61.27845646537526
Georgina Riera-Pedrero,160.33310446154064,37.99412674043697
Chus Molins Valcárcel,166.73602964388965,58.82464465470577
Ariadna Gabaldón,188.5695089834,38.35930593645439
Pascual Galo Campillo Arribas,167.54509569414984,102.65756543685546
Ema Aguilera,166.67549569195842,28.57966110892314
Tomasa Vicens Alcalá,144.95807197832605,55.55050515165336
Tiburcio Palacio Cuervo,161.0661294291498,67.81639722257916
Buenaventura Villalonga,154.08020226044445,53.59302357443649
Cloe Aguilera Bartolomé,180.0312025906654,101.293766511278
Morena Luján Toledo,175.0624701091013,70.32016498869119
Heriberto Isaac Azorin Amador,158.45647833303207,40.53963284540662
Macarena Alcolea Rocha,175.25979788763354,40.78160953075377
Enrique Heraclio Pedraza Rodrigo,153.14986810747013,51.56301782626981
Febe Gómez Mosquera,164.93714054280625,90.97994008417072
Heliodoro Atilio Paredes Barroso,160.58514905893892,39.1251309143411
Candelas Varela Bernal,177.13658177958658,47.44046906625231
Sergio Álvaro-Elorza,143.38207220508855,22.28785259850784
Virgilio Torrens-Robles,191.98280074831465,77.94737824031792
Benigna Barroso Armas,188.5005335540558,85.39284963432671
Flavia Valdés Ferrán,166.79157864020138,58.15223479581765
Isaac Busquets Azorin,173.73641733204022,91.90085843291862
Genoveva Sáenz Oliveras,162.84335403538702,45.78467532804194
Olivia Saura Crespi,156.62742623705083,40.4853724488808
Palmira Vergara Gil,164.43206883967727,100.29344614569732
Lucio Garzón Cantón,156.5921659981777,92.52827016609162
José Ángel Bernal Cueto,146.41374633520397,48.61111838290701
Haydée Ibañez Bolaños,156.46668183253388,70.83388336405218
Abril Bou Prats,183.06891281757615,75.85589991379169
Rosenda Bárcena-Cañizares,172.1574662827963,42.310478223421576
Nieves Pacheco Gracia,164.90222966525323,99.36189961461294
Álvaro Ayllón Marquez,164.46956122250984,31.586007741977745
Isidro Manuel Murillo,143.25518165898083,68.99952939474927
Cayetana Palomares Busquets,159.10003001082873,92.77519463438163
Manolo Vidal Pinilla,180.05760878118,124.34776079387922
Bautista Caparrós-Fernández,184.51635690300023,47.80632392672884
Vinicio Molins Morales,159.33777085995158,78.82628857198468
Morena Viana Dueñas,169.72601911427034,61.39879712589337
Adán Casemiro Soto Naranjo,161.90802373601363,45.942048051373
Valentín Saldaña Teruel,160.47910507244205,64.19763956734673
Lorenzo Exposito Tejada,160.50326480286842,79.26969886750983
Roque Puig Santana,189.9737453704453,134.19265989389692
Josep Javier Toledo Losa,173.00402116904783,30.98333923834384
Gerónimo Sastre Vázquez,158.07978083144096,66.34130085064375
Adelaida Benavent Catalá,140.0,31.515688083692677
Lucho Cases Osuna,168.2677931234777,83.56536716695983
Bernabé Cuéllar Luz,174.023102903515,73.35162580503838
Noemí del Roldan,162.78428793536813,39.69089809132197
Julio Sanmiguel Criado,170.495508942617,42.65445340726968
Ofelia Sainz Cabrera,152.8176926307327,38.18438142644504
María Ángeles del Huertas,157.6798923944536,51.07142953172345
Palmira Estela Machado Roman,140.0,55.02918228304374
Alfredo Tenorio,181.37766603194956,115.79880550691448
Pascuala Juanita Ribas Mulet,166.96421541358995,57.614197491975055
Tadeo Reguera Paniagua,167.51174649618503,111.09438557055653
Albano Rovira-Lluch,181.8022994809936,79.28341624871638
Olimpia Ríos,155.88276719718175,79.70999519087701
Francisco Jose Arregui Barroso,152.23698173872157,49.93336953941737
Cosme Maldonado-Coello,155.30746975453383,87.40711060105798
Xavier Soria Lerma,185.30171782606135,91.39325466770984
Luciano Azorin,143.62207444571024,46.47504558363868
Berta Baquero Cervera,187.76409930101065,58.25299432061494
Graciana Cifuentes Codina,150.2681483605939,25.557352042675067
María Luisa Corominas Cabrero,166.43751057960202,54.6667238885829
Trinidad Abella Salgado,191.52056840855752,64.4260699006739
Vicenta Rodriguez-Niño,174.31909475530065,37.05027146640206
Cipriano Garrido Paredes,173.9079937236618,66.60355202010173
Saturnina del Aragón,196.51689335725288,126.91256509826005
Amado Luna-Olivera,155.86833096950693,49.18187996974241
Bernardo Mayo Aragonés,177.41193854160392,69.66723002048712
Fidel Cabrero Gabaldón,162.31442397152878,50.3821443749848
Reyes Pino-Carrillo,166.799490527245,86.36017598136382
Reyes Ribera Avilés,154.0314251636922,59.80908147339964
Jenaro Español,158.38745481161783,41.85625425888122
Rufina Amelia Pinto Iñiguez,140.0,68.85965834977215
Alfredo Nogués Salazar,140.5145194640486,25.16872450885345
Ezequiel Milla,167.43984031206102,99.95688740317388
Bárbara Blanca,174.75645961557893,103.48616655921388
Paula Cisneros Patiño,184.8843320708345,83.20289512609838
Yéssica Mir-Recio,169.62769664765108,66.52720311038993
Cosme Bermúdez-Manzano,160.1073716268067,61.18268488248032
Reinaldo Vázquez Oliveras,168.60980170758882,31.48212643396724
Bonifacio Carranza Madrigal,188.28234513764147,79.63314859310029
Morena Tur-Flores,186.7991825689926,39.17469371034977
Cleto de Torrens,154.76164026250973,43.415360346394536
Amador del Bustos,140.0,38.05533773029244
Victoria Monreal,183.67757450338905,92.42479629291336
Nicolás Urbano Valle Cuesta,200.0,94.87787138169357
Luna Bolaños Escudero,150.7979872710596,32.61310705512228
Isa Yáñez Alcalá,181.6251967415624,92.6347871536629
Reyes Ureña Peñalver,159.9546689754191,78.83745196065402
Adriana Molina Neira,153.30459252137987,56.55451205782616
Pastor Paz Morales,163.82185566073898,73.19086588421338
Eustaquio Sainz Carro,190.72928242210577,97.92570746563295
Amada Tur Llorens,169.0123445794159,40.3063853742765
Quique Carvajal Villalba,172.35227422349757,61.36338297033728
Sigfrido Tamarit Llamas,180.8683189480016,105.55896451708662
Valentín Puga Higueras,158.3298501695298,57.407785628290775
Florencia Llabrés,198.2023577293189,124.66831977172691
Román Garzón-Manzanares,152.41300896493647,49.02204329222145
Piedad María Belén Méndez Puente,200.0,134.50702662328428
Nadia Villanueva Falcón,174.86881607756868,62.999916509436645
Jimena Domingo Rivas,178.11460145179726,117.37317788296951
Azucena Meléndez Atienza,174.01322393658944,96.1552497122078
Jose Luis Ferrán Uriarte,180.09628333440375,74.16743721275907
Sarita del Baró,155.22205312535766,76.10069387193133
Ramón Lerma Ponce,186.99477055207808,40.370398723706
Catalina Cánovas Vallejo,176.5346453746078,66.18909207719797
Adoración del Boix,190.1653804636844,116.88541156357432
María Luisa Herrero-Torrents,140.0,77.71462782056253
Porfirio Palmer Mínguez,177.67300169762837,38.12996489078458
Amando Arnau Mínguez,192.0655527583814,147.3979378090175
Norberto Durán,163.24372632054894,36.14882149416543
Anabel Sánchez Blazquez,172.05393905508348,60.63898416443995
Iván Arsenio Berrocal Diez,192.3135179750597,98.5267510671122
Maximiano Beltrán Jaén,174.57487018709978,64.68048731916699
Agapito Robles Águila,190.5886558575326,64.75805756525533
Martina Múgica Mata,178.50605871342256,72.10737925294043
Paz del Peralta,173.11707322890575,85.96866237697098
Renato Mínguez Canet,176.3041555716799,114.24649163077252
Loreto Artigas,189.7378433675316,66.42155944179856
Emiliano Aller Esteve,187.833470770962,84.10136912286225
Pío Puga Bejarano,197.11848967662507,145.3718618637912
Isaac Galvez Nadal,141.57920825878037,77.34733178584429
Samanta Cuevas Cuesta,184.5290260306632,47.07324079807636
Ligia Gonzalez Luna,168.43427445484716,56.87158929237506
Hermenegildo Iborra Saldaña,168.12178963295088,87.15005420309686
Norberto Lamas-Taboada,158.44352912847685,77.77622099471432
Galo Bueno Llanos,176.6989129922547,94.50945491759848
Jordana Escudero Paniagua,140.0,35.9850010481972
Cristian Sola Vargas,143.47623961672454,37.41073578708791
Adrián Iglesia-Soria,167.8491834699103,28.182319418732707
Aitor Nebot-Arenas,193.41219893916843,83.63666534101374
Cipriano Soto Berrocal,171.60272068868673,38.59154118724283
Clotilde Rosselló Amat,140.0,47.08098157850094
Amílcar Madrigal Juárez,142.198877778342,37.747558640832274
Albano Goicoechea Aznar,174.5535202334897,73.74272482891544
Adelia Gonzalez-Gálvez,166.8638470749658,46.0567670632535
Eugenia Gimenez Arévalo,165.1846837310665,35.295982461907144
Fabián Ibán Guillén Valera,169.34976786433265,55.45801045637402
Abilio Simó-Cuervo,185.13287882464675,44.89678743278044
Teodoro Cantón Jódar,150.91281682651564,60.840232106209406
Mariana Rius Abril,165.59048370032988,66.52969307688016
Elba del Sanchez,165.79488600699867,60.39511083453191
Charo Nogués Rey,184.7257267222805,90.9785809833716
Santiago Muñoz Roldán,165.1232229348254,38.10966378573645
Tamara Caballero,178.7804458575724,125.13540437353788
Elvira Pujol Villena,184.6555319411177,102.08716977093702
Leonor Zamora Pina,177.30315133022242,104.81736467120685
Lupita Hoyos-Nieto,158.8887962031171,91.95762971132088
Joaquina Carvajal,155.32349569099432,71.62392805719573
Bienvenida Manzano-Madrid,153.32196887318992,36.93364234936514
Anita Benavent Rosa,175.82498521764572,57.856626889316246
Nayara Cases Márquez,161.86234881505814,37.65631531097963
Benita Patiño Marquez,194.1533049795458,86.55950970662548
Fortunata Georgina Baró Segarra,179.71100894573053,68.56462288485062
Andrea Zaragoza Cortina,178.94543640797465,34.10108989012404
Vidal Oller Antúnez,157.85118847071888,79.3113955684394
Clímaco del Cantero,185.4946838291032,60.92749120471959
Ramiro Simó Cobo,154.0948631787884,57.54356595249046
Samuel Navas,165.6605195253165,66.7096591776013
Jacobo Arnal Garcés,152.08125972628005,38.61805701019151
Eusebio Pérez Bru,150.35286326100544,32.110515872390685
Ruperto de Tapia,157.61288643298442,41.02516193475736
Maximiano Taboada Sanz,148.9739619419832,42.21055034549198
Coral Tur-Cepeda,153.08055079689925,53.60521403063083
Reyes Mendez Ferrando,172.1985530341367,52.7365587332817
Máximo Castells-Donaire,159.2720157740742,85.52875401993543
Fermín Perea Noguera,171.89270994857625,60.76220195548494
Florencia Clavero Roura,177.90730827442587,57.765258932236335
Paca Prieto Poza,157.92626562920816,28.165161607938085
Mercedes Silva Heredia,178.18478589169487,92.1130456560056
Judith Carretero Tirado,171.5997016587059,112.9524857140402
Juan Antonio Mora Urrutia,164.529251317303,98.75240824733744
Ester Ariza-Noguera,186.32608003891409,67.77468081079743
Roldán de Somoza,164.36036306999972,94.88787762673924
Rodolfo Cal Cabezas,177.26609077263234,64.07281014675621
Samuel Gimeno Solsona,198.2283866134952,69.44121046320859
Trinidad Vera Ribes,182.2123266705912,100.89377188378
Vito Almagro Pedrero,154.50477922322133,47.352743746609086
Bernabé Dominguez Busquets,182.70225742699287,117.2400277379458
Luciano Atienza Garcés,150.8029555516291,55.10132480606362
Caridad Guijarro Cañas,189.78971533060397,73.61407143609895
Florina Castellanos-Baquero,170.769951690871,97.81094889938322
Samuel Flores Lozano,166.90047709491182,50.71763856859863
Noelia Ros Coello,149.34618753922112,67.87219847442114
Ale Ochoa Mate,147.20531115294375,40.39723204970494
Manuel Patiño Villalobos,161.88179559794938,51.28882125714709
Abraham Solano,176.52192348183468,32.95155873594361
Jesusa Blanes Fonseca,176.61436791975495,50.59204941999118
Jose Soto Martínez,156.40359307308302,35.05537905340664
Rodrigo Albano Pedraza Oliva,188.70612614865635,134.43860044154232
Poncio Castellanos Fabregat,173.16922807965113,55.28521730934898
Mariana Poza,143.02937012011108,34.0378348384894
Macario Cañete Requena,162.2278619373223,51.63586131089512
Paloma Barón Arribas,196.45809384986617,90.63107908664496
Ascensión Diez Bárcena,164.54875750305484,98.57237012119266
Hipólito Luna-Cánovas,162.81718671451063,83.48993260609001
Jose Francisco Nebot Mate,177.4497928784209,32.55567030237809
Blas Navas Espinosa,185.3638587719644,117.8538308949541
Alonso Pombo Pino,184.0024884024716,123.88596054925044
Irma de Raya,152.0263803084204,52.06166451863319
Flor Vera Gallo,170.58173284434994,85.87958069825696
Bernardita Arjona,165.7235846436052,50.99001063370648
Juan Pablo Paz Rodrigo,189.1318857060957,54.92918260685991
Nando Rico Ponce,153.23805534312035,61.56874167497893
Roxana Roldan-Antúnez,155.27150149761837,38.05013396817724
Ale Villanueva Jaume,200.0,52.06166503825696
Geraldo Ibañez Pla,183.40620529652773,95.80715984191254
Pepita Jove Mata,149.94268142531263,43.740827972138646
Cayetana Duarte Hurtado,189.61598951129736,124.92729532627123
Aránzazu Itziar Jara Peinado,167.8671402442639,104.83027621237372
Teodoro Olivé Prat,191.7358184088137,118.304694996553
Duilio Yáñez Valero,141.34783675486253,41.70796190153449
Victorino de Campillo,178.10990977084913,84.93234324830874
Máxima Cuéllar Iñiguez,181.90854248381177,68.25524361133866
Candelas Calleja Cazorla,175.15972528491204,91.89042476398664
Ezequiel Luís Izquierdo,176.10894454398988,63.39383249071474
Adán Valera Carbonell,152.80589390650914,60.435680913860615
Carla Clemente Campoy,155.87847243839914,27.86100080523964
Edelmiro Hoyos Soriano,169.2682550957612,55.35036912073933
Armando Emilio Sabater Jaume,156.3576914733734,73.59172695272896
Casandra Amelia Arellano Gomila,167.7827165210806,65.87614922867846
Dionisio Cosme Luján Lamas,163.40740133168666,84.05956536307255
Jesús Clavero Casares,162.08765012444644,38.21807845205657
Paloma Jara Olmo,170.87831004749523,80.80834660991822
Perlita Manuel Mateos,186.8339171869929,99.86051242035516
Bernardita Filomena Miguel Granados,170.65827024780185,80.57511421718709
Hernando Vasco Varela Arnaiz,159.92734302994663,49.21818065446976
Leonel Tapia Berenguer,178.86005180132554,72.43723303289363
Alma Aznar Mercader,179.70246508361274,62.222091755992295
Chita Cuevas-Cárdenas,172.70703933501127,117.99289734133365
Ascensión Llanos Marin,174.6699806733778,74.95821254994308
Mariano Gual Paz,160.12677909994017,91.07062458410272
Osvaldo León Bernat,144.76995925482743,25.918830968582157
Valeria Mulet Marco,178.2597586030202,76.78039532405838
Amaro Salamanca Losada,176.0293094060227,62.54546529372678
Adelardo Cabo-Luís,166.3237476529238,57.68458182454817
Aarón Alarcón,140.0,33.14543766380946
Alcides Pérez,153.62323403192278,24.963027911781023
Eustaquio Martin Campos,199.370858266578,67.94747902938698
Odalys Abad Ferrero,164.50271399004302,71.62295945731445
Jose Miguel Benet Cardona,160.37898967804546,78.11072328825598
Clemente Azcona,189.5528670584532,112.55767661829265
Elvira Mateu Adán,169.5523988731365,107.6304244700061
Claudio Corbacho Alcolea,163.83988036497806,36.93154617222562
Lidia Real Parra,171.16980471952925,92.32940977968588
Olalla de Garcia,178.49151253559415,60.54678518485373
Mario Sanz Zabaleta,169.8995641876592,76.61718026731012
Rosalía Español Pascual,172.07916149957614,115.97894003849962
Tomasa Vallejo Diaz,184.60388096547013,83.46272832273118
Armida Buendía,187.3845758180205,62.09517795179287
Donato Leiva-Fernández,146.10682878888628,53.92961215172108
Obdulia Llano Vall,185.1214619094285,132.75020695584783
Carmelita Machado,172.82033668649643,114.62949274032869
Petrona Antón Barroso,197.4178420179196,70.71564077068427
Benigna Oliver Ochoa,165.5874706274397,52.75640029798314
Aurelio de Reina,176.97481825303237,64.20648103164444
Miguel Ángel Marin-Mayol,173.95557941013794,61.08841098903493
Natividad del Novoa,169.29531209038035,67.60394579269051
Manuel Serrano Medina,181.3374575577059,62.93663891323482
Dorita Guardia Casals,148.19264248843135,71.02942006806833
Luisina Clavero Perales,177.31863570715367,70.88450688541812
Manuel Serrano Barroso,168.88962004307012,40.944194741360505
Mauricio Llano Merino,163.41852861084607,80.54129383706818
Olivia Casal Garay,175.90722020420213,57.75186665175671
María José Portero Santiago,158.35454257624576,61.36240245650606
Tamara Pavón Chacón,157.96693321426488,26.63641323735403
Javi Maza Bernal,169.59624091927373,52.980189030040336
Natividad Cuéllar Marco,155.05222170617492,53.56497795846023
Juan Carlos del Castillo,193.9861896079084,84.58143327830155
Luna Casanova-Marquez,140.45901256770827,35.2645387320768
Nicolasa Correa Barceló,171.08651942056807,62.1620305647856
Clímaco Ochoa Alemany,178.08420826404915,75.02219343460962
Ceferino Cánovas Benito,155.49603285790712,28.82478680701701
Godofredo Barba Cervantes,161.45354218777334,38.98194301571809
Tere Zaragoza Tena,163.61358647855306,36.299291297197165
Itziar de Lladó,151.1769993415229,24.66049698752895
Lisandro de Paniagua,167.6993258652048,52.10046290189944
Petrona Viñas Saavedra,192.55082270968148,140.0614737996442
Mauricio Paniagua,169.56842238014127,56.85956122769442
Maite Morata,190.0045464235552,83.0622838048261
Isabela Toledo Mendez,185.59938358056385,35.62491352371852
Ramiro Valera-Rosell,179.76384903899745,116.99229682828572
Teófilo Sanz Borrell,179.1520489782947,37.70130671830662
Pilar Marisol Bejarano Vigil,171.85770530688245,37.36569463775258
Victor Manuel de Torrents,160.49058893485494,29.931235311012507
Consuelo Sanz Salvador,164.93250706695343,56.33739916006576
María Pilar Quintana Frutos,143.3026028852458,44.81892229432265
Rafael Rojas Espada,188.82082075487315,61.61108068141849
Ciríaco Edelmiro Cano Morera,161.13535705584349,32.857205577776234
Maricela Benito Menendez,171.46415677479132,87.62194185454386
Herminia de Prieto,180.54392140898327,57.46196844817831
Albina María Fernanda Tamayo Giménez,161.04047221121542,67.89619014497592
José María Jover Coloma,167.05092396456686,78.72985097034388
Beatriz Ibáñez Vilanova,156.1128802200371,57.76077364877939
Segismundo Guillén-Santamaría,177.67709597938284,50.04843277965425
Clara España Serrano,189.7377505151859,84.19999567138825
Juanita Fajardo Acevedo,195.16225026842213,121.86098296193056
Ariadna Vizcaíno Ramos,155.50597697064492,32.74780305394085
Adalberto Peña Torres,162.7403586007293,49.24137953461501
Martin Pi Rosselló,162.7871601747331,26.58243015464917
Fabián Morillo Jaén,181.51453486247152,36.23419309631621
Amancio Castrillo,175.5486181128281,39.38649825371721
Paola Páez Enríquez,160.21408628292593,51.953433746518485
Violeta Novoa Conde,159.6295409368458,44.32451541007292
Leonel Ortiz-Solera,184.43172394974567,50.74996691969661
Lola Pou Arenas,150.98065959816677,24.67641256926763
Raimundo Cuevas Sanabria,168.5905429956593,46.504366822495946
Emigdio Valle Campoy,166.36962329911526,50.37739070088671
Natalia Bernarda Rivera Gabaldón,178.70446026091994,79.00697608288507
Alex Mariscal Maldonado,150.49462339319388,84.90905740395375
Raquel Melisa Gálvez Sabater,155.8811941011176,62.42030543521347
Modesto Benet,152.99842102235598,25.435763333793872
Amado Salgado Duran,167.82349742695123,104.44185247868276
Demetrio Losa Zabaleta,177.9963331499099,83.54488637252364
Fanny Manuel Estevez,185.5941439279608,106.27089681234372
Lucio Gutiérrez,183.40636325781423,43.808464336306905
Gema Fuentes Escudero,200.0,103.72617944795584
Iker Valderrama Beltrán,186.244300270308,41.482122528348974
Fernanda Marí Segovia,141.8299573014688,47.09262331837984
Porfirio Jover Benavente,140.0,37.17652727217356
Lope Juan Carlos Rojas Pardo,175.6153117767822,32.19412284792906
Lalo Sobrino Sáez,178.5581993518135,75.32367593005966
Mar Querol Blanes,180.25488327831397,71.46545354154559
Guiomar Romeu-Puente,180.61858308049395,46.5502126360006
América Paulina Amor Arrieta,179.62353451884647,111.67515912889858
Adela Balaguer Rivas,189.3026540970071,74.43613444847762
Eugenia Arribas Tejero,156.3793744692635,42.97733277867118
Samu Manolo Poza Belda,158.27197549726458,32.11435433096447
Anita Echevarría Viña,188.50205356562304,122.96201806512325
Cristian Pablo Riba,200.0,151.3126201076293
Vicente Agudo,170.8223404534062,87.35949054210975
Miguela Coll,160.51594962474215,53.75593458998344
Marisela Carrera Santana,163.3651545459674,105.8799563669812
Amalia Donaire Suárez,187.04184849027456,54.85940591558192
Lalo Porras Fabregat,159.7701979008978,72.7535132477575
Vito Calderón Español,162.97630046040837,30.05708446888095
Paola Gilabert Camino,166.38039043372507,35.39717230619584
Alberto Calleja Ruano,180.03030065386363,44.49269474166148
Renata Carbó Gil,161.57403758776945,87.42648368619972
Alfonso Morales Fábregas,174.67618577852815,79.34034280663269
Julieta Osorio Galan,169.66184156544452,86.29086919754157
Salomón Esteve,181.3101555703165,65.66490965498993
Elpidio del Alfonso,158.29169337102385,71.75221701173778
Nidia Artigas Riquelme,160.61701514516335,61.84482874144688
Fabio del Tomé,169.35406560908618,100.54896728345672
Marcelo Llano-Pulido,154.45634529738751,31.380909539061697
Máxima del Gómez,170.40828940807887,48.19334199729964
Ana Sofía Lago,163.38305155638182,43.08151513521328
Fortunato del Batlle,200.0,76.22314031371468
Salvador Cortés,174.26910740929264,38.76356695823691
Carina Jiménez Pera,173.98672899489029,33.767377728433715
Guiomar Higueras-Cañellas,200.0,154.61706465093715
Lupita de Segarra,180.24309218229163,107.0751794298592
Pacífica Pujadas-Rosales,185.1545676049421,46.09566092898472
Chuy Vallejo Royo,140.0,31.76535372505964
Ildefonso Calvo Gelabert,158.9323528284357,61.64316997089821
Silvia Uría Álvaro,169.0174041552987,82.76353705854848
Pascuala Romero Lastra,186.82337639630188,93.36574660302767
Marcelo Castellanos,166.82577731721446,53.71620417080017
Pili Gárate Taboada,177.71248887390536,38.05130681248102
Eliseo Flor,191.7310133177584,56.239490179196
Dolores Egea-Folch,140.0,65.73556318812307
Manu Fortuny,172.13007659207636,86.64922913655182
Elodia Lozano Puerta,140.0,32.16630307396596
Bonifacio Segovia Julián,154.91496017842923,31.422643575788378
Noelia Frutos-Reguera,159.664385616855,56.08476477754191
Esther Cortés Santos,197.013555885747,133.26040363528065
Virgilio Rios Casanova,178.36015939820885,51.206289530236845
Reyes Almudena Páez Arranz,169.55380667060282,77.20801605820218
Candelas de Rosell,187.74202006480297,44.09483251110582
Petrona Alemán Domingo,181.57607968966084,50.87582462821523
Nazario Porcel Mata,177.93840652524838,66.51667362193109
Bárbara Dolores Cuesta Lara,161.11538279432722,59.63094669894209
Marcelino Sandoval Palacios,163.85646873147516,69.27776338223912
Matías Quintanilla Alcázar,157.06052856567322,63.13709715419927
Gabino Clavero Salvador,188.05997129576545,46.392311137789015
Goyo del Yáñez,188.70630028373563,131.51472050017776
Lina Palomares-Saldaña,144.7091320039555,35.79993337894992
Odalis Luján Grande,173.68972666506426,100.22309702393429
Casemiro Josué Melero Berrocal,163.88053501658803,29.01837862475025
Eugenia Bauzà Ruano,158.15418516552617,62.90575210458216
Martin Blasco-Carbajo,172.01425654264798,63.92715170945816
Marianela Pedraza-Jurado,161.4205959300496,28.11379073231252
Xavier Fuster Peña,183.1678003291221,33.938722567999065
Clementina Carro Nebot,173.42495458200884,34.864907887133825
Ciriaco Jordán Aguilera,167.9856933653171,89.07006403816102
Jose Carlos Ángel Barbero,160.16816117662043,77.89005878334068
Bonifacio Lladó-Gallego,145.3477707306447,26.580034832107984
Luis Ángel Omar Arcos Salazar,157.8803679654779,56.28252126805892
María Cristina de Fernández,156.15975274878633,25.165490129606656
Remigio Posada-Arregui,145.56963595974872,42.53880474532393
Fidel Acero Esteban,158.5219827147411,41.68542825909627
Zaira Agustí Cabanillas,180.92577810282816,44.94986951435218
Fernando Infante-Abella,147.05950473248458,41.618661953864994
Hortensia Castellanos Zamorano,180.53698206706613,74.79934325177344
Vicenta de Báez,188.81433785328227,74.5834550964128
Félix Ibañez Clemente,178.9970955145347,54.0305636643165
Oriana Pont Seco,174.38315265884285,46.79735572882345
Edmundo Rojas Escribano,186.86662963226897,83.35565837804901
Eutropio Pujol Robledo,168.40519720759875,102.1529615571004
Reyna Aller Coronado,194.41511556150672,86.84075672857753
Daniela Zabaleta Cabañas,162.04098649747547,65.39564160631011
Zacarías Barriga Cánovas,187.13455860583144,77.86189435613201
Lilia Barrio Castellanos,179.94710076519786,58.82523018051256
Danilo Ibáñez Sanchez,149.61106921034892,65.64771478540763
Chita Duran Sarabia,168.81165110939313,45.84326153134432
Amada Ledesma Niño,181.91270194161007,77.11647052360841
Beatriz León Crespo,185.4383716364367,122.73962572286972
Ariadna del Palma,171.32787099166464,72.91325766123722
Reina Sobrino-Peñalver,188.704339614892,92.8012335000208
Noa Arjona Ramírez,163.98715781448783,65.55426192840808
Gilberto Anglada Castilla,171.25491682819904,112.32149502311448
Rosalva León Machado,189.1880578595867,72.33160941023158
Juliana Solé,182.743314245154,76.84740966489765
Alejo Caro,186.453419830548,39.52461517263907
Macaria Valcárcel,180.4994110928894,50.44576827926504
Severiano de Carbó,160.5925942034704,57.20629498958607
Luna Manuelita Enríquez Echevarría,155.89879645277983,55.33904641352318
Eugenio Jáuregui Carnero,169.0983402906245,36.72097373643147
Rafaela Sanmiguel Iglesia,171.88756574889044,102.5165826999841
Tere Baños Doménech,151.2020674053209,90.99394347469998
Albina Múñiz Alonso,171.56227052722704,41.67136928634282
Cosme Monreal Montes,169.39900375747789,36.116436392612776
Perlita Bosch Llopis,171.74733813652108,71.75909719770078
Cleto Vicente,180.14848870324167,97.56852407632528
Santiago Vaquero Sarmiento,153.05881768947884,44.53567537492101
Maximiliano Huerta Laguna,172.1599583084371,97.04444648995116
Albino Niño Mármol,180.27466840994956,40.85831551000183
Fernando Lopez Plaza,185.2294971814952,54.701194278249176
Hilda Lledó Batlle,178.1066225698453,35.20598573923395
Alexandra Mayo,166.15271189327032,69.21493841317923
Mayte Mármol Tomé,194.7666449846029,52.12614172186838
Augusto Villalba Lamas,185.23511978181523,49.994841601922666
Trini Paz Benito,183.6076816203365,115.22757780258236
Marta Emperatriz Vilanova Grande,146.09402350199028,34.70834270308841
Olivia Reina Rosell,171.55970911785022,108.77504361225571
Geraldo Talavera Baños,163.87818122069467,39.193875705081446
Lina Pedrero Garcés,162.05699092181194,63.34291687446989
Fanny Azorin Ruiz,162.40954422357407,95.30772054747833
Ariel Zabala Ibáñez,181.2899893879008,39.29310185117497
Abel Marqués Soriano,162.5600409652336,87.92014692232623
Roberto del Lamas,165.6438180698862,73.8885113619488
Liliana Cabeza Camino,185.74187639960724,67.96601488928161
Gastón Vazquez Menéndez,145.41731162135434,74.43124023937015
Noelia Valbuena Diego,152.10182987721203,27.87889317988177
Amancio Tenorio,154.0333170383001,57.91519884571591
Pilar Vallés Bustos,158.2326311769249,87.29904806646778
Vera Ochoa,169.44247410134963,93.82587124883212
Jesusa Cruz Barral Lasa,157.12667962459318,46.67114520241111
Jimena Solsona Morata,171.1251426610178,81.24773893609682
Ismael Terrón-Sanabria,151.7546093620508,33.06744812105528
Victor Manuel Anaya,177.41388529800355,121.78485792593736
Raimundo de Molina,153.4268764505257,63.702042390794254
Leire Gómez-Aliaga,178.960849116862,45.17062161722664
Adrián Salmerón,162.54411686668553,35.49273950812669
Cándida Bravo Clemente,184.9357520598549,50.624730579885565
Nazario Jordán Rivera,157.96786969351757,50.45940973168494
Jorge Piquer Bonet,179.3913858925204,34.47926063630385
Che Demetrio Soto Rosado,172.69460021661357,63.10732861469198
Delia Maxi Ramirez Ruiz,180.46050548196712,46.58619674249309
Hermenegildo Badía Arana,151.18137775970564,72.84882488126743
Candelario Maestre Marin,189.99878944303495,143.97384928208498
Samu Sandoval Silva,150.6126467354049,47.10680892155407
Perla Cabello Valls,171.1723827474853,46.28726090436854
Álvaro Rey Heras,181.9830399485916,80.56062256239063
Ezequiel Pujadas Espada,162.05413152754122,103.1046974829705
Victoria Miranda Espejo,166.579031359074,61.43336090109175
Edmundo Ibarra,157.82082820197175,66.8657094598333
Jesús Saldaña,178.7004346663424,79.98224232868854
Luciano Vizcaíno Sabater,152.5232426541548,60.19421710555445
Chelo Planas López,140.35097428891618,71.67768849834438
Adora Vilar Fuente,149.07199397215982,69.50776679667857
Calisto Cabrero Vives,182.95783965095129,125.1641011314322
Jovita de Ferrández,163.41702164723708,95.62101846315636
Kike Pera Pizarro,163.2031573583202,62.05474233541481
Ovidio de Bustos,160.7206422760372,49.45933351426842
Geraldo Patiño Borja,161.24276318282762,28.2936101047748
Darío Cabello Hernando,173.31431302244505,82.11898664856056
Néstor Molins-Villalonga,169.81784894974203,45.08670480405111
Gloria Fajardo,182.0596747785463,80.71581748341767
Toño Plinio Valencia Perea,140.19841287379802,66.0487354293884
Jose Rodrigo Maza,146.35446585846478,51.613436421537855
Vidal Riba Zabaleta,183.08403560512397,86.6364445651132
Sebastián Bayo Hernandez,160.67576992673523,57.24941644293981
Raimundo Nogués Esteban,173.0540529190352,77.23202214204828
Lupita Guerrero Espada,154.67905552619322,53.14600236735001
Lucio Egea Posada,179.66882027243284,60.691633687733365
Leopoldo Vall Ibáñez,175.05115132303737,73.25266763157865
Vicente Custodio Gonzalez Iborra,159.62476946745852,35.697605415158506
Guadalupe Badía,176.86134919776515,67.96124992978224
Buenaventura Pinto Barroso,167.1638548510966,33.948277619433874
Jordán Pazos Pera,155.8262868204121,49.75721074806712
Azahara Frutos Cadenas,159.41208247578524,36.71111058881877
Asdrubal Cisneros Guijarro,161.82631522786087,49.38657580731226
Oriana Armengol Martorell,169.0247349015293,89.80874470337314
Evita Tudela,193.7227174645638,96.37699686035592
Judith Perea Amorós,171.6643022601244,81.50878783309258
Pilar Serrano-Ribera,182.73305497197472,63.70578830441068
Maristela Sebastián Valencia,157.69902429280123,52.6405926858899
Julio César Plana Pujadas,176.33006169835895,114.98489194082094
Silvestre Cárdenas Lastra,167.02450343303158,33.63207324947554
Jessica de Camacho,200.0,76.36218910906942
Judith Ureña,183.0363448078388,45.810286842288704
Loreto de Mena,200.0,82.45835193795128
Azahar Núñez Larrea,188.87030456408635,112.59872159986324
Alfonso Anaya Arnaiz,187.780030117436,53.500237959250256
Mamen Guitart,200.0,85.17244746004695
Jaime Cueto Maldonado,183.2547059800294,70.16807017246926
Aureliano Barco Guillén,154.97107032067666,59.4991800997912
Aura Calleja Duran,165.14482105391804,75.86467564780892
Toño Paredes Donoso,172.14592094226558,58.45269055199692
Ligia Solera Palomino,190.97157385201925,90.94405888982376
Esteban Plana,160.72175911507057,99.12560988769312
Agapito Cristóbal Chaves Noguera,197.00698673376897,61.5744955730229
Andrea Miguel Milla,185.4217333210838,58.35521023487486
Santiago Faustino Lamas Porras,148.38843804769022,44.07115131906849
Mauricio Elorza Rubio,164.44373390883385,38.020709360433024
Fabio Naranjo Coloma,169.70627036671223,113.7582217544047
Remedios Echevarría Gomila,175.77089346238765,117.65736848188637
Gregorio del España,140.0,21.61307434495212
Filomena Castelló Arranz,158.26259140972024,61.86035012448238
Alfonso Victorino Canet Bolaños,170.3064385796402,44.68466504949589
Esteban Andrés Isern,189.7093039504415,95.7288628152068
Isaac Zabala Cañellas,176.38617848334462,62.98240096356992
Poncio Palomo Santamaría,185.0132908237503,136.05602829528124
Rocío Cobos Duarte,161.1077734594741,44.23217023884333
Leandro Barreda López,148.164791067369,62.12749849955895
Enrique Quevedo Aramburu,192.6129124157423,90.13053867730972
Manolo Vera Pazos,176.26533247363218,93.13674590949569
Mónica Solé Ballesteros,176.7458883078868,51.94586854887999
Valero Carvajal Mir,190.14811573503525,82.71083936367722
Carlito Santos Losada,152.58210171222777,36.35931804378074
Pepe Rocha-Sedano,176.14479676350288,70.84189788084812
Marisa Bru Cervantes,184.1414429263408,83.37296803764116
Arsenio Ferrera Zaragoza,157.86934491934096,86.59839081722795
Lino Cortina Bosch,175.88509122225275,35.199588371659594
Abel Blas Lladó Vendrell,179.5890733926875,77.68761154811821
Ramiro Morata Pozuelo,188.6881866126459,63.20521254074164
Lucía Zabala,167.3712826820912,35.203439258683765
Blas Laguna Roselló,159.646409814369,49.67014527532319
Rufino Sastre-Cueto,188.8946551410934,96.41667458846018
Asdrubal Leiva Bautista,175.72025585488666,71.51056701374993
Jacinta Villalba Hoz,194.86544530179813,76.89952589346684
Gonzalo Carlos Roca,186.2745577001779,38.681962309305646
Xavier Vara Doménech,157.83300691500924,60.6498441496816
Ignacio Anacleto Ferrando Leal,173.4041832725614,60.45062640396311
Marcio del Velasco,169.30846570671773,87.47502729833278
Eligio Cobo Pulido,189.25435321962087,64.02832177070022
Adela Pino Pereira,172.61501430490432,34.446342587089475
Amílcar Rocamora Doménech,142.53228541849813,24.471677475263235
Emelina Ariza Uría,159.42336501729116,58.15674442433352
Bernardita Esteban Batalla,181.8606063752422,52.98367323850232
Yaiza Galindo Pombo,141.81618796376443,44.47822589272106
Custodio Sandoval,166.11909466427582,61.24763264264601
Kike Tomas Galvez,168.6193608344155,57.44226547108566
Casemiro Guijarro Piñeiro,157.25883237224733,53.043393762235134
Carina Angulo,174.9489184795966,57.02792243654565
Dorita Santana Asensio,167.4350386465258,55.75486816114545
María Ángeles Soraya Soler Jimenez,178.46532548870752,74.85106308377067
Sofía Garcia Paredes,156.2188861052482,35.04814298227263
Caridad Ureña-Bauzà,172.12111354886832,48.59160125742446
Amelia Madrid Cañellas,148.78677050126066,31.82616630115215
Priscila Almagro Vara,177.37178381349497,44.7357524750594
Martin del Solana,185.3476054115104,46.41003157522693
Sandra Julián Belmonte,176.12461765892286,39.17345881683491
Gabino Tovar Nieto,174.26811017964752,104.49810417633996
Adalberto Falcón Cuesta,174.66152039151208,92.78391151808675
Vera Barral Sevilla,183.8390264587016,73.2311782548178
Felisa Carbó Nicolás,158.10445627658464,50.18045606089783
Elisa Valenciano-Jerez,146.9716072921792,46.05127754046051
Arturo Carro Castelló,178.39725801262847,112.22547727748524
Angelino Álvarez Exposito,185.1242746595068,45.305738158657206
Lino Zamorano Morales,165.4203918450376,37.494031830464166
Felicidad Palomo Duran,185.1621881257533,75.3538930032199
María Belén Benitez Guzmán,140.0,60.04325444402066
Mario Portero Cortina,149.96972530007193,40.17178350719498
Alondra Casanovas,185.9919909828996,59.34200527246062
Gisela Elvira Peiró Escolano,186.2655064623113,43.669786614460506
Cristian Pintor,169.22131623510833,63.62537225838135
Curro Arellano Tello,159.49812810926244,76.15430857311505
Saturnino Bermúdez,172.74604168238554,83.07488069965324
Andrés Delgado Coello,161.15702963850683,39.12822097330352
Juanita Guijarro Valencia,173.97675331566418,32.954471113973064
Ángeles Rosalina Fajardo Salcedo,193.0549469353623,48.36571206010648
Salvador del Nogués,178.981705840494,53.777058409667845
Anabel Cuesta López,146.2100893429149,30.486026126622235
Mariano del Ibañez,183.15740102930832,76.21121470956172
Aureliano Montoya Adadia,156.9207482926984,63.22988880930594
Maricruz Castellanos Artigas,176.07095201596752,53.05260327102937
Diana Duarte-Gual,166.84350351204503,34.915449604758095
Jacobo Diez Albero,154.05424539865092,38.3862115072328
María Jesús Salmerón Ferrándiz,165.82313331846015,58.04401121936688
Patricio Font Pinilla,170.41312015236736,69.67557203592914
Lupe Benito Hidalgo,193.9951874056297,132.7247467774887
Vito Leonel Ropero Peral,178.41829610229547,80.51320452450435
Sol Mayo Amo,182.8753685302064,81.33229475759086
Porfirio Monreal,172.70070165404613,42.28346644715397
Diana Morales Seco,167.2462109930705,44.42215402005562
Felipe Elías Navarro Blasco,171.4332989635445,55.13336571669461
Imelda Dávila Serna,194.5260607177565,113.7290556249394
Candelaria Lozano Palomo,177.62799629123947,114.47239493138926
Purificación Olivares Aguirre,183.86499430969383,84.36190675629085
Calixta Cisneros Morante,166.2694405106764,53.30769372792562
Feliciano Benavent,192.02203240929512,144.03161678378413
Danilo Santos Amat Castrillo,184.724507645216,35.64978534914048
Dalila Pacífica Mascaró Rivera,174.75357335599256,33.115255981047284
José Luis Abellán Hernando,200.0,107.24558425354807
Ariel Revilla Manuel,164.75204117600808,32.74201968631013
Paloma Vega Llopis,175.3710759822608,52.414289978435846
Salomón Benitez Piña,168.95905854910086,64.59824583050023
Maura Andrade Agustí,169.3804229645266,43.10087993615193
Valero de Laguna,159.87869544901474,101.17293102761766
Florina Pla-Mármol,149.44563255231364,25.66614408848727
Pili Prada Blázquez,148.5145313044759,26.873489783291767
Jerónimo Romero-Agullo,188.86698373595337,60.03671969545364
Lupita Gilabert Prats,179.14116181311329,79.54790566543201
Íngrid Rincón Hernández,183.8878159856879,43.255496557003255
Samuel Cano-Cañete,174.67653893209575,60.32967475835338
Bienvenida Gallart-Torre,140.0,33.84921616868417
Roldán Cerdá Jiménez,164.57324998307993,76.87823316643264
Ciriaco Íñigo Bellido Palau,183.89421113962925,87.84252572001094
Baldomero Torrent Acedo,179.4635237926488,36.29411855073741
Lourdes Pavón Juliá,181.1737676735524,65.59901340813751
Eutimio Navarrete Hernández,177.2256370110871,42.59073348757644
Modesta Conesa Cáceres,158.71610123607564,50.284462648914
Raquel Dávila Cifuentes,168.75336098680046,102.2721158442454
Nereida Alcolea Blanco,168.3402231350738,54.56453462701039
Amor Lumbreras Camps,179.5739789278321,75.19145694763208
Agapito Girón-Rodrigo,170.9882371963665,107.7101313304991
Candela Imelda Gelabert Andreu,158.44549169432278,35.73112934039848
Adoración Valcárcel Villegas,159.8623321087301,35.45096678497691
Ruth Belda Jimenez,199.10497458249347,87.98066600369934
Julia Escalona Roca,171.54803689361262,32.53967506994215
Oriana Lozano Reguera,177.32200621582453,60.91217172084526
Nacho Lozano Burgos,192.62188050747287,139.31473879356295
Kike Fito Pastor Acosta,200.0,97.02219849685068
Ángela Pizarro-Chaparro,180.4307562829964,103.54577318062935
Herberto Camacho Iglesias,167.28413593520818,52.02669318090226
Fátima Flor Chacón Armengol,176.48157913641165,73.46168621301578
Nazaret Yolanda Narváez Villar,188.4688826377921,130.27120030510673
Gilberto Terrón,155.33634023804362,94.94044931924807
Ruy Ramiro Escamilla Borrell,178.03310606007946,102.17945324645896
Viviana Hoyos Suárez,163.69736231612862,90.21272737197842
Isaac del Esteve,150.48615485565574,50.16265740371437
Eugenia Esperanza Sabater Mancebo,173.8750496471704,67.0282597995438
Filomena Soria Barragán,171.15636047464062,67.90240820456566
Ruperto Vicens Padilla,172.0795052032113,47.99000593550301
Rosalina Hidalgo Gallardo,155.1612753633899,70.17853236296602
Pastora Flavia Solís Querol,176.2989212456259,45.79047277975059
Purificación Juliá,177.15753657392622,119.59476406312146
Edmundo Martín Sosa,150.01736171860554,49.63937332129146
Vera Diez Pareja,160.58796763456033,28.46410450041207
Asdrubal Aragonés Ramirez,144.03329887844046,58.62992639535425
Prudencia Yolanda Porta Solsona,194.32170506411612,85.95319689112074
Nidia Carpio Aliaga,200.0,80.35754818518262
Nicolasa Iñiguez,186.22084641146589,59.07536927926628
Melchor del Yáñez,173.7700022985635,85.35414337131459
Rogelio Mesa Ojeda,188.93334455711368,110.27934783112778
Lara Hierro,157.6406270435546,90.99262499304508
Candelaria Garmendia Arribas,158.9653183910327,66.35521077410796
Felisa López Aragonés,173.96162647147943,59.42562513266941
Apolonia Tamarit Pérez,154.40002602098772,50.94730785416404
Calisto Arrieta Arévalo,188.10234660233104,125.22106158119249
Leire Macías Marti,179.7229959664872,51.29258562472869
Graciana Ugarte Román,154.43339324144233,78.85236343225426
Gabino Llorens Ugarte,164.8076420291427,57.55354424935543
Sabas Martin-Escamilla,156.2193302910377,26.37340851107864
Juan Pablo de Godoy,184.6778396291339,89.08909278878578
Remedios Bueno Arnaiz,192.9467414471809,38.713378163495015
Felipa Pina Seco,149.28668548847585,46.28577774455161
Fidel Canales Fernandez,159.59331181819425,92.5849549659284
Nazaret Ayala Calatayud,185.07272649475425,56.52415884735798
Julián Múgica Mata,190.5024524363576,70.41456002931949
Remedios Correa Pelayo,159.09129279905278,57.51225104869421
Maricela Barbero Ortuño,192.0422186972302,70.92760309704656
Joaquín Posada,166.6352550886446,40.22663182246692
Eligia Salcedo Grau,182.5136812668313,103.76267606727131
Cecilia Valderrama Baena,187.8040252264591,40.82332825490359
Rómulo Zurita Ruano,187.34902474300375,56.357932768064856
Narciso Cepeda Suárez,178.19429652522828,68.75898251575867
Espiridión Saavedra Lamas,171.96257772079394,66.91271168858198
Guiomar Parra Ureña,163.84225073549885,75.03490255505115
Gerónimo Lobo Valbuena,200.0,49.46810917397857
Fanny Carrera,163.69511021722855,37.07961849006682
Nerea Fábregas,170.58337651356425,95.79365718251054
Carlota Requena-Barrio,166.25789863708786,74.05458155753422
Gonzalo Moraleda Torrents,169.43736866104427,99.36166150545654
José Ángel Juan Ropero,161.86112435739213,41.10865128718832
Eugenia Llano Tapia,149.00542077077586,55.37934922570154
Jordán Pastor Larrea Redondo,188.5987163850043,141.30780293774785
Aureliano Huerta Carbonell,158.3443629010303,69.05212058720825
Nydia Oliva Cerro,157.55804884772263,55.83772157923073
Eric Vázquez Arnaiz,172.60238228613184,42.11645041626373
Felicidad Capdevila González,163.54811870005048,34.06907695735999
Javi Azorin Mayol,141.65987152739015,28.2604029365529
Daniel Viña,165.40602787304903,31.60901228414801
María Cristina Velázquez Montserrat,149.19457972061846,48.921853980184046
Sebastian Galan,161.62214905340204,59.13291925126643
Miguel Ángel Frías Estévez,161.56310004618197,27.031149477870414
Leandra Mir Luque,166.47632853425694,31.530469584755117
Moisés Villar Gálvez,164.5964591351645,37.54022249621036
Eulalia González Ramón,164.49582304569844,38.372502590389146
Herminia Prada Mascaró,174.818991506745,57.62627398849807
Lalo Granados Cadenas,140.0,51.51595459371701
Albino Piquer Vilar,171.41204804553962,113.94768938584733
Horacio Aguilera Lillo,163.82173665772524,77.50074417710606
Domingo Solera Castellanos,183.9365643037276,133.03352723344491
Adora de Cañellas,151.941440659316,56.67564962732299
Itziar Flor Poza Macías,168.3730410270369,96.9601916934868
Cornelio Aliaga-Cortes,163.15951633317022,29.942466667043863
Luis Ángel Mur-Guerrero,152.7324424882636,89.05960644874041
Flora Iborra,157.783042315181,36.9672831185498
Omar Plaza Ferrán,173.08268396250784,71.21933421386008
Bautista Rey Múgica,164.89961206705163,69.26202549695493
Fabiana Sola Antón,170.99214323477307,73.51600980036768
Amador Rosado-Bonilla,171.08872498690437,60.15038449340855
Cristina Saavedra Gelabert,150.86022872107557,43.14902812482921
Dora Barranco-Quero,161.3949383629475,42.52251391548067
Edgardo del Moreno,169.24203314380176,46.05623235747439
Cristina Barranco,146.60227480911246,37.62060464020215
Gabriela Carranza-Herrera,183.6311532244113,65.75162658725789
Marta Salmerón,148.8798923375223,64.7072836830169
María Yuste-Oliva,154.97065045848987,40.44191590201008
Pili Rivera Bas,175.17319317597725,83.76891335808759
Lupita Miró Camps,147.66417278423975,29.73336565426374
Narcisa Saez Garrido,161.89365462053252,47.30750214032901
Maristela Tirado Pera,179.55246161501336,34.51532680346754
Herberto Azorin Meléndez,177.9894046749778,65.59715248383097
Aroa Pintor-Lago,177.6539857616273,87.61460803317212
Patricia Toro-Serrano,152.68224581837663,25.4691037762342
Elena Teruel Cerdán,155.60206314934712,53.1055627441887
Clímaco Galan Belmonte,169.7266810556837,71.28264457517349
Valentina Botella Aliaga,167.9474929441239,50.50360200112382
Lina Gárate Ródenas,173.93791503319738,116.65240377562496
Modesto Catalá Campoy,183.82465996012203,106.89767592212652
Cirino Acevedo Jove,186.5540364948473,128.35768558019112
Elba Mateos Amo,167.5074562005319,103.22693417837932
José Bravo Pavón,157.4785661887103,63.971455985378114
Chuy Pazos Pelayo,153.87719909886226,28.76305962152833
Juan del Marin,170.80984819075636,99.15080535468628
Jafet Rogelio Cuenca Galvez,191.55824741130536,94.87740313244956
Heliodoro Pérez Royo,157.281895169127,90.8713776074082
Marianela Arana Tudela,163.2961118370538,35.70712272671433
Úrsula Clemente-Cuesta,149.68005904787177,40.51070823307332
Nélida Giralt Quero,157.1108858369629,89.8152006368677
Ofelia Ayllón Viana,161.17750306848887,85.40253838748608
Soledad Pedrosa-Moll,177.6511589008896,73.90671860039933
Eligio Wilfredo Flor Bas,182.12850036140307,105.98080116022442
Wálter Ferrero,173.6767981045556,68.26216313179343
Ainara Pozo Valera,155.33708771545705,72.38528206769428
Morena Guijarro Navas,168.12284629744315,51.98575916133321
Lola Benitez Maza,168.4275489713222,69.94088200673686
Alba Prada Seguí,178.65602829473485,45.04660801321276
Jenaro Elías,172.8606189132043,67.28790705042996
Eladio Pedrero,167.33447820306677,78.97819939604945
Oriana Barbero Nicolau,181.0461209902716,73.52141111984126
Juan José Lobato Sánchez,174.5606994213397,38.159554504165335
Teodora Falcón Arcos,175.89792994132276,67.50982341872918
Fulgencio Torrent Aragón,165.8504666417898,55.45031718537874
Crescencia Gallardo Barceló,168.5033151270195,57.0243884226213
Perla Salvador Rodríguez,153.37888944108727,24.520238604252377
Borja Fernandez Zaragoza,177.6084970669307,83.28504077758357
Felicia del Ángel,180.75720373499468,51.099764158454974
Armida López-Galán,157.61177688010892,42.46161854552084
Candelario Iñiguez Hervás,180.00699532299586,59.92422137004659
Germán Barriga Álvarez,164.33693671868576,51.96721941317623
Fabiola Brunilda Gascón Palma,152.43347501963632,53.52272926616173
María Del Carmen Montes Aragón,159.02526023902314,45.21813640034237
Asdrubal Cánovas Aramburu,200.0,83.94997417954959
Ángel Jimenez Terrón,182.31066916658415,35.93628552577349
Abril Porcel Andreu,187.91418372199752,90.17295606342866
Fabio Alberto,165.64540978909906,65.09640911575758
Trinidad Menéndez,181.10761937085357,43.00731651919324
Remigio de Uriarte,173.96459868151882,41.31624595143332
Daniel Santamaria Vega,146.02945261281886,29.072490237197485
Sandra Canales Novoa,162.38481307224552,34.606123936354024
Lupita Martínez Ropero,167.44986248031591,42.02396529497382
Blanca Seco Cuervo,200.0,150.48223626676446
Matilde Sola-Tello,180.29758744517943,55.48272013311803
Fabio Ibáñez-Nuñez,170.59512468289108,96.36239064290385
Glauco Mur Arribas,177.15765657475012,59.97318223486937
Osvaldo Baeza Piñol,171.9469554094432,96.93384467348784
Agapito Torres,175.10201664914123,63.4840200564142
Horacio del Torrent,165.24427702518523,35.21432234457758
María Maestre,141.05181627599225,53.58876741529953
Remigio Corral Soriano,145.04046138855392,23.45215131517149
Edu del Martínez,149.68477307791102,36.566681236795006
Maricruz Tere Castelló Goicoechea,187.74298544647067,78.8509627000867
Vito Raúl Goicoechea Álvaro,159.51823518174416,54.07292430811893
Marcos Ruperto Vallés Feijoo,181.27537744776657,73.96856956811729
Amparo Leon Duque,153.55351271950838,67.08561439241241
Inmaculada Vélez Rios,185.35528299690716,70.557831092922
Octavia Guerrero,164.53742405353455,65.25674392985313
Tomasa Gaya Alcalá,166.70687790429523,32.00261482460171
Yéssica Alcolea Cantero,179.12016242388196,37.60597741299868
Ester Sainz,182.81005626536472,64.33442347910562
Saturnino Apolinar Torrens Fabregat,173.67648038132404,56.80722086348732
Cebrián Elorza Quirós,155.04713983060583,32.78680586113322
Berto Pont Maza,189.7066272316588,130.49458619452213
Artemio Cañellas,178.55529500848567,125.08168975550254
Virgilio Bayón Leiva,195.96965240676252,143.1050013859872
Chus Valentín-Elorza,200.0,146.40422616257922
Camilo Barberá Machado,149.07328695374133,39.91148510481128
Cosme Ayala Chaves,186.29969020816208,56.0567292963737
Heraclio de Duque,142.59768252847618,46.76973889924769
Adelaida Luís Escudero,176.4745815924883,69.71040109610244
Vinicio Terrón,163.22686692516112,44.725193550120935
Eustaquio Guzmán Guillen,200.0,76.76154357851902
Felipa de Iniesta,200.0,79.86431945665417
Olga Nicolasa Carrera Marquez,164.12140677083082,70.71240241707902
Gema Carreño Casanovas,155.80282222255562,63.563995957608135
Ascensión Solsona Aguilera,185.3845897546761,100.1749090851376
Evelia Palomares Arévalo,185.46555608229207,76.70657735224016
Moisés Gonzalez Fábregas,178.06602946162533,68.97515792375722
Joel Almazán Muro,170.3015823649632,68.43330659304385
Palmira Lumbreras,161.30352310951608,87.07829136374657
Sarita Company,200.0,90.48571139071012
Yésica Bellido Luz,150.2679461709847,45.6756916732744
Javiera Arce Santos,200.0,69.72511957153479
Odalys Casado Padilla,159.49411903733218,99.30989322971266
Isidoro Castells Carbajo,165.28474187851987,40.12591880332784
Selena Pellicer Piñeiro,160.382625266576,49.82432414546485
Curro Castellanos Galván,176.7480577556452,50.39728697461004
Evita Piña-Ramón,170.0177684904489,57.38945374525034
Tatiana Quirós Ortega,177.59971467528595,56.42500680801932
Noa Nilda Méndez Aguiló,171.00437171131023,69.1315955824507
Quique Carbajo,159.14181797350082,99.77057368525765
María Del Carmen Carlota Vives Montenegro,190.5464302433658,55.23199356062149
Inocencio de Belmonte,187.6224371691709,139.49843546168296
Edelmira Nerea Mulet Saldaña,169.14061937540237,68.10103612918188
Nélida Zurita,155.02300776466006,33.664886950681925
Mamen Agustín Parra,186.3835802886659,85.26038036762034
Bartolomé de Montesinos,192.59678011047689,68.0226826166456
Ani Patricia Giménez Lamas,152.53161861017438,43.7686352223162
Felipe Martí Bermejo,175.7013443293422,71.41876044373969
Dafne de Noriega,176.04169376779893,32.65676636515818
Natividad Tere Bonilla Alegre,153.28119669223543,69.71911659127535
Dolores Nieves Alegria Roda,155.58573928066855,44.59190863973639
Alfonso Cortes Luján,140.0,19.906075095592755
Ruy Mármol,167.81633324719073,97.4762289496514
Victoriano Ariza,177.9147909627486,108.93970314531208
Claudia Agustí Márquez,153.57364520724977,53.23035413679089
Antonia Baró Viana,140.0,66.27439425796172
Anselmo Bayón Torrecilla,188.592137098022,118.16045354842336
Lorena Vera Hurtado,141.96923211186598,69.20289466274063
Coral Catalá Amor,191.14465831679092,94.85018350086229
Alma Granados-Salvà,155.22207185650606,87.04269421417727
Clímaco Carmona Gallo,162.30316276453712,56.0877905758184
Teodoro Amor Segura Gordillo,152.67408916907743,59.283036536917976
Sosimo Azorin Arenas,192.1440356551237,81.85717794074014
Julie Almazán Busquets,150.25798613397455,31.728182557125475
Eusebia Flores Narváez,160.0426343886912,90.80126862205329
Emilio Martín Guardiola,168.25257611661314,68.85939118931555
Alexandra Lluch Castejón,148.61106667996776,41.15262081108072
Carlito Izaguirre Martin,172.0013861909783,44.62616378477153
Manolo Aguado Aguado,159.4568186794606,72.13229408608785
Josefina Azcona Crespi,157.76629282003722,35.104057772209444
Toribio Bolaños Aramburu,197.16878652262585,86.38406522679641
Andrea Acedo Portillo,169.63925185241638,109.26233372333196
Teresa Cabo-Anguita,163.12033335242955,99.15059665370174
Mateo Frutos,175.872010757364,99.1456575396278
Mohamed Bauzà Barceló,193.79699581622648,142.13337244882547
Jose Ramón Yáñez-Mateos,159.8096428799246,49.9161690117177
Nacho Guardia Mateo,184.022766567015,41.76071698283993
Lorena Marquez,189.4261300440544,53.05566113123109
Ovidio Mariscal Arco,168.787257008703,63.73170784334522
Amancio Goyo Alcaraz Canals,167.4701547170132,43.91829011877347
Duilio Rocamora Malo,186.09162239662055,35.97695388093888
Eliana Morante Agudo,150.70589461430257,81.36087462767001
Manuel José María Oliver Berenguer,154.39514845552483,35.9978051409832
Piedad Pedrero Garrido,170.65533606783586,37.8388088631566
Pablo Castañeda Andrés,166.1792096565818,54.69504235847118
Adoración Reig Posada,172.5537757332278,70.58490233750652
Germán Anglada Mancebo,155.26502779316266,43.68194745677259
Chucho de Feliu,159.02394245688356,64.28884905942832
Angélica Villar Águila,163.9910761939642,45.02861744857742
Horacio Gimenez Benavent,179.05176859663555,85.39060328272463
Miguel Ángel del Nuñez,189.585979421827,69.44116795651232
Cirino Abascal-Pujadas,175.8669391282949,33.18223232657399
Baudelio Miranda Gonzalez,161.40425519734694,35.73700178615072
Ana Buendía Madrigal,175.09688533465345,58.28199274475729
Regina Villar-Barral,156.05618992954894,60.94773693201813
Ileana María Del Carmen Pallarès Zabaleta,167.90275705688785,43.72175988674414
Manu Ignacio Cano Benavente,166.16367342878135,102.89532315571672
Ruperta Vicens Quesada,167.05259033027627,61.35936751338943
Macaria de Fernandez,167.3202934464879,68.27439718052551
Amor Boix Maestre,158.21999172716264,92.58226987538151
Soledad Arnau Cerdá,195.7900391130624,43.476289993264906
Leocadia Morán Arnaiz,161.81030175223268,48.80861095629642
Gerardo Cervera Torre,184.6252635203589,75.47970719623702
Bernardita Ferrán Sales,185.587999018602,109.98475550535946
Chema Prado Berenguer,182.54809271360315,50.33757250134912
María Carmen Elías Lillo,158.6137544048703,26.835657752801787
Victoria Peláez Montserrat,180.9978604181589,35.139960363738616
Faustino Ángel Pacheco,146.88652678430984,42.29419921273379
Lucho Bermúdez-Romeu,167.83057068537258,112.27177772530496
Maribel Posada Yuste,164.6793007629749,60.97811087276422
Ulises Solís Juan,162.8757862937323,80.03226327646358
Yésica Yolanda Pozo Durán,161.32236464414964,40.68807695589751
Flora del Palma,167.68876544009422,36.40291835532595
Aristides del Verdugo,175.7759266048466,105.24706338037215
Zoraida Tello Correa,151.4912293565127,82.32004763086586
Baltasar Ángel Granados,174.72049238586976,57.93027840557078
Jennifer Riba,176.75373989426117,103.0756393976619
Eusebio Sierra-Córdoba,174.2577614564113,67.29967584614892
Samuel de Coll,166.79779023990602,56.81998582600683
Hilario Sanjuan,167.60567289448127,42.06540701015442
Pepito Torrens Nogueira,182.25429865947768,38.50013000058078
Pascual Sevillano Real,158.7307397938894,82.39729182287968
Rosalva Alcalde,174.16818184875086,68.32040747482591
Emigdio Blanca Alcalde,160.0913604175006,78.15112325018416
Virgilio Gimenez-Hernandez,163.36236361996794,42.19248304092421
Leticia Visitación Ibáñez Mayol,165.9938377084177,27.940430156349763
Visitación de Salom,174.91116777933377,48.16602682163669
Inocencio Barros Peiró,176.55935906111392,56.6393459148118
Adela de Arnaiz,156.51579991262915,43.34121954645528
Gloria Gil Pina,160.75825783795605,70.84878547201677
Emiliano Tristán Cardona Morán,168.12033497174372,59.15917023617967
Tere del Jerez,166.23819281327613,70.48932579514344
Gervasio de Carmona,179.63444933285686,56.68854738318671
Dulce Bautista Cabeza,158.3937510881745,40.28543615734667
Vicenta Gargallo Verdejo,192.631157089778,69.5825527022886
Inocencio Manolo Requena Márquez,178.05984666515295,76.32764271294505
Arsenio Rios Peralta,149.30378955697884,41.58432680125761
Ester Berrocal Arribas,155.06746538259355,82.27602257273341
Inocencio Artigas Cabezas,153.33210225051562,35.376005605131894
Paulina Sastre Sala,164.36134641687076,27.93287711646976
Sabas Oliver Antón,165.76220355747515,45.19372878557781
Chuy del Madrigal,165.73358243766336,83.48122467686028
Carmela Córdoba,170.16245806707417,69.43912474676813
Carlos Zamorano Ochoa,174.09387140842637,117.29225820596822
Tristán Méndez,145.46906190250263,46.76536020167601
Luis Ángel Bou Araujo,164.43145879977337,28.1323229444632
Dionisio Amores Nieto,200.0,56.18265916595082
Carmen Salas Lerma,164.04920439946318,60.62338237555616
Benigna Encarna Cózar Pavón,163.4461280082786,39.24383397270131
Noa Verdugo Benavente,162.20917944982256,48.39326259004891
Irma Acedo Montero,179.2368384423824,65.16327128563476
Francisco Fernández Recio,181.52472689637432,122.66835631462185
Plácido Vaquero-Alvarado,165.74217322596803,55.76667789111349
María Ortuño Gomis,191.7545862762101,89.85535585178368
María Belén Pinto Lamas,165.59297920039648,107.1302287281863
Calixto de Valcárcel,164.48165607864635,46.66887159078415
Gaspar Gilabert Solé,148.13964755479265,59.392723593642046
Patricia Soledad Oliva Colom,154.08843437572622,36.46876344523572
Eva del Barroso,171.35314008763123,53.31690031817612
Agustina Delgado,189.87230686203588,48.6801802568102
Morena Pol Viñas,154.3486043851211,55.81102471826445
Raquel Cardona-Planas,144.3410732585181,27.24722798370487
Delfina Hurtado Escrivá,192.0147495445312,79.32849742371924
Jonatan Lago,149.41486304357318,24.62532557202045
Octavio del Busquets,172.7145398858202,63.63314505043341
Emilia Nadia Gracia Villa,177.12611472982766,71.79263357290826
Rosalinda Solano-Llanos,172.38805604740656,45.104155411444616
Germán Giner Zamora,164.37828934338623,43.86561780535101
Apolinar Carrasco-Azcona,182.39373086009363,125.2978295322225
Baudelio Puga Tolosa,178.24723039087598,40.37049527963792
Ileana Marín Río,163.2801466193508,59.6381060406549
Bernardino Reina,165.11968811912644,59.02899345950489
Eliseo Aguilera,147.48861421448257,30.6776221820337
Marino Botella-Milla,160.48973533802163,47.34857251496876
Paulino Basilio Garmendia Cardona,186.97815352400883,98.79491337622076
Concepción Anaya-Coello,173.32166096566868,39.97262987156395
María Luisa Cal Armas,178.8357949452934,119.8652655251146
Cleto Blanca Murcia,168.1926005346718,83.45768516713785
Coral Francisco Vilanova,168.33925261299444,49.080036316742
Jessica del Lago,140.0,33.16035661969705
Adora Arana Mas,178.84998324755418,87.46092804304314
Odalis Arellano Almeida,171.94515987709872,60.88707233000341
Candelario Giralt Cuesta,168.32958856028236,103.52214452253324
Olga Ramón Blazquez,164.9124172721239,49.60026228034961
Emperatriz Nieto Iñiguez,180.820155275448,67.4322517191
Inmaculada Anna Pina Carnero,192.57180454807693,47.188015684326686
Adán Ledesma,154.04272378372607,33.354313176506885
Cristina Barrera Pinedo,162.9715889641,53.14068143163217
Paula Barreda Galván,183.20896775818883,96.77951712072417
León Juan Manuel Calzada Perera,188.12102091456416,91.66938926316908
Zacarías Ugarte Morera,156.83466852275,28.55671259053382
Paloma Granados Palma,188.5778031455497,39.17010118253346
Fulgencio Gonzalo Chico Sanchez,181.6883065918596,69.09805317765165
Rómulo Hervás Almeida,177.9466182749779,35.98229105617019
Nazario Bayo Bravo,168.39439486931315,63.868809972200175
Calisto de Manjón,149.16331252461643,42.099212100882745
José María Gabriel Sarmiento Pi,140.0,42.54793007505494
Sergio de Martinez,162.24899419320383,64.94135730530482
Ezequiel Prats Gras,189.96386442141005,134.54843187310144
Pánfilo Arana Carnero,176.78963747186532,107.0029539409465
Tere Tenorio Amigó,180.19388512756504,67.58744693201491
Amaya Manzanares Armas,186.91350773661944,80.83068946668152
Pía Agullo Ocaña,145.6442775890397,33.01533785486169
Conrado Segovia Pombo,193.81278577874173,113.77813396418088
María Dolores Solana Juárez,186.64538732657277,37.29181804380946
Rosa Guadalupe Montesinos Esteve,144.77666870784265,34.881172791833535
Marcial Barrena Torrecilla,185.66491246902876,87.6292226816857
Jenny Pili Portillo Reguera,154.60492686295385,53.16057758590934
Luisa de Múñiz,154.61391505862022,51.22618948112103
Margarita Jerez Coca,171.16808506199246,36.28395796177058
Cirino Sotelo Núñez,153.32763878170007,48.57572159889897
Félix Flores-Becerra,164.72401228188772,105.1492011356532
Valero de Alvarado,155.68331188988984,40.11226185691083
Daniela Verdugo Díez,189.13217688977812,46.1192236816366
Eduardo Prat Ayuso,172.59981255853296,110.61939303735888
Duilio del Sans,167.1224404766556,58.75468377983376
Celia de Vélez,182.1772335608595,112.59583855109057
Fabiana Agustín Ropero,178.10614451159273,87.08912370288776
Celestina Rueda Aznar,179.89919181965507,89.90117740471612
Vilma Ripoll Cortes,181.8372898594669,34.64063700577701
Chita Vila Gomila,150.75150372977936,23.849358236535068
Flora Rivera Gálvez,182.72600174047855,41.757604360504
Damián Pons Olivares,190.30631800360155,142.66519855839806
Inés Falcón Rivera,174.39777490460713,46.47212552318038
Lope Cabrera Planas,149.8452170271552,87.95991897916204
Azeneth Palomino Mármol,152.5583030906315,44.72429753070854
Aura Valls Nebot,165.171645248188,77.64925025528613
Ascensión Llorens Juan,169.43779558870662,33.89430519421555
Úrsula Tena Yáñez,141.50822387982944,36.9740063146082
Duilio Campos Abella,173.28523952235346,33.85642272081099
Adolfo Haroldo Tena Gámez,165.28311603349186,96.58538893462077
Juan Francisco Saez Robledo,149.80467543276018,65.27015991885965
Bernabé Bravo Tomás,162.25465026987197,61.90190834426159
Duilio Godofredo Aragón Carvajal,200.0,46.47538092744707
Adelia Robledo Franch,163.94484783565014,52.36492876419698
Buenaventura de Olmo,173.74928237820393,49.02811706892912
Lino Abad Santana,190.37998509688637,80.02753474308349
Anunciación Montalbán Ochoa,181.01371951524533,121.12071403281723
Berta Luján Bárcena,163.09867103523274,36.18581822991897
Consuelo Sabater Ortuño,159.37470154369305,27.15816866166071
Raimundo Tejada,190.6712773250044,61.63288999441447
Candelas Quintanilla,161.9431306068744,71.52849957165522
Ainara Parejo-Molina,163.49553617623897,82.15783287255401
Albino Araujo,163.77600519212805,45.64802726917517
Diego Vaquero Blasco,186.52285703649108,56.07588920122485
Aroa Calvo Salmerón,196.8067063175007,154.85854801481452
Dan Espejo Chacón,148.56131482710543,79.09682215999075
Jose Angel Coca Alcázar,171.63346791085874,41.53547369299545
Alejo Pera,171.05004088735743,93.63200556722563
Carmelo del Puerta,178.4841575734202,116.99269615014312
Alejandro Riera Domínguez,178.70273739155303,32.48620920451441
Selena Belén Rueda Hurtado,167.02111868965545,29.612024159670103
Óscar Desiderio Mancebo Benito,145.38707882227698,42.51142569148389
Calista Gimeno,189.0097840936984,46.72134394413169
Caridad Vázquez-Acosta,166.47702656857126,56.51479468592006
Amancio Pintor Suarez,166.14444244640123,67.66362365715595
Marcio Cantón Giralt,155.44233638907664,93.8001025441717
Perla Zurita Carro,174.53547033309903,100.88058261288408
Eric Izaguirre Grande,168.5288560960478,62.47069282993225
Gabriel Castejón Ruiz,175.93975974020643,86.05192152566762
Julio César Téllez,168.13261510817665,64.20422443370704
Graciela Cano Vaquero,171.6810458243949,94.70997384515864
Carmen Escrivá Sobrino,171.97245355660252,69.97981140520497
Edgardo Cuéllar Páez,187.51908096335168,70.54017096418163
Guiomar del Soto,172.5883606857721,76.01632516050327
Maribel María Teresa Llamas Robles,188.88184559234884,49.63145136689521
Ulises Oliver-Recio,159.89640028993082,96.45437749915914
Odalys Tamayo Cerro,177.82904038010813,48.77355778112607
Candelas Marqués Giralt,174.0439707351229,36.46396737568195
Albino Roldan Manuel,162.96701476985157,28.33879524061985
Edmundo Gracia-Marti,187.53882055441824,45.811770046936346
Eligia Gascón Elías,174.46479936934256,57.554430610299214
Sonia Marcos Pardo,170.65931424783062,55.45849453258671
Maximino Larrañaga Gallart,155.0366108743002,69.96788843744197
Fernanda Roselló Dueñas,168.1324799450901,58.21560752568696
Fernando Rebollo Oliver,171.02750797962833,53.443963312831656
Isidoro Rafa Gonzalo Bermúdez,172.78692742625768,105.04169937387552
Cayetana Bustamante Canals,174.68588926740404,119.17706269469112
Dan Peláez Rocha,160.45219573454898,51.65057033935827
Goyo Cuéllar Amorós,182.76445734054795,102.4729205518616
Dionisio Talavera,192.18002967660684,79.68697145406995
Susana Murillo Guardia,191.27201161013488,144.2111303906104
Yago Pozuelo Ribera,166.17201895893172,29.343068332808222
Rosalía Goñi Ledesma,185.47594233205373,116.45811283530428
Marisol Cabanillas Expósito,175.37336185735057,42.3549791476274
Gustavo Campoy Manzanares,177.79683232322012,54.97979862054049
Albina Bello-Catalá,156.0838062283584,75.89927140191972
Cruz Belmonte,188.31199270021528,86.67265314223546
Azucena Ferrándiz Alcolea,140.0,74.39728033166115
Gonzalo Durán Dávila,193.4113098604519,136.8377727660507
Magdalena Castejón,168.32596440662107,92.29631583502284
Paca Coronado Plana,156.46954415729456,32.01656058548794
Clotilde Itziar Escrivá Alcalá,179.58617652101603,66.0240718428419
Toño Mendizábal Puig,156.54006220568806,27.30491426001457
Violeta de Vázquez,169.48571138156063,64.15243540932786
Virginia Fajardo Paniagua,195.05421749291204,60.81287071212151
Chema Solsona Pareja,187.6497757152061,55.67439341617448
Julia Francisca Ibarra Nuñez,184.1799323551596,114.23841094146542
Martín de Botella,178.30594096850913,115.40992764894612
Florentino Madrid,192.68968960061628,55.232385231080016
Ruy Donato Pi Falcón,188.0571914088705,112.73920242552684
Joan de Llopis,147.51291117911376,41.57695022666904
Raimundo Tomás,175.61289614957786,48.91987517287983
Jerónimo Machado Jerez,167.56244936872375,67.68740681958081
Abel Busquets Real,150.09066613171197,28.206768090359493
Narciso Villegas Torrens,197.51885899251008,139.37473872197717
Augusto Roberto Prats Posada,187.22390446975533,74.28529263221051
Violeta Mulet Luz,162.42225686007268,53.574370103229306
Abril Páez-Alarcón,156.0019115877334,95.19702894592832
Isidora Amat Borja,187.09751812000204,71.54561546765557
David Valbuena,192.3865333583304,78.8729961647937
Apolonia Trujillo Valls,200.0,136.16078411465648
Benigna Berrocal Iglesia,152.45658795228485,86.19354172284066
Lidia Perales Ramirez,188.74850535923235,41.275841103671006
María José Campoy-Arnal,167.42306320125684,58.655997176485535
Ainoa Hernando Roig,179.47985044023105,36.03827190853608
Cristian Oliveras Carballo,191.7181060176329,135.05550573842578
Nadia Olivera Barrera,167.3699654186323,53.70015820720801
Belen Jaén Mínguez,163.60182354374916,28.09863339613757
Gaspar Sainz Jaén,186.2512459508144,70.14057417407979
África Abascal Quintanilla,161.1700971311019,39.05688197852667
Isabela Carretero Rosa,163.56762360762912,83.12661354319238
Emelina Cortina-Sabater,161.43445533596727,62.52897680213668
Ciriaco Hidalgo Feliu,176.4173032672921,54.13354548064631
Pili Gisela Cañizares Carretero,180.50894898055125,82.43243793887986
Nicolasa Casal Cantero,162.18030105864312,63.39780403844989
Jorge Gisbert Villalba,183.38822699169967,106.18066401222744
Julio Lerma Gascón,170.0799285690451,71.61602464752711
Faustino Giralt Salgado,173.40806538726417,47.50306033737991
Diego Manso Tur,200.0,59.046119329132274
Severiano Eladio Navarrete Millán,176.94694940414317,119.3964929297484
Hilario Donaire,189.1307700735261,46.18016549718272
Eliana Mora Nebot,182.87099210584665,61.7464824105689
Norberto Ayllón Saez,179.32400710177737,32.86784296958997
Flora Moles Pablo,166.4736633548915,38.84444587184488
Dalila Heredia,181.8548122938518,35.469706022042494
Tomás Maza Beltrán,180.89432435501865,67.50550342218698
Tere Villar Galindo,183.49980776908183,120.67133451356582
Ruth Xiomara Blanco Olivera,167.71092066057503,45.085946344481606
Ximena Chamorro Seguí,140.0,55.96711793731439
Javiera de Gibert,180.58295561351252,80.3372629265043
Pilar de Almagro,171.31396312010375,82.32471451071603
Heraclio Blazquez-Mate,200.0,50.29253872151082
Nayara Figueroa Cañas,179.0874573910191,56.85931173492109
Eladio Jaume Fiol,169.39475603390906,39.54520230322885
Valero del Pablo,175.0958445954148,113.13719796651198
Heriberto Luís Pereira Acedo,175.99643575368154,74.67354035892723
Edelmiro Sebastián Espada,162.8390944977995,31.254464936655097
Itziar Montoya,159.58220754305208,57.43406160253522
Marciano Fonseca Gámez,179.01770089588996,90.6540772494017
Yésica Solsona Cardona,155.69886208443995,67.02081744146514
Che Ferrando Salom,178.08501226807968,34.23308174663533
Guadalupe Román Briones,144.24083748172683,24.262236669869537
Sergio Barragán Garay,186.49978230933377,116.67485315695592
René Vila Checa,163.52890095975872,51.55055347946125
Alejo Vilanova Landa,182.0494246488495,62.88584992593939
Dominga Blanco Suárez,200.0,116.81671926149056
Martín Amando Toro Almagro,152.59025325986124,71.80087635565792
Luciano Diéguez,154.132074289446,46.57491085864244
Rolando Hermenegildo Amaya Parra,188.91110539242732,130.85816690682978
Macaria de Mate,184.20155707195755,71.37372574128156
Balduino Miranda,148.05137245982598,27.19704303532852
Nicodemo Raimundo Diez Bellido,152.71343619709788,50.89149590526657
Goyo Vall Tirado,162.16409540910942,67.82183843755244
Cayetana Plaza Figueroa,165.08639944270118,73.99316630752709
Silvestre Rius Amorós,178.93160183040823,87.03292647682815
Dionisio Villar Amores,181.73952265649805,96.69679844442771
Adelina Alarcón Cañizares,184.86383275499955,69.93909380633265
Simón Fuentes Aliaga,177.83409359645398,56.37974005440397
Celso Uribe Madrigal,192.3036037368168,139.98352992505832
Gerardo de Fonseca,167.4362535931505,57.393696010442206
Anastasia Anita Arteaga Ballester,196.2364661226916,89.82736755827145
Reinaldo Águila Domingo,176.80971484516309,58.14744936080688
Leyre Benavente Gargallo,159.75962705512285,35.88535987820034
Alejo Miranda Ricart,157.31811222950793,37.14781515969987
Chucho Canals Martín,184.3676260536449,76.09240310478337
Heriberto Guardiola Salamanca,149.17022337664216,70.0225906889945
Salomón Ángel Orozco,174.3366013837164,32.55476741820211
Corona Carbó,174.22073293732345,33.13133981282304
Roldán de Sobrino,174.0823962798579,34.12897944281098
Teresita del Arranz,185.80626258239832,52.5679219810332
Evaristo Blanco,168.24277950945287,68.12428972498537
Juan José Abad Guerrero,158.440181401449,56.736841533809965
Teo Uriarte Campo,184.8003110360474,107.7348530239166
Lisandro Leonel Sosa Zapata,182.999685472506,76.4119884774714
Rosa María Gómez Moliner,164.63646345691265,35.82492446840249
Che Pozo Rubio,181.59457210581715,61.53446947458518
Aureliano Cortés Marti,180.51829408884072,104.62837536592016
Piedad López Márquez,144.15381037965474,20.831730126079613
Manuelita Benavente,172.91882565442384,59.63340072547666
Teresa Falcón Cortes,176.4538608469138,91.96414194020151
Eloísa Lledó Ferrando,161.5542784793502,26.474076340144368
Andrea Bellido Bou,197.1386858736477,97.11221911907988
Ester Salomé Quevedo Baró,200.0,58.48447305136923
Máxima Ibañez,149.49029441842708,87.14011465244764
Sonia Prats Guerra,165.7225054589028,32.83136770052339
Segismundo Tapia Fiol,159.14634856576168,53.4804552105267
Berta Codina Tomas,183.40665742507832,90.5945796638092
Heriberto Tadeo Peiró Ferrández,167.66031046387508,44.571557963615646
Elodia Estevez Valero,181.66750572067684,56.15787945239272
Plácido Velázquez,162.032196669364,91.64786785656652
Carla Talavera Clemente,176.2003645277065,57.3537980291557
Ágata Aramburu Bilbao,161.33181129411105,58.07781239988252
Armando Arana Luque,183.95101012814644,130.6563575650319
Leopoldo Vara-Valverde,183.9449841078875,44.01872891044684
Seve de Uría,182.92731885669167,133.67302635263331
Isa Samper Bru,191.23836263437815,37.26895742717903
Macarena de Lladó,145.53050612275064,66.38914510420487
Elisabet Cantón Paniagua,167.98346840955193,95.72499038308068
Primitivo Marti Marin,170.35311727098752,59.508977943623904
Aránzazu Sedano Vilar,149.6842860501348,70.84300832692531
Clara Egea Peralta,179.725310249563,44.183136202371486
Jerónimo del Coello,150.5355882103987,57.857146026803925
Zaida Barceló Galiano,149.6494757106323,55.65096662288621
Conrado Vargas,167.83880844894273,50.10862286239599
Andrea Díaz Cañete,165.2461355167328,74.31868379420133
Amando Piñeiro Menéndez,189.37595897041308,126.65703341099416
Águeda Nicolás-Perelló,165.0209914484787,30.706629528419278
Gisela Plana Barrios,190.3378303268648,119.09296344482776
Óscar Gras-Ibarra,191.14739232300383,141.1329551398384
Rosario Jimenez Casado,187.8314805118281,57.44968002841972
Mario Rubén Noriega Tudela,200.0,68.89681667640056
Azucena Blanch Correa,155.48237901875422,46.14303930698508
Edelmiro Valverde,175.20206737553002,45.54686345826076
Chuy Murcia-Torrents,166.58293595575736,30.508275066954283
Fidela Lopez Carreño,179.89880636520027,119.22057516954848
Salomón Cesar Mancebo Catalán,158.4608951389915,43.241949449753776
Borja Herrero Soto,140.0,44.16433030335698
María Pilar Quero Iñiguez,200.0,81.49491842833325
Irma Cayetana Sanmiguel Ugarte,186.00743462556932,58.70499156530559
Amor del Cáceres,164.32661690851992,57.4025020812303
Teodora Giralt Belmonte,140.0,55.21509332240791
Sonia Adela Pons Castell,162.7745852551825,36.56399971523535
Danilo José María Artigas Aguilar,171.66482484270688,101.40492020476567
Gregorio Horacio Recio Parejo,167.79270054196778,31.58075763905798
Leocadio Julián Olivé,140.0,23.39157452388422
Domitila Sanmiguel Olivé,170.35823286601078,37.82408255219416
Segismundo Pla Aguirre,189.0639497043964,68.6466727716043
Macaria Castells Santiago,161.70965473006518,63.7340945282207
Borja González Gabaldón,158.89706956478048,42.24106431026854
Sarita de Canals,179.07302943545253,73.50831204016082
Balduino de Tirado,186.96232875170296,38.61134727016047
Etelvina Ballesteros Alvarez,186.09831568615363,39.882367756539246
Chita Higueras,192.29980462416236,80.7567062216797
Reinaldo Marí-Fortuny,173.37500532969125,71.55513180030758
Gregorio Vergara Español,178.2845964318381,79.95084254447985
Marta Ávila-Páez,193.03397247945276,67.26958605970387
Áurea Ureña Peláez,160.4712318619583,34.12053577695559
Joaquín Villa Aller,189.13684843730493,68.67075067356659
Águeda Jacinta Fernández Sureda,183.3440268294391,87.72272622312164
Odalys Martorell Farré,190.2231113656753,112.11813509381788
Encarnacion Vendrell,168.24279172493908,59.26851191521555
Jose Carlos Barco Machado,179.2254850850279,122.22513360547784
Luisa Torrent Real,186.8578887578776,82.11655021223342
Wálter Capdevila-Bonilla,200.0,64.64036389004832
Valeria Rivas Villegas,157.28671515041154,51.6767749333407
Jose Manuel Reig Mas,193.0649297126174,79.51828447521163
Lourdes Pallarès,142.38154840978007,31.85523976876094
Seve Lastra Aguiló,185.85234204460116,96.8329285033349
Judith Bernat Rebollo,175.51392716661346,92.3107960105844
Edmundo Contreras Donaire,187.0056449684488,75.96861096159472
Segismundo Tito Yuste Sancho,159.3051036389369,52.61458377784916
Marino Figueras Rosales,156.61433229433646,53.87968119519584
Flor Arteaga Barón,191.6549273592533,71.33372257294903
Matías Dueñas Bauzà,184.5739198375392,68.68204541045232
Guiomar Solé Sala,180.10619082828052,124.863793817812
Cayetano Vila Ramírez,187.8593013434695,77.73531407988384
Félix Ciriaco Rey Soto,143.85015394621303,39.31089135379651
Alicia de Oliver,168.84744186921014,38.69654135587084
Jordán Rodrigo Garriga,172.6887280218217,66.73792913294197
Benita del Escrivá,173.99139414719923,83.42767950723075
Federico Yago Planas Romeu,173.0951576534044,75.8538576106143
Timoteo Conde Vélez,174.30519595630895,38.40126123401822
Pili Córdoba Alarcón,144.94298392920314,43.07036882489727
Félix Valverde Carrasco,162.09096411911275,81.35312695344022
Nicolás Bejarano Manzano,165.62456144765716,89.5522077078578
Clementina Burgos Pino,162.83268917434205,30.054883074266726
Alcides Mateu Corral,146.8091056670504,52.61398950171386
Cruz Carro Pedrero,174.34529455530398,39.169646146552566
Herminio Perales Gutierrez,188.5398178345669,59.15796413385433
Fortunato de Arco,179.90089375259024,122.46608851707164
Lalo de Ávila,171.54377375488133,45.00971281723884
Javiera Parra Estévez,171.6504844336743,40.91941397294164
Jeremías Giralt,145.37008534720968,50.42609474993232
Ximena Eusebia Cánovas Manzano,158.59236162200685,35.469504030236095
Urbano Manuel Saez Perera,156.26788669270172,45.97081309927256
Eusebia Santamaría Carrión,165.59707531687087,95.77204865304071
Modesta Luz-Berenguer,155.2759637336225,29.95535799291774
Lucila de Cifuentes,195.1541954246977,108.70868612972674
Nereida Vázquez,158.98480839661516,49.37655379471573
Leocadia Redondo Tenorio,190.9262597642848,50.5126231637884
Candelaria Irene Escalona Ros,163.54308705062166,59.21558715472717
Gabino Espejo Elías,149.706618113003,83.33346927916834
Marisela de Ramis,172.03164892401844,113.52236247664904
Isidora Sanmartín Solano,169.95743906543697,78.24075009667827
Yésica Moya Matas,145.48796017126898,49.350573371134026
Bernardino Álamo Angulo,148.54845440739797,73.61654779078006
Adelia Ibáñez Conesa,148.9484053748082,59.93622970707084
Rafa Avilés Guillen,176.66344984156456,77.37469533982323
Cristian Ortiz,165.6733042508342,97.94286523711324
Valerio Aranda Rovira,177.89751002608065,92.58033434689185
María Fernanda Melero Villegas,149.1874912897034,76.25713969598729
Serafina Tejada Olmo,149.1595894111885,51.75414645088841
Lupita de Martinez,174.04447275656793,76.37467627635824
María Del Carmen Adadia Rivero,175.40303631159756,63.86479185806684
Yaiza Milagros Ángel Riera,175.91667523761387,37.45280555640979
Pastor Guillén Requena,163.2577572848608,43.64469132540434
Juan Bautista Laguna,171.47049525438825,40.87341546940733
Leandro Edu Catalá Álvaro,174.1302061139388,75.90170025753334
Amaro Almeida Palacios,159.86959669021292,53.49305161405681
Hilario de Barranco,164.8657419652436,50.644026739872594
Malena del Contreras,167.98757743146388,35.664234585176935
Efraín Revilla Morata,176.27645171282018,42.11125415415698
Leticia Barón Antón,176.42997490512164,47.96695851375165
Fabián Lázaro Castell Barco,173.8195687291881,60.32801499825404
Jordana Baeza Arnaiz,169.16407263577517,83.1130423979392
Pánfilo Falcón-Garcés,178.53474351324775,76.69993269040593
Modesta Pera,200.0,70.150794304423
Balduino Santana,146.41254521451282,75.16331011969174
Rufino Benigno Revilla Mayo,152.52829366927082,74.4661274641699
Ana Sofía Vergara Luís,155.490909892486,47.85849416822583
Encarnacion Obdulia Robledo Acero,154.0981354181947,43.60114133681414
Carmela Amarilis Madrid Torrijos,150.36362458557826,42.20057380935905
Noé Blasco Armas,168.47158307577118,58.45865216828545
Juan Rebollo Español,161.21404982974258,69.20352584960668
Ariadna Almansa,171.50260650276198,37.98436359216599
Juan Antonio de Terrón,178.43132419843565,64.44691946941212
Charo Vargas Asensio,168.6280135385743,68.1793853442509
Bernardita Arroyo Carro,140.0,44.88624821699092
Román Aguado-Cobos,172.84190469930294,57.40348197543164
Maribel Garrido Hernandez,186.00246556274507,121.5152584218096
Carlito del Soria,156.24138064121945,68.18937607209472
Duilio Solana Sarmiento,171.54123699385292,42.052233338047216
Estrella Torrent Durán,184.15762888553587,45.70963990650074
Evaristo Tejada Ferrera,157.96607674208832,33.456437387763444
Marisela Montalbán Olmedo,176.42680594813763,107.85896176563054
Roberto de Barbero,181.55772780233173,82.47413598300682
Custodio Hipólito Laguna Cabo,170.18183833151076,98.8865305564404
Maximino Barrios Ojeda,170.3803359973018,97.49133737006188
Cebrián Miguel Beltrán,140.0,45.76901213162742
Faustino Laguna Palomino,175.95579944533256,121.62622919393309
Marcia Calderon-Yáñez,157.2007063023031,45.35145057102776
Catalina Benitez Montoya,179.5294742032128,106.14659038136892
Nereida Mate Pujadas,173.61630049048267,34.02083185972331
Daniela Cabanillas Aparicio,166.12735687675854,39.75207652323815
Paulina Rico Marqués,168.41418041571288,56.74456364059121
Alfredo de Coloma,170.28921287185625,81.14565116731937
Eloísa Eufemia Valderrama Baró,178.53566623172273,88.54841518148085
Sarita Barreda Correa,196.7262343065216,54.967005023370064
Juan Sala-Ferrando,173.34213547167073,54.39530598893504
Édgar Sánchez Robledo,186.487488070501,62.141961798000295
Reyes Lucho Sáez Ribas,152.71369126484603,64.7950924832884
René Arribas Pelayo,174.4105226675674,70.56291128221665
Dionisia Pelayo Martínez,180.4252449390122,66.93533147442672
Lisandro Goyo Perera Garrido,153.02362920200505,61.52800934127586
Félix Federico Pons Lago,195.30810173597385,91.13096406686428
Olegario Lisandro Gordillo Muñoz,162.05366297444323,66.60987180118538
Olga Páez Saez,189.1968983849516,77.00793014159402
Vicente Verdejo Niño,174.91203064795053,76.01515504819915
Lorenza Julián Portero,178.39403565592087,40.30426425709727
Hilda de Mendez,200.0,60.561698106890375
Renata Ferrero Carmona,170.56658276765427,60.02590796474453
Cloe Zamorano Paredes,171.33207078172944,56.89683490861624
Cosme Rios Gámez,167.81505062543056,38.83349002465518
Mercedes del Talavera,179.70521368296878,121.2489809634651
Hugo Domínguez Hidalgo,146.8193135840395,45.21261052771647
Belen Mayol-Ferrero,163.90371138170505,99.66383727950203
Inés Valero-Mariño,190.910378070692,41.44906969732404
Gaspar Egea,160.70237877174813,76.25764462867623
Regina Leal Villalonga,179.13067374056794,73.84696734697748
Toribio Laguna Barragán,165.04323890542724,53.29385042632812
Norberto Peláez Raya,175.14046277327952,85.86660968632512
Candelas Peiró Rubio,186.7237956990089,79.54344184472109
Cristina Quesada Morán,177.9628816822471,67.04990892987048
Margarita Salazar Montalbán,148.70993487910627,66.7634462098426
Ismael Pastor Alcolea,176.08530672610664,78.32247982371388
Amor Narváez Valcárcel,169.8354034190005,59.44596571475528
Olga Romero Blázquez,170.3225025930567,58.53955445320782
Rodolfo Hernández,158.70362834785954,54.11124407065431
Jimena Niño Feijoo,179.22919750088923,45.905785601289
Amalia Cintia Manjón Baños,155.04236309034155,70.22836157620591
Carolina Puente Bilbao,186.336067316828,66.16584284021039
Teodosio López Botella,162.61076019912792,47.30931359038993
Nayara Samper Almagro,144.21721546464474,47.33261582196232
Leocadio Laguna Estevez,196.20579709743075,81.25428209245689
Alexandra Salcedo Garcés,148.3115725673754,33.07820337278172
Jesús Sigfrido Gálvez Arco,174.10810068931954,54.10457809858132
Godofredo Salvà Luna,192.285879071762,43.41129782784497
Ramona Rosa Catalá,151.12254331527157,34.62125342901288
Tomasa Priego Roig,155.64804292033602,72.64702658407204
Paz Bolaños Frutos,189.7732083764016,129.12160362806068
Moreno Bartolomé-Madrigal,155.00697736264175,30.96016948911689
Leticia Mónica Lastra Armas,190.0860485586202,60.70209968494464
Marta Calvo Ramos,168.4705015766219,103.51213734884509
Malena Ferrando Guardia,140.0,32.410028717490874
Joaquín Moliner Cuevas,140.0,49.57520770261591
Rolando Ciríaco Gomis Cuenca,149.06432803054818,37.99253945339095
Edmundo Vito Camps Soler,173.65821908052916,33.24526733889091
Hilda Gallardo Duarte,164.7957924797244,37.58794649102756
Noelia Delfina Bru Cabello,143.21425717130865,78.44107632404483
Noemí Gallardo-Oliva,187.3577613980523,92.31066377795622
Emma Débora Costa Almazán,180.99659361019064,66.81625022818952
Moreno Garay Domínguez,145.5943032169827,50.98166748900927
Rafa del Céspedes,160.63846698655976,64.10595882273738
Isidro Carvajal,194.84508458382177,49.28539229642744
Chus Eligia Tirado Cabeza,171.33278514087868,40.28273814660923
Clotilde Castell Gámez,157.0573102884632,58.59498228415932
Leopoldo Castells Belmonte,172.88057026805063,41.768475471640045
Benito Sarmiento Rodrigo,167.79720069589715,39.80966359067554
Adán Peralta Jover,158.1718203193188,51.60580449923064
Adriana del Lozano,159.3584639136703,78.84879568675139
Ximena Higueras Pombo,170.42664026030914,59.41102217453444
Maricela Montes-Araujo,165.24094465288073,48.7756771685012
Santiago Carmona Gallardo,200.0,100.1078859642312
Nilda Espinosa Navas,198.2960466028861,86.83751329360855
Eliseo Luján Sanjuan,179.14380617740255,65.99723501745919
Alberto del Merino,160.43885425832755,83.96939182365614
Noemí Pili Bou Carlos,176.4278202473018,81.11629297926675
Balduino Zamora Ferrando,170.27461614176414,65.64553054273463
Florinda Duran-Higueras,167.85873402488068,64.00333725001543
Galo Mora Sevilla,182.08233143267665,94.11136929909088
María José Raya Sanmartín,163.39924558989708,30.41077828615144
Faustino Ochoa Roselló,177.5386762772307,77.73939361459782
Crescencia Ayuso,160.71041731467383,42.08155080703558
Perla Zabala Jara,175.01193490174688,35.55487341588995
Roberto Arrieta,180.8142690813168,51.3370901563942
Carmen Lobato Bru,171.53248680416033,37.476442426737066
Julián Ávila Sainz,180.79949459309955,37.60317192902677
Claudia Bernardita Somoza Reguera,182.78191704826887,126.53870170837214
Alexandra Ferrán,175.44351536544423,62.00378039957263
Martirio Jurado Alarcón,159.54194798818395,59.57160359619633
Ramona Estela Artigas Pagès,174.13990571212838,75.80054823715167
Calisto Cerezo Asenjo,173.9684905517652,72.58852781737009
Reinaldo Gomila Arnal,164.6049797906244,46.33914825171289
Ema Rivas Abril,175.80371933471693,48.8824918444588
Loida Diez,147.90553354917944,51.04792935772835
Felipa Pareja-Colom,140.0,69.16466685902031
Miguel Suárez Aller,165.89462603259076,31.08609207639913
Óscar Adán,162.85920563239287,64.5597761787475
Olivia Salas-Avilés,165.79364066173042,67.43637308103021
Ana Ugarte Ródenas,149.6292323027995,37.07384329182724
Febe Carballo Peláez,170.0296110646298,38.305088404283694
Reynaldo Llopis Garay,196.8551211316652,88.81921995370848
Rosalía Pons-Cerezo,142.6151483791047,68.49481813761199
Nilo Teobaldo Meléndez Palomares,140.0,24.47794331968137
Alfredo Solera Cortes,176.87563717645588,72.5450635038736
Isidoro Pla Baños,189.39744094382945,128.3748929285992
Guadalupe Lozano,200.0,138.68943221873118
Alondra Ángel Mir,167.0980805106465,110.985406480014
Clímaco Castrillo Cárdenas,157.53335366185627,53.94610204831761
Noemí Valderrama-Parejo,181.17058575914936,89.81083937259432
Bibiana Abellán Colom,169.50612229238655,54.66223892699514
Roldán Benito Expósito,180.17721630956584,38.831776895837294
Porfirio Español-Aguirre,199.5925553805589,67.80767648242558
Dionisio Llanos-Cortina,166.28942306129636,102.61169305244935
Carmelita Guardiola Herrero,168.9919540973023,37.51694467513927
Bernarda Fabra Gutierrez,194.69723346212268,96.53257993415126
Lucía Amparo Alemany Franco,153.8600322375264,49.4541001967874
Flora de Amor,157.0550823884234,28.469966677735915
Cristóbal Gonzalez Azorin,177.2522902893772,74.24502146330386
María Vega Cortes,165.5946840580378,37.92712684598224
Ámbar Aguado Alcalde,186.46341056848345,65.80358382466343
Gracia Rosselló Olivares,153.42053673117312,45.141400633400885
Espiridión Federico Varela Guijarro,197.56327709974423,55.6390165847408
Amaro Cepeda Tapia,170.25648602815386,67.21381006095147
Geraldo Acevedo Hernandez,159.77504407918298,46.98466464789722
Osvaldo Gelabert-Paredes,177.6481251223269,103.41677623434146
Amaya Morata,191.5169588790833,50.39052425995975
Dulce Palomino Tomé,147.60649613133927,44.00126855943718
Valero Vila Diaz,169.39573099924706,60.994534906419965
Américo Andrés Oliver,181.63145824244805,124.16832147879347
Renato Tapia-Escolano,178.4999284067854,65.61829418698308
Palmira Salom Araujo,167.12943689315728,45.57550079999953
Anselmo Edmundo Pellicer Tomás,180.3899753881365,69.21194584112486
Elvira Marti Nevado,172.0444763826677,42.83578385451686
Liliana Sainz Pablo,159.86474552722677,36.16791317547701
Sabina Casas,171.30823028376773,115.8127692035094
Fabricio de Ortega,186.36658886389216,76.68872326015601
Alejo Donaire Giner,175.41962448757522,41.63786033537151
Áurea Quiroga Becerra,164.5424067617191,56.56932256853139
Javiera Miralles-Madrid,169.3106056791815,59.07952789420076
Florencio Castillo Porcel,181.52911949104376,77.78395871894124
Lupe Río Frutos,195.7727749645012,93.74087142378704
Adora Mendoza-Ferrero,167.47819345713555,71.52968945883352
Consuela Esteban Solé,144.2259513551914,40.13943213819964
Sosimo Larrañaga Hurtado,185.8591520004001,97.27035806612766
Jordi Bernardo Barragán Escrivá,147.5967257499894,27.146231443615967
Mariano Martorell,182.49154526010227,120.25069286335808
Joaquín Gascón Fernandez,165.4879680045789,45.08239288755219
Teófila Lorenzo Rosales,166.85120769909344,51.839946057877086
Eutimio Alberdi Cruz,165.2544781275608,40.13582975720429
Felipa de Calvet,142.32382414111763,69.37520345225855
Rosaura del Linares,174.70575552800068,68.92520849724278
Fabián Castelló Toro,163.54459273974527,73.06640560161472
Feliciano del Bosch,166.50937922467716,32.238815798073325
Fabián Nicolau,144.41669403187706,51.28564174796861
Nacho Maza Pina,140.0,56.43482197085845
Tadeo Basilio Nebot Robles,176.2107990543349,109.03240702708965
Rosario Campillo-Cámara,152.58756256290891,68.29819387886883
Leandro Lalo Cases Pujadas,170.50512473145548,61.05894892560732
Eric Bolaños Garrido,184.78902885541345,68.86534818704605
Conrado Juan Pablo Morera Quintana,161.72332630037715,50.119431378199685
Bernardita Badía Cabezas,142.03130564753303,74.84986591797849
Pastora Armengol,185.4566905678265,67.28707360093318
Delfina Alarcón Ribera,172.65735718090272,44.91974114229596
Salud Maristela Pacheco Macías,182.74347427172805,91.78746854738286
Ezequiel Buendía-Fuster,174.74875641738203,39.59330496766936
Teresita Blanca Lobato Maldonado,173.68051204214916,56.28997596661659
Luz Cazorla,145.90737852107858,26.78638420817133
Che Luque Acero,182.7378321414396,70.04479489825678
Leticia Pelayo Arco,184.6075289717956,95.1991683302656
René Terrón Llamas,156.31496963335977,30.89397128762679
Purificación Uribe Zabaleta,140.0,28.734036432481084
Daniela de Arteaga,187.22754450893368,68.05370814491583
Gloria Leiva Bertrán,158.53478089498364,39.04240473145169
Luna Lerma,182.85326053488404,81.06899061236875
Mohamed Héctor Aller Borja,191.5761376068604,123.654025430424
Constanza de Ibáñez,170.3062159586876,76.94613759952986
Serafina de León,165.77429580025728,102.29778859933464
Ángeles Bastida Lloret,169.44415096610476,91.1333797128868
Clarisa Martín Palomar,154.58920604222874,26.766445275757675
Anastasio Ariño Tormo,176.48164094447066,31.7111371341657
Inocencio Milla,171.1438947409872,49.88054721540514
Aitor Puente Borrell,155.94607361878616,36.565321697157216
Bartolomé Galan Robles,187.3184130788836,57.391572315430594
Abilio Ramírez Peñalver,191.54766201870163,48.82809097958602
Jovita Castillo Expósito,184.6733667512692,64.94434939198753
Saturnino Sierra-Lladó,166.61831854596088,63.28996819319777
Emperatriz Sedano Pi,192.0237420857943,64.94494005433471
Geraldo Sureda Sandoval,190.9712623731712,67.10919271228941
Dani Taboada Moya,143.93620636412658,26.825113581256435
Marisela Sanmartín Valenciano,191.7394299511477,64.06944598640133
Eladio Nogués Molina,176.62846149567866,62.76069624327405
Mariana Estrella Uribe Vallejo,186.31087720670212,71.0047275730719
María Teresa de Querol,162.01387782504858,43.41650904859407
Ani Bilbao Segarra,160.6715738243432,64.94422279074591
Albert Carrera Galván,171.35083629288468,70.72032954144998
Leocadio Amo Feliu,165.2704877008206,105.27237261003222
Jennifer Pera García,171.60599974045147,58.68771922418827
Kike Peláez Higueras,184.51539383165652,110.88745486032012
Carmen Costa Chamorro,173.41022500862243,86.81968694782276
Graciano Aragón Martin,200.0,152.9141521076604
Luz del Giralt,178.17878499417873,47.52152340562389
Eustaquio Carrión Sanmartín,190.12952761502407,65.8324118256472
Amparo Carreras,162.6153901120922,69.3308356444557
Luis Ángel del Mir,140.0,24.1261498304416
Asunción Yaiza Manrique Verdú,162.64440082678738,29.79431492983685
Baldomero Cantero Alcaraz,149.9921173479324,52.32756025032406
Nydia de Vigil,175.42331707908832,76.37456780255312
Nuria Amaya Blanes,177.93900875665034,79.22715447979787
Abraham Lillo,173.71550932655495,51.21214382037368
Toni Girona Carvajal,177.1583512592252,52.06162752298988
Francisco Javier Toledo Borrás,196.7630581433049,95.87466454432658
Bernardita Ureña Heras,181.6008223032619,70.71441027560849
Emiliano Ernesto Viana Aliaga,152.74451396971503,77.76344134181804
Severo Moles-Escalona,173.3626078079399,95.29449016332543
Tamara Mariño Calzada,145.29266092878183,43.421616547821216
Guillermo Valderrama Bellido,166.17831071659643,49.03883997223684
Leire Villanueva-Sanchez,190.025678520999,66.23946382484725
Juan Manuel Jover-Ferrera,165.86263509286107,83.35233213908393
Paloma Evangelina Aramburu Asensio,188.13223522521884,106.33119814816608
Íñigo Portero Oliva,165.5646502592828,77.09756501497236
Ana Sofía del Flores,162.64831311710205,72.66746421298477
Teresita de Llorente,159.46485391000883,46.300072244486245
Hernán Soria Linares,172.03530021192702,63.16024836072022
Rodolfo Barrena Castro,187.63332948755857,66.1529479657525
Delfina Arribas Espada,161.39826688224184,63.91006147381518
Dafne Ferrán Cabo,163.44607585937206,71.52353384816419
Jordi Arnal-Segura,174.83920733722982,50.51871636347968
Jesusa Ángel Valle,176.2561996140463,76.25777073221116
Marciano Cornejo Serrano,174.1093424426836,53.941109353617705
Gastón Pastor Ribes,140.0,22.459825253548104
Andrés Castro Checa,163.18433395702647,67.1234554742198
Dora Cornejo Rios,147.43789990955395,37.57447640449058
Bernabé Toledo Buendía,171.30601090678715,55.42066150128706
Saturnina Duran Arranz,173.18922959031156,117.6215956150453
Rosalina Ferreras Andreu,185.13199822336696,131.74068397709323
Toribio Carballo Sandoval,169.47765151849,64.79528911877755
Leonor del Gallo,150.12176596630792,54.20423666602015
Haydée Ferrando-Ferrero,193.57470343197963,70.6628570120932
Lucho Pintor Menendez,148.12704403787038,34.13798469666844
Macario Roig Lumbreras,165.53522212688782,43.14713586971722
Jessica Aliaga Bosch,140.0,71.53449529869137
Vanesa Adán Feliu,168.06816707215722,74.14154113591133
Consuelo Blazquez Pavón,161.12517145343705,100.82408229431292
Candelaria Morell Berrocal,148.1190281924272,49.26222667012856
Emilio Albero Cabañas,163.4166679644756,101.9436346242436
Mireia Aroca Carbó,185.09888741386052,52.61238372273276
Darío Expósito Clavero,161.96212534370505,30.71297466222359
Martin Beltrán-Ojeda,157.51239769927489,50.83340522703067
Emperatriz Estévez Márquez,166.03326259015253,49.16624361109918
Anabel Acero Porcel,162.8996336269255,32.09742245769768
Regina Gloria Barroso Gargallo,177.07643156454063,75.49342712450695
Montserrat Robledo,166.9149131713272,70.25974267985642
Rómulo Grande-Tello,175.21208640080326,39.92085207309208
Maite Campillo-Pol,177.9002208735533,51.75401876139895
Ana Belén Rebollo,156.9172319219944,38.02795693301476
Maximino de Cuenca,151.244638157072,41.32790722180821
Alfredo Ribas Vall,175.2821818151756,87.64755618125407
Cleto Almansa Cepeda,156.82765990397024,48.90200758643681
Glauco Segovia Roura,200.0,87.66526237655793
Casemiro Meléndez Mateos,150.32490191265782,33.32308721926122
Oriana Borja Rodriguez,153.90738911507657,81.42401833209043
Feliciano Luís Moraleda,159.84600433176175,37.043334768381655
Tristán Vidal Benet,161.14112194010195,27.36491797555297
Lola Cánovas Jurado,193.58095970789745,88.00137767603478
Anna Cabo,141.34232221375194,34.263697654915376
Nilo Morán-Casal,169.20613611692823,85.57519968562114
Bernarda Porras Carbajo,191.0345336521621,98.80272947126028
Salud del Lastra,143.28401376033858,37.240288214393885
Concha Mateu Rovira,180.4416358948101,77.26615102186624
Bonifacio Alemany-Luís,186.2342840240589,63.90018836690856
Godofredo Torrijos-Aguilera,184.95880384357787,124.67104630406324
Eduardo Pellicer López,180.5686548975341,72.89944869480334
Anastasia Arribas Lara,158.81392331856566,48.545050976377766
Elpidio Montes Suarez,162.27615313049984,34.81399254311531
José María Clavero Fabregat,173.0192918695065,33.34056249539229
Guillermo Juan Manuel Caro Carpio,152.05174084776192,46.44428423799323
Felicidad Botella Conesa,181.0321052346625,46.67610631104164
Belen Peñas Revilla,157.84557463734265,56.57992473416071
Armando Tena,184.96139966406972,110.87628172672476
Lupe Cerezo Bartolomé,151.84233376051736,47.10144356255404
Anunciación Campos Gárate,185.21947896769748,48.5831093336623
Amílcar Vicente Sanmiguel Aragón,184.9153774187886,34.66427375651804
Teresa Ribes,157.41089687322489,51.836179980269584
Vinicio Perales Granados,169.84896861842316,62.89004403419176
Iván Velasco Ramirez,166.4149539209513,96.00125226426134
Claudia Ochoa-Aragonés,161.9678591635246,42.041069080706
Mario Torrecilla Sanz,200.0,91.62221391630185
Clementina Ramona Martín Noguera,170.64631067018215,97.49936004887832
Eugenio Silva Bartolomé,143.04156958400128,29.80356725195168
Jesús Arnaiz Benavides,152.68528997805709,28.518342847983384
Rosario Taboada Durán,155.62200217421693,47.28239617922603
Octavio Vallejo Luz,169.6968124181799,111.5737648691046
Nazaret de Figueras,187.5764638181448,73.68181564510023
Anunciación Duarte,165.70130112792316,35.015154197854805
Baldomero Ruiz Juliá,145.86457121659842,25.13607437588647
América de Fuster,154.42141528574302,48.4766247534574
Bienvenida Yuste Martínez,160.57720749114085,55.05679329881974
Fernanda Salazar Pardo,152.25813781420004,82.22508102222936
Marcia Juanita Asenjo Ferrera,177.23328906823022,33.27557359657673
Rufina Lorenzo Estévez,186.1081104617417,66.36994044735883
Luz de Hidalgo,164.9525065454028,95.6755016788602
Valerio Amor-Ribera,140.86306058106993,65.32422639406225
Nereida Zapata Alcántara,179.6162669746709,103.8746377319144
Delfina Escalona Maza,174.6336424273333,86.46720370868364
Candelas Bravo Hervia,170.97297547304527,115.22067624557496
Flavia Ruano-Conesa,165.2701843020051,72.82778586952459
Paz del Pina,146.96938493816538,36.82116370758412
Eva María Guijarro Boada,160.4286367537518,66.75610026262162
Gabriel Palomino,196.10613656832209,86.6389508102728
Antonio Coloma Peral,151.22269237711575,44.85891937478967
Josefa Gala Barrios Cervera,171.42528053571704,57.71413463398977
Xavier Bertrán Ortega,184.84856491021716,76.24496391825173
María Cristina Sanmartín Espada,170.3958294613648,35.44030469135353
Abraham Puerta Carrión,177.6855627562433,80.88138116114042
Juan Bautista del Blazquez,165.39280452650817,41.814112257591646
Haydée Uría Conesa,170.03397484129596,113.22109291815698
Espiridión Quintanilla-Zabala,162.6547241671851,41.01050733972151
Candelario Beltrán Arenas,144.25734872954592,53.27522943689333
Florentina Pelayo Llano,177.2924057862441,98.16076088630275
Nereida Albero Murillo,163.734848676579,69.20068052659995
Albert Dalmau Martorell,167.23853580271972,48.95504559938717
Aurora Villa Aranda,152.4490881365615,85.72018537436783
Natanael Ferrero Valentín,171.7702198950928,62.72901819159989
Clara Vicente Leiva,176.7914496548218,70.52521938956875
Eli Ballesteros,164.36212932885044,32.282280273151464
Febe Gimeno Puga,155.47310206837813,74.6881812459663
Nacho Ariel Mate Marcos,168.19271560455616,29.344835656681568
José Arcos Fuentes,146.80392354642885,24.577713220533912
Poncio Talavera,181.27521994443867,71.5758510023004
María Ocaña Guillén,144.3009576896266,26.441523076071267
Jose Miguel Pastor Riba,165.40540519030623,68.19888337127676
Úrsula de Font,147.11782817529797,44.798461539943055
Pastor Salinas Losa,169.5975799895038,104.84971875350466
Augusto Aliaga Losada,154.56096655149773,47.92129789399729
Ale Cisneros Rodríguez,163.43010921819393,64.01149323788684
Noemí Sol Cuadrado Solano,197.68689931245387,67.3938434306654
Cirino Bellido Cañete,189.01256988768884,85.69699316074244
Cipriano Cornejo Cárdenas,179.8642616936922,40.65506473943245
Fermín Caballero,158.41584036122163,56.63195045581531
Azeneth Cerezo,170.8425803846734,56.84976847077792
Ciriaco Barranco Figueras,181.03523514427812,79.62904116433137
Ale Blanca Palomo,188.55027527376643,123.78161159131275
Fortunata Casado,188.7170332566267,98.8622587647422
Luís Zamorano Gibert,185.49340651818665,135.91673721218245
Vidal de Zapata,182.80196451232257,124.12587575677236
Samanta Bernad Calleja,173.6999553088751,38.25120589547876
Onofre Torralba-Guzmán,167.29529750238157,72.03144214555176
Nacio Salas Contreras,193.5624140537671,56.8673764742819
Alcides Medina Álvaro,159.94496153395065,54.25981744306824
Lara Tomás Ordóñez,184.806574980924,39.64123967611861
Visitación Castañeda Amador,189.1653679699085,81.21116019527084
Alba Oller,165.11710514102086,92.62813989111484
Rufina Guerrero Borrell,166.73982786771987,55.92598163933275
Brunilda Herrera,164.90041797903044,66.84140241490022
Cayetana Vaquero Muro,140.0,25.599693149534403
Nazaret del Páez,154.68751312675744,49.09478884615504
Aureliano Cardona-Peñas,173.11779937774386,58.69807768703706
Roldán de Roman,172.78707659057596,118.76372012239094
Federico Mur-Cortina,168.60358587440572,107.52932299676785
Tito Fiol-Soriano,183.09675666424457,49.298895928166736
Prudencio Tenorio Barón,160.39220525791845,47.329699048473564
Eli Bou,144.22642198668106,46.877970541021824
Ruy Montserrat-Arcos,164.60948604671847,98.73001285680114
Roque Cortina Tena,156.8186647462,76.1709840558201
Berto Goñi Rico,166.62728227724264,56.018053212753934
Ignacio Rosado Belmonte,182.57507134881035,114.68749667494195
Carlito de Puente,200.0,127.36135356976146
Cristina Antón Carvajal,169.6023785089856,65.1397728773442
Isabel Hoyos Mancebo,200.0,98.26098280067194
Iker Yago Palau Peralta,172.06829890700126,69.2143450791633
Duilio Andres-Calzada,176.4851373908427,55.73078156829722
Sancho Borrás Vall,182.8719940909984,68.90891871467694
Joan Lorenzo Bonet,170.5413332036143,92.78481123389908
Eustaquio Gárate Navarro,170.44920766014266,86.56585533190605
Hector Conde Blasco,168.6705850117697,60.3530595971309
Jonatan de Reina,186.8288446125875,123.1105526200808
Carlos Ripoll Julián,190.4012263243654,107.1443928210195
Elpidio Carro Escobar,169.45441233812002,51.78638201525022
Almudena Mínguez Gálvez,176.5768497755783,36.0107334195808
Ximena Nevado Fuentes,157.2963633666274,37.66730517635894
Chelo Meléndez Acevedo,172.8106685762867,68.18178413761393
Dulce Valentín,154.80025437386686,37.96210986138484
Eusebia Tomas Machado,161.91521552971915,53.1121599794169
Almudena Benavent Castrillo,144.15328684452908,35.914972634293264
Fermín Porcel Lozano,185.56989662875336,110.0141183388919
Elías Frutos,178.79199546135183,78.20745106482971
Arcelia Esteve-Toro,181.85298950627663,80.49115156131532
María Dolores Marco,194.13436185104828,91.21967917951244
Jovita Estrada Solís,184.35642554933017,67.02226175557261
Eloísa Egea Valverde,186.386806137174,77.6987755978438
Sara Girón Tomé,155.4380907580599,54.55902082930463
Casemiro Cárdenas Pareja,170.17403860856635,38.28198341989919
Ana Belén Moreno Lara,173.7808995230751,90.5377558336773
Gregorio Castell Avilés,191.3591236429168,45.70211770760941
Haroldo Girón,147.81194480729943,48.96811130227345
Trinidad Abascal Campos,149.7015461337886,75.21607451731313
Vera Verdú Palomares,180.6842407241284,70.02992476923396
Maite Carbó,176.0595445047285,96.37543165324996
Roberto del Larrea,161.32577714736888,89.23733271660215
Esteban de Fiol,174.36909683925575,73.1190620270174
Severino Tovar Rocha,168.2847053774058,56.89784905532081
Felicia Puga,180.31858075246424,70.89184874964775
Rosa María Diana Aranda Pozuelo,174.7163937935232,39.00608062631024
Paloma Cerro Zamorano,140.0,38.47308253728754
Florina Chico Moles,153.51149607610637,58.18611371743079
Berta Vall Sanz,163.9588023838718,97.35884125468944
Roque Puga Casanova,194.93069553173743,144.92526569239027
Candelas Téllez,176.58240116157637,42.52201972231933
Basilio Cuéllar,162.49690385042413,30.57331421339667
Dalila Cordero Salgado,170.02165676722805,84.70705793508344
Jose Manuel Iriarte Moll,167.17112458673134,42.90413694766575
Lidia Soriano Pera,193.1844773206543,142.7628983800845
Luciana Porta Badía,165.1753953322516,87.43736030920098
Eva Perla Paredes Gascón,166.39073899160675,29.591376603104276
Aníbal de Criado,173.58146596143197,55.83670355120628
Bernardo Blazquez Riera,168.42598474639206,34.88914809927923
Josefina Verdejo Esteban,169.02645314037744,64.78675602948043
Albert Baena Ruano,162.0954967073056,76.4124559828806
Belén Georgina Herrero Bru,171.57037203214398,101.93418761131494
Hugo Ríos-Almazán,172.79488228995442,74.08684467992114
Raquel del Rubio,150.9041896698054,37.81601801626069
Paulina Sureda Caparrós,156.0640799744519,68.66283354356666
Jimena Vidal Neira,151.49636491054258,42.57554887074052
Valeria Francisco Vega,167.54016427823126,64.91485593280038
Haydée Mayol Arce,191.13816465881737,103.13871134672972
Alejo Vilar Bastida,165.9650787998374,82.30538834931201
Ruben Torre Ruiz,188.89719745967787,56.54706779372654
Ciriaco Roldán Angulo Blazquez,144.90296173104713,34.54620589335536
Ariel Marín Vives,166.87455527732317,65.32392398654258
Vito Domingo Pi Olivares,173.2123340508594,50.856082397722986
León Germán Tamayo Jordán,148.59354918567436,78.18346417917337
Joaquín Tejero Cisneros,160.68095788274152,57.48790848780402
Dorita del Castejón,166.55622562816242,61.85601055079182
Encarnacion Atienza-Sancho,165.75026244823232,33.914266142840944
África Esteban Blanco,178.21273137538455,77.10983512709694
Arsenio Puente Montes,166.83496315529888,59.88363031987007
Salomón Fabra Capdevila,157.01800680147838,80.68856927232919
Ligia Quintero Pina,177.8741984653321,56.67845153216327
Yago Rosado Campos,165.0133633917734,66.14336670118182
Jeremías Madrigal,161.52482524039178,97.82570816887188
Tadeo Coca,175.3682900523658,70.92821859734808
Gabriel Bustamante Nuñez,170.31146400113278,48.66340223407324
Marisa Torrens-Noriega,150.63593671782027,66.57284913808635
Nicanor Gallo Santamaría,159.28424196505156,55.71156081963191
Horacio Checa-Borrell,140.0,54.52588569624559
Jesús Lluch Amat,178.0568714143889,48.990042843550256
Loida del Huertas,173.79782331642164,32.685481496271606
Loreto Aparicio Almagro,165.6481286308139,68.03831543651718
Aura Olalla Clemente Villaverde,169.31170340171573,47.00255717786893
Isaura Fernandez-Quesada,168.92638741355364,109.23631673987714
Renato Sanmiguel Viana,197.8052916389926,40.2584445127466
Bernarda Pedrosa Soriano,170.5945580740289,114.15301375709991
Jaime Castells,171.61073679234596,38.46340939900688
Rebeca del Gonzalez,176.46897970623695,55.610285319147344
Borja Cueto Valderrama,155.5328964279614,46.07891297670956
Alex Raya Ferrán,176.68347066521895,47.8956650251946
Juan Manuel Capdevila,200.0,143.86586088927982
Casemiro Rivero Segura,160.82586935306205,58.51073561722814
Onofre Vizcaíno Cueto,158.8600423219876,80.65468084019616
Victor Gómez Bernat,188.1666248716592,139.547516404789
Valentina Company Sales,173.5573069391725,60.82216141327933
Adolfo Amorós Lledó,160.24427099554543,78.81042882926185
Hugo Carballo Gelabert,166.57900898986568,57.47456154903082
Mario Barros Bustamante,164.76717594964236,106.45302733694771
Cesar Viña-Fortuny,178.9918562500557,36.88664322013425
Íngrid Ledesma Sola,161.53440225704898,74.94290004348879
Julia Gallo Urrutia,166.168985697203,104.39644405517102
Artemio Castejón Jara,140.0,19.97820949920984
Leandra Castrillo Almansa,155.3978981679817,56.07276345181165
Albino Blasco Tapia,178.44759659518746,110.61721049456226
Amaro Guiomar Pujadas Fiol,140.0,54.02143965933988
Pascual Ferrer-Mariscal,150.82887563471647,35.61352324994465
Aureliano Isern Chaparro,152.41773478062188,37.66283269357979
Florencia Tello Olivé,181.8909517396252,112.04636714526016
Lidia Castilla Ribera,166.33100788935388,52.72686969546463
Jenaro Diez Vergara,198.5422513861968,144.9173170069563
Cruz Cantón Vaquero,178.03276042461803,65.27035747838173
Fabricio Simón Guerrero Sarmiento,196.0312246934867,53.066496787918766
Blanca Gámez Ros,178.5979089365693,73.6342280592385
Aránzazu Pont-Jover,156.7098173148898,63.58558047900962
Débora Cepeda Bueno,191.25367532999363,132.7378770769325
Javi Clavero,140.0,44.45030715131142
Candelas Xiomara Juárez Solano,172.26815659729175,89.44303322018493
Borja Lobo Sotelo,170.50872706477912,51.560230059343255
Segismundo Soto,169.1865657147268,69.96290572862583
Candela Valencia Bas,172.87579405761997,73.9834097479565
Bernardita de Bayo,180.920008771388,67.58007939789361
Ileana Ordóñez,152.47648690728118,25.866716827426576
Patricio Ismael Valls Anglada,174.27828118146752,31.71989782832758
Fermín Márquez Pedro,152.8068409561581,47.26559547438772
Mauricio Viana Moreno,194.98030838136305,149.77105131198803
Adela Gimeno Rocha,177.98815930765173,59.68664528060624
Teodosio Artigas,179.1395422823383,88.0848813451505
Abril Adadia Sanmartín,178.15203058673902,53.6191274568295
Octavia Salazar Arjona,163.74062928683637,94.87178248001956
Amada Zorrilla-Beltrán,164.55948896116834,71.50817012867442
Andrea Santana Rojas,161.45839264789805,100.71146290300892
Pili Sosa Clavero,186.7895212495842,135.4660022517889
Santos Cazorla Lledó,178.94795925631172,62.99172947586748
Pía Coronado,170.18986621685306,79.1959774277062
Telmo Casanova Jimenez,140.0,57.54417972002145
Lisandro Edelmiro Navas Rosell,168.03817236206012,105.11799924520724
Pascual Verdugo Sevillano,195.1826372371531,89.47063735687206
Juana Antúnez Castells,169.88096682863517,58.51524570858645
Sara Marcos Moraleda,173.2522278269252,74.62437554524612
Eloísa Tenorio Serra,169.6617797804456,61.17606010675161
Dorotea Pepita Duarte Gárate,170.77726579800077,88.39273332683042
Feliciana Agustín Sandoval,171.61068979916882,56.36695252775187
Paola Vázquez Bernat,181.96735309803688,121.85407585026736
Carlota Odalys Fabra Bernat,146.70290225822416,43.05769837946427
Severo Moraleda,168.08539841942545,108.54228837545136
Aristides Catalán-Jaén,155.39495162407118,52.0115664784629
Leoncio Requena Cuadrado,168.27079963965932,42.65442121155934
Rico Godoy Cadenas,167.84076194053895,45.21115835869857
Genoveva Paredes Patiño,189.1210081414825,38.570861968444056
Marcelo Cerdá-Samper,155.38329351308687,58.31859481991405
Reyes Cabeza-Calatayud,173.40471161140866,72.06407339381965
José Lucas-Valencia,183.15703001176283,41.55129447870022
Jesusa Beltran Ramón,173.2539119204879,89.75823596690503
Maxi Herranz Gomila,165.53012632095198,59.70140139761317
Angelina Fernández Reig,178.02852188559194,53.50174961858673
Lope Peral Múgica,158.75312853249525,46.51648013946344
Mamen Pellicer Tejero,172.09750402442492,44.09949619987191
Brígida Garzón Ruiz,186.0367302884408,51.40784131174354
Isidora Llorente Esparza,169.9312026810157,90.16088238497878
Mamen Julie Castilla Santamaria,189.6036389404649,77.47777267679487
Miriam Salas Barroso,180.59520613038688,53.74363207517427
Adela Padilla Albero,159.0824999043871,32.52023724800885
Federico Ciriaco Perelló Vera,140.0,35.12443069525916
Bernardino Andrés Vicens,186.40594952091325,134.3599398415398
Josep Buendía Salgado,181.4445944672219,74.73551809272038
Julia Piquer-Milla,171.71608013630487,55.35222402966779
Chus Leire Arana Carnero,173.14162950159053,79.34260644775452
Dafne Dávila Grande,168.5750327989232,88.02082779493094
Cayetano Jove Campos,190.224134776115,69.15611512289144
Pelayo Busquets Torrecilla,159.1736678920499,88.84842317292508
Ignacio Martín Tejada,164.0023588561555,71.78305639512365
Tania Moll-Duran,162.94171576926018,29.954387977799925
Cecilia del Tena,173.9554425134595,71.58231073103043
Teresa Verdejo-Llopis,180.43790618726425,47.2193198868295
Crescencia Amelia Trujillo Cardona,174.17128282674048,68.91163432815645
Asdrubal José Ángel Arjona Valle,168.09979262054017,86.77213306696851
Felix Cardona Chaparro,174.30049361335745,60.02448946118608
Clementina María Cristina Alberola Campillo,179.00119467394853,58.12698449752365
Jerónimo Bru Paz,181.24858995315165,115.05703211935192
María Manuela Castillo Arnal,175.46059262480998,77.85624669926459
Perla Valentín Cerro,172.65084390607743,55.39048447123832
Palmira Ros Martorell,147.19840454234196,46.271529736865645
Patricio Querol Vara,169.90396150276132,48.30750195914471
Marianela Menendez Mesa,181.87033770989447,40.09692330673435
Lupe Elena Leon Gómez,157.71601142805227,36.98842603798237
Marisol Moya Heras,169.2932042789243,85.01272321406924
Sebastian Velasco-Lopez,177.50042975911902,50.65869599688673
Marisol Navarro,161.27008269136698,56.17512491874355
Rocío Valero Tudela,156.72839750662664,40.6155600399042
Antonia Colom Bermejo,196.0729016151748,47.54565125407731
Lorena Gema Guijarro Agullo,186.25361490826447,62.13197752776325
Isaac del Paredes,168.08187528172837,99.04012259826835
Armida Palacio,178.64718577245029,36.3755717960703
Marcela de Busquets,180.25539306152567,118.59299182548143
Nazaret Sanchez-Bastida,169.8834917322432,58.56817949414408
María Dolores Miró Maestre,174.91018167060278,103.0014452416518
María Caballero Espejo,175.60884841030423,33.81440095043836
Jacinto Araujo Cisneros,142.62121565946416,55.72719058740488
Marcos Villegas Echeverría,177.71727978635496,55.71496475782075
Manu Busquets Muñoz,185.8362381911252,122.63083918066738
Ester Benavent Salcedo,173.41827762818994,74.2095630574025
Macarena Puerta,185.13837203961404,57.089338043302206
Natalio Ropero Barrena,168.84447307288417,47.44532507280725
Celia Jover,176.1234324910584,39.49225324365492
Jonatan Llanos Machado,163.80201564303687,56.87385531852654
Maximiliano Marín Checa,167.11316418799876,68.99876046451807
Martirio Salom Campos,141.79716147078088,31.88624115943383
Micaela Pelayo,164.27162676339236,92.66056560525983
Fernando Milla Pizarro,179.68538725282508,105.1343627508641
Jacinto Iglesias-Fajardo,178.09032712674806,72.11500683004431
Pepe Quique Losa Méndez,196.64828194886965,92.47707586541904
Américo de Sola,181.12786650975548,65.65676841350708
Lino Casares Pons,177.70110871608026,53.23797263122755
Nicodemo Nadal Llamas,140.0,34.34886115918373
Noelia Riera Campillo,150.1975024383892,24.20188849880453
Macaria de Granados,174.86315026264126,103.63523831921634
Rocío Blazquez Cruz,145.1380340964705,22.602090099759653
Guiomar Alberola Simó,162.94421289340585,26.70540673011879
Lucio Mayo Gálvez,174.9349431503478,61.373882623595065
Bernabé del Quiroga,180.3384726011224,73.20206677430544
Fito del Ballesteros,161.91356958904407,52.34901519341084
Reinaldo Asenjo Macias,148.48322223788423,73.26723798912685
Telmo Carrasco Marti,194.88590387572475,86.05446997904338
Santos Mendez-Camino,167.23641036391112,42.04666603811535
Manuel Lillo Peral,188.70560033802943,123.38943051934432
Olegario Leiva,173.81862552061312,58.0988740760123
Pepita de Cabezas,170.955723855795,59.56273926619187
Javier Río Gárate,189.50700399244428,86.43048555450248
Julián Cuéllar Garrido,176.934027888995,54.44868426776712
Luís Poncio Coca Goñi,161.63514427192456,62.70075069408252
Soraya de Palomino,188.81769109106423,46.25336785434128
Gaspar Benavent Gámez,192.9970816563633,57.93292053920823
Diego Gámez Perea,200.0,136.7271046340224
Baldomero del Fernandez,161.771966970976,55.14634580768112
Natalio Valls-Portillo,192.82702552249305,74.94892658708697
María Jesús Echevarría,169.66697781510405,63.40021360489497
Juanita Alcolea Navas,184.2638456258176,73.46698938339374
Estela Pascuala Egea Huerta,140.0,68.7906459842664
Antonia Fajardo Pedrosa,165.6869019642197,41.48345404860147
Plinio Zamora Iriarte,167.12845683502178,43.5961192103633
Encarnación Gutiérrez Solana,180.7195602816535,61.052631644590896
Olimpia Vila Miguel,198.4647407262307,104.41692900917316
Reina Cánovas Girón,187.22106280124203,115.30340133966624
Berta Canet-Múñiz,148.66400225615473,80.35941370966475
Jordana Araujo Salas,178.8731945182339,58.02302202192279
Celso Amo Bolaños,177.73758415348482,84.61876762377433
Ambrosio Colom Rivas,187.85838470258656,90.87428358420148
Lope Ruano Barba,161.9525718648993,64.3631506155726
Gaspar Tejada Gomila,186.9981039978911,42.74224798734738
Manu Lázaro Mesa Carreño,146.0574840023092,41.714432580761965
Ofelia Salcedo,186.24750806010908,128.6204149953731
René Luís Codina,166.9448699644453,30.81858653573363
Samanta Saez-Rivas,163.84080888536016,40.373612910167765
Nicanor del Pozuelo,181.1197418771821,46.439831860035966
Nando Malo Ayllón,175.68102638708055,48.908450753551634
Lina de Pino,159.88586656680715,56.167496028679885
Florencio Carlos Amores Calderón,166.39556529648308,36.26673275959127
Úrsula Rodríguez Castilla,180.33302591547664,118.27544469571764
Eligia Villar,169.0248855205941,31.25834231433253
Poncio Rosell Trujillo,184.07594675715575,100.80780597322752
Sol Perez Larrañaga,159.17107096166188,58.31382888365439
Ana Sofía Soria Santiago,178.71535080881736,40.10180207176883
Lucila del Falcó,166.39937850773842,69.28942031362917
Montserrat Segovia Farré,163.0971739174665,52.59826029347836
Serafina Ramón Llopis,162.2442120435462,55.744614160353365
Pastor Macías Peral,148.7084337140787,25.368655587721197
Carlota Pina-Bas,154.8885103993431,44.10228034963276
Victoria Pardo-Acedo,175.2069442579238,71.81472160588854
María Teresa Mendoza Ramos,176.6465136716533,45.27514949762322
Nazaret Lobo Prado,158.84163171133827,68.95062309796816
Angelita Salas-Cal,179.93008082228843,97.56134910809304
Georgina Luz Pastor,164.45132440119258,60.57785252287238
Miriam Casanovas Benito,177.92058023431318,40.8097134112538
Eric Font Valenzuela,168.57890645955027,75.39906536240235
María Cristina Bermudez Valverde,174.06739152655595,67.0697224624437
Prudencia Iñiguez Portillo,167.6429759679434,33.106536963653056
Gaspar Rodriguez Valero,190.30265347796453,54.490668921740486
Octavio Figuerola Bertrán,182.1347812799501,131.3212450990633
Gisela Rico Cuevas,191.82797279113925,80.75670883093947
Maura Rius,188.082080667307,39.92898054849377
Leandra Pastor-Villalobos,171.81137208104897,49.49340623695049
Haydée Zapata,166.70455397346635,110.90958350482283
Obdulia Nerea Salinas Ramis,191.3047095569821,113.78801839983494
José Mari Peiró Hidalgo,178.08073124253636,78.93230927811781
Nacho Gallart Losa,147.8758086690505,27.913174679291025
Marcial Jose Ignacio Casanovas Vigil,193.46163963564632,71.20080641136263
Trinidad de García,159.03250005268245,77.92768380382567
Delfina Maricela Jover Paz,180.20604853940355,74.09254955260069
Marco Alvarez Caparrós,157.84969612673152,49.67214947857807
Ramona Aparicio-Pombo,180.0885857283311,110.74941062858082
Fortunato Redondo Castrillo,173.1050498731606,86.45778369881917
Carlito Alcalde-Salom,194.3372464086332,86.60350970307132
Maricruz Oliveras,168.76527541506096,36.06359785084191
Fanny Ruano Macias,190.65820121410616,93.26580434556828
Emperatriz Rosalinda Guzman Cadenas,155.7802650536155,27.955094758279728
Jose Francisco Rosado Gascón,178.72816487056983,73.00658988390991
Arcelia Cantón,156.67892033834815,61.05763357416866
Poncio de Seguí,173.79832042395913,75.56107407306878
Reyes Santamaria Perera,160.85721555160885,58.56058439380208
Amada Piñol-Bermudez,164.7166362582096,78.03847296123134
Ricardo Gras,200.0,152.72368310014377
Sigfrido Parejo Serra,197.7242893471102,43.078396911836094
Ruperta de Domingo,174.95878077657008,80.56575088645003
Anita Baena,199.88907846702287,67.26458997335615
Sol Blanes,174.05256543464398,115.08973341749584
Isidora Adora Gálvez Tejero,157.0552305423625,28.60166777250038
Leopoldo Bertrán Frutos,161.2348353114761,52.61180601863621
Jose Camacho Llabrés,184.4234465139719,72.92086100321492
Dan Alba-Villar,189.2893301907003,109.12555280704628
Isaura Ariza Vall,187.50998883347285,98.29148269286505
Pacífica Sara Marti Alegre,166.05170428372708,80.48568217812247
Brunilda Yáñez Portero,161.99593424226794,60.94791908914943
Tomás Camps Higueras,153.78108850700605,52.85901515448245
Ruth Aliaga Díez,160.69168644947982,73.03292670259975
Efraín Enrique Molina Vaquero,149.5955801065893,48.88888249508458
Rufina Alba,159.25079971440567,41.35765091147788
Lola del Pellicer,155.2550761519797,87.88336173034875
Ema Berrocal Falcón,151.84134304670886,59.342954941585205
Fabricio Royo Luque,160.29406611698926,53.57871038745871
Clarisa Ximena Campillo Valverde,171.04393573641062,70.22058319582113
Mateo Rosselló Toro,173.6529218843621,113.12422700579974
Angelita Clavero Rius,172.78342107364736,68.38080513575943
Renato Rodrigo Daza,183.38730928719727,94.12038421251404
Cosme Gallo Calderon,177.2956394233273,68.88598288325797
Jose Arribas Aragonés,195.40788828048744,43.00493733001843
Heliodoro Morata Pozuelo,178.4133620252029,37.24222065581674
Jafet Hoyos Esparza,140.0,39.339280704963855
Jose Antonio Palomar Sainz,166.81682401711456,63.8088699138098
Luisa Portillo Verdugo,180.1933897459844,72.18414569103676
Edelmiro Ibañez Benavides,180.3125654755536,58.16944644219833
Guadalupe Amaya Gutierrez,168.002580907117,34.498234087350625
Amarilis del Carranza,140.0,35.88300798076945
Manola Menendez Arco,167.88084184862154,48.48812109838042
Angelino de Varela,171.68072946282626,53.810477721326905
Álvaro Fulgencio Arias Juárez,157.79647091228546,52.364164838878416
Cruz Carnero Mendoza,145.04767254067357,33.4437624401181
Angélica Eliana Llanos Benavides,170.86064784874077,56.01929205494878
Martirio Bilbao Grau,182.34528713931203,80.39185618882249
Nieves Rico Antúnez,175.5938076920753,108.39584776489816
Leonardo Fuente Redondo,184.96583537899232,59.91429089503794
Hortensia de Verdú,180.00058937566757,106.0814213664101
Obdulia Gimenez-Agullo,167.28281047641954,82.68319281147316
Caridad Salmerón Vila,187.01522764958503,107.62842629973598
Zacarías del Olivé,143.76774777453795,42.25956286282296
Graciela Hurtado Alegre,179.9349659583406,110.97675108858522
Emilio Valderrama Suárez,156.56803572253142,36.65159370427602
Marcelino Almansa Sans,183.07691666909147,81.00987502870018
José Josué García Azcona,185.8049423932748,60.44154662269679
Marcos Acevedo Roldán,157.73104208686237,39.79162970391618
Salvador Merino Benito,182.15193211605765,48.924273514834056
Angelino Tena-Higueras,169.91452511439766,40.78902518474404
Melania Villegas Córdoba,171.17654378105755,41.09418278864646
Joaquín Agudo Aroca,167.93756203546258,56.96789821787077
Visitación Bernad,167.71810733776513,79.5356642729037
Jose Francisco Adrián Toledo Lladó,145.5150597701126,66.27731962480271
Aristides Jiménez,193.3967587272468,46.18158073532885
Fanny Mayol Ureña,163.12767695035444,101.25169074140705
Leonel Aranda Jordá,140.0,42.01856139224021
Leonor Tormo Palomares,162.48189302958943,59.11605739327333
Guiomar Pomares Pineda,170.48754688021472,50.35116983212016
Marcelo Niño Sanmartín,168.43421696520022,47.70274126390429
Renata del Plaza,175.28588460771095,57.06921223600828
Noé Caballero,186.2310385020386,65.56725145938326
Casemiro Ramiro Cantón Guzman,161.3822726090656,90.31264318280353
Vanesa Baeza González,145.601068725713,60.07236344417322
Aura Salvador Llamas,163.79760716666902,69.27904258014897
Felipe Urrutia Maestre,157.469298279145,59.13238324819622
Vicente Espinosa Narváez,181.7029828984116,110.86036966036284
Agustina Castilla Elías,172.2347425472714,109.5720708358542
Ainoa Jiménez Peinado,172.93620422786665,36.42770141511436
Juan Bautista Juliá Carlos,168.41730557303086,57.9113162103706
Ágata Verdejo Iglesias,162.9586488990028,52.405888089573125
Zaida Haro,177.45007902250492,49.011862772734986
Leoncio Acevedo,173.9629074995491,107.961768957667
Juan Antúnez,194.39174958350748,66.84196082243426
Bernabé Manuel Cantón,189.65639485056155,87.77323525416308
Josefa Perelló Sandoval,167.92184923619035,69.21736234118816
Ricarda Moraleda Roig,157.50005437003253,35.13974876611551
Raúl Graciano Fonseca Maza,157.94252099265668,53.2594306083564
Daniel Balaguer Vargas,169.21027519737342,41.93333465356929
Heriberto Gallego Aguilar,146.21461178083993,69.97827816615619
Jose Miguel Español Aranda,170.00368473620668,58.288338219477616
Gala Ferrero Valero,173.04645896131908,74.44237031482984
Calixto Fiol Villena,175.91548546836032,63.267093268609074
Amarilis Cid Domingo,172.1769501549969,46.66875079368394
Carla Viña Casal,181.78190156274803,74.70556850653608
Íñigo Losa,158.4024225692409,69.99446305482363
Fortunata Girona Pineda,188.45606161695213,70.50448904837543
Eusebia Ferrán Benitez,176.39776380118428,75.44820381452486
Rosario Torrecilla Álvarez,140.0,35.25181765018176
Hortensia Pavón Aragón,164.4379484634455,28.202769371719597
Germán Gomis Alberdi,172.52367555258692,97.75632616132724
Josefa Grande,141.04975937527982,33.09292128002638
Miguel Cal Nogueira,187.6134414750502,124.1477414390088
Raúl Samper Naranjo,162.28904464628673,60.25116505595693
Reynaldo Sánchez Prado,157.2423628727636,63.65157845769152
Martina Zabala Camino,159.6579644296166,28.23623396007959
Lucio Hervia,158.93775002406795,37.28090485274237
Laura Estrada Amor,199.1333083309702,122.22953045289952
Feliciana del Solana,159.58198753721388,65.17859631570082
Valentín Miralles Llobet,155.76186313092035,44.04874483884506
Sabas Edu Chaparro Sevillano,166.34557307385978,102.48707489099226
Rosalina Fábregas Escobar,187.04250418815224,96.32355121001976
Sonia Roselló Tirado,200.0,81.91431246975651
Maxi Jimenez Mínguez,148.8755723420234,42.187123951239045
Venceslás Jenaro Porcel Gomez,175.753612231824,93.07743568055692
Celso Severo Garay Aroca,169.70332348323294,67.93619218647615
Roberto Roig Abril,155.7944229538389,63.37934092170345
Aránzazu Irma Oliveras Cerezo,161.64231089895782,59.41548295687529
Graciana Águila-Agullo,170.3071743621392,59.446884493571936
Jacobo Segura Luque,175.3583363061287,72.15581014041193
Asunción Morillo-Sanz,146.57147971860115,37.84831247660518
Benita Morán Segarra,176.55983461727035,123.08030758540188
Bienvenida Manu Zabaleta Estrada,171.390812166525,70.52041991923738
Amancio Ordóñez Sotelo,178.4196090618441,115.53642286703304
Odalis Juan,150.1673060104503,80.8460671795724
Tristán Hervia-Catalán,146.0736913070283,52.597710429110734
Marita Juan Jaume,200.0,115.6788656217035
Ana Cervera Zaragoza,140.0,60.14683975004126
Albina Cánovas Macias,175.891610320393,53.413985989788
Flor de Soriano,184.194042284857,121.35730325726789
Isa Perez Saez,150.69971717196097,51.55035273260248
Gloria Perera Solé,155.00411965446838,50.94605581367847
Juanita Montenegro Torrent,158.71066563006875,35.40951640155644
Maxi Barriga,169.6088621720853,40.21336459515779
Jordán de Almansa,166.85195945957818,42.26918217342556
Dan Juan Rodrigo,161.03883990525267,49.20655336848754
Rosa Goicoechea Casals,151.08247022006074,43.317056406271625
Elodia Giner Garay,160.28079933633956,56.91948153122747
Rodolfo Ángel Trillo Cordero,186.87315140146163,130.17684097313753
Teodosio Guardiola Bárcena,179.48507210608173,89.05274018947068
Virginia Salvador Lloret,157.98310334539292,26.998599854695644
Renata Bas Torrent,160.0894871294738,70.720350467694
Mirta Bru Botella,153.1472456430348,51.820563488897946
Marianela Pedrosa Mosquera,181.21431097208463,79.48799276360992
Valeria Nevado Piña,173.89555636156788,111.86951487539972
Jacinta Barrera-Ayllón,169.1698377877947,62.03448436728954
Paloma de Cárdenas,180.44098675575145,60.62957281060662
Francisco Múgica Ibañez,168.83845695049442,42.11820629130436
Diego de Cañete,173.86901755933934,100.4281284023366
Sandalio Abella Méndez,200.0,75.96361117742276
Flora del Carrasco,171.08745888271122,39.22050336328496
Bruno Tomás Redondo,151.01470817421298,37.1065080646668
Mónica Varela Lamas,162.8488837536329,55.996660021987466
Fabio Sáez,174.29933981584662,110.46029674436087
Jaime Vaquero,141.75498564793497,32.52511319754285
Leoncio Español Conde,171.0794041153133,32.540028408922936
Lucho Rosell Cantero,169.32841146384567,45.76558917042138
Albina Ferrán Asensio,153.6771576873426,79.81092854035556
Noelia del Ariza,178.798927976835,74.12559843947054
Abigaíl Pallarès Manjón,160.80251386527766,39.10705361985696
Rita Sotelo Manzanares,200.0,82.627830647493
Hernando del Viña,178.2395368761008,62.533814462819976
Isaac del Casanovas,170.57540526834094,49.127385043554185
Andrés de Trillo,169.31933637572465,112.47109573300068
Almudena Jordana Redondo Cuenca,169.78527626523723,38.39336507910714
Flavio Morán Guerrero,160.2211330025669,56.19837131051783
Rico Cañellas Juan,160.40925112528933,43.02096177087988
Calisto Suarez-Pizarro,192.8517064326183,111.33786442051924
Nico Arrieta,155.97950464854878,66.21267000854066
Josefa Sacristán Andrés,167.74554522498244,52.64032163100905
Bibiana Rosenda Andrade Garmendia,178.87519073328153,42.8643799269033
Rufino Sáenz Serna,140.0,38.43410800821515
Manu Vidal Alvarez,152.2718751158682,33.02722778681185
Roque de Baeza,154.79667740436284,49.63413127440889
Teresa Giner Mascaró,159.57173074659366,28.982081897893355
Felicidad Alcalá Mosquera,193.6266754372396,38.63150215327947
Xiomara Natalia Barroso Lago,157.97585653331438,39.57411489043591
Jose Antonio Acedo Gelabert,170.44176400227812,82.6664519236657
Luciana Arias Beltrán,152.35511805780675,37.8313103641056
Elisabet Alemany Carrera,164.48355194124994,58.79408846312131
Carmina Nebot-Aguilera,169.50696324493728,69.68525330660273
Baudelio Jerónimo Cañizares Aparicio,158.45122381074285,31.014246813955587
Rosalinda Caballero Benavent,174.2747063508292,56.79488568732437
Carmelita Jordá Busquets,172.58923206226973,56.83802541905617
Luisa Páez Solana,144.10080714679225,38.706535029025055
Moisés del Miguel,195.03138960381864,53.913680953698176
César Amancio Agustín Alvarado,152.96627962043632,57.92237954266817
Gerónimo Ocaña Solís,166.29506010286966,45.57833586698726
Amaro Galindo Morán,166.51589680535588,57.38155993021962
Noelia Cerezo Serra,173.6362581979141,60.19552773383244
Vicenta Ribera Vázquez,140.0,60.19926471599016
Alberto Lladó Tomé,175.8665687432889,72.29161905353725
Victor Gonzalo Villa,165.84426541219926,62.031832098125655
Violeta Osuna,178.2227326430623,104.37553493239253
Nélida Odalis Requena Sanmiguel,184.57021058779455,52.46258096358664
Dorotea Rozas Carpio,191.01486305293787,58.8257620672412
Teodoro Lumbreras-Linares,171.29662331189814,114.49944833643376
Crescencia Esteban-Palau,167.96275975255958,44.63037115154927
Perlita Ferrando Reyes,191.23441873740092,57.32465139009551
Cristian del Mercader,146.92802384997822,51.75132892870499
Estrella España Patiño,179.71871179261817,39.26731424360821
Berto Lago Hierro,177.03873685175805,100.23173175858452
Aníbal Iglesias Ropero,200.0,77.9414588307565
Marcio Alcázar-Lobato,178.9337324858599,116.18246632309204
Marisela Bertrán,159.26242989951425,61.75165160149897
Lola Zamora,169.4290346168384,61.62551858798218
Bernardino Castro Poza,177.82268855653828,114.88489299860052
Herminio Tomás Almansa,163.0620124237664,96.03522166055468
Quique de Coloma,198.8696631440986,77.03597486275876
Eligia Echeverría,143.62661189884255,57.0538076444136
Reina Lozano-Arranz,150.84053078422886,74.52501612224583
Juan Pablo de Álvarez,192.7559068338992,42.13439416197016
Patricia Toro Palomo,150.2341024158431,53.95321062828014
Seve Tenorio Salgado,169.0145750272214,99.41385796395112
Manu Cantón-Morell,164.57262755179642,98.30604020755572
Valeria Zurita Bermudez,175.024001930248,32.240484653407435
Trinidad Céspedes,173.8752070429156,111.8653153383344
Ulises Lucas Morera,162.46852154045288,88.54641651737126
Clímaco Pi Revilla,178.4377896661927,88.00107911577783
Berta Morell Bastida,166.2130507873993,30.398337138549238
Víctor Boix Villalonga,162.05632043329143,70.9499954583743
Cosme Carmona Benet,185.94871828345572,51.68445591052063
Mariano Estévez Carretero,143.5415123631325,47.45830836992202
Lucio del Borrás,172.98484081933182,72.6024080221776
Ismael Tejero-Solera,200.0,119.4802582866765
Hortensia del López,174.20124692468698,72.41469135579631
Amador Gallo-Calderón,167.64139891351812,36.72969411668167
Duilio Carbajo-Alsina,140.0,33.69958848665492
Clementina Rey Amores,150.7688900207113,69.06292743201864
Natalia Cerdá Olivera,142.7906162576872,47.40603440664178
Josefina Zabaleta Peralta,182.4133860724114,75.74541992063303
Edu Arias Marquez,151.0910244285336,27.656550700809557
Luciana Lorena Franco Portillo,164.73505043822888,93.42257038014272
Guadalupe Iñiguez Hernando,154.42917480346043,35.23672937194597
Ambrosio Cepeda-Arellano,167.23272879055776,41.00297205370138
Prudencia Valenciano Alegre,173.27994583080212,97.82639107316928
Carmela Casado Castellanos,174.12580739558177,51.63414659799561
Aurora Bauzà Vergara,181.32424479691676,118.82156900361474
Lucas Izaguirre Prieto,168.6927438164396,87.37691535246189
Pastor Villanueva Corbacho,190.7762103321377,102.8441663207379
María Fernanda Llanos Ríos,150.95886396182064,44.97354658769076
Victor Manuel Ramón Manso,166.3081972793336,63.50349957487707
Rosa del Jaume,182.24532074774507,77.57371534405061
Emilia Farré Amigó,187.2435006236064,57.58332647345793
León Javier Garcia Mateu,174.34514242357037,56.27231443396143
Flora Belmonte Peña,140.0,54.86698729455324
Corona Real Duran,164.88510125318783,66.42021325527394
Carolina Rebeca Cabeza Gil,200.0,97.22077478868584
Angelina Farré Franco,154.15995100773753,45.01915137387499
José Antonio Ferrández Guerra,162.24354138033556,60.81058540163386
Ema Mas Palomo,185.4593810958259,68.67550091322309
Manuelita Gutierrez Puig,160.69685353290623,47.971667313039525
Conrado de Fabregat,180.1836488479597,62.92515289061734
Toribio Calzada Segarra,192.7692433693277,39.82862120252081
Natalia Artigas Quintanilla,191.4431989045953,142.07921457571425
Jordán Escudero Garcia,140.0,60.62187620986702
Guadalupe Valbuena Conesa,169.65850236051057,38.29482243725427
Rosario Font Posada,169.37434318895154,57.23059502713349
Margarita Antúnez Arco,160.65114183240254,45.12783484110655
Lola Fonseca Perelló,140.0,49.39421254508016
Jenaro Valentín Escamilla,173.7422346070918,69.82860430340132
Adoración Elías-Anguita,147.1817568536528,23.562491674317297
Máxima Pou Valderrama,191.3545808826213,67.07791054807555
Humberto Lara Rius,158.05484609430783,42.629055705772615
Jose Alarcón,153.4035120428849,47.19050694807897
Sergio Riquelme Araujo,180.2634479799793,95.03225325005567
Viviana Marina Boix Tejedor,150.08392837536775,57.921776013504186
Amaro Peralta Agustín,148.05383733137407,49.580897012003184
Isaura Sanjuan Márquez,199.4387348921905,47.73045314737345
Mariano Real,151.8503137976297,76.86489116037417
Hernán Juárez Peláez,163.6272339786428,28.27971847546466
Inmaculada Berenguer Reguera,171.5584447177495,36.16898000376312
Loreto Rubio,156.66894437683172,52.18237935045326
Buenaventura Saez Blasco,187.8501287090124,101.5585369310419
Che Hector Alcaraz Boada,173.1947103463832,53.83157855058952
Amor Paz Folch,173.06034461071138,94.54672437880676
Mireia Cánovas Ochoa,185.0506433999225,121.35718892276576
Victoria Florinda Vilanova Ródenas,192.01428438936225,42.54294561787022
Casandra Angelita Salmerón Neira,146.16604291239696,57.58823342713735
Belén Zamora Barral,155.43653928474023,53.95663615977376
Irma Leal,161.4090725914764,37.36753597476627
Bruno Zapata Trillo,163.7148749912136,59.48314319679172
Quirino Collado Roldan,159.99960096281228,82.78261477479815
Tecla Pinilla Ballesteros,172.33951993708882,94.58116685014664
Lucho Zamora Escobar,175.3676176762009,44.844795450757935
Joel Nieto Castilla,171.25339891280683,35.25784627261375
Saturnina de Manrique,168.19580600303053,80.35661856611686
Perlita Robles Balaguer,146.08117470507824,50.10037008777277
Bárbara Arco Iborra,181.19438760355544,77.35663505123037
Judith Pi Espinosa,191.73623367576377,77.58899113309987
Armida Andrade Cárdenas,151.47196644888913,68.17047412801347
Reyes Rómulo Agullo Cárdenas,156.92764766140382,30.438932080600445
Sandra Bermejo Vergara,150.31959845237543,80.42810413056819
Mario Gilabert,178.7786431340919,57.53741901965303
Anastasia Vendrell Trujillo,140.0,21.525250520011348
Juan Luis del Franco,163.53577203355837,56.63684705828946
Palmira Hernández Cuadrado,170.93365716469614,32.36680486612276
María Del Carmen Redondo Muñoz,175.66743811749694,76.41858120324585
Anacleto Villalobos Becerra,164.9040521201434,41.719272653420745
Teófilo Hierro Romero,191.6469408170116,118.68930349720792
Manu Raya Meléndez,191.34558894841047,95.6951360891401
Martina Millán Méndez,164.66886882524162,62.53019130519908
José Manuel Cabo Alvarado,172.59059801098857,65.44196228909412
Erasmo Reynaldo Mur Colom,155.53975341095725,64.42830500748316
Florencia Malo-León,179.56981504847633,47.40499182225458
Olalla Escolano Carrera,180.59687432553517,72.92236197974611
María Carmen Pinedo,196.64463540297317,102.32303983998
Cándido Anglada Lerma,200.0,84.43594251735676
Nazaret Baños-Guijarro,169.1262961166281,39.470005566223534
Rosario Alcalde Chico,185.11782798707637,96.9501421566732
Álvaro del Sanz,162.24194202390535,58.06418684039967
Nico Plana,192.8766244380637,64.46474456775917
Estela Sedano Palacio,174.5137692613721,73.57501531681831
Luis Ángel Carrera Leal,165.9937385083669,65.09883412776301
Aarón Fábregas,152.85309559003454,51.48654614628162
Basilio Lasa,151.9707443974799,27.77223170894152
Chus Ródenas Segovia,156.24726065752674,38.31345585567868
Visitación de Campos,140.57995849027012,59.62214503361714
Cebrián Cobo Sans,187.4686052124084,89.66942257724213
Roberta Toledo Muñoz,185.7395070260781,60.5230696861728
Ofelia Amat-Bermudez,156.1958492726513,47.70123977133627
Ámbar Jiménez Nuñez,169.1180306131089,40.62512700619652
Emigdio Matas,164.14533929218777,39.86346467327908
Maricruz Barón-Pulido,192.55093792396664,43.88800285663348
Concepción Iñiguez Priego,158.1230128901883,80.59065938474748
Ciríaco Pinedo-Elorza,191.68939690000963,44.10613251928238
Juan José de Lorenzo,160.44367757902424,58.60217090251177
Rosenda Pardo-Valentín,165.73369071812303,56.28115381669499
Vilma Durán Aguilera,191.9129258667772,37.98662486976714
Álvaro Corral Miró,155.7802116202134,28.82250040817082
Nidia Andreu Leon,172.2968841510022,95.00147747534191
Hilario Norberto Sevilla Salamanca,200.0,66.41848489925178
Domingo León Perea Carro,163.73770126723767,80.52819611778476
Faustino Villanueva Taboada,174.61966297940955,57.89911129934701
Inés Rivera Cerro,180.2440423022266,46.65522538736077
Roldán de Prada,159.88261715025894,76.72364809277204
Herminio Morán-Rodríguez,186.8103731295801,129.36101839259243
Charo Verdugo Jaén,187.3094759666284,134.60382096865814
Maxi Barrena Gámez,154.54996250970407,61.471568277888615
Amílcar Vendrell Dávila,189.31923543840009,40.947746212105706
Dimas Agustí Barreda,157.90004596131564,86.99524662846007
Marcio Serrano Blanco,158.09569072483083,25.986823682726104
Roque Guillén Clemente,140.0,45.077029824325294
Miguela Borrego Torrens,172.53377667780688,48.43412963565925
Modesto Corral Gallego,163.80605126179415,50.87870639067205
María Del Carmen Noa Arribas Blanco,172.84942398010668,69.49196162236117
Jordana Seguí Jordá,162.16262697510683,42.70389101548213
Gregorio Garay Manso,166.36487341970255,82.53967749995385
Amada Castrillo Marin,144.62324375649342,75.40369487235421
Paula Sanz Quiroga,166.09416256141924,76.40961843272076
Francisca Mate Orozco,195.2126197073632,130.0587083131043
Zaira Nydia Paz Piquer,192.51867031484,102.23473688926768
Belén Vázquez Cerdán,163.64388131454234,69.32027479802954
Arsenio Álvaro-Diaz,178.0663864335003,123.69690809612848
Bernardo Acedo Camino,168.99305558867215,36.92672572745193
Mayte Mayo-Luz,174.1126164682471,34.84504382790874
Yolanda Collado Roselló,187.45191557626063,131.46128600242795
Alondra Cañas Amorós,198.70138515649376,129.15818878690655
Cosme Balaguer,177.43654442472504,66.89678044167871
Perlita Canet-Mena,174.88773080522844,82.71351252275282
Cloe Giralt-Moliner,157.78830917682865,53.613586327795886
Olga Cabañas Fonseca,189.81045724593469,136.26687428651456
Demetrio Páez Cuesta,188.1441780119171,128.7901303064588
Lino Jaume,169.56918515058234,67.90507955021799
Brígida Chus Bayón Sotelo,167.15014660021976,52.5259400480133
Guillermo Vendrell Landa,148.4121724579036,47.52516886016775
Amada Vendrell Carbonell,194.21191019329115,83.11532987202466
Samanta Gelabert,151.06512522133195,68.78512399218785
Ligia Carpio Valderrama,140.0,43.74727150000354
Evaristo Prado Vizcaíno,187.0034185216205,83.45592431302569
Fabricio Alsina Romero,179.24512017969172,61.61411150881136
Malena Mascaró Diaz,153.3006544128672,73.96007860491763
Jose Miguel Tejero Quevedo,176.371872703997,91.30413798997178
Ruperta Verdugo-Tomas,148.24369764227612,71.72241762338656
Gloria del Carbó,169.37735054553468,51.69605159110133
Josué del Valentín,184.3004496328481,86.7240053297177
Coral Coca Barreda,181.9600733736632,74.52701980319158
Clemente Villa,159.606663842823,95.873141906457
Leopoldo Fiol Roura,170.21773701366658,106.22567663784406
Martina Royo Zorrilla,153.57658907873557,28.637034829014617
Paca Vidal-Escrivá,169.5888340638541,88.13995563324235
Wilfredo Posada Tejero,164.07085982211353,102.49488602364924
Marcio Carmona,144.08298288250276,29.69300613960944
Valentín Nogueira-Andrade,186.58961874593632,124.99269081422474
Cleto de Cortés,162.82317480621504,47.48106886482648
María Escribano Esteban,182.0139779697429,36.747966180376885
Isabel Palmer-Guillen,172.36563354998222,112.08597647506834
Amparo de Cózar,165.11879871442625,51.18825461044799
Rosendo Pacheco Morcillo,167.31127270486482,94.18778818789596
Macarena Albero Anguita,182.97351046586667,59.985290981593465
Olalla Sandra Diego Contreras,197.2455609413538,43.848847336780175
Rosa Uriarte Pino,178.7583848830384,87.81715756996167
Pastora de Tomas,164.74371943839958,55.22141621413483
Hilda Crespi,142.58485270265308,76.20419185057122
Narcisa Gonzalez Belda,162.99999399368747,63.67015514489951
Lara Galindo Sanabria,181.4641265720549,74.12136327243917
Sosimo Villaverde-Villar,169.4756049006205,87.19564821606109
Manuela Ibarra-Planas,152.80883685215974,56.37210553812047
Soledad Gracia Solano,159.05717049434722,57.21035389818979
África Casanovas Esteve,143.9717547049805,51.25817658201523
Chus de Domínguez,175.70639697837282,42.89348498289669
Marisela Blázquez Losa,168.55058156810114,54.53011904167731
Macaria Barón Andrés,179.99105160616426,62.35956031766971
Clotilde Cid Castelló,151.48956914586466,56.80056511695941
Paulina Rosado Parejo,178.8281045557918,76.41133379934635
Agustina Fábregas,145.3557619756989,63.64519951623303
Rocío Saavedra Cabeza,167.03399938407216,44.85398834320978
Chuy Pallarès Portero,198.52181796507773,128.41859795850525
Luciana Alegre Medina,157.34318646564793,29.552844620625823
Salomé de Torres,163.06820391696667,61.37994226028361
Clementina Gual Cabrera,160.72011604777546,102.49164744704058
Genoveva Aliaga Tolosa,184.1624340515125,48.71001938259532
Oriana Royo Borrell,156.45642313539815,48.1932454833452
Alonso Blanco Casanova,165.80170639965596,100.96419855251864
Benjamín Fabregat Casanova,171.63323775663642,64.71346533731617
Jacinto Blázquez Heras,200.0,63.21947229880072
Alexandra Andrés Castro,177.50710850844723,92.51484047835902
Marianela Gaya Villalba,178.76517178154705,95.51771845639958
Tomasa Báez,159.66740958505136,63.19914492703332
Morena de Cabrero,175.51060811787303,89.23241284252396
Adelina Moll Navas,154.93243891068246,55.33341431763949
José Luis Roig,185.05957808659832,85.22620363792684
Rebeca Reig Polo,194.9955626807225,144.49689601629643
Luna Canals-Pineda,170.19607391153565,61.72107040118632
Dimas Caparrós Losada,157.53441447300222,88.11338437913619
Rufina de Ruiz,160.64283759349868,41.54243053514367
Leyre Montaña Amigó,155.56451355815926,52.021274034268046
Martín Dominguez Lozano,178.36014291553187,127.2415704502272
Felisa Pedraza Revilla,159.95780122888823,61.79975087303556
Rosalinda Chamorro Godoy,166.65817003844882,48.622946004768544
Emilio de Lamas,166.47853777309317,54.9515375171263
Itziar Ortuño Cal,183.2039946547936,52.79550465814005
Eusebia Eloísa Mayoral Sosa,174.05803765346434,50.43827654497712
Dionisio Valderrama Garrido,185.18581538813416,73.25351217479458
Ciriaco de Benet,154.21776078544534,58.784094121423664
Rogelio Ferrández Capdevila,179.49670591902955,46.9611888609458
Cándida Hernandez,196.78018197238185,143.74866822157307
Gema Valderrama Bustos,156.2034081317712,68.3399235996262
Emiliana de Fernandez,193.6409449418789,53.00348683790062
Yago Almansa Villalonga,166.65316970650224,70.69492254787542
Ciríaco Castillo Palomar,166.21824305817418,67.7462573607332
Áurea del Jódar,157.20454016189643,81.98858001275039
Eufemia Echevarría Robles,176.29439911924007,34.25281917590927
Artemio Llopis,167.65959348987838,101.73320704587366
Ramón Galvez Samper,170.88440056487562,53.56445275089997
Fito Boada-Raya,174.48621360480968,119.83339300560976
Timoteo Gaspar Llano Arnaiz,166.34178491223832,104.08013696053412
Che Quero Sobrino,146.29350143814943,44.88597557736868
Cirino Feliu,159.11778143554054,39.73531761926505
Petrona Becerra,150.6956941631493,85.31546036402361
Camilo Peñalver,200.0,108.85291248744542
Aura Gabriela Quintero Paredes,178.68545942223997,60.23992394560983
Angelina Olmedo Goñi,198.96735923232075,70.3921113414444
Amalia Marqués Santos,179.01358306939056,123.73308610056354
Tiburcio del Andrés,180.8690913815907,64.19806956259359
Dionisia Pedrosa Garmendia,155.49978549536812,49.749769490029685
Benigna Almazán-Rocamora,165.2533086944706,68.15428741943253
Ángela Nicolás-Escrivá,196.2752389162485,61.29441477682769
Luis Miguel Olmedo Oller,191.8453954354944,101.76406703834012
Aarón Arnau Hervás,162.81998711741426,72.03024869828508
Ramón Bustamante Blanca,168.54286928260407,28.953204629349468
Celia Julie Goicoechea Gutiérrez,177.39183272286485,106.91263044095136
Mirta Alfaro Roura,194.3457739974689,56.579603687541066
Gustavo Frías Escobar,200.0,155.02797302921596
Caridad María Jesús Palacios Ferrández,180.53142012269328,74.83265599757712
Adoración Llobet Duran,170.78978309900782,90.10301929542558
Roque Suárez,184.1974798146069,133.19973143967644
Jessica Rosaura Jaume Yuste,158.5666157750381,40.919002210795895
Zaida Román-Bernat,171.87273633885908,73.69336582948011
Juan Bautista Benitez Barriga,151.20736890596848,29.737821616027507
Isabel Aranda-Miró,157.6317053448549,45.14222980287303
Jaime Guzmán,174.58983411335385,45.31791765371143
Maxi Sanchez-Oliver,167.84942049234328,81.06788497192244
Azucena Bernad Galan,154.80775029305957,93.22595051126947
Adelia Fonseca Peñalver,187.48543346163757,45.6448526260493
Adelina Mora Castro,174.16578606162142,68.78033153005074
Cornelio del Castejón,162.37380313925144,33.19439050457237
Plinio Palomares Cerdán,168.52400712026437,50.579420286276665
Carmelo Baena Díez,184.3428477054258,92.3270271321442
Gala Bolaños Reyes,197.6661730415807,121.36603092934214
Anastasia del Sanmiguel,163.4358126155757,32.01286156894964
Candelaria Lucena Crespo,152.6314597821989,57.53705563248123
Lucho Carvajal Estévez,161.17016011688614,33.97390212932035
Eusebio de Mancebo,181.10869686934043,65.14344590825982
Alfonso del Saez,147.54209010035947,64.39515514515402
Samuel Garcés Llobet,178.6180817714389,79.52732594243123
Lucas Rocamora Gras,181.69058264563475,33.098938250262364
Marianela Borrell,181.178299440174,101.13291287634829
Pacífica Torrens Losa,154.68714904619537,50.77599378075355
Yéssica Cerro Belmonte,190.7408733519215,71.86839690155104
Jacinta Plaza Huertas,157.28746116746444,53.44941552885785
Zacarías Quintero Expósito,183.57070575266613,104.00967300535662
Azeneth Solana Miró,152.29972112889678,69.7107884940988
Ainoa Mar Mariño Roldán,195.4494952811842,75.78727692696836
Silvio Serra-Barbero,179.41981394955926,63.32754029569909
Catalina Luís Cámara,161.6482390436298,83.27531994264308
Berto Pallarès Novoa,190.3539151447489,103.27196722377178
Lino Rios Diéguez,168.78898569840342,31.39940404710554
Ester Sonia Pino Coca,176.84559155932624,71.38774425848737
Porfirio de Noguera,194.3974263162508,53.0543294893544
Luisina Valencia Batlle,184.2512918215762,35.88124362494911
Gracia Adela Carrasco Sainz,158.31811004943722,65.2609294327077
Blas Sanz,174.2244913938184,72.9803781181759
Régulo Torrents-Bellido,159.5559791096884,58.94674033579197
Edmundo Gallego Luna,167.13083727562974,38.65793977392774
Joaquina del Benet,144.30318236497413,55.88155581910577
Concepción Pou-Ferrera,159.20465841786358,90.8867588682385
Noé Llabrés Corominas,177.51327035903455,37.63498059831663
Rufino Pera Arce,176.12373454182438,81.07155740171133
Oriana Álamo-Salamanca,172.5841963114112,92.60913313699818
Rocío Cárdenas,181.4779181376531,42.53648677281659
Aarón Guitart-Palomino,151.59085565151565,70.84880623646353
Mar Guzmán Calatayud,178.6048874983952,72.03532701717576
Eliseo Aguiló,188.08052651322345,67.88487162063657
Tania Llopis-Mateu,175.8803403759148,57.07234567908455
Jose Manuel Ruy Madrid Adán,168.28395428457833,38.90577759718592
Rosa Mínguez Carrión,187.60469708865617,61.84142058679478
Emilia Ferrer Domínguez,192.55463758883943,83.16199991924259
Josefa Rodriguez-Ramirez,164.69433507394317,36.3214975970134
Mireia Solé Vilalta,191.20997329946604,141.29471324168287
Loida Toledo Sáez,156.31571076847766,37.023273330334575
Mercedes Mateu Soria,140.0,34.686638326992664
Remigio Desiderio Ferrán Sola,161.86536416356938,104.79288571821384
Palmira Buendía,176.77676132589662,62.877708895677856
Laura Carrera,167.5293094663381,52.48949647920095
Gabino Arias Agustín,173.06705254270858,53.96568552840063
Mercedes de Rubio,156.01520107019408,67.39925858358897
Carmelo Bautista Pujol,172.92164885125712,55.96874727486284
Gastón Arévalo-Casas,188.2688730698165,99.78027052220438
Teobaldo Boix Figueras,171.9540179048804,58.58716559069357
Ileana Águila Seguí,148.86150834834717,22.471865665236265
Cirino Reguera Arana,140.929530141808,28.629701712725357
Julia Mayol-Nieto,183.96061779364527,36.10429918336671
Marisa Gibert Ugarte,147.40040894485244,58.00080922249582
Eligio Montoya Lucas,175.68150006522518,46.42381548628872
Miriam Francisco,154.14559934396456,37.93187721037167
Ignacia Sacristán Burgos,179.8520594343644,111.7272473112556
María Manuela Blázquez-Alba,196.8165590159938,55.20497796462716
Armando Canet Gomis,182.87029269783744,80.85646302431486
Carmelo del Luís,160.0760244093143,96.50813619877032
Espiridión Talavera Barón,170.2085021377596,69.34733356000848
Roldán del Hernando,181.03755843886395,44.0428874666012
Custodia Peralta Mosquera,177.5415730532089,102.9212541724589
Josep de Peiró,174.34018188713858,54.27257728368511
Juanito Robles,174.91699846407369,73.72907299027038
Bruno Falcó Tirado,177.20189382842997,36.154905333681526
Roxana Barrena Serna,189.31409548697948,80.0268698837983
Imelda Guzman Iniesta,169.57006516868648,34.907270241211464
Candelaria Bello-Ferrer,157.76372027184075,25.8622797463646
Melania Sebastián Mulet,193.5493094970585,41.97106209556852
Maristela de Manuel,156.27402712112124,41.89282667720235
Andrés Felipe del Montserrat,152.44714905019833,51.33592552393964
Saturnino Bermudez,159.53375785980714,63.34410722241281
Jose Antonio Oliva Galvez,176.45470880214768,98.86563803330664
Jovita Sedano-Saavedra,178.02725509800987,109.9794063627723
Rufina de Atienza,181.53089719677624,112.59460099421368
Custodio Ferrando,167.44749378503937,44.34801712976645
Marina Girón Meléndez,176.66401613039048,55.33064711913368
Desiderio del Gilabert,198.92929231277185,58.622863260992816
Espiridión Isern-Rivera,152.3810635197422,50.67196961699391
Ciríaco Asensio,191.64299217686053,61.53330834806968
Maxi Hector Pedraza Peñas,181.58641605557884,39.87039257213675
Olimpia Blanch Sosa,157.6384406811873,34.034706049207564
Evita Mena Luque,165.31495645694702,53.96152803250267
Claudio Poncio Porcel Pineda,180.6825550265096,50.02473558425165
Javi Zamora Aguado,166.5132736865226,65.19354883852282
Eliana Araujo Padilla,170.48227454308943,71.26903197682608
Eduardo Mate-Rivera,172.51563654766468,32.44450738285252
Selena Solís Cáceres,182.7565565236895,81.04240193558566
Luis Barroso Peiró,161.60693579601423,57.611742513269874
Cruz Gomis Marco,172.78462296011114,93.46235838359648
Luna Aramburu Bartolomé,148.7816544310855,80.33919802627837
Santiago Gutiérrez,163.8468027641386,34.453369664401905
Calixta Elodia Pozo Peiró,179.81440957292918,85.55359900479056
Arcelia Escobar Higueras,170.66066518561016,39.431330183348415
Isidro Ferrándiz Serrano,185.12672812152,59.72541910118838
Alejandra del Quero,174.18865980019848,115.48895000640016
Esther Tamara Peñalver Taboada,177.6889723581079,105.16521703980582
María Manuela Lobato Benitez,147.32378454821776,25.66056457285854
Martin Vaquero Bermudez,188.32412510133216,93.37693330576714
Natanael Nevado Viana,184.2654353212341,97.30062827652029
Lupe Rodrigo Flores,164.89149273973072,32.497919596255244
Rufino Laguna Vidal,154.91351309964364,46.14649550138293
Teófilo Gelabert Valls,200.0,73.6747059445693
Priscila Fabra Arce,181.74410766669283,66.36959173408196
Nicodemo Agudo Noguera,155.81321375965848,93.86780275302326
Miguel Ángel Vilalta,164.08832665675035,38.04383502467123
Germán Pancho Posada Pascual,164.38197451763338,55.78825094993197
Lola Benavent,141.9308516952861,46.226933946711824
Dorita Clemente,176.23405110009364,50.13249049016909
Casemiro Córdoba Aramburu,175.92607777138872,109.71761856175026
Miguel Ángel Reinaldo Franco Noriega,162.4859026238953,58.93313048582529
Fortunato del Rivas,176.37697784812354,44.10910770342336
Gil Hidalgo Granados,163.7807914420678,62.35262992794099
Rita Bauzà Sáenz,144.06238067629923,77.6939368549245
Rosalva Adela Gilabert Calderon,191.99349442935784,87.76957654133423
Ema Milla,150.32613212199013,42.14679337007834
Bartolomé Aparicio-Quevedo,162.1793945599504,90.73256014661033
Aurelia Luján,163.8062562295168,27.865958591331125
Alejandra Cal Matas,174.42658098775215,40.13912794744117
Patricia Arnaiz Diéguez,172.93235441074793,71.64796294295962
Dafne Jáuregui-Fabregat,176.93982528501624,36.61803460966998
Tecla Maldonado,200.0,91.37325014810224
Bernardita Cardona Tovar,158.19661383591767,59.42217952571216
Vito Nicanor Canals Carbajo,171.41990692939427,31.042247531615494
Clotilde Núñez-Andrés,155.84087820353878,49.70886498558187
Adelia Mir,163.68200297395785,66.21438998978725
Juliana Guardiola Martinez,163.78742798261754,50.98917347931136
Rosalva Viña-Almeida,162.1599856967796,28.015644940163916
Eulalia Prieto Barranco,167.07610298937902,72.90482523456458
Gabino Arnau-Manzanares,185.41533855430023,77.75593428365399
Ruth Vendrell Briones,153.022893137741,27.923605684771747
Socorro Vall-Valera,165.28029299641344,91.33324246649806
Jordi Aranda Nicolás,165.69268044711646,102.1419479354304
Victor Alvarado Castrillo,167.7805182808306,111.17637022524067
Cintia Carbajo Sureda,182.73126312052088,89.07550726401709
Horacio Huerta Serra,189.58886178252823,94.54145007720273
Santiago Uriarte Isern,179.48130416128598,78.85880066975268
Goyo Gil Losada,174.05680951352036,92.11225300121164
Azeneth Múñiz,173.81013816590055,59.18521805975749
José María Cirino Lopez Rueda,161.33136264605315,58.68337997598118
Lucía Gloria Arnal Galán,188.76646284817312,39.77033063557973
Felicia Castellanos Corral,198.39211891832764,45.85485178123362
Angelita Armas-Pérez,180.04084574739127,103.7536990343512
Liliana Galán Arnal,179.9479346601396,61.59017220492861
Gervasio Pombo Camps,174.1519357587699,58.3706691463741
Urbano Mena Uriarte,164.57611836038922,37.31049078544181
Tere Noriega-Gallardo,167.7425899963314,71.86026397385548
Azeneth Yuste Guardiola,170.46014651397962,72.3343003683436
Julián Anastasio Lloret Cantón,173.370645971852,34.787023971093504
Elisa del Izaguirre,179.54762308311263,60.913038246692686
Ruperto Ferrera Galindo,159.29128928017877,28.30867284267152
Candelas Claudia Nogués Porras,154.27955941096934,92.80398070303475
Calista Garay Bermudez,149.2236823301535,27.077630733432155
Raimundo Lumbreras Girona,154.42006876296378,62.96971308411295
Águeda Zaragoza Barros,194.6466332879595,74.04344500911886
José Antonio del Cerro,166.93842938560817,34.81874819546972
Tatiana Espejo Blanca,155.24371609350115,40.53385663843745
Macario Ojeda Garriga,167.32801122646774,30.470829151451294
Ana Belén Ayala Amat,174.98981223600845,107.59895530422013
María Fernanda Cerezo Núñez,170.806999587505,103.79812961074803
Xiomara de Valenzuela,190.88788211874368,84.01452385019995
Nydia Domínguez Ferrándiz,146.45734631946178,69.40569851035166
Severiano Bru,164.6945975211964,63.92558423079714
Román del Mendizábal,152.6312395699058,35.07032403322537
Andrés Cases,184.3372751542755,77.39268788555495
Victorino Aguirre Arnal,163.68953455311146,97.68240436144175
Loreto Castilla Bernat,169.4384056892734,51.31654809338109
Lupe Cáceres Torres,189.70064722496605,57.76325673734186
Marisela Ferrer Solís,161.14752187334523,34.4918661529872
Eli Lumbreras Vazquez,191.7563586432545,57.21869453503595
Fortunato Aitor Amador Belda,176.00940101744922,67.25162613100775
Ester de Comas,179.1996271547439,99.19090344683734
Azahara Andreu Toledo,187.49788114213888,55.66366007986343
Judith Baró,175.82544640699857,89.03793508442189
Ariel de Llobet,181.25872639999065,89.05463251105937
Gertrudis Duran Paniagua,177.68785700395043,80.57281102897281
Angélica Alfaro,162.37837515126762,28.75378856890267
Chus Ríos Rocamora,189.4595985172633,74.41669258402173
Cristina Cerro Mena,167.1682909734897,62.42490184590317
Felisa de Verdejo,188.96327892211053,56.91568092622786
Enrique Vergara Hernandez,185.48512599996965,67.42572036187022
Nilo Bello Izaguirre,162.73896541437296,60.8402173490947
Melania Evita Pizarro Lloret,158.33787439608176,58.17607863997376
Fernanda Abellán Garay,184.8994660055178,80.74921464831382
Amanda del Pineda,166.69192802979055,57.52550598353208
Teófilo Ojeda-Juárez,167.77445686104969,66.72319928008433
Américo Gil Mata,158.79015481337154,97.6881910570806
Isaura Castilla Quirós,190.5698629196032,84.85141731863999
Tamara Castrillo Sanmiguel,192.31786736350963,70.79286826026176
Javiera Tena Beltran,159.6390582563141,70.41624175373605
Ana Sofía Cárdenas Feliu,193.8841609016436,96.87560383705738
Máximo Girón Río,174.9377676271366,72.33741532130146
Teófila de Roman,149.39632931459107,86.74036767737962
Pepita de Galan,189.3343091499223,72.61870948690706
Amor Mendizábal Meléndez,155.70528118412335,29.774890451218
Matilde Parejo Pol,165.5993783648937,64.80001991329797
Lourdes Briones Reig,155.6161895414487,59.23502176284798
Isaac Madrid,183.84848068512144,75.917480508239
Yago Ugarte-Córdoba,150.59446622844774,23.16750424147954
Jose Aller Martín,155.15407699419063,55.59528448292167
Amor Nuñez,148.05409026230194,26.348649643440623
Tatiana Ani Nieto Hervás,145.84481938670737,38.4289118490953
Elodia Ordóñez Pintor,173.61320803929496,72.58045573961395
Luisina Ojeda-Rincón,179.39197491884462,62.21429508529816
Perla Sevilla Carballo,145.45728468725827,41.01766066737821
Cristian del Cepeda,152.6570008616189,57.58864305579278
Marisol Crespo Álvaro,140.0,38.17879165316276
Cristian Rosales-Vallejo,167.00997597322296,33.036774357317306
Rómulo Juan Galván Carreras,151.8335446481225,72.41123533349962
Curro Hugo Alfaro Mosquera,155.59867678925067,51.98220079756041
Teresita Benítez Reguera,162.90409675992902,83.76413255342857
Camila Lasa Bernal,159.1551613699774,89.16958574377118
Felisa Corona Carballo Miró,156.3265988258991,43.07864919901026
Rosario Andres Amador,182.67656877380807,89.53274443048814
Marino Lillo Gárate,187.6929139814659,89.63020278070192
Ariadna Marcia Salom Real,192.6177789433353,70.55277109897668
Severo Prada Quevedo,153.56897286617675,47.790672274416
Albano de Iriarte,181.88530310180928,70.15745380653871
Tecla Montalbán Redondo,183.24692187283685,68.4542152765147
Samuel de Téllez,181.51975515879676,66.32121370759604
Fidela Castell Pera,163.56908709111443,58.10303265414381
Edu Pardo Domingo,183.96619469388128,107.21318035234192
Cebrián Huertas Rueda,150.62129942646737,42.29710568371085
Herminio Serra Anguita,159.36191671393746,53.49283943072061
María Gallo-Sandoval,140.5490876893098,33.25422829702973
Valero Figueroa Machado,188.71881117910672,77.52206232306166
Pepita Molins-Moliner,182.5797397531165,130.77315758790252
Gonzalo Valbuena-Esteban,174.67896142930206,106.57195455540788
Teobaldo Cordero Collado,189.30874722131108,51.58202938807752
Cándido Quero Sáez,166.5916640536255,58.3685358128666
Zacarías Noriega,174.51177898330775,64.88947880388909
Rosenda Aznar Torrecilla,182.22385838363527,54.27355456935427
Bienvenida de Torre,172.81608528767134,61.28029852764217
Obdulia Rubio Redondo,176.80192965812148,53.75806153909987
Victorino Alfonso-Mulet,171.83343657916586,61.22915055197149
Soraya Guiomar Coca Hierro,162.7510292718521,100.7418055582463
Carlos Ramis Pintor,176.28365315035254,72.515530171863
Samanta España Iriarte,175.98478967918751,44.453420207425694
Prudencio Marciano Garzón Cózar,169.60681661780848,71.46808091682632
Joaquín del Peláez,163.11654154465222,94.6275808763664
Valeria Rivero Casanovas,194.56563973709197,79.54358307509821
Borja Palacios Coca,174.8073593564234,67.8721850506868
Juliana Blanch López,144.5436562888492,62.1877987635627
Eleuterio Severo Fuertes Valbuena,170.9960592815318,92.75135170501107
Américo Toledo Carlos,171.65119452027653,41.955418833772406
Odalis Larrañaga-Suárez,157.10207087746497,54.04323169608861
Socorro Caparrós-Cuéllar,156.05294536601298,62.82051816973525
Martirio Giner-Acedo,157.91183911440632,58.37751843676924
Evangelina Sotelo Ureña,200.0,78.93953065416653
Belén Vigil Jaén,186.9191849295749,46.145663796264
Román Ortiz Mariscal,190.83107444983253,83.10428213221846
Nilo Almagro Meléndez,173.03346532683918,114.08662751411688
Nélida Padilla,159.26346676776365,27.133068224582832
Custodio Rivera-Valls,164.1154401339248,43.67268895537647
Primitiva Bou Sosa,160.68803855531357,46.45560138272921
Haroldo Dueñas Baeza,167.74964443010097,51.22413687334424
Eusebia Belmonte Prado,172.583802864237,43.46532649946481
Cándido Peralta Puerta,146.8427092837701,24.36092725098177
Fidel Marqués Amat,186.32431258217235,39.65028832241117
Emilia Rosselló Cabo,171.0921518056804,44.54813115931623
Francisco Nicolau Tejada,159.30343940822553,44.03399599842622
Isaac de Palma,148.84653363450124,34.70684463406329
Florentina Gelabert Sáez,160.73624029315272,58.04066935403697
Zaida Viana Carlos,184.25934467365025,46.70399986135816
Martina del Tur,140.0,38.47148724317289
Yaiza Peral,200.0,81.55710008821838
Yaiza Yuste,167.5330862389387,78.66371860760951
Fermín Laguna Muñoz,176.67681475487385,57.029930993825374
María Pilar de Mariño,198.7011791178339,81.65905885109557
Elpidio Solé Estrada,178.07338571441153,86.07428999044228
Ovidio Noriega Exposito,182.474516495862,106.58654654041126
Constanza Colomer-Reina,186.513533966624,71.5688371985018
Mohamed Aznar-Gómez,176.36220255335186,95.87189034482148
Pía Castillo Cózar,168.86111679048258,32.256458263615244
Rosalina de Royo,155.2056471980905,61.628184999433074
Reyes Landa,150.57463584286026,51.76641636992614
Azahar Borrás Falcó,177.24043205227875,58.34687234323355
Anacleto Telmo Espinosa Castillo,173.7899658205766,56.07574634437803
Rufino Lluch Figueras,174.71447769271558,86.52421111863845
María Dolores Morata,158.16971058864675,90.82933069386844
Natanael Alcaraz Torrens,192.32523770616712,112.75705810653832
Baldomero Benet Riquelme,175.99745906491134,51.90693429035242
Rolando Duque Galiano,164.58883106801684,107.89590059664856
María Belén Tomás Galan,179.3225291806598,43.50278829272
Lupe Cortes Cañas,200.0,76.78344016518383
Vilma Sastre Casanovas,200.0,143.24149051042343
Odalys Ponce Gómez,156.59350777675266,56.49540025624694
Macaria Piedad Amador Llobet,153.13460143220703,44.464932152892985
Vito Oliva Leon,182.746752125132,39.88751979383972
Abraham Beltrán Saldaña,183.7573260836381,36.03851874066677
Dafne Bas Lago,150.07760411052058,62.44672850653586
Noa Bernal Hervia,172.07633356037937,104.91453837361078
Natalia de Gibert,185.4670265429197,84.57287235535578
Albino Valentín Saura,140.0,24.907755859602517
Merche Bravo Posada,155.23358816365763,28.352532404966787
Hector Espada Torrent,155.83149750270707,45.11749325126875
Olegario Gordillo Cortes,156.24787309414324,40.24574921531598
Severino Mena-Rosado,159.177210395374,31.909910869525834
Salvador Capdevila-Elorza,191.037337964669,65.33235482446312
María Cristina Lopez Piñol,172.93132843112326,97.5530709062654
Isaura Arnau Torrijos,166.66382146068372,27.8211596963818
Cornelio Molins Castell,193.95996857554687,76.85749398866656
Itziar Garcés Peralta,174.91497849013624,75.943942192734
Casandra Saez Aguilar,161.86548649750904,47.45133501247868
Rosaura Lara Salamanca,181.89972870942324,82.34645339910578
Diana Valle Novoa,176.1832028693308,123.13127014543878
Narcisa Fuente Albero,165.22775258408598,104.57637738201636
Lupe del Vila,200.0,90.44109530879156
Bernardo Téllez,140.0,21.7449112535768
Graciela Frías,168.80650253588075,31.1885474818288
Cristian Pastor Castañeda Arnal,164.30779804471894,44.6828804758453
Anastasia Arnal Miguel,166.87203801412193,55.71635378000538
Heraclio Cerezo Busquets,173.60085072546934,50.54880875556687
Julia Vilanova-Manrique,145.4325873847544,68.07159731169932
Adela Posada Martínez,160.01486880354162,35.915995657849635
Galo Ferrán,193.23371144657983,44.85884230077835
Valero Puente-Sevillano,163.96008008051945,70.93864014664193
Baudelio del Gelabert,151.66782753283832,31.91656697696398
Elpidio Alsina Bernat,189.9236038938592,55.04474882437778
Édgar Nicolau Arellano,171.20681372464037,95.38058095812282
Encarnacion del Querol,163.81627035374362,59.647138324728566
Juan José del Sola,144.17271723024135,49.54594409350308
Juan Manuel Bolaños,160.0279540526889,54.16933367498847
Ariel Valdés Bustos,185.54710222744785,88.51346939722978
Eleuterio Gallardo,165.62071254879064,54.00579031294827
Diana Luna Lloret,158.1412864579086,54.37683976805941
Ana Revilla Mateos,140.0,67.41136082021679
Jesús Roda-Caro,182.06391908484525,88.61845054269307
Horacio Salinas Sánchez,170.02599673548957,47.815788224821134
Julián Solé Bejarano,171.04513232363308,46.38022475329255
Blanca Ordóñez,159.67710675996486,30.114199171478184
Emelina Rosa Pons,182.890029884298,94.0955589285412
Fanny Olmo Cabrero,163.46255543826825,59.23564270562268
Roxana Juliana Fiol Barragán,146.9818047212056,31.076226304535005
Atilio del Cabello,147.83922830796826,29.692002739252395
Marcia Asensio Morera,171.27137416692705,98.60265195935273
Matías Escobar Andrade,176.2572873241667,47.834848049580046
Yéssica Sales-Cañas,158.0733169186808,82.53419746986354
Chucho Melchor Guardiola Aller,172.0482672856476,62.64145470303936
Osvaldo Guerra Vega,152.58788882559358,44.91015133535828
Fidela Rodrigo Mesa,150.0064918083227,63.37157201286382
Teresa Pavón Llopis,162.03995924843915,89.66979294818796
Loreto Almazán Porras,182.02095930791668,48.21702503702166
Chelo Yéssica Arnaiz Nicolau,165.06533015782884,106.66800275059464
Jordán Gonzalez Morcillo,181.079999251589,117.84730997130902
Goyo Sierra Caballero,140.0,42.1286408723
Lázaro Morata Sales,165.53070566322572,48.324327726357296
Nicanor Reig Gonzalo,183.25396858714396,41.759969126772106
Lorena Salinas Feijoo,187.4419767640297,40.90195924775389
Amador de Novoa,144.63487016147243,42.52207678660438
Sabas Marti Diego,174.8816157575765,83.43939312135444
Eligio Millán Padilla,180.8617137489013,55.12584217399292
Nacio Quirino Valderrama Cepeda,186.03897627778775,93.7338903745911
Sarita Herrera Duran,180.9183308402289,54.55836372896205
Mireia Mascaró Molina,185.6866847115226,74.65575772386053
Lorenza Moreno Roselló,181.2068886888644,129.54610516584734
Angélica Manzano Alberdi,151.5674299532701,76.96595946075867
Jose Carlos Saez Seco,192.20022766998844,81.12130076787838
Lola Chus Tur Pinto,172.11955678228992,58.51711108870313
Noé Roig Tello,162.81609841565594,45.82017360203127
Rosa Sanabria Gallart,186.3367363018944,45.21157013719214
Omar Mayo Ribera,154.0986062786057,52.80773044963766
Primitiva de Dalmau,153.5477432200285,87.41466809628804
Joaquín Gómez Tolosa,175.95637584767664,45.90251456111155
Remigio Andrés Felipe Carreño Alfaro,166.16561493331352,63.109872709572016
Albino Almansa,181.98698047821597,123.7895181698146
Yolanda Sanmartín Mulet,169.6943471023097,41.107416950990014
Gil de Expósito,176.61834531671025,78.89539946716678
Angelino Quintana Lastra,150.06841951759543,52.53617565327427
Jordán Corominas Marti,178.00131009518083,55.32711876133948
Ambrosio de Sedano,158.5572094403971,75.40414662928174
Bonifacio Hermenegildo Orozco Lloret,183.9702238113701,73.27923149483047
Gonzalo Tello Rosell,142.54987153027145,48.4319411846707
Íngrid Posada Martorell,176.76224489499074,93.3448442737613
Andrea Godoy Sans,154.5487691932723,32.25440694037393
Armida Loida Roura Batlle,175.06962374920514,41.28041331797054
Leonor Molina-Rosado,188.12788330783104,88.42093408609763
Estela Seguí Fernandez,172.66659026032474,70.83385258328279
Marcial Teodoro Borrás Cerdá,174.81276851457088,75.95754186410531
Maxi de Lillo,187.09244402230635,98.28132483799097
Débora Exposito Jáuregui,166.1604726083272,37.58122356846651
Maxi Vega Sola,190.7009436536364,129.8571548616456
Gerardo del Pomares,156.75674714217803,46.081517258307976
Adoración Carballo Guzman,163.88293828928022,102.1425638551142
Gema de Serra,170.1414454691569,48.58071656585166
Camila del Casanova,187.48589245133,79.32843633578825
Yago Otero Donoso,168.26417627926676,68.44144247351188
Fabián Agustín Granados,186.66364313558188,105.30102826438804
Rebeca Castañeda,168.87690912156026,72.7828662550191
María Teresa Doménech Fortuny,184.864135243516,98.82587760063323
Jenaro del Cánovas,166.1951049790607,32.639259381612355
Rosaura Lerma-Barberá,171.0293013167639,100.87009259975652
Loida Córdoba Calleja,196.83782301972732,127.90792221919004
Leonel Carpio Mulet,172.51065641878102,111.21117726403584
Roldán Roura,158.71854519733824,55.92277259167517
Blas Rodrigo Campos,172.84443836640966,68.16428326620357
Lola Martín Lamas,185.63931306895117,67.53018643678949
Estela Mate Planas,140.0,42.200018950913126
Brígida María Dolores Cámara Cantero,200.0,82.79701846805423
Pepito Casares Araujo,171.66806191156985,30.730105007648227
Calixta Torrijos,189.38615857057573,105.92091588491164
Andrés Villena Flores,177.26993999783437,40.85930086543048
Gracia Uribe Gonzalez,174.86398234676068,81.96579991071309
Ramón Mariscal Borrás,177.7125690530134,51.54381462306
Reyes del Lucas,170.38967263827004,62.75008185758148
Rómulo Merino Cánovas,151.2977524613509,25.13640322533314
Manolo Morell-Valle,179.25697045746548,56.10950054630708
Geraldo Dan Castro Roselló,192.19405283946992,107.39783466555468
Águeda Bolaños Cisneros,193.52519885279412,64.99694455177041
Florentina Carvajal Marti,187.95151525374413,60.9128369267893
Pilar Fabra Toledo,181.860775821268,38.68766299122774
Ricardo Adrián Rubio Rivas,178.33425537511098,71.52986768533695
Victor Manuel Seguí Ureña,165.24116589571926,67.08829206377189
Vicenta Valls Ortiz,140.0,73.4370707919498
Brunilda Amores,176.33704973864928,41.95886875823982
Ángel Reig Castilla,149.27837875345884,54.846604348232646
Pili Franch,155.32087447697276,48.05201040304831
Leopoldo Cortes Puig,165.7089523606232,32.413616620246934
Clementina Casals-Mayo,169.02917711417905,75.4881883152588
Jordi Galiano Arnaiz,197.75841760432377,151.89848896606514
Severo del Porcel,178.34188697126356,76.93808330719014
Jose Francisco Gascón Escolano,186.8016886468256,45.508244187485
Melania Pina Campillo,166.65025001882654,62.17128769657136
Horacio Flores,156.15371482994476,48.82112256516279
Perlita Juanita Marco Cortes,179.6919203146119,77.69652125054053
Ildefonso Isern Solano,148.3766757126053,24.302593990289456
Roberta Fidela Asenjo Bonet,166.80491819644033,92.11390688436384
Hortensia Santamaria,166.47757786943865,47.32319021245859
Angelino Garcés Monreal,172.72278337393743,73.63749660228478
Florentina Linares Baños,189.0781941036756,128.32517068622067
Maxi Garmendia-Quirós,160.15702978344936,69.30279645759057
Adelardo Cobo,175.88140238863753,115.55072988786624
Nilo Abascal Nebot,159.45654467660245,54.49661556682108
Ángela Arteaga Sureda,176.81297648644124,76.67055754728932
Horacio Marqués Santos,170.472463785008,110.26199015121028
Mariana del Chaves,165.02561273535002,60.17927066598245
Bienvenida Andreu Bermejo,181.7185395016012,76.92583834642701
Eliseo Pinto Barón,162.53588149499333,29.34898516309188
Visitación Quiroga Rueda,189.1403428308676,137.65253832938805
Conrado Fabra Campillo,160.84854455050896,72.4050759500987
Elías Fito Díez Galindo,147.23420365354892,71.53272539240538
Máximo Casanovas Perea,158.73459609514774,33.5543059457532
María Luisa Salas Tapia,169.33120712523174,38.7416343042068
Estrella Pinto Ureña,194.19612204262083,50.05173482205915
Bautista Galvez Ávila,160.87679722810273,26.00421357760785
Reina de Arribas,182.6941659761925,79.83444816604275
Cándida Anguita Velázquez,200.0,41.07303478543871
Adriana Reyes Jordá,160.10914777422764,69.14275411618647
Abril Sabater Donoso,177.18759105035997,109.32487736031142
Américo Casal-Llano,145.17084161377352,48.886349877905424
Rosaura Sarmiento Tudela,140.0,37.899772851373285
Genoveva Bosch Acevedo,147.52811422255604,55.23698643935988
Adelina Miguel Morata,180.34078556094136,110.81618665400704
Erasmo Palacios Molins,177.73813804861575,97.65847827209606
Dolores Grau Buendía,148.3737788664437,45.91945310734171
Socorro Vigil Bartolomé,168.30221550280223,88.51050927587444
Ildefonso Valenciano Puerta,179.04182817492304,43.87498704397607
Nacio Nuñez Crespo,192.0954771070461,82.21045074015346
Gilberto Roca Malo,161.56073914273185,61.93485253669451
Rosalía Parejo Bru,140.58335660907633,66.04211144452121
Soledad Zamorano Melero,149.8236952959716,83.62538381517405
Zoraida Ballesteros Garay,148.71355333648873,24.042389789218795
Tiburcio Viñas Cáceres,200.0,82.32487592652518
Eladio Robles Bernal,169.73219471942448,106.4601650919843
Pepita del Llabrés,200.0,81.66343490725525
Ángel Cañellas Godoy,182.8509794401988,48.24445895856229
Benigno Barros,141.7831650941729,20.71030484433765
Esmeralda Alvarado-Plaza,168.78945556665764,52.83736952635443
Anita Pou Arcos,159.01695669036377,50.020242004220485
Valentina Fiol-Aguiló,171.30148005182005,83.76292359085424
Emelina Vendrell,160.806106833227,66.59099635591014
Marta Hilda Maza Cerdá,161.89029013255018,104.2961521079444
Margarita Bravo Tovar,141.12152970493094,33.71176522455772
Mariana Alarcón-Feijoo,184.5906862418419,47.346575071603056
Chelo Arrieta Otero,173.40456233740142,95.9988483005317
Atilio Dominguez Villena,193.91152720955225,141.60268116545114
Olimpia Puga,175.811684935495,71.70065499446606
Dora Encarna Guardia Cuadrado,164.09339356719914,52.45967526565161
María Benavent,141.07493724452098,39.59153984528529
Segismundo Tolosa Samper,173.56522418234084,49.403774515805736
Florina Pascual Sureda,155.5487696284162,69.30632232466459
Juanita Carlos Rosselló,159.0212946996823,68.76661580161218
Renata Oliveras Leiva,158.64717998106067,37.71971027638325
Macarena Corbacho Cisneros,142.26576287085317,41.76107921990173
Jose del Cal,170.83611519432586,38.21093593980247
Rafael de Gómez,160.9295521954136,79.95052440614478
Samuel Bernad Guerrero,166.41734920186158,104.57518581333878
Julián Gallego Bernat,164.28902688894505,53.833401293855175
Flavio Company Campoy,158.8662872403163,87.58961449350235
Bonifacio Sacristán Peláez,192.58981758362745,86.4042622047034
Olegario Sanchez Zapata,154.25954385180816,92.36386397173268
Francisco Javier Rocha Ballesteros,178.65502181461144,118.82102099798712
Alex Sierra Arenas,168.49975912773797,70.61604035012894
Ariel Carbó Cueto,154.7790233534283,49.01334589252858
Espiridión Castillo Alcalá,185.458105759452,119.97563685075158
Marina Francisco Salinas,186.73655964798397,63.86778784745291
Gema Salamanca Peña,142.50497370788895,47.72038882083674
Faustino Iriarte,151.27423605348343,42.13039870239237
Guiomar del Méndez,174.15374615436994,75.96740548420753
Calista Díez Galván,167.97590298594434,58.02619526123952
Baudelio Adán-Carmona,153.6852627824463,93.13408307811032
Lina Merino,176.75939635388113,39.38892443661159
Tiburcio Crespo Acedo,170.69600613779747,62.94376815605605
José María Vilanova Montserrat,172.14883933687807,65.22521082029603
Chus Jáuregui Andrade,200.0,159.00468143513604
Zoraida Ropero Sierra,142.1244709891386,69.58580429032457
Azeneth Zurita Puga,163.7092597082819,60.49248335026538
Baldomero Aller,154.59326203305562,49.02181766680952
Emiliana Cervera Oliver,172.01894005494412,88.55402831926857
Teresita Sedano,180.4230051256267,81.08133529309089
Aarón Espada Valenzuela,155.11072727759466,44.38650180834459
Sofía Villegas Cuevas,163.084502050296,27.012493921193368
Perla Bernal Reig,182.27629538120527,40.98720473046478
Sigfrido Feijoo Sosa,157.50365732774412,51.14246451420966
Ovidio Cándido Alarcón Santos,170.64296345780232,34.28218959412993
Susana Carbajo Villalobos,183.51669135030335,84.54100912992352
Mariano Barros Galvez,150.64117680631182,53.09688211668285
Nayara Benita Mascaró Mata,181.51196869406468,70.17847540774855
Natividad de Ramírez,189.37394727079828,106.18477822581892
Mar Martinez Mesa,168.77608128157553,67.12367821613668
Manolo Morillo,157.7188281438176,44.70858674917292
Gregorio Salvador Pereira,174.48223096199263,63.82893410147496
Ale Simó-Arce,155.06862681147643,61.86518926913272
Epifanio Solana Casanova,181.7434414166055,115.44298841449948
Ana Belén Meléndez,160.10317750261112,77.7306202275773
Cristian Barbero Nevado,142.96960688512115,79.91661933238942
Cristóbal Parra Izaguirre,159.86759325694376,45.99846500178396
Martirio Bartolomé Bonilla,179.15723064572367,47.56507840281748
Lorenza Villanueva Gallo,176.97944903229808,67.00056282005835
Petrona Silva Salamanca,176.5662938734627,108.83464505320994
Tristán Silvestre Bayón Agustín,167.5073982354,61.42100915436396
Héctor Atienza,169.20514141581214,82.1264852196887
Patricio Jerónimo Sáez Melero,144.4339077232008,36.05852510133106
Florentino Díaz Aragón,148.49719265361136,56.4306477330824
Custodia Melero Aroca,183.1252086985354,68.00342963742585
Lina Bernat-Bernad,147.99938081564954,40.1141744993464
Amador Briones Pavón,161.70515598487253,68.23140220421263
Berto Morante Peláez,157.80587486737394,75.27057796600694
Domitila Saez Escobar,193.0119851080377,47.41791914412349
Ángela Atienza Garzón,180.68754469471617,60.525198793157
América Nicolau Blanes,167.12035774058162,36.00844008756845
Lucía Ester Campoy Ferrán,140.0,42.75974025056989
Vinicio Múñiz Barrena,162.39748135489455,65.06611271543214
Sofía Godoy Nicolau,144.2362254179598,23.89772817438208
Cristian de Catalá,167.6725237339668,57.90310261727227
Nereida Pardo Arnal,164.2136926939761,58.79327283427686
Mohamed Roma Aguirre,167.55221633686355,51.01375125300128
Daniela Ibarra,163.1124196046711,76.8672382330509
Claudia Jiménez Herrero,173.74130488387777,75.52147097741525
Toño del Gisbert,166.8003251263618,52.93158571199389
Maite Calatayud Arnaiz,160.10138142721212,94.67890024962298
Salomé Francisco-Cardona,167.21065285006782,44.347507205808334
Mireia del Milla,157.29770542771735,97.96959365760048
Saturnina Bosch,155.54352949193282,32.63288425335034
Camilo Heras Murillo,150.5775177227052,48.54751864147314
Martina Anselma Vizcaíno España,173.67057459424754,62.60771372677706
Rebeca Somoza Lucas,157.7829793218896,35.45059436381715
Duilio Benavent Neira,168.3276247457716,57.35334296246506
Marisa de Vera,156.30624555122765,28.73130449348388
Marita Pérez-Serrano,164.3737145983315,27.420804518860976
Eliseo Bernal,191.017009067438,102.35654779057424
Noa Hoyos-Adadia,148.0523250061609,45.49357402964832
Ani Chaves Bravo,190.08889294684656,117.76969845827966
Iris Inés Márquez Salamanca,160.35982704691122,51.80998362083157
Ani Gaya Azorin,140.0,51.42170653056074
Gaspar Adán,160.0010987561968,61.553526074283205
Marita Bermejo-Asensio,173.72143811081636,47.45826811049199
Nazaret Torrens Cortina,180.02149307456637,50.97405606813084
Benita Boada,161.4649067378113,50.01591119906855
Ignacia Valle Moreno,195.57498653423403,38.71938727466558
Arturo Peinado Sedano,166.67174993924118,52.88823337512104
Desiderio Lucena,183.94184285071256,77.00940420410032
Mamen Sola Bas,183.22920693909435,129.83019285440997
Vanesa de Castilla,180.36604171156216,63.69711851278188
Alejandra Madrid,160.15415468825768,57.5728426373238
Severo Egea-Barrena,175.16721843061237,61.547851037062586
Vicenta del Ferrer,168.0670017971425,38.0638539051287
Natividad Oliver Marquez,191.2644446995997,133.67995379708492
Constanza Reguera Morell,163.09959294089956,40.84808946573947
Edu Ferrando Cárdenas,142.06153392309503,68.60325726283753
Alcides Lozano Escribano,180.2169399596044,123.66338273442176
Guillermo Roman,169.7090987065432,41.14763092357656
Raquel Márquez Marco,153.0883575079793,34.986258714608184
Amado Solana Cervera,172.3827376833446,70.99815862713211
Eduardo Valenzuela-Bermúdez,160.25499496560684,68.77165659814526
Borja Espejo Arellano,194.11752747664,49.845729408920086
Cipriano Pascual Puente,185.18896845606744,42.937190610610585
Faustino Amor Amorós,186.7433364668314,73.79234654858695
Leoncio Jaén Lloret,166.79983012169637,56.27741867498072
Elpidio Bonifacio Daza Alcalde,176.76422088896223,84.34429908264794
Isabel Borrego,166.25353514386768,61.01776342571308
Salomé Carrasco Reig,168.42535766660302,97.10046649890675
Pepito Tamayo Aguado,172.1471449067597,117.9677122779685
Susana Jordá Roselló,158.99619813345998,83.14078322237675
Delfina Chico Berrocal,183.6451607771644,68.70816813165172
Cebrián Wálter Serra Cabanillas,186.2020510346967,136.3713740421769
María Manuela Lillo,149.21346703332492,47.13252963414513
Aitana Araujo-Velasco,171.17410256777407,30.253116664823
Estefanía Soler Solsona,194.92883719662169,39.27468064967158
Celso Vergara-Buendía,161.83796394179058,37.666938554222725
Mariano Lluch Solsona,170.7349126034862,83.07335302603468
Clementina Gallo Barranco,164.67962662127778,60.8628968480844
Flor Ávila Guardiola,168.87195727466954,46.14513358923755
Gloria Goñi Arcos,178.7858343527883,104.04526601756274
Elisabet Bárcena Plaza,200.0,97.6069630943377
Carla del Villegas,161.96249840215737,102.1464256820532
Nicolasa Flores-Falcó,178.4299868609891,75.37505395365643
Cándida Río Escribano,173.97727812030476,106.17827149656856
Sergio Granados Coello,182.51581536990835,48.85273570639768
Rosario Guzmán Vicens,187.1393376471657,51.86504081520253
Ambrosio Barriga Sanjuan,150.25584899821638,79.13441263145387
Maite María Carmen Prado Duque,160.97626518602377,57.19522147152615
Cándida Bonet,171.86484121661633,102.43052733532852
Almudena Sánchez Palacios,194.4673690829474,93.37150071999469
Pepita Ramis,155.0838090005464,48.46760991827132
Nayara Trini Mancebo Valverde,168.68470068797532,53.96296100097915
David Saavedra Barros,155.47822749307,39.43336397424883
Belén Andreu Escrivá,159.46966280726372,37.062055752719445
Maximino Olmo Aguiló,144.88699205607648,41.68593121608467
Maricruz Morillo Sánchez,140.0,25.23052775906964
José Manuel Moraleda Pedrosa,168.74740099764531,91.95172186414597
Víctor Planas Gascón,180.69717502147347,43.63425720884326
Carina Castro Losada,181.5504267028711,45.75387547815588
Bernabé Armengol Lillo,156.98640487193242,52.80453650699466
Dan Lillo Juárez,152.96278843086702,54.093475875455454
Lucas Almansa Martorell,165.0443422659967,41.43510925237924
Pancho Campillo,164.97207806412482,61.73356685498784
Cosme Aroca Hervás,150.23570601178827,58.27306374078476
Emelina Gómez-Torres,200.0,96.9544758324108
Calista Carranza Merino,179.78913805122778,125.02405866051072
Oriana Flores Soto,194.89324897414,131.4665854056624
Hipólito de Gallego,184.08044528681293,107.56209241137798
Luciano Querol Berenguer,161.34752377661226,75.55506926864719
Wilfredo Soler-Tomas,172.66050630247886,96.92172634113464
Lucho del Pino,161.71329276539703,53.23344546999957
Leire Cabo Esteban,166.27715092230918,42.25011862525878
Hilario Villalobos Campoy,199.6302137321778,86.38467797449647
Maxi González Segovia,177.07578617352038,68.47680469177764
Casandra Aller Prado,158.14684006521583,53.207327458581744
Lucio Coca Jordán,181.866793893824,34.338639186507656
Inés Sanmartín,157.36358603776247,55.71134704629427
Fidel Saez Padilla,175.52246043450847,62.72097790658587
Odalis Arnaiz Farré,158.98617696242118,98.66392877185754
Luisina Iniesta-Cervantes,147.0062318248815,83.17570073844846
Eustaquio Castañeda Ferrer,175.06898204945287,101.67889247238575
Genoveva Valbuena-Gómez,153.60646974510746,37.60098812112328
Francisco Jose Moraleda Carpio,176.7513843611075,59.65337755310858
Albina Sevillano,177.07958405251864,123.34426410497916
Isabel Escrivá Busquets,153.6485333928499,56.32927097327506
Horacio Reguera-Gonzalez,179.75680598385858,44.00067978206309
Socorro Alcalde Cortés,140.68781039340956,28.052661501605435
Augusto Criado Anaya,140.0,45.70218747775721
Juan de Calderon,175.10258260593633,48.10486133745688
Selena Montesinos Vaquero,170.59690153698867,57.6487429432125
Rosenda Cases Pi,173.09746667022074,93.05457094321054
Sigfrido Priego Calderón,187.90647620886529,105.39960346889428
Lupe Becerra Acuña,151.2126358170008,24.99963327122386
Serafina Barba Blanch,145.41094726181927,31.363954061483533
Mauricio Bernad Alcázar,175.43505573220642,49.64025413297213
Pili Balaguer,170.11641229908295,71.68612799137944
Elías Amores Pedro,143.77176116327453,73.65652751560219
Gaspar Cortés Viñas,163.37667563399012,28.767650768440483
Daniel del Gilabert,145.01125525924098,77.46558273847319
Montserrat Urrutia-Arribas,160.8999639704759,61.32532812941158
Chucho Guardia Marco,166.67762783219675,54.89929189089874
Trinidad Giménez Lledó,183.0128439725899,70.0005082991438
Victor Rueda Montenegro,167.00106167984006,60.58950561681092
Armida Sarabia Cardona,158.25635724706933,83.79825875962315
Nilo Machado Garrido,179.96708193446784,90.451795539081
Manuel del Rebollo,140.0,43.18389171327463
Ana del Salinas,151.92624234516097,30.98203073917528
Paulino Pomares Molina,174.73117563536593,75.27536694608297
Anselmo Sebastián Ferrando,181.9160557560149,44.73780097335219
Juan Bautista de Saldaña,170.9104718011264,47.944875583599
Francisco Jose de Cuesta,173.18970282012089,60.581775927919175
Osvaldo Gabriel Vives Olmo,200.0,146.20160227663865
Nuria Ureña Barriga,200.0,40.48337005872053
Óscar Aparicio Arias,170.51350174363657,91.91275177239216
Catalina Solís Martínez,173.28583030946518,78.20987384103637
Venceslás Rosa Franco,178.1739130543196,64.37301259027464
Abril Avilés Lumbreras,153.3728912051238,52.43500335442182
Nerea Gordillo Campillo,171.644210958125,55.82176976884346
Ana Belén Ágata Oller Conde,160.40833768064127,35.642231155094976
Amancio Hervia,174.70843773248322,45.06947458758119
Silvio Conesa Gascón,162.25134744481508,44.04604571923997
Inmaculada Bayona-Hoyos,156.09039651270598,71.46183022852632
Sigfrido Vidal,200.0,142.39691036236115
Noemí del Sierra,182.70903761168896,132.73526479347922
Amador Alegre Calderón,160.6767903728434,101.8109604651756
Fernando Girona Redondo,142.77077098075256,50.710229872390485
Laura Eusebia Ruano Duque,179.66537150747033,57.20004652309648
Fortunata Llorens Alarcón,174.29798359012045,116.08913487748276
Eli González Ureña,172.1227389679819,78.07123208030222
Javi Montoya-Montoya,152.50841768298943,41.86339425290207
Manu Pulido Valenciano,177.2083990338458,34.378715011645475
Zoraida Zamora Cárdenas,163.98185485442914,99.52293058667532
Buenaventura Manuel Galan,161.93801099340544,72.02328368000612
Paz Fuente Villalba,169.3721892257744,82.19677287981568
Baudelio Cases Somoza,178.11707765692427,96.625036819574
Roberta Gras Osorio,173.85125787984603,72.77576221433003
Heraclio Carreño Marqués,175.6527853771443,34.88377135936919
Damián Gaya Echeverría,187.09058205566893,78.22668657747994
Damián Tolosa Arjona,195.21883823196976,48.648373148291206
Reina Bayo Duran,196.5424522287055,109.45903451680336
Luisina Salvà Bastida,175.82275430499726,55.24157692781044
Adolfo Fajardo,185.97612340910965,53.30095144718413
Carla Berta Sabater Cal,179.2404103261384,78.8428483379956
Aitana Carreño,157.01408153324985,46.90107036881331
Flora Folch,191.0445341532429,119.219527636103
Jacinta Lerma Peñas,152.72455631770944,54.72226215874332
Fernando Jose Luis Álamo Boada,167.09016665889914,96.44267976722467
Remigio Cerdán Agudo,157.04949876264976,38.50856126292459
Chelo Jessica Iglesia Avilés,181.4624018776488,64.42393846642668
Belen Cruz Mendoza,161.32158079358737,74.74078712173625
Poncio Cánovas Nogueira,161.59224300189652,53.780039885127714
Clotilde Lamas Urrutia,182.05903693512684,52.0069966791326
Santos de Guardia,151.86169702823838,55.86279054198909
Ana Belén Leon Checa,166.7270521093272,50.85969624755237
Dominga Blázquez Rocha,144.63332466560956,56.73825786611549
Malena Pacheco Caballero,172.0404372780562,62.08148540312081
Ciriaco Amigó Villaverde,178.9221460112914,85.04536558104508
Maricela Juan Hernandez,168.63392208303227,64.24512122653289
Fortunata Ruperta Plana Olmo,180.43991055847684,34.5549612516112
Mariano Cases Ferrera,175.17875025230165,35.80141094042288
Encarnita Anita Campoy Ureña,173.2089604120006,69.47242258451864
Leonel Enríquez Palomar,167.64224866696904,66.88423574694053
Aníbal de Acuña,163.05996389008394,42.81168410998963
Violeta Padilla-Almagro,178.27173477534404,110.61537123962742
Gabriel Santana Barros,152.97066297697086,78.07994333781842
Félix Aramburu-Carrasco,177.446480526973,102.61106444623748
Ámbar Gabaldón-Cerro,158.24281315134337,56.76576229258258
Concepción Guardia Mínguez,182.37022622317437,117.5925586852787
Francisco Vinicio Clavero Marqués,153.38606134693825,54.00828240853038
Kike Ramirez Cabo,183.8259268716093,34.803912623622416
Ale Eva Abascal Neira,176.28109389053145,56.2045229340286
Ruperta Granados Calzada,182.3644025564007,35.884862164684755
José Belda Alegre,200.0,92.63582344766712
Andrea Valeria Donoso Rios,175.30819394408982,101.13404955105722
Laura Sosa Vallés,173.05331104788698,73.30900112023485
Pepita Viña Gibert,164.3775010298598,53.536656351201415
Joel Marti Murillo,169.505483978945,66.84083417323129
Ricarda Aramburu Aller,183.3796313023517,86.39479216008618
Arsenio Cámara Machado,171.63319499989004,98.42351720465432
Hilario Donaire Arjona,199.44424305898377,114.01242247849676
Evaristo Roselló Tapia,194.82932014616364,146.45992577216867
Nieves Aroa Hurtado Valera,178.14500479729992,72.32034341424225
Begoña Cabello Cardona,177.9689192383972,111.86548266975272
Candelaria Barros Haro,196.30228025332804,64.43676225852079
Tristán Chico Montero,160.36150041094456,96.93977969996251
Cebrián Pascual Paredes,152.83216726408702,53.30814502393863
José Manuel Maestre,175.13871515955248,63.73267574225478
Gonzalo Mármol Higueras,178.55007976367915,39.64957916122506
José Ángel Ballesteros,164.3236468997091,97.33473301189493
Eustaquio Bou Lobato,170.68708853446438,52.32274198713465
Nicanor Inocencio Folch Martí,172.28812943928543,39.92407898038413
Cristian Morán Álvarez,140.582303590312,41.267115216799645
Rosalía Bolaños-Coll,167.1660445643543,73.63333745440542
Ismael Requena Mayoral,176.42601894577703,123.08624316753853
Josué Barros Cuéllar,189.5914203059369,125.63829607999811
Vasco Roca Borja,171.83554793035367,70.42748154898467
Daniela de Díez,168.57508700416767,87.59479689275675
Delfina Costa Prats,152.87955371365524,42.1969111658528
Calixto del Romero,200.0,94.78013810540104
Jose Ignacio Amores Bolaños,161.3733286379251,100.16981141275112
Manola Carlos Figueras,193.1637351417777,49.44997767659243
Isaías Otero Cuevas,171.86907547274433,86.09242275776694
Amor Atienza Pujadas,192.42443321119512,80.48322566394407
Celso Marqués Rius,163.06686424073442,63.98083104493565
Leocadio Rico,156.77003898161615,27.93922738542857
Édgar Salinas Sanz,177.84832852339125,117.21538001347366
Jose Ramón Cabeza Serna,151.82750792445452,62.310860004229895
Natalio Revilla Pelayo,163.13579410097373,77.56991129107632
Marcelo Sainz Rosselló,162.85635896817172,54.782422139580966
Norberto Quintana Frutos,159.19147962173892,84.40253489855867
Dan Moles Aramburu,170.58473387659183,33.611105134915384
Alejandro Valcárcel Mayol,185.7170798795868,135.41057761272333
Geraldo Salvador Gonzalo,190.7768792345433,61.73060946143677
Reyes de Caballero,174.4301190607493,54.21254289491301
Salvador Gallardo Cortés,140.0,37.76261705274992
Fausto Baró García,169.98574683805217,105.48588344650372
Goyo Valverde Clavero,178.87123677906118,50.43256473600552
Jerónimo Nuñez Ariza,172.573899725515,75.9788584761146
Loreto Reyna Ángel Castejón,169.09168628269873,34.55877541455411
Pastor del Sastre,172.0178482183792,103.43975526226508
Blas Alonso Bermúdez,177.16633836617942,35.46272689338456
Pepe Barreda Sales,141.4474054030188,37.402412338732645
Constanza Talavera-Ribera,161.89993242445482,45.52967589434146
Ruy Matas Robles,170.7346703256057,92.8887477688486
Eulalia Maldonado Toledo,181.9893170073213,88.04844546558274
Joaquín Cadenas Escribano,166.39034566490838,45.17464919503685
Gala Almansa Cazorla,186.7510581151501,39.58582689783712
Azahar Fabra,164.90570490806735,53.58037109566949
María Pilar Navarrete Solano,158.97708438285957,52.61142173034503
Seve Castellanos Lasa,147.7473407848634,77.97440410748136
Nuria Agustí Jover,175.11919531273563,54.62521524560711
Brígida Vazquez Sala,175.8109819764056,106.91025332490398
Chus Marcos Arribas Tamarit,181.17220728597687,117.42179755823348
Luna del Baeza,160.6539398873626,31.059069672525386
Brunilda Marco Puga,165.25517561808263,41.43251956266322
Teófilo Bonet Sancho,176.9695956518927,56.88818316378375
Teresita Tomás Escudero,172.57446876673103,41.84736626704118
Cayetana Serra Morera,179.23816655702973,44.91203557885213
Mercedes Gámez,194.883100377817,55.095229661031645
Ana Fuentes Núñez,166.6988341214977,43.8617445557241
Ariel Pol Nogués,187.015368384903,90.96265316765997
Alcides Prado Arteaga,159.71505175778017,48.5227458050223
Edu Berenguer Canals,162.5701260903765,71.51152522854571
Gregorio Mínguez,158.81029720567398,31.56017272422475
Domitila Pino-Jover,163.4958555638757,58.31664115399053
Óscar Luís Albero,180.37320977408544,72.74631536285122
Elisa Sandoval,161.4401113708978,36.24451968740949
Chema Nuñez,151.20538700658184,45.46517142360139
Jerónimo Gallart Company,192.272402371528,45.080454421100896
Ricarda Arévalo Pons,169.10013345731565,44.15567610433849
Eufemia Jove Téllez,163.58039503416086,70.9105993568057
Amor Sanz,177.52151703157392,104.99829062264097
Tere Gisbert Tur,184.4316601912473,74.44623765123364
Aroa Baeza,190.236131132228,84.45913889117469
Remigio Puerta-Pozuelo,163.02807634218863,93.92493310087669
Consuelo Eliana Marti Linares,161.1638915108827,95.12075526600624
Irma María Ángeles Mendoza Mateu,171.98015406308528,61.28765598686465
Esperanza Villalonga Soria,184.8155182226231,118.47541321551292
Olimpia Florina Estevez Casanova,178.52036171649533,113.86695125570472
Hortensia Rey Arcos,196.30178216642395,149.8912374570225
Andrés Cueto Alvarado,177.6620799047579,47.26131224518944
Ruben Osvaldo Ferrández Ojeda,150.93639315343933,84.75633775661437
María del Heredia,176.1337876868406,48.49722285356966
Yago Calleja Echeverría,200.0,91.67901807982152
Florentina Bienvenida Santana Alfonso,171.46384587254846,42.84758025459304
Yésica Bustos-Gelabert,166.4352496908133,35.63779330177388
Lorenza Figueroa,174.60578768051212,91.0767401972078
Nazaret del Gelabert,164.96392345078746,58.04184635697348
María Jesús Márquez Mariño,167.55907918630038,85.05660530858316
Albano Mauricio Fuente Carbajo,177.82690087923507,68.4322772573721
Encarnita Aguilera Lorenzo,150.7533142255406,33.0484780272902
Manuelita Cid-Heredia,156.7918917115317,68.56000978006503
Carmelita Ríos Barberá,197.53040225896905,84.54039291812674
Adriana Rosa María Robledo Salom,157.15897187139618,61.72176477543404
Ester Roman-Sanmartín,178.1776153050854,94.91852186727932
Abraham Roselló-Angulo,171.15635540176234,56.868941417344665
Telmo Bustamante Santana,157.31982428369,34.43252868483204
Flavio Antón,156.13506982003315,47.29279919615888
Zacarías Alcaraz,164.4589706750045,52.135029012969454
Ciríaco de Camacho,148.14411284643373,54.73269641644746
Nidia Pomares Jaén,186.8444328513096,78.30357105902156
Evelia Cristina Pons Paredes,171.5318966469684,106.54719441759812
Valeria Donaire Ferrando,182.1263151995922,71.2514559666449
Begoña Jurado-Santos,161.29692888667853,87.3357184311781
Isaías Alberdi-Chamorro,177.0010649578982,70.97080551388463
Inmaculada Castrillo Guardiola,173.3814366326954,49.43571001044107
Mireia Marta Arcos Folch,177.22728359349708,100.51421283481002
Román Lamas Canet,179.04645849777378,68.33216021743466
Rufino Rivas Vallejo,182.92540754797815,79.91913564144932
Jose Ramón Morante-Pagès,174.33225711925357,58.072956745340015
Anastasia Téllez Niño,190.4516547905022,82.46445451771719
Plácido Roldán Conde,166.9740792752852,64.45819902475705
Delfina Juliá,188.37483270599893,93.37535699100076
Chus Jove Alfaro,156.09156087438518,49.64346110612199
Vidal del Raya,167.4463342761904,59.98355190233589
Valentín Gordillo Borrell,171.84998944671253,52.92477562315694
Eustaquio Arias Vendrell,193.69933451466144,81.67360452402679
Jordán Bonilla Frías,156.23523734990866,25.32461567190153
Cruz Evaristo Gras Fuster,167.5251785054639,80.23148522804684
Bienvenida Gascón-Arnau,171.77213307105217,57.9343204955076
Rufina Velasco,140.0,48.22924136498852
Alejandro Sola-Alberola,160.24191070270064,42.2450788825157
Dulce Taboada Mate,169.64998902518522,94.76102021121189
Cándida Arribas-Quirós,148.26005878235156,28.07497981839412
Haydée del Serrano,181.2977725080336,49.56793102637964
Mirta Ballester Navarrete,200.0,71.12963951476897
Marco Zorrilla Sanmiguel,173.7919367010254,37.62353541427427
Silvestre Recio Hernando,158.06380652079383,58.09628169990552
Prudencio de Lopez,158.2471487078223,49.38620594108785
María Pilar Riba-Gimeno,155.6214051586943,46.51037700122463
Rocío Acuña Cabrera,147.45134474040935,54.89286456731273
Merche Rosell Juliá,179.1186489766446,112.28965284926696
Guadalupe Río Pavón,157.67787672298914,86.16172968265738
Teo Gutierrez Sureda,184.8203124313336,60.21356864238157
Edu Santos,150.82860879428634,70.87339343220177
Chuy Amat-Benito,154.37457228466687,91.05061277749935
Onofre Ribera Gallardo,166.9113384649041,79.44703215635498
Rogelio Dalmau Pla,148.40590637738703,77.79974045779139
Guiomar Cuenca-Galvez,158.44929253641834,27.51815421202141
Mirta Teruel Saavedra,169.00454237889036,33.68428181003266
Segismundo Cortés Gual,160.89017980582489,61.003569992205634
Carlota Gordillo Mascaró,173.91907150610456,111.06782556344334
Reina Alsina Cid,155.52851618975777,30.87808119520332
Goyo de Jerez,161.499512296399,68.4220937564051
Itziar Rebollo Carbajo,158.10931406017457,54.463210884448
Amarilis Villa Mata,171.35724778831707,56.85416903250664
Victoria Cal Bejarano,184.91397383018625,56.6386707872073
Florencio Gaya Llopis,181.67686363502145,85.08336863998176
Faustino de Pinilla,168.9863525517966,43.24465983321208
Eutimio Nuñez Chacón,162.35137926124168,28.81071475896381
Sara Zabaleta Torrents,178.3907568491718,92.75155176024164
Ulises Alcalá Farré,197.7329966871408,56.22649845186071
Estela Campillo Niño,166.31179363766472,67.59557759090629
Cayetana Trillo Torre,147.0612871944957,61.61333204151199
Dominga Elías-Gonzalo,162.3410871290363,50.177401996524985
Concepción Castro Villena,171.25001303391127,65.55021303983541
Pilar Rovira Batlle,180.29397362562577,61.31240847891311
Catalina Perez-Tomas,168.2488244452277,61.33649495548961
Silvestre Mayol Rivera,145.33006334686064,48.79651761092887
Lorena Vallés Luz,164.063151326586,62.13206471163233
Chema Benítez-Leal,157.5117947241024,61.0464105756498
Lisandro Gil,143.2175333477904,25.992481462754263
Nacho del Madrigal,181.98327440989425,120.96530346847004
Tadeo Feijoo Cortina,166.8367284161536,69.10344925156156
Elisa Campo,188.79347965680728,47.88451680467104
Berto Ródenas Bravo,183.7440852944004,101.74185759299849
Ciro del Zamorano,140.0,67.32715232753235
Purificación Montaña Iriarte,152.36492026584955,54.50113540702988
Fátima Felicidad Moreno Casanova,170.82856319034715,34.488856526687435
Graciela Sánchez,165.7267841121619,99.39936321489554
Adolfo Cruz Novoa,166.3496774537032,104.7818148221565
Dani Monreal-Rodrigo,153.67866152555237,41.37881558644621
Visitación Montenegro Calleja,162.42138793224171,69.23999231432745
Tomás Vélez,159.41778554287177,39.88574753543948
Lorenzo Carreño Zurita,200.0,56.81801393353962
Noé Morcillo Carbó,183.4019590150272,103.7508085559562
Rogelio Puente Anglada,165.293747584958,103.67866681699
Gilberto Leonel Luna Tenorio,181.45287542383213,93.79081005690884
Ana Palacios Mayo,165.66241520756998,63.07541482276361
Marc Losada Caro,179.41872355543933,67.99858258580169
Heliodoro Carrión Uribe,189.2232062747583,122.73921851509256
Luis Miguel Tudela Villanueva,161.5628567307621,61.85669339476871
Elvira Salgado Plana,156.73679901986847,96.16720033598514
Eugenia Buendía Ribas,180.47848481750023,125.05934991533545
Isaac Gregorio Cid Camacho,160.4653579720048,46.48859618667113
Inocencio de Casals,175.62520116786425,56.51866907201845
Iris Julián Bonilla,158.79860666487716,75.21098854144972
Florencia Cadenas Pascual,160.49094315460133,89.96718639027725
Quirino Valbuena Verdugo,154.7215839434342,53.45204575062342
Encarnita Barceló Lerma,171.41091850164986,53.00838995054703
Luís Marín-Araujo,170.05013140269855,46.66843700199056
Toni de Mendez,180.8468062269137,94.94175453707383
Josep del Casado,170.14483412547696,101.7372705430966
Jessica Robledo Garrido,167.6837364291388,60.64944139169696
Nazaret Cárdenas Bayón,161.4756471375078,54.414529148768565
Ana Belén Cantón Torre,182.7102868102448,79.57962753980793
José Luis Buendía Arnau,179.29888678152128,42.90057371457989
Fabio Anaya Losa,176.53824728379257,39.951592540806935
Belen Dávila Berrocal,142.65785381987487,24.739866335294984
Amaro Cantero-Castell,172.69735365009555,34.93156076248013
Narcisa Botella Barrio,182.06150186775645,75.3349957621017
Danilo Acedo Salcedo,155.87172275472494,72.37836805247183
Edgardo Bayón Jove,165.94049677042844,62.83946768446703
Gastón Pou,200.0,73.76224310730406
Ana Belén Alvarado-Salmerón,188.28655477830523,97.94190610430915
Nuria Nilda Gonzalez Robles,165.68122444203306,60.45357274833901
Milagros de Mur,183.51747725255896,35.17728205278792
Omar Peral Gallego,163.76379490968435,57.26479393186757
Yago Carreño Cal,176.12317883912675,61.802501851340175
Arcelia Baquero Losa,188.1415489964409,77.82381581857686
Eusebio Dalmau,158.65978297272602,42.32928101729904
Ignacio Morata Valcárcel,152.71750124609363,74.98963627604238
Casemiro Benavent Quevedo,180.2788465970519,67.78579977937838
Iván Espinosa Paz,140.0,44.96550500414451
Ramón Solana Buendía,200.0,50.68102952546511
Maribel Nadal Herrero,192.02327590203475,69.53185115701413
Estrella Carretero Cerezo,159.45211123103803,72.20460161666409
Pili Torrent Gallardo,163.26638026713778,76.9265351792307
Graciano del Luque,170.8491447177164,36.28860339254454
Herminio Cabrero Abella,155.0286109387783,48.1356381756419
Cleto Alcázar-Pujadas,200.0,42.50937758941591
Joel Salom Godoy,196.8145324318081,106.70518543328558
Emelina del Varela,167.77708055531122,64.37657864934427
Leocadio Alba Albero,191.45579997875936,51.13307855609703
Celia Villanueva Huertas,143.16464773415464,78.20630029204577
Asdrubal Peláez,168.30307476591113,66.8488727383179
Dani Fabregat Calderón,178.9509219222349,64.10413978795422
Samanta Valentín Clavero,188.54343654776247,122.29288650900308
Mamen Marqués Cerezo,153.70829013021793,26.999388711976916
Urbano Gallego Zaragoza,141.3697566087919,62.55222442102775
Vilma Córdoba Ropero,171.6490102159749,32.80090391802506
Marcial Sedano,200.0,88.60983673963784
Benjamín Teodoro Seco Herrera,147.7396508840232,54.50297759159604
Camilo Benavides,196.43860672700933,78.67780199119434
César Sales Duarte,171.02352130035234,56.93026692817458
Alma Herranz-Rosselló,171.03036318659366,31.3546637697738
Cecilia Verdejo,180.11460971060765,53.03596047701582
María Manuela Uriarte Gonzalez,175.44101296743278,106.48379890523913
Paloma Iglesias Vázquez,169.0938742225351,89.3845651618986
Fidela Uría,168.7608789748764,49.64574484885
Herminia Carvajal Olivares,163.51853687504004,88.27019506775798
Diana Carranza-Milla,150.66726845044025,33.91960490296834
Encarna Moraleda Cabello,140.0,29.540869102902025
Rosenda del Garmendia,164.11301921778565,67.2483789579784
Berto Cabeza,196.27798681839656,54.9278970284248
Carmela Valls Blasco,188.27118127637573,84.75025205896675
Plinio Parra,163.04735965637803,106.23373684696205
Goyo Barberá Vallejo,200.0,102.46461677263125
Victor Sanabria Llanos,173.11296068096564,105.2989677402909
Ruben Azorin Carrasco,192.1223975908851,45.01410444806692
Ema del Zamora,183.5544333071064,54.94509778211757
Jose Angel Peláez Moraleda,159.4126743448544,52.3177378386837
Pascual Maestre Manzanares,193.68357487220703,47.66827902828327
Eric Jordán,157.23472590556017,48.90052022708266
Maximiano Oliver Vaquero,175.85648647632874,48.96248507489081
Ana Sofía Graciana Llobet Cortés,154.54676449467604,87.94794112241527
Flor Morales Cañellas,183.69883512538604,63.18787194288162
Guiomar Mariño Bayo,170.11493771419748,66.76550244947296
Fanny Verdú Oliva,166.71271061007562,82.67127729304755
Abel Asensio Antón,168.90059203889743,35.600094579529255
Martin Casanova Pont,176.94019646070527,33.24362417223072
Belen Feijoo Mateos,169.4987442923183,72.11919087005262
Ismael Pedraza Boada,167.00978019564596,33.22349443015273
Manuelita del Morcillo,158.8553988859105,58.16690180540092
Angelina Elisabet Abella Torrents,174.6133702419857,32.39157471770037
Borja de Perelló,169.96758891185092,32.4300085765267
Guiomar Artigas Valbuena,178.17659180021425,89.28055667543478
Hilario de Alberto,168.60891107361746,58.71105658974166
Jennifer Mariscal Giner,140.0,37.00351292627172
Florencia Marianela Barco Palmer,167.43536354236363,35.01871265686423
Cleto Nacho Tirado Cobo,162.7298245170366,45.84049746039173
Pepe Castelló Vilanova,180.8783881287497,35.24817511273282
Olimpia Pujadas-Palomo,150.75012593766075,65.13969103052284
María Manuela Arce,143.7380700020259,76.98259606190784
Lara Cepeda,174.738117466785,73.51963359751795
Maximiliano Patiño Pulido,141.2305809720475,36.72915824570698
Rosalina Clementina Cabrera Barros,156.1345530772706,45.39287347253605
Marcio Piñol Coca,158.7443776888671,58.43443186389641
Nicodemo Julián Morera,173.9309068325578,71.57317980647174
Maximiano Díez Saura,177.03946242278988,72.92505427135244
Flor Jiménez-Villena,200.0,127.06498470820134
Ernesto Poza Barroso,177.31422610035213,77.16718201170805
Fidela Bravo-Somoza,179.5284705411088,122.2250895992614
Roque Aragón,179.1212780703512,45.19146779362255
Erasmo Cabrera Ferreras,189.092810875624,58.560321286245326
Prudencia Mesa Chacón,185.2528215416824,48.48313107940886
Enrique Baltasar Amat Escudero,158.51507970989593,96.00039434995936
Oriana Infante Castelló,161.27708690552322,43.962595846031306
Cebrián Borja Ruiz,176.46602414901452,105.09297912748828
Clímaco de Ribera,167.25668741348665,37.563356408612734
Consuelo Cayetana Arenas Bernal,185.20603941007656,135.70819578842153
Calixta Delgado Azorin,160.1780256274867,52.57896745235056
Hilario Losa-Cortés,185.76727054479463,65.27238789715146
Mauricio Cámara-Segovia,175.76495019086238,59.28065962970005
Paola Amo Heras,171.2586358330178,107.4245551685144
Cecilio Tur-Alemany,185.2473083593612,44.20978943335503
Efraín Tomas Castejón,187.77475972853145,42.09997614979091
Juan Luis Vega,174.09812424255665,54.61467691557894
Wálter Pont Osuna,168.7467600469857,75.88322637134571
Milagros Catalá-Padilla,142.85776483702026,20.805259070794587
Paco Juárez-Aroca,146.5888321964942,40.12295595002857
Amalia Daza-Mayo,147.20547040023106,75.68705533080993
Adrián Flavio Ledesma Álamo,179.43775972079013,33.37521377775388
Ascensión Tejedor Cal,191.63131844253277,64.23232656355708
Cayetana Espinosa Rivera,174.97339719201085,60.89375693209431
Teodoro Villalobos Salcedo,167.51862386875436,99.63647675164188
Teodoro Asensio-Calderon,149.8350878943384,82.91211423818038
Luciana de Villegas,156.1011320628211,89.81877994718748
Salud de Escamilla,159.9023021741568,47.57767168689148
Cruz Piñol Manzano,157.85533467125254,91.37031944824156
Félix del Macias,155.9099712209679,53.310915063371866
Marita Salas Verdú,187.90696264957117,75.2808843400954
Isaías Eligio Prado Montaña,196.2658563965823,85.08611710805619
Antonio Ballesteros Uribe,176.97318160139417,58.19593713652611
Atilio Gastón Amigó Soler,193.7701456173133,93.29466800681908
Eusebia Abad Palacio,188.8196652942149,102.6722031947067
Sabina Pastor Morata,153.79766079898533,81.58227103079724
Víctor Huerta Losada,155.44030898136074,53.8927006614227
Chucho Jesús Roura Guzmán,159.43142098885534,28.835089261773696
Ágata Figueroa Muñoz,150.35090823113757,67.30386157802016
Samuel Tejedor Rivas,200.0,136.63112687674993
Esteban Tejedor Benitez,175.60003485150966,68.31011752061939
Aurora Luz Carrera,178.81991533610068,76.0926661997415
Macaria Ferrández Berenguer,192.15783398531792,45.220996961134375
María Teresa Barón Tejada,185.5769215997045,133.0803874191296
Angélica Carrasco Goicoechea,179.50882171174416,122.4524214451924
Ale Barbero Gallart,182.50550553101584,61.80866079600599
Kike Llanos Bermejo,155.405419350783,48.647561255053056
Clara Castell Bauzà,178.5403384675932,78.10201927540263
Consuelo de Hernández,163.66137599439412,105.16717008564706
Perlita Vélez Torrijos,170.3969937059826,62.69876789494973
Benito del Morillo,153.0431208445283,28.42808240846513
Juan Bautista Almansa Cifuentes,175.98933691918586,94.74104894005768
Moisés Zamora Bernal,180.92107780870265,73.29568900108566
Concha Agudo Pazos,159.85690770751785,55.8411090605634
Paulino Reig Calderon,145.73350238051736,24.89574348532836
Camilo Valcárcel Cruz,158.87489511406915,77.03358003433702
Fermín Toro,162.5832802428189,50.00518194963978
Rosalina Lerma-Vega,166.14589074983397,40.34905762848122
Poncio Muñoz Amaya,145.81152870628267,75.56291780630913
Guadalupe Ledesma Palomino,170.8450085378282,107.01579434165605
Damián Vaquero Arrieta,164.86673262961884,37.7074793643455
Albano Losa Montalbán,194.48414903205688,103.75356921727465
Luna Caridad Guzman Solano,170.28680915283957,71.87314306581119
Victor Manuel Nicolau Fortuny,165.4825178980455,57.74888838829934
José Antonio Estrada Barbero,171.47165319278244,87.70309698158245
Amando Durán,174.82608476458208,46.44610479382101
Gustavo Cañizares,181.43495650100468,68.52207775586248
Godofredo Pelayo Aragón Pons,162.78659307228705,43.31179098653286
Lidia Portero Menendez,182.2942591866015,39.85267423471688
Juanito Clemente Lladó,164.71338026250206,30.156189011570536
Baldomero Llobet Manjón,180.77947095568328,72.14905562320415
Adelia Toro Arroyo,183.9493025645258,53.11141157831011
Concepción Robledo Puerta,159.49465618784532,41.74623990580764
Herminia Barroso,140.0,42.81438459064247
Ricardo Río Alberdi,175.79588415065453,36.07125955964844
Maristela Alegre Tamayo,171.7154795614743,72.27406131365248
Patricia Boada Solís,185.72420331408676,51.56642141343896
Celestina Cárdenas-Requena,168.61842299977724,109.6643160474824
Porfirio de Guardiola,182.64179327030052,47.405376102492646
Ruy Cepeda Barranco,147.0216274680161,25.66212137432488
Silvia Porcel Montaña,165.56414841961967,56.47272825933521
Amarilis Montoya Boix,200.0,54.91695133407895
Raquel de Flores,152.37959343151851,84.96847184478372
Fortunato Palomo,172.75333375129182,33.54454450057906
Encarnación Manuel Gomila,179.55962522818547,109.68073569966369
Antonia Nevado Mayo,183.59700350390244,52.82427443620206
Nieves Alegre Santiago,185.297598066939,97.9034865830751
Benita Manuel Martín,158.08263804124985,59.85682843688089
Martín Batalla Ledesma,176.11499964567864,35.57841752134405
Delfina Andrés Heras,162.17341556733112,36.149645100396015
Rogelio Amo-Heras,189.8628149325043,117.44605451839668
Ruben Costa Rico,184.92275645132975,122.48159206001776
Eustaquio Puerta Aguilera,166.7905660597194,72.64433306008222
Marisa Lobo Riera,173.12434204394464,81.14483886503078
Fermín Vara Castellanos,170.55530675256193,57.80056133938587
Araceli Calzada Rivas,159.39606593069806,57.720995045573616
Evita Manola Ramón Ropero,145.64361147771828,25.29534226898394
Fidel Sureda-Vilalta,180.9969705149296,56.67553805238551
Estela Morante Teruel,167.3799430052345,56.69442458246576
Abigaíl Octavia Zapata Pujadas,172.1237697647827,88.4727198733007
Arcelia Hervás,180.82881570285264,47.825588831388295
Maximiliano Padilla Blázquez,191.3900056914736,134.16830128955863
Aurelia Arteaga Sáez,144.27185912188824,24.239769183030592
Catalina Zabaleta Calleja,159.06368180793018,94.20337875864332
Febe del Orozco,152.45675558947173,40.4333351509128
Flavio Arroyo Agudo,182.85095065160735,117.10478465648347
María Jesús Montero Romero,169.32865585806965,45.43374364208632
Lope Zamorano Paz,153.49089482994867,26.5022404248736
Cristóbal Nevado Ortiz,170.54086937483982,35.89471084389864
Ani Suárez Morales,147.79440661308612,31.131145742170517
Reyna de Alemán,168.4211166865707,56.90980148021015
Aurelia Soledad Francisco Barranco,169.6016213952291,30.30859218163421
Julio César Viana Duarte,178.39599066337735,110.66595688007504
Marcelino Cantero,160.22574081301147,91.41118301821608
Antonio Gomila Osuna,188.19681107714635,75.0548651645653
Cristóbal Morillo Blanca,166.18204890111832,43.06365647922207
María Huguet,191.8181620537673,44.38018059261347
Gaspar Molina,161.25069327315572,81.09658195573611
Carmina Pedrosa Burgos,144.64890907318255,49.40722439166541
Luciana Vergara Pera,168.78648427166834,39.167088903580144
Emiliana Perales,199.1488319825877,59.6698329978892
Fortunata Agustí Pedraza,164.5187757813524,60.85832810192039
Prudencia Miranda Vendrell,165.18894263555416,94.31593133272249
Pedro Villanueva Gutierrez,146.62741190727508,74.24807802316127
Rebeca Iniesta-Espinosa,177.45961323659387,52.59618162319536
Juan Pablo Hervás Jiménez,177.15753780015757,54.13644488873105
Abraham Tirado,175.01537774536143,96.91547716695568
Laura Sabater Arrieta,200.0,66.29110669716295
Álvaro Vilalta Piñol,140.0,36.09412193841406
Eulalia Calleja Giralt,174.13614749018188,69.23087176682134
Celia Castilla Frías,166.92983491503662,74.32399564707784
Florentina Lara Feijoo Santamaria,141.1025022748366,44.87441017476986
Delia Sanjuan Buendía,162.4120104837063,102.97841335586838
Miguel Ángel Barragán Montenegro,167.73943917949606,106.62203935710602
Claudio Santos Saez España,168.58827017549007,111.84599072539248
Tiburcio Piquer Chico,151.9500856876593,70.83690874896665
Hipólito Riquelme Vallejo,156.26235994771068,45.42004615416993
Lina Cervera Meléndez,162.129081903944,51.04651416099095
Carolina de Mayoral,174.40075384960352,51.794863548174646
Ibán Castellanos Dueñas,176.10840371118013,52.49860340864228
Carmelo Lloret,166.95643171039035,88.82547371428029
Eufemia Blanes Galan,185.49121177044145,85.78493043970042
Aurelio Soria Tudela,189.4125155807222,47.38376384664679
Valentín Palomares Lozano,159.78342038986582,85.01589847812005
Tania de Galván,168.87077944413082,31.11924509068609
Viviana Morell Muro,182.03353834353328,42.07454399678512
Che Canet Bas,177.53233584740093,110.15789903950784
Andrés Pintor Santamaría,152.66721285786352,75.73122592323182
Miguela Águila Valenzuela,150.55423357686922,27.488007082582943
Néstor Amat Carrasco,180.98956677191248,44.381127404009845
María Belén Calvo,158.9374292287046,77.81908101941602
Manuelita de Castilla,185.2402321439827,75.68929670815785
Áurea Beltran Amigó,169.66765321659355,95.93349727279666
Alba Múñiz-Echeverría,175.98036904048757,57.35338155534723
Brígida Mena Santamaria,155.23283602855795,38.67645439500567
Luis Ángel Luján-Vidal,150.0680940712262,52.3541748256343
Isa Mendizábal Taboada,189.86361198633847,107.4898304348331
Custodio Haro-Álvaro,177.99266621755305,47.968628650166224
Rosalía Calderon Gisbert,179.4095842780288,114.62356926189088
Macarena Botella Ocaña,180.74020785698792,66.56769563164627
Pepe Frutos Botella,168.21086691576485,44.03746461797077
Nicanor Navas,164.07181047607358,51.056725370589554
Dionisio Dominguez,170.1895369773918,56.68056388204949
Angelina Gallart Galindo,186.33912407344496,70.99559933678664
Ximena Tatiana Alemany Aller,140.0,24.10549792941532
Eutimio Simón Vives Bayo,195.31602309554555,80.92081825461356
Begoña Asunción Colomer Uribe,143.77723292698724,44.38710323790204
Jesusa Martínez,169.35226463312316,62.63959946133213
Cleto de Uría,176.74702735555056,33.59146078283332
Quique Nilo Villanueva Arregui,162.29395977007215,64.10503591655299
Marco Cristóbal Acuña Ayllón,182.9938355236164,45.61350531719223
Nereida Herrera-Arce,154.4418355456724,24.33396898550872
Nicolás Vara Rocamora,186.66170240312536,131.69441136452414
Victoriano Nevado Carreño,184.54033578320056,75.767341081644
Geraldo Carmona Bustamante,153.39736626135638,30.64696608601773
Ámbar Florina Rios Llorente,163.32716232913756,93.7567605667477
Heliodoro Gimeno Fuente,178.17952129749153,52.01835517244819
Berto Oliveras-Verdejo,172.70748171989408,53.39677313787408
Bárbara Torrijos Rodrigo,149.3968257619013,43.818478414344526
Manu Cal Silva,147.68366860430615,47.57123971011261
Adolfo Íñigo Barba Polo,178.07012292441146,55.00074085275856
Cesar Barrena,153.76483350011236,54.194409513318185
Ofelia Giralt Aliaga,190.95446306228777,75.96725021823414
Wilfredo Mariscal-Vall,155.51294279630886,63.03402117063762
Nidia Gimeno Tudela,157.84496171921256,33.94894543053363
Francisco Durán Exposito,176.47279032877222,42.2203299530926
María Carrión Cadenas,140.0,68.85677094116919
Elisa Mulet Nebot,197.94306312257035,87.62588218356986
Jose Luis Eligio Sobrino Tomás,158.59292525245368,46.88272199157426
Fidel Coca Redondo,166.35396786282038,54.34810882076753
Cayetano de Azcona,167.54792280805663,63.90804572781681
Flavio Botella Barberá,161.42692425829406,102.90366926190588
Eva Narváez Morales,167.0314995510148,98.03041597568006
Malena Burgos-Villegas,173.63345323512164,98.8496109451554
Benjamín Oliveras Pinto,165.70647346841665,44.72953878055208
Ruperto Bravo Sanmartín,176.64612201395198,55.60661295162756
Álvaro Lobato Padilla,140.0,75.33321712138891
Maribel Fortuny Buendía,152.4053990962082,72.29327260761231
Hermenegildo Cabrera Palau,140.0,23.055828432501954
Epifanio Robledo Gutierrez,171.4294477977642,42.94452184519366
Perlita Ballester Cadenas,162.62905410045482,27.254808290406316
Melania Ayala Martinez,175.82086210508618,70.89966160775886
Tecla de Agustí,169.46703060169858,77.42089068453043
Duilio Arnal Garrido,188.40599484251203,80.34137561456579
Julio César Marcos Hernando Oliveras,170.01858282603624,95.56300486198664
Ricardo Montes Marí,168.5485748607295,44.681586975529385
Adriana Garzón Quintero,182.0112683215569,52.09399021367087
Manu Jeremías Marquez Gascón,156.3388709725725,57.74905290752088
Corona Toro Pazos,161.87882713563295,60.766103084500585
Rebeca de Gordillo,146.1636551622713,52.41836911903189
Marcos Pou Armengol,165.70023185171874,36.98595350396158
Gisela Rueda-Pizarro,145.9037481652676,65.7933862210257
Selena Espejo Pedraza,158.6867270324087,57.79765782829055
Natanael Frías Morán,165.9331433890515,44.708753599929935
Samu Malo Jaume,168.9339076663995,40.18388452638131
Charo Somoza Granados,163.1083329753701,32.58196467415864
Eduardo Gómez Escudero,165.21515971072407,108.57457890605428
Piedad Chacón-Soriano,154.00427540003238,73.16092743033138
Nazaret Sancho Delgado,153.48732334655546,31.09558803688586
Jimena del Calatayud,176.31360453637322,52.81639787829311
Lalo Barrena Carnero,155.35261828325466,45.71406334390244
Efraín Crespo Ibañez,168.15800177916876,92.54194411929394
Odalis Ferrando Alberola,153.37441173711707,49.62505761647947
Chema Vega,182.84245699030237,57.23963224196071
Cruz Peral Domínguez,173.86975918025257,45.189915310673086
Seve Luís Caballero,177.03399980139832,122.89470042120394
Leonel Simó Marcos,176.90482291673624,54.22713339196432
Encarnación Lastra Bueno,160.63649494944568,59.43136167582456
Encarnita Luciana Gallo Benavent,185.8434809331052,126.48588523203992
Adoración de Madrid,169.96981316812185,101.4860176767916
Remigio Solana,170.11768320997032,63.62832602929251
Reyna Aranda Alonso,183.77070529364465,45.37942327682056
Diana Gallart Alegre,153.70007992657472,57.62248721266641
Lucho Lumbreras Gras,148.4167220310716,72.68469179685727
Iker Isern Sancho,156.98807962021365,62.8245052751589
Belen Angélica Rosell Jáuregui,183.1717695583393,65.11117891842707
José Mari Barriga Cabrera,173.393207249908,47.13326429510674
Dimas Toni Palomares Vives,166.6772877156764,82.42116326800925
Evelia Bermúdez Lorenzo,146.90020075716225,83.23048620180349
Nélida Tormo Gutierrez,182.89387032164305,37.68662969308201
Rodolfo Reina-Batlle,173.0335378620002,62.292139417418106
Etelvina Vargas Elías,140.0,51.05054454846344
Javiera Garcia Mayoral,168.09893933627285,29.065812117276195
Cintia Carro-Muro,161.0183902689507,91.1116669195275
Jessica Ródenas Jaén,163.48888736554034,105.06278497228442
Ciríaco Casado-Casares,162.60709827930208,60.67217695995176
Mar de Andres,148.24393435613712,83.75554308565557
Adolfo Garzón Nieto,147.74427562872813,50.00070737032667
Loreto Plaza Uribe,165.33293415918124,61.47879036742995
Gaspar Mayoral Reyes,160.5785498912768,42.869931105829735
Rosario Ibarra,164.1537560648379,54.35273036380869
Jose Carlos Barragán Chamorro,175.38505029272002,102.32668595646297
Victor Manuel Amigó Abella,162.9462064440882,36.97340769410719
Ágata Diéguez,190.2739101956866,58.69002006885298
Agustín Artigas-Carretero,144.03109693999997,53.38990854994624
María Belén Espada Jordán,200.0,155.20013274099543
Graciano Alberto-Corominas,170.05130287599164,64.3527703475252
Clara Velasco Manso,169.4950149117147,72.17293487408698
Ema Cabrera Cabeza,181.093670262524,81.62941749913983
Juan Bautista Velasco,178.9870449316863,77.54553322244283
Raúl Roura Llorente,140.0,54.03386611660803
Nazaret Coello Echevarría,182.86633693249465,77.22945989049462
Fernando Royo Paniagua,154.36101109899803,67.93455813637253
Roque Tur Peral,191.574924926092,45.955978703270766
Salud de Calatayud,183.6564015944107,132.8652218250941
Fanny de Llabrés,197.49057669632944,57.35837235770747
Micaela Pi Valbuena,181.3684417518206,78.871831386553
Noa Benet Peinado,175.84856025994662,110.00757014090073
Domingo Moliner-Cuadrado,149.9783463121604,26.44151371545949
Melchor Agustín Castells,173.9717421718214,109.54463114682532
José Manuel Espinosa Bonilla,173.74458870797997,99.13704271519444
Danilo Montero Donaire,175.92122963296978,93.34520415659873
Víctor Gual Garcia,158.07739065893665,54.73284780988245
Florinda del Palacio,191.5267168035297,40.00743950759196
Ambrosio del Pombo,174.22406253937427,105.65348242740734
Clementina de Vilar,159.88335122802383,63.70403998531231
Vanesa Mata Balaguer,150.1543023854045,23.86137933867456
Laura Jaén-Vera,174.78017522467053,69.14545321105695
Emiliana del Ramos,168.7449870376665,39.21138093773469
Teresa Cervantes,163.47602581639134,43.62748275957095
Eutimio Mora Berenguer,157.8968167907999,44.18860252454458
Raúl del Cuevas,170.35887556324167,52.77965284439864
Noelia Pujol Lorenzo,158.46762064251362,35.89517415439018
Isaura Vélez Busquets,197.27774254743235,97.58961649159846
Primitivo Soria Ribas,142.15091922964478,70.84616466390464
Toribio Pino Valencia,159.03704039482204,51.65077245888326
Aroa Román,140.0,45.16320068940728
Jesús del Alfonso,159.00332292240134,59.486468286702994
Balduino Vélez,162.9489110919376,95.65438837093572
Narcisa Múgica,140.78982781852582,35.411079875374966
Alma Vergara Hernando,164.00528358923995,53.5966233067345
Asunción Olivares Gómez,140.0,21.42933251319045
Elisabet Rosalía Talavera Fiol,194.28076974174311,114.79947799512362
Gervasio Checa Solsona,173.2845117503307,98.09793546302548
Anna Sosa Bermúdez,187.41481989042404,103.22066710535547
Gloria Valcárcel Valle,191.85355499532744,107.46734473192387
Martirio Domitila Juárez Barbero,159.74270125498933,42.76757648744413
Selena Ariza Guzman,169.11086746284056,35.69598573835543
Modesta Bustos Mur,191.94141643242975,89.84220210670675
Fabiana Prat,172.21577266233447,87.98053714674204
Camila Belmonte,157.17825351124287,96.99586337775958
Hilda Barrera Arregui,157.99409113706906,25.34266741610733
Manuela Suárez Vilalta,159.34669159136703,92.70584178595388
Sebastián Campos Frías,176.07489170222345,48.6964556583625
Adelina Pujadas Lobato,174.4841048620885,103.80722354680306
Vera Pla Navarrete,156.4727767343555,89.71997699312143
Yésica Correa Criado,176.0088038150957,105.02769538376836
Cruz Alvarado Villalobos,172.62730995108657,115.21344468000528
María Ángeles Montserrat Atienza,187.28327330095533,81.17033546464067
Roldán Lerma Rodrigo,177.9525394423586,81.08737733398995
Mario Perez-Sala,140.0,60.42304101259374
Octavio Barrio,165.55429356272072,55.51969535152684
Pascuala Gertrudis Madrigal Lozano,177.48736634619854,46.24989783361059
Teófilo Carmona Piñol,153.56573544712262,75.22523106903726
Felisa Montserrat-Heras,180.4694626412043,64.04620197309995
Heliodoro Crespi Soto,150.4720974550067,25.813969610054983
Sebastián del Pizarro,200.0,88.54007790256568
Guadalupe Planas,164.39566066056017,56.56760721286528
Gabriel Arenas Portillo,175.02931006954543,40.96190736321008
Esther Fiol Mariño,143.18604014798206,72.26924093842817
Lorenzo del Piquer,195.1353628144978,74.64384672308452
Marc Luque Machado,157.60048609872368,81.79169910033792
Silvia Martorell Aragón,155.97620915876143,54.91716208476764
Abilio Gonzalez Machado,169.19420126388022,66.97342714930562
Juan José del Bravo,183.3796618739188,48.56089501676357
Eva María Mendizábal Isern,152.78571856070093,62.10925985598198
Emigdio Muro Duran,144.3197669743454,76.83591434904162
Ernesto Verdugo Martorell,161.3364672557378,94.3283044521482
Sigfrido Diaz Herranz,170.45484818796666,111.16690169935092
Benito Luján Nicolau,157.01282026766862,81.45067591270865
Toni Gerardo Pareja Mena,150.61956597703892,66.85811983323794
Mario Andrés Aragón Vázquez,149.24646248402618,52.62498917561042
María Dolores Leocadia Borrás Salgado,153.73176325245026,43.826803943204986
Norberto Pla-Cámara,200.0,56.01455928381396
Malena Larrañaga Ávila,147.9167647621487,43.0686157197358
Olegario Andreu Nebot,156.36551572259802,76.01478487908572
Iker Barreda Manzano,166.5665094029603,60.51115860684668
Carmen del Artigas,174.28142813716306,64.61981565495273
Evaristo del Morillo,155.0319527211444,86.93949372173635
Berta Galan,175.71945154824024,54.738378150726525
Herminio Coca Blanca,191.2914251351357,37.30251322607694
Chucho Albert Dominguez Camps,198.973471668051,97.1127050288105
Miriam Bello Leiva,200.0,112.60743169371452
Arturo Perera Gimenez,154.3582450300342,93.20894744950274
Marianela del Morán,169.57972375058665,70.98208325891656
Natalia del Garmendia,164.90773278773634,78.58799529957004
Jesús Caparrós,151.0321936718587,46.49804952932551
Ulises de Campo,172.34530040974474,30.62972880936153
Herberto Arias Hernández,185.80092808741523,50.33385450120322
Inocencio del Lasa,162.27581776098006,57.35514420267642
Luciano Naranjo Gárate,157.78420881120417,81.38268501664751
Jose Antonio Marino Ferrándiz Prats,163.55780016476973,31.039112792660703
Flavia López Rojas,167.10286086545497,89.80185898653177
Apolinar Ribas Carlos,154.12854544045558,86.35657738245486
Roldán de Yáñez,172.84280420477205,64.55196721474893
Cirino Pineda,174.56118415233104,63.89881141730049
Rita Guerra Castelló,180.64595216858683,116.15649171658896
Luis Ángel Santos Coca,140.0,32.91483575929972
Jose Miguel Padilla Suárez,169.31815378044922,78.53516805409264
Edgardo Cano Pérez,185.32322829859092,43.82108507179736
Isabel Gárate Yuste,179.74862027149072,64.27100007643394
Etelvina Valencia,184.84779933823071,110.1993511569872
Wálter Agustín Pedrero,189.9358973488221,131.26484281490764
Marcelo Aguirre Peiró,167.1078337773376,104.67736044622328
María Del Carmen Gálvez Jove,173.13073592536057,32.062531650153744
Alonso Barroso Guzman,171.25843313066363,78.53245736547892
Ramón Tejada-Carmona,169.28470519929775,71.65211188470357
Bienvenida Garzón Salcedo,200.0,138.7660324726673
Albano Gaya Ruano,185.3678304342687,90.100412466467
Ulises Baró-Garzón,175.232316879289,71.42775833705403
Lupita Canet-Losa,159.40456616021137,72.77423450037762
Anastasio Flores Olmedo,167.91162093929773,64.94731422487499
Porfirio Cordero Gisbert,174.0964981096434,51.86498451154736
Adoración del Zapata,178.11658866251824,52.53063191404395
Albano Aguilera-Robledo,140.0,67.11282249197865
Faustino Oliver,164.34463540317384,40.374703794468175
Benita Gallego Andrés,162.09428775619162,89.75555897380202
David Ferrández Andrade,162.0728312733106,76.1092868969935
Diana Macaria Sáez Pomares,154.5748205445275,52.84486490445229
Quirino Pagès Pedro,184.61419540351173,104.50480826131609
Simón Arjona Segarra,188.7764587669112,67.8189528356608
Roberta Campillo Tomas,196.6498347833618,77.36407721693752
Josep Goñi Soriano,184.5335447634744,93.2804007704662
Máxima Feliu Suárez,150.95300508931808,63.38057315638725
Clotilde Benito Nuñez,172.81456548663468,31.377224331234487
Leandro Cañas Reguera,162.19588642290492,61.513024193313775
Che Ceferino Arenas Cazorla,168.6047595233136,82.57498467957808
Jose Antonio Cabeza Blazquez,166.86789393953669,107.297022548898
María Jesús Moliner Osuna,142.40878598858882,50.411036380359846
Ignacio Aragonés-Colomer,163.8874424439176,42.16716527848406
Adelina Planas Berrocal,143.55841298232158,37.59390021935093
Blas del Salvador,186.11916318777077,59.86538550625524
Alfonso Laguna-Calderon,176.19783485280638,62.07132949254023
Severino Carbajo-Dueñas,177.38995746989653,72.63172178893514
Silvio Macías-Rivas,173.31827811807315,89.02886361449066
Otilia Osorio Pazos,187.6007204881646,67.98167261436123
Eloísa Ruano Guzman,159.5464017810847,57.07360089755037
Lorena Vigil Llamas,148.3638844752528,38.504738206985394
Nidia Palma-Alemán,155.84333085876332,55.91077969121084
Susanita Caparrós Arribas,184.8529412694374,134.03340312812114
Celso Delgado Bejarano,170.39908351630442,101.91740595331288
Tamara Salvador Vizcaíno,151.86002081345237,40.06754728654859
Jose Miguel Fernandez Carvajal,151.2926260795891,43.63035102060398
Olalla Bauzà Perera,172.46474885542045,62.75153592590257
María Jesús Anglada Rubio,180.64735127515985,40.14049701382563
Baldomero Egea Cárdenas,187.16080847661547,77.50779087253385
Lola Caridad Soto Alcalá,189.55691890757635,55.0866794150789
Cleto Alonso Pedraza,170.27696754893398,98.86152757831172
Yago Pacheco Cisneros,157.1871311907461,48.86850432973982
Teresa Cabrera Sánchez,171.70033635631236,35.876084915872696
Rogelio Benet Martinez,178.60948986903617,50.10682535718405
Fidel Zorrilla Ballester,170.7648727298152,43.81236657342174
Anselmo Sáenz Hervia,194.6411160304847,57.16010956664718
Nicanor Salgado Arévalo,156.88317089610263,40.04786855047642
Alfonso Marino Gómez Cardona,177.94545059442302,77.25496896192102
Ciriaco Tejera Daza,169.86715904115704,51.04909595620268
Jesusa Duran Pastor,200.0,45.40872340040273
Mar de Vilanova,183.3556357345167,72.61624364185134
Urbano Bartolomé Ripoll,171.96218765260414,64.84085649226984
Francisco Jose Tello,173.5004962598456,49.97195758991268
Ana Belén Primitiva Exposito Landa,193.4554529965382,121.38026202657292
Lázaro Fuente Alba,142.74293537383616,32.07221239815201
Damián Terrón-Llanos,154.48767604797024,37.0719179362809
Vera Amor Sanjuan Alonso,186.5633907007337,53.13685308839808
Débora Noriega Torrijos,155.5988206490403,80.38165080502517
Bienvenida Caballero Ripoll,171.2256355522789,70.73864933727697
Octavia Cornejo Delgado,160.2528404309288,58.16205187751647
Mireia Calvet Amor,200.0,96.65550999909708
Débora Acedo,176.73618297429238,92.49212664756612
Anabel Revilla-Jiménez,172.7234368042459,107.94105925318804
Eugenia Julián Izaguirre,166.40930426892427,95.76998237585214
Nazaret Corominas Ribas,182.6953615969336,73.58732080873219
Josué Feijoo Gutiérrez,161.66604917862864,82.84854049540445
Palmira Exposito Quirós,200.0,117.29218738575425
Nicanor Ballesteros Macias,174.4129253416377,61.2670366193022
Eusebia Bustamante Riquelme,155.119619497737,27.941282066442504
Nidia Cervantes Campoy,146.10292571387004,42.78622126807181
Josefa Escalona-Carbajo,170.4515713465263,36.00517409753209
Calixta Modesta Castell Prieto,175.99914155776614,101.6317938206733
Narcisa Catalán Perelló,176.19163958014687,99.00661345540146
Vidal Roca Barragán,162.62258007313136,65.96769612034298
José Poza Somoza,196.33267140474783,88.71269305196114
Domingo Benito Garriga,152.72956880568051,49.94111609082833
Dan Macias Carrión,173.4924987129516,41.018499917938925
Chita Barragán Ibarra,148.34950846093318,34.5448157751116
Herminio Valle Palmer,186.6586171360092,50.22414981651556
Gil Llabrés Cabeza,170.80907967062166,61.07459348070657
Ezequiel de Izaguirre,172.36274120514878,33.32835882865005
Mariano Barragán,171.18164458956338,46.73539149752409
Graciana Alemany Bonilla,180.97313244688888,40.99735628764531
Artemio del Alba,175.59056685585128,72.43134158178505
Cayetano Fábregas,174.26378403268643,37.05804635533229
Carla Quiroga Mulet,175.8506065228245,93.61771068157536
Enrique Benítez Pujadas,178.31278227210328,69.96013626638175
Isaías de Almansa,181.3273495148911,123.10844148403312
Conrado Galán Malo,156.98809876133407,60.08509524851168
Santiago Quintana Carranza,164.3752161718567,69.77020040874471
Ana Cañellas Corbacho,140.0,51.00487334561666
Aura Casal Naranjo,187.8786086251289,69.9626165844946
Edelmiro Porta Roma,147.05728167369813,22.07047945984937
Patricia Barrio Caro,161.76005352826525,102.22985199287686
Urbano Diez Pera,166.40117656654172,38.42802563236623
Eutimio Morante Lucas,162.94615773320285,41.67554853686016
Francisco Sánchez Benavides,151.32186780053755,54.62052131611173
Erasmo Borrás Puente,140.0,34.14036477970736
Lidia Izquierdo Zamora,175.70142510231378,100.53728349124044
Blas Ferrer Aranda,170.56646444512765,65.65423854770447
Isabela Sanmiguel Real,140.0,50.53380334854936
Mercedes Valderrama Coronado,159.28282276412943,50.93062872372646
Gerónimo Sanchez Carvajal,150.56253079100756,30.272375242697912
Vito Luís Ibáñez,174.08962946692444,115.96866534976158
Ramiro Casares Gual,168.81929925138115,100.35625527180277
Mohamed del Bermúdez,164.78996947312172,81.81072901804748
Emiliana Ribes,176.96037348329156,53.22395444709639
Efraín de Jerez,178.0478223969171,46.45927842733703
Lorenza Chamorro Porcel,154.20246102555674,94.99467100593978
Judith Flora Correa Campoy,177.3313826771115,59.16063764692799
Cipriano Romeu Goicoechea,140.0,27.7417639413624
Plinio Guardia Martínez,163.81506835799212,53.01145196994394
Luis Ángel Herminio Ariño Sarmiento,175.98742389356127,67.57134926986686
Aroa Pozuelo Teruel,176.234126134082,71.8696114007066
Gerónimo Manzano Tena,140.0,42.096830697251626
Nicodemo Gilabert,160.13197718713838,99.06068162014336
Chita Pujol-Ochoa,197.15633795522763,143.8897531601257
Rosenda Boix Salamanca,178.46111302109844,52.30716253651558
Eustaquio Campos Navarrete,156.7185668907386,74.50739379929485
Merche Pardo Torrent,169.76567757454006,47.23477634169957
Adrián Posada Saez,176.20579344213365,55.12120866211262
Victoria Mas Maestre,182.34214172286573,42.94125624060379
Paloma Redondo,170.42561931996462,78.85499516272725
Olalla Osorio Barrio,175.26827721174996,116.27346884690084
Albert Nicolau-Lasa,144.92660764515497,52.43641405409942
Renata Trujillo,158.70122976098483,50.18695586481645
Mayte Benet Mate,173.83060104624235,70.11287936922417
Noelia Huerta Ávila,156.0965440828812,60.19047139244201
Vera Cifuentes Montesinos,167.02007713454395,72.2047149639613
Crescencia Bayona Sobrino,170.47556738285925,54.7211328598107
Carmen Aroca Castillo,173.2667651321912,119.19944872139205
Alberto Gallart Posada,171.99590717678214,49.37354425169541
Chucho Villalobos Barriga,187.8955897707625,132.06624567630277
Mariana Guzman-Palomar,163.63551469083035,96.06942289271028
Eva Rosales Cardona,177.36939247758534,48.38321251413416
Purificación Cabañas Gil,181.8389741156827,87.42187461731308
Cruz Sosa Gilabert,170.45943072436097,31.92917451987196
Jose Ramón de Montalbán,196.5144483396724,73.37548682330383
Che del Carlos,151.2109032274153,62.41484731258166
Josefina del Blanco,174.59193362699168,92.00068299921948
Omar Amigó Guillén,166.28868988969197,36.32831732728797
Zaira Angulo,165.3970952976177,76.41018147563685
Federico Palomares Franch,148.85650096695517,56.77194470875404
Verónica Uribe Jove,169.7270320470429,93.44945016727712
Lourdes Parra Andres,165.62883431481146,106.59495198002293
Sandalio Berrocal-Jaén,152.51323451968443,51.93333332243506
Cándida del Márquez,169.7868931603109,57.96841605044874
Bibiana Casado Peral,156.37551160745113,45.79645232626209
Eusebio de Angulo,158.3324538108945,78.70365047401822
Marciano Alegria Adán,160.4988063900048,56.55734487860569
Amador de Benítez,170.8326575364787,35.98195280713489
Ovidio Azcona Ferrández,182.33010454259315,76.67187316883923
Tomás Villalba Mariscal,170.90610881765718,29.55046708430117
Maxi Guerra Exposito,174.4478895247196,70.96036031285816
Leonor Arnau Ortega,172.87534952675742,117.4306832565249
Paz Palomares Carrión,169.76282999078288,81.4258659120597
Nereida Piña Escalona,179.99320244094844,98.52801757813006
Javiera Márquez Aguilar,180.791364968324,94.95108675235836
Maxi Lobo Somoza,200.0,94.97604996240692
Mario Sans Solana,170.76599117309894,33.74354458956884
Dafne Casals Roura,176.00026388997898,91.88227486791573
Nicolasa Serrano Cabezas,175.9673318196032,82.60409841033264
Ricardo de Angulo,159.05604786177844,71.5892153529585
Custodio de Riquelme,166.0638676183396,92.40334437864335
Leoncio Severo Pérez Pintor,175.8324912331342,59.57864100733824
Maricela Amigó Enríquez,147.7230559657162,65.95561627056237
Chus Aller Villena,157.4857578220395,30.454939570347044
Nico Valenciano Nogueira,170.08991932442004,50.16154477257626
Gilberto Ricart Casal,175.60902694185785,37.69577505149308
Josefa Pujol Goñi,162.50416507640506,30.56500169644112
Domitila Pacheco,175.11049242111454,121.64151133575248
Toribio Álamo Calderón,198.02259705904584,82.37724417626275
Ainara Lluch Luz,187.3088421609721,77.00473232660796
Angelina Fuertes-Crespi,157.03230010860776,49.362244110380686
Jordana Cáceres Tamayo,193.47890055978127,89.68381532827995
Moreno Botella Bustamante,142.7496472987212,44.50783820205797
Irene Anaya Alcalá,186.10994875999177,119.29762196978294
Eusebio Abilio Borja Mir,183.4081300368019,36.6675842926322
Porfirio Bermejo-Valcárcel,161.4643850234604,60.967247871628
Damián del Baena,146.887125902136,59.81433382864704
Lourdes Piña Luna,167.21425070279022,34.42523147227071
Cecilio Andres Perera,161.30366020445584,34.022521660955306
Esther Cerro Cerdán,187.92761471377943,97.98964282520716
Hermenegildo Quintero Ferrán,182.2114994570024,106.82731622824058
Arcelia Mármol Acuña,166.71026298457582,40.208365983552895
Macarena Tejada Hoyos,169.94635702589352,67.84595061870645
Aránzazu Castells Gras,153.7865602984989,74.25208300614857
Sonia Gutierrez Uribe,174.4228138719979,100.62514216708897
Dimas Royo Dalmau,168.03776516677067,56.482787056032805
Toribio Arcos-Laguna,177.61161332957514,65.55403714665178
Yésica Lobato Monreal,172.31532700761048,70.04905347944668
María Teresa Almagro Mármol,180.4541788279787,35.125229391294106
Balduino Ferrándiz Dávila,158.766867826172,39.11517462401478
Felicidad Lucía Diego Quero,194.24889009216395,109.24318524610642
Carmelo Teófilo Elorza Pinilla,155.5130551606828,34.42620465835336
Juan Carlos Lastra Mulet,175.30629532061167,67.55816307002587
Desiderio Cuadrado Batlle,171.8346931944331,97.76158601705116
Loida Áurea Ribes Valderrama,148.22020303277304,40.94335925960185
Violeta Perera Bru,174.36193584502368,54.235152750372535
Paulino Marin Mir,145.3658939931145,39.18238148683697
Cristian Ramón Aramburu,200.0,144.8427845526663
Javier Montes Bueno,164.0989647030907,45.4589237761742
Sarita Luís Sastre,170.43473004397427,55.83637556595662
Adelina Guzman,155.0567070788634,35.26106111952566
Brunilda Casado Pineda,195.2188840465785,74.92932257984
Yolanda de Acevedo,167.03135038725253,65.71189597630199
María Pilar Salud Sabater Ayala,152.95256799463402,49.45564856963756
América Manzano González,170.08941176108476,56.11110695181088
José Mari Delgado Mosquera,164.1833195736104,65.5467299812056
Dalila Fabregat-Díez,172.32537067900364,70.13370107422405
Ángeles Romeu Rosado,163.3326387800486,39.2214562611355
Julio Clavero Artigas,160.82279545605704,55.54939866152944
Leocadio Rocha-Laguna,189.92443892334688,58.74863689701654
Carmela Alba Villalba,187.6356015958337,53.8390377227534
Wálter Arribas Ariño,177.86524739064646,32.39128247294922
Mar Campo Almansa,174.6018289190473,82.51361629780618
Yaiza Rodriguez Codina,193.74496321477343,77.86411608082732
Ester de Zaragoza,183.5550308289729,113.0433062027477
Jacobo Alfonso-Roca,150.3043226748535,42.99194354514592
Feliciano Expósito Correa,200.0,116.16332372651344
Modesto Larrea Alcalá,183.53008896427824,117.21403673336968
Remigio Barranco Falcón,159.77221765399187,52.10387154626119
Trinidad Garzón Guardiola,178.25090830917188,39.98090165731996
Clemente Torrents Barrio,167.89704843119063,39.34574633565039
Amílcar Matas Cabo,184.12287491136908,41.73983112555487
María Teresa Falcó Báez,176.35446282290627,40.5548834638223
Alicia Sonia Bayo Torrecilla,182.1118276198516,35.528915572568394
Buenaventura González Ferrer,163.80642274840255,83.78801693309451
Ana Belén Tenorio Leiva,161.82689935769272,54.85678588046443
Josep Benet Vega,180.6426592814002,58.61449014427891
Bartolomé Nico Espada Sáenz,173.72680368157006,66.1496232701617
Elena Rodriguez Gascón,168.6640850859561,59.73688155863148
Fabián Torralba-Sancho,176.0260755732271,47.07768751589471
Prudencia Villanueva Rius,162.25878918833027,28.3574292458482
Angelino Guillén Posada,168.29521690432142,66.0514669309317
María Manuela Fajardo,166.3111194584091,41.54080843972204
Andrés Mateos,164.22835857278446,48.44150896977246
Alba Oliva Manuel,160.66105735599658,75.4372841185118
Nieves Berrocal Plana,158.3080843934141,98.9532215340507
Macarena Martirio Río Arroyo,187.54576915077016,102.67064931917255
Eloísa Franch Mármol,186.5576557644293,78.82678038596423
Cristian Rueda Valenciano,196.75886778422196,63.02939417131479
Carmelita Urrutia Múgica,157.45320893881112,35.74528833321031
Gregorio Pino Clemente,200.0,51.33932286484018
Ascensión Paredes,193.2061506448836,142.3533920566265
Evaristo Español Barrio,153.27766905087654,92.42847196421008
Remedios Pou-Águila,157.40757980028678,64.04620094068169
Aarón Talavera Barroso,189.22410546179765,101.4931686019212
María Dolores Ferrándiz,160.07474564755265,49.47644538782851
Pánfilo Galo Llamas Quintana,167.5962506713766,60.00088785284547
Graciana Diaz,172.60087603283276,58.922259028519086
Leocadia Peralta-Robledo,179.03489469625805,124.3924547329592
Inocencio Palomino Romero,168.03930511431432,49.14215024629025
Arcelia Antúnez Batalla,152.24591046051387,24.66487586782837
Simón Borrego Rosell,168.82341947352836,81.55779753915172
Eutimio Ariño Arrieta,178.2181633903553,124.83692291423408
Carmela Giménez Vaquero,173.72555967969433,76.10405437678142
Ibán Ariza Morcillo,153.7167174136459,78.20176735200133
Celso Luz Matas,165.7948489533101,64.39385744527776
María Luisa Cobos Ochoa,188.61547660148517,85.9991789578211
Amada Castilla Chamorro,172.57442291676023,67.05116077671235
Alba Valls,164.0916073228304,81.75710158163653
Manuelita Batlle Ortega,161.36513574100394,26.7917509491357
Nacho Coello Iglesia,193.34211203116053,40.608658772180725
Rosalina Ximena Barceló Puig,162.20912019017206,59.65206476193092
Emma Amigó-Salmerón,165.04114935452336,32.75966889754095
Porfirio Botella Sandoval,190.0932117820675,111.03819195109382
Adán Pedrosa,186.473341363824,73.04999452091339
Encarnacion de Ros,178.04825437293104,81.2091966372095
Julieta Reyna Valdés Bertrán,163.848043993103,82.70242408624347
Rosa María Bertrán Campillo,183.60345079524697,104.5578961530211
Amanda Cañellas-Becerra,140.0,61.73563438246239
Jesús España,193.42180639671307,78.30961844074062
Águeda Álamo Romeu,180.69218799585025,102.76515219474744
Jose Luis Falcó,173.9366035620085,118.86302750674922
Borja Borrego Taboada,186.3792697111121,85.09997788812126
Josué Navarro-Cabrero,157.11503524694697,92.04515669960418
Fito Criado Cid,199.8077937566526,137.988287788749
Adelardo Garrido-Garcés,195.8614911227008,71.57494247081652
Remigio Garriga Machado,175.88017615871493,58.74985641444561
Elena Perez,172.10645439522477,45.45413010932412
Bernarda Antón Galindo,142.99850794263446,26.915905518756094
Javi de Ojeda,182.2339436652028,80.35886337459189
Reyna Obdulia Menéndez Plana,175.9399443848401,116.73330829105372
Leire Caparrós-Carrillo,170.05410918909783,76.15688425461138
Rosalina Ayala Carrión,175.53705094584132,86.98540995857756
Mohamed Cañete Lobo,153.23995958214223,24.930466586670537
Nando Sainz Cornejo,161.34173713485228,50.89409387444555
Florentina Haydée Ayala Gras,174.96827622883652,95.2854007324259
Sebastian Toledo-Cuervo,154.34564222980217,44.94017333794844
Domitila Fiol Acero,183.11559495517383,121.76769603246748
Erasmo Naranjo Poza,178.9751430029887,40.144025510007545
Juan Bautista Mata Malo,159.37221978634295,59.19620109291946
Remigio de Villena,165.0698562408195,73.13604896131186
Celia de Barberá,184.1807292505705,84.52671939914357
Débora Carballo,162.06391009275166,35.96204069099265
Emma Benavent Palomo,174.5554557568476,38.74116057582548
Lucio Vicente Nieto,181.35292708906175,109.37030347092364
Magdalena del Galván,182.6173545258668,58.07915728452329
Ascensión Beltrán,166.6892016688535,81.08419868971284
Celestino Villa Cuervo,149.22049179934297,32.393812323454654
Américo Iglesias Hervás,171.51322440150523,88.86382375376664
Irma del Nicolás,178.60666029606782,78.21997225872029
Marisela Mascaró,165.0917202854508,34.7062166800911
Humberto Porcel Anaya,173.06844689004083,74.781590707912
Teófila del Sedano,194.8061908811173,80.05477480729468
Demetrio Enríquez Pellicer,189.706376964568,36.28764236853529
Adán Castellanos Sanabria,180.62813712473195,115.8003928131059
Cayetano Cuéllar Barbero,167.5081175255796,68.27877413823606
Adoración Fortuny Bayón,176.16016552071193,110.2477531098578
Adriana Barrio Vicens,179.07877067890445,67.87256959377306
Nazario Querol Pazos,155.80530727213147,69.41023568266233
Elías Villena Romero,193.11849277820767,88.74776050397313
Jafet del Riera,181.53412580379023,72.6984490722318
Vito Castells Olmo,163.19694655114992,47.8717324409554
Ale Acero Dalmau,189.44474781813568,51.00945090715981
Sofía del Iglesias,199.36309731363755,89.55392381282769
Tomasa Duque Escolano,152.6173998385382,38.12290270192377
José Antonio Sans Llorente,176.98026843411017,70.0870666026316
Apolonia Mínguez Tena,157.23026501837387,30.15649257594643
Ruben Azorin Figuerola,180.1785716860367,109.43280825265596
Nicanor de Gras,199.2914914819088,47.530179421663206
Agustina Morales,180.5071248351173,102.97879051979596
Claudia Ibáñez Andrade,200.0,88.49511241099799
Celestina Falcó,165.6251405047564,45.14046568537914
Rosaura Talavera-Checa,178.4433279108885,71.44816729053731
Jimena Bravo Santos,175.81744608077204,94.51044576097266
Paula Jove Barón,173.6936820484993,55.03979370667058
Heraclio Coca López,151.0134713431576,65.38899217902365
Estefanía del Serra,158.14471550834458,84.85799869478437
Carlos Sanz Rius,155.4980637329532,44.12740297241858
Gregorio Pedrero Reina,200.0,40.778488190617175
Teobaldo de Calzada,179.31098299225232,126.73215613244562
Alex Fortuny-Flor,192.0609671152648,83.8260863363069
Pedro Escrivá Escobar,140.22223962918935,43.39019836672365
Timoteo Leocadio Llano Molins,167.83586804403228,40.03274919130932
Marisol Arana Montesinos,179.18004697719493,94.01116368751252
Isaías Mateos Mateu,180.42484712873747,118.47641843694
Mario Palacio-Alba,200.0,60.07639877136552
Amarilis Pombo Segovia,167.0642658872803,46.85057633674224
Tere Ema Mendoza Galiano,171.11525634271476,83.016164559073
Adrián Prado-Guzman,151.86443726616693,46.15095443768542
Esteban Perera Velasco,167.39823155955028,29.273256981159875
Adalberto Ramis Lopez,151.5439451050018,50.38605498628533
Feliciano Contreras Colom,165.8480640121128,62.88846140699548
Raúl Bertrán Torrens,185.01801454638232,66.3871597516236
Heriberto Vega-Enríquez,186.07053620916147,86.04515357610991
Verónica Calzada-Losa,158.41451886981463,75.81185710237139
Primitivo del Neira,174.31817426953415,100.3533651903979
Adoración Estrada Barranco,175.50166099200862,74.22199023037538
Ariel Lledó Bertrán,167.37302884625555,64.8764097087844
Jimena Granados Roldán,165.92004050903694,47.92075722758854
Jose Miguel Agustín Montesinos Alba,167.36271181197245,64.71201649787821
Juan Luis Ballester Galindo,197.2979078131037,93.11688909876256
Bautista Páez Figueroa,194.27240365632704,83.750120761211
Teófila Fortuny Gual,170.93816648072914,108.25149857614988
Marisela Bastida Carmona,190.5282300327289,123.50745253867224
Vera Dionisia Palomino Caro,169.23308743828474,50.60858383181727
Encarnacion Paula Tamarit Amigó,152.10478195196035,36.868116362222906
Clotilde Morales Santamaría,181.66231928427007,64.17433670104565
Amparo Solsona,172.7946451818459,96.54790919363847
Ruth Lara Hoz,183.64256281532565,38.48770335953087
Lázaro Coll-Pulido,175.7112421700746,37.7273932810448
Benjamín Campoy Serna,154.3082032223178,50.11258897573094
Natalia Grande,155.90354750213518,50.12211978483045
Norberto Peiró-Manso,186.17082457904095,135.22224527728832
Marino Estevez Sanchez,177.16011624192498,66.30644235760445
Íngrid Ponce Royo,166.30508788816311,62.39508760348977
Óscar Gámez Figuerola,173.71192843046654,82.53179617567737
Anita Bertrán Bustamante,160.99628694255787,50.85770922015411
Guadalupe Zapata Rius,170.89124860044325,62.51047654649507
Felisa del Sanz,177.5250710327598,46.98687204844887
Lina Calvet Prieto,155.07515787650746,95.34153039508412
Palmira Vila,177.14303040798325,38.737465733184784
Isaac Parejo,170.1094246843069,91.49966608156132
Lucila Torrecilla Marin,158.42999722681694,79.62946386993382
Luna Salmerón-Novoa,166.43661361591538,28.08563008594765
Rosalía Rico Seco,147.7327085063519,31.27173329780537
Olimpia Arco-Acosta,183.8524000376761,55.953729472482514
Natividad Adadia,168.70434189925786,110.8282859674793
Eugenia Porta Ibáñez,191.0051032731171,61.725655721205925
Emiliana de Soto,165.93095940494695,43.69766462290895
Danilo Infante Ródenas,177.98584585887426,64.16055662038433
Lourdes Alemán Rodriguez,195.6043427622569,111.01914459061476
Samu Valbuena Toro,177.98230082811233,67.4485842333919
Carmela Bermudez Pons,177.6340114627325,80.92649776653492
Ainoa Sotelo Seco,165.00850806617646,51.80732867193476
María Carmen Santana,146.6210326784292,58.09498406762456
Roberto Millán-Hervia,154.45565319967685,95.13485143958012
Pablo Clímaco Alba Antúnez,179.8191904175222,63.80135341298482
Melchor Núñez Espinosa,149.54887544213983,81.25696016603771
Emiliano Heredia-Caballero,154.46967376386078,77.69536440761797
Renata Fortuny Noguera,156.47451308534215,37.46004187717282
Loreto Sola,185.98426766085527,41.55413784824631
Albert Amigó-Vizcaíno,159.35113732274624,79.81901645146347
Carmelita Arévalo Cobos,195.464507472844,51.35783385977153
Patricia Mirta Duran Román,166.91655045677692,48.98915430185896
Antonio Heras,140.66167546452124,37.494113475382186
Josefina de Salcedo,177.78177208753047,114.21490970752868
Eutropio Simó Sevillano,171.72834881669962,52.83475612227264
Sol Asunción Bastida Roura,170.98295189955164,61.752192249229786
Gabriel Benavent Mariscal,148.5151675791134,45.04361455682445
Yolanda Soto Puerta,166.35092106234313,53.47068449940446
Marina Alegre Pacheco,176.69357602736926,64.72843006655876
Lázaro Pineda Gras,182.48137380415565,86.4063960874021
Valeria Baena Sarmiento,162.7744011438732,39.180507103843645
Salomé del Amat,189.441941575138,69.12583462392698
Bibiana Pozuelo Montserrat,176.21475269752685,118.32903783847186
Pío Diego Vilaplana,194.5572290310577,74.44870711764553
Eugenio Cerdán Seco,160.07879747115808,41.32318625185709
Tomás Pinto,165.7793734622128,60.62292392945637
Pancho Milla Morata,170.96703153565775,100.7680649970695
Alba Susanita Bermudez Mascaró,170.36535693347284,56.35071391194572
Ángel Bauzà Perera,180.49196412856,38.69714386590864
Remigio Azorin Arévalo,180.96300029382863,99.0590700846596
Cristina Pintor Vallés,172.45016308782075,39.15704675171792
Eladio Rodolfo Carpio Costa,168.5413838226478,47.23087975630557
Genoveva Pinto Aguado,200.0,58.16612464622216
Lina Cerro Bustos,158.3340780782135,61.327113043306426
Juanito Peñas,188.2509016669021,101.86384956523123
Aitana Castrillo-Catalán,154.77623691425134,49.85288409194434
Maite Alegria,188.39990283738015,36.57853723693451
Amada Torrents Ramírez,197.26184185247823,90.71705495846491
Sara Franco Juliá,174.49282838065983,111.555009791359
Eli Sancho-Macias,186.37635012035895,86.18838633012663
Bernabé Amado Noguera Martin,193.69459525185488,139.4168151185779
Fito Reina Chamorro,183.2105186001193,85.2002247344218
Corona Tormo Cazorla,178.58192379096053,70.50015911453909
José Manuel de Ríos,182.87681399736687,50.330590587960046
Seve Boada Polo,177.58857163400083,39.05311240470828
Amaya Gras Quevedo,154.15453114439882,63.59083237725689
Julie Riba-Casanova,177.34857931572907,117.88175004383676
Tomás Vallejo,181.4143255434454,74.18160563963679
Paloma Flores Anguita,168.84176462785146,92.26221299064264
Mamen Pazos Goñi,181.87159536027656,74.68940289489134
Marciano Puente Castell,184.78496794616453,40.53387704465397
Tecla Anastasia Diéguez Gallart,180.35442480362437,78.18168979047473
Salud Piquer Barreda,145.41781065191742,58.89391908459108
Daniel Jonatan Martí Águila,155.8505430643662,85.67528743322845
Olivia Alberto Alfaro,162.06977811561143,57.15408380919801
Hernando Diaz Ordóñez,186.7338564337489,62.55489812694488
Calixta Morena Clemente Álvarez,167.39101584780113,72.9466062133817
Leocadia Hoyos Jordá,162.41286465553625,27.88141026857489
Beatriz Marina Amat Morán,158.08500459346672,55.561638355237925
Mirta Campos Llorens,191.1081920022241,120.17892240993778
Marisol de Montserrat,182.30092001748707,72.45357008228493
Calixto Berenguer Real,161.5159299975211,51.07556732093527
Fausto Alcalde Gilabert,177.28028601321117,60.7862442874192
Ruy Vila,176.49806448136002,71.43882475818089
Sofía Pazos Huguet,169.30046108510794,58.5795721390121
Ana Leiva Pavón,169.16936427407614,43.3705256945192
Heraclio Sevilla,164.72839319703257,84.00450301454643
Marco de Roca,145.6223399306717,52.08268769942741
José Bonilla Alcaraz,170.96848464731283,39.09935992454429
Nélida Pinilla Alfaro,170.97760270600094,110.59141299364812
Tatiana Aragón-Carpio,189.3751907776503,78.19613619487828
Carlos Tur Bustamante,164.70334251394786,86.02269466116923
Zoraida Romeu,170.0709982710455,47.177905663152
Albino Marin Casal,182.7216182357612,104.26128706605124
Rebeca Exposito Prat,140.0,47.41331493676397
Rosalía de Pavón,185.2654038872826,119.48830219190798
Porfirio Narciso Boada Tirado,182.10816448549997,64.33723789884026
Reyna Malo,187.7810540943004,113.01101091752145
Nadia Alcalá Vilar,149.30547780847257,73.48183837901333
Luciano Sacristán Escamilla,181.58879408530063,95.12801314113516
Imelda de Barco,160.94281514590187,48.19422507148024
Porfirio Mayol Núñez,172.2893041615823,80.73546275796426
Nico Glauco Requena Villalba,164.290234366615,85.73492324826307
Emilia Martín Nicolás,148.39828881487182,87.22235978110092
Wilfredo Egea,186.7469825323217,74.95603859898652
Pablo de Cuevas,194.19258314594185,86.39977453191239
Isabela Iniesta Madrigal,188.9753767391104,80.73346180525887
Aroa Sebastián-Requena,154.94538506951534,24.764512261311253
Santiago Portero Díaz,165.34527904657526,42.870595089390704
Olalla Noguera Ribera,188.1360614105272,56.898511113157525
Tatiana Cabezas Narváez,176.9304395352128,90.48395371727916
María Belén Riera Ribes,165.93406386017705,48.93057010952687
Belen Córdoba,183.46525679571187,72.15631590400541
Felicia Madrigal Viña,188.5317504929846,99.45686744499316
Belén Portero Mercader,173.838863432764,60.934037830034136
Rafael Prada,172.3966686671468,63.1753351567955
Tomasa Pina Barrios,167.74650918859453,74.03115097922748
Agustina Montenegro,177.7910820460451,51.09513718021638
Alberto Mercader Garcés,177.14981556391163,76.6661513569371
Maximiano Valenciano Quintana,181.1110264497385,78.18215685032447
Anselma de Cruz,187.89584652141576,71.76184893762422
Jovita del Losa,160.57529122227768,52.8013478709803
Ani Cabañas Verdejo,175.4807234257101,114.10665155688652
Félix del Tejera,182.20603538467148,99.86767010094292
Eduardo Baena Saez,148.76894120338582,44.722386332304
Dionisia Peláez Aragón,193.24154965124637,138.42627842541782
Horacio Calatayud Mur,183.34372104643944,90.72193291443293
Pacífica Granados Carbajo,177.7278699619644,124.5220094733626
Silvia Pascual-Recio,153.75732881978095,60.157940973525456
Regina Verdejo Paniagua,192.76617185620287,86.25944237737129
Hipólito Aragón-Pareja,167.7598873733853,43.07480916087795
Kike Cayetano Balaguer Sedano,191.47725465665903,105.96282915171886
Dulce Fuertes-Yáñez,177.27961812029113,85.36637468598417
Faustino Artigas Pintor,161.83989598043485,91.80648112778258
Venceslás Maestre Salgado,154.85063320891044,40.248040929281856
Constanza Cid Uría,163.42680876997707,86.46461006707256
Martirio del Blanca,182.29307841178093,129.04979970668165
Andrés Felipe Bas Lumbreras,161.35839924139367,103.67849406045173
Octavia Montes Román,148.34829092089362,62.22213810658292
Quique Nieto Zaragoza,156.46319617515906,84.17584165197046
Octavio Abascal Larrañaga,175.11480819726262,69.17279863448508
Raúl Alberto Baena,161.8147033895189,100.97841595886226
Juan Antonio Chacón Alcaraz,150.6738916552456,31.551561796141897
Marcela Mancebo-Villalobos,160.04740776871938,35.39158579375522
Juan Carlos Isern Tejera,197.838271080528,50.18597001289808
Edu Oliva Porta,159.27257828533234,75.31680582501141
Francisco Jose Elías Ríos,155.67009960062643,34.15381377348999
Piedad Figueras Acedo,159.54456375873627,55.79990389255843
Buenaventura Lozano Águila,183.43995625843763,81.99888347798745
Osvaldo Iniesta Varela,191.8802031129759,54.53873686685509
Casemiro Ramón Mayol,154.42007045372037,64.292732546419
Alma Checa Noguera,172.347856538985,45.55749559106447
Amílcar Carmona Pastor,140.75550546882477,20.544525038316525
Juan Antonio Gallo,160.05514903054828,45.02927937837223
Montserrat Cabañas Oliva,145.94230471620824,28.547831840636636
Carolina del Figueras,174.47120985929888,38.303765144179145
Sandalio López Luján,174.72330269206273,116.96472942430316
Cruz Lago Galán,161.0054052719836,32.2063496639238
Álvaro Alfonso Reig Alonso,170.02306559735302,35.0155623493207
Sarita Pulido Hidalgo,200.0,148.7615798514438
Pepito Garcés-Alvarez,154.4427236240145,74.59251107380702
Alba Oller Blanes,171.63634199979373,50.63999268835538
Vilma Prado Paredes,166.85708348513677,49.55084353259754
Abel Cantero Arnal,160.7392366534301,64.28406985019811
Vanesa Jover Duarte,183.20872960277768,60.52645799521484
Elba Baños,193.60546344010567,96.01127674342824
Ulises Verdú Escribano,140.0,70.63600213722458
Olalla Correa Galván,167.32729409565448,59.85176983591046
Armida del Canales,157.40896762900752,26.67729869470073
Fortunata Castillo Granados,152.98009572287955,35.18916389798733
Purificación Crespo Trillo,140.0,54.49294891684639
Elpidio Lloret-Barbero,159.70249721613774,79.62488846947326
Feliciano Amores Alvarado,165.6819523528235,67.23526909089574
Nacio Nicolás Aroca,149.4881249587753,47.27741873989934
Lola Amat,193.32397814661317,87.41854844483314
Rodolfo Ibañez Salmerón,162.372219811415,69.377466650602
Fidel del Mariscal,159.5400416959298,87.66429493744572
Aurora Melania Padilla Borrás,179.4252274738178,128.0965836361364
Jose Ramón Dominguez Ángel,146.32428142496056,64.93001301757502
Andrea Salcedo Bonet,180.19856359432015,126.95744857047129
Marisa Casanovas-Coll,178.11050227800666,34.719864680339484
Jesús Ferrán Pardo,169.97503832599742,47.53958689740868
Abril Barberá Pellicer,160.80291622731824,28.65071516625326
Charo Fonseca Luz,184.00112713178,70.07719652528122
José Manuel Menendez,165.61262988283508,93.78850833772135
Jenaro Heredia Ferrero,159.65176063599816,89.25736137587108
Isidoro Barroso,180.52061157714783,85.52797427577705
Aitana Céspedes Linares,166.7496521858651,76.80115487447586
Cecilia Cano,168.83491189608003,75.01098621179857
Carlos Álvaro,170.55003140159366,90.7449299211325
Iker Jódar Doménech,142.37807846248734,40.71051833186414
Carolina Manso Cabrera,196.22529348947543,44.06211749541298
Joel Priego-Torralba,167.49141277422186,95.11161446033996
Jose Carlos Hernández Cardona,183.31654192241533,121.95028528274044
Toribio Paco Barberá Bilbao,176.09362136549268,75.48226555500264
Hipólito Coronado,169.93183835181247,95.32380792973524
Pastora Clavero-Briones,190.371577694706,104.03599176422613
Alicia Cózar-Atienza,165.75127818823748,75.4808020358995
Remedios del Villalonga,188.1573849695394,63.0614971514898
Jaime Piquer,166.2116143491345,40.80931847368708
Javier Moisés Corbacho Campoy,190.3633918967585,102.52843699869116
Valentina Tirado Blanch,182.06266460636056,87.79724036061015
Valentín Noguera,172.25582067683746,63.724098093107145
Sebastian Llorens,185.5662791663737,66.60834082527079
Florina de Alberola,150.37994591918908,61.7333918222972
Luís de Aroca,156.17735814602867,34.142825037612
José Ángel Matas Avilés,168.03561100300834,39.04036932461678
Ismael Sancho Barriga,160.044010858993,54.00627162193173
Fulgencio Quintana Amor,156.7466891745921,88.1223605164061
Andrés Felipe Pío Campo Roma,182.9057693307216,46.60209875406842
Itziar Ordóñez-Contreras,147.1338304719764,32.417552821061484
Ariadna Pinilla Ferrán,187.55057070811608,81.29453051444857
Tadeo Bueno Hervás,141.46783890096012,25.44023637404988
Felicia Aitana Briones Ferrándiz,185.79724419690768,70.47538747869062
Leticia de Arana,153.7522901421401,48.83561016399127
Imelda Lara Noguera,188.47771850098576,35.9063912264525
Berto de Saura,166.23627278423268,96.61495098895196
Gilberto Peinado Seguí,163.4909542586026,60.72646059111633
Iván Ojeda Segarra,164.9993489383947,79.0274691090352
Anita Carpio Artigas,154.98287084369522,59.57747208637404
Jacobo Sala Villalonga,187.80800837641704,62.94412301992553
Rico de Luque,154.08569633307377,78.483073219456
Amelia Lastra Sola,163.8544092308416,54.86620170044055
Ulises Ribas Ojeda,166.52999695087038,44.63925551105192
Luciano Guardiola Gomez,155.25886031214642,48.82395622505421
Joaquín Fabra-Taboada,193.30551541319932,62.6085799717508
Anna Córdoba-Mesa,175.38011909639962,58.60148039598288
Asunción Mónica Molina Lucas,157.90831150175785,48.91612525049629
Glauco de Dávila,179.07888611152876,61.065398862610856
León Pons Garriga,200.0,148.8557004847025
Cristóbal Ferrández Morante,153.82171716036413,33.955850319944425
Rosendo Abellán Mesa,172.77248193063693,95.76026416379432
René Carranza Vallés,181.24125961274828,76.45009885021754
Jenny Emiliana Chaparro Valdés,200.0,135.56675509784117
Joaquina Morell-Galan,140.0,20.24594456008786
Eric Gargallo Andreu,158.99288025226966,33.14701132988106
Ana del Guzman,161.88886081561537,63.80875874765661
Irma Escalona,167.21054550834253,68.13539873555918
Florina Sánchez Albero,185.46716774527232,108.90264906937836
Lucía Plana Aramburu,197.24888752907805,57.561597044617685
Gervasio Bellido Salom,170.5814415918844,78.43125449243497
Vinicio Figuerola Tolosa,176.62949889228892,56.45706706968525
Elba del Guijarro,162.37633346882777,57.38194387335248
Maura Salmerón Iniesta,152.86348403693688,25.46009768377443
Emma Claudia Ros Piña,154.47832721455674,59.85119382461706
Haydée Iñiguez,156.88770664865848,42.78249043075076
Candelaria Raya Soto,180.35688494304105,69.07241830208638
Flavio Valderrama Seco,151.68519479404037,23.711571312379395
María Luisa Doménech-Sobrino,188.3279649049703,133.85212376402606
Vidal Marco Ferrándiz,178.2215207568124,34.273021772399375
René Calzada Carro,176.2729132562699,54.20279113026482
Valero Arribas,198.73476257826744,152.25275956622903
Emperatriz Jimenez Ramón,170.62434641577224,50.095013337041806
Candelaria Antúnez Fabra,145.72495872059727,56.67041589904407
Ruth de Uriarte,167.10063110138856,46.05366064723982
Joaquina Higueras Briones,142.46930447027967,23.37616303230995
Socorro Pinilla Villanueva,173.1283125355687,42.768829859066216
Crescencia del Sureda,161.35306637334585,60.32932336880575
Maricruz Juliana Pina Escrivá,181.37309588298763,85.43806876360155
Federico Carlos,160.41675526972182,51.668707289909705
Yolanda Morcillo Ródenas,160.9306935178094,86.34291763267044
Hernando Calzada,161.52982875554747,33.22305292303812
Zoraida Daza Jara,163.53446335137633,106.5028380604041
José Luis Riera Hervás,200.0,45.26547974585448
Leocadio López Bustos,164.3164807431495,40.05704540331045
Jose Angel Jose Luis Marquez Checa,154.0608312379601,57.18709470223941
Carina Mora Lorenzo,169.3619712683248,63.30351027939099
Mohamed Paredes-Guijarro,151.18987001387598,51.31264904546993
Felicidad Fajardo Rodrigo,154.4657956091092,33.6193568610605
Ramiro Mayoral,170.31050889670726,69.79490142427159
Maxi Roura Mata,179.2829427191449,37.098015984106574
Cayetana Blanco Salcedo,152.57343457456722,79.15064134990672
Eliseo Prieto Villa,151.89872030380212,50.955847483558486
Gonzalo Clemente Diaz,200.0,87.47614381162603
Gabriel Oliva Murillo,166.45566011838676,102.82268884939154
Perla Reig-Ferrán,145.19743096344973,45.44703950941734
Cloe Valero Riba,170.4126828620839,62.488665819482975
Florentina Abellán Barceló,184.96656630077925,39.82304247271402
Juanito Fuente-Vilar,147.44693305043455,49.66450398593823
Yolanda Mateo Reyes,150.72221797837295,32.03770065495
Susanita de Vilaplana,158.2239969284094,59.40973826656592
Jordán del Valderrama,142.07705097741916,38.37950133437715
Eligia Teófila Cazorla Acedo,151.9708450688445,61.619238044633065
Angelita Evelia Laguna Sevilla,187.809952195631,103.26925368524194
Maximiano Valero España,154.4409668188875,24.970584591690223
Manolo de Calderón,162.44936972382706,39.12488223525176
María Del Carmen Benet,161.54373029535768,60.33895503837638
Pilar Romero Castro,168.21356714294762,32.382929751870535
Petrona Mariño Córdoba,171.97945416706494,63.76218117566789
Óscar Edu Soler Cabello,168.17561266923053,68.68902564807834
Armando Sala Mancebo,200.0,140.42073370150808
María Pilar Dolores Garcés Ramírez,172.74738226483322,106.52619736072276
Rosario Miranda-Paniagua,177.8984100757445,71.4115957723955
Ruperta Barragán,167.01697239615896,93.27800964595876
Celia Hierro Espinosa,187.61197641019976,93.56189906834244
Pío Blanch Pujol,198.29065766766675,45.55341799961148
Vicenta Chaparro Marín,164.79672240596537,39.98329956969216
Florentina Piquer,172.79124004678266,53.52294055354787
Dionisia Castilla,168.7877396595007,106.850244879179
Maxi Gilabert-Lloret,180.3731544508148,83.67075555714013
Gertrudis Guzmán Grande,178.12288162125066,67.18830205012506
Maite Campoy,165.1103509551208,49.4248377956043
Bibiana Bayón Iglesias,158.16844829509168,56.23508234765492
Jovita Trillo Salvador,167.7572448042108,99.76310896710244
Amador Claudio Calvet Salgado,178.15963110920077,108.25602333232987
Leticia Silva Ramis,156.6200812035379,37.34690146628992
Ildefonso de Almagro,152.16193043622022,46.97744866247125
Blanca Mur Tejedor,174.4530108895037,43.02181918798073
Araceli Mulet Lasa,161.40986373888938,62.52619668598332
Juan Pablo Aranda Montero,175.09814367174522,54.66061624707381
Sara del Manrique,161.1905586046729,67.42384730125352
Mar Obdulia Cuadrado Cañizares,178.73313420841302,99.8566444816464
Antonio del Marco,196.8869302856093,144.13430583723647
Amalia Moya,197.2400053693015,115.65783536191742
Pascuala Castell Morillo,166.07529751303676,36.12216718820819
Soledad Osorio,179.1856030286744,40.10716030895804
Mamen Ribera Macias,155.34758783085155,67.2886661418268
Eusebia Porras-Lumbreras,145.5664720283528,24.82451520654041
Hilario Velasco Campillo,144.97280443066876,38.87604216816284
Benita Villena Bravo,160.2275549719668,49.24927711221245
Eva de Meléndez,166.7106352082663,47.08941810245527
Sebastián del Casals,167.10343556054343,35.73134942889268
Victoria Valls Roig,168.19893016186748,34.622841526866864
Angelita Fábregas Amores,188.86101920638103,39.46846115204438
Amando Baró,173.51146742191105,78.28341231001973
Candelas Ani Cobos Ferrán,166.01993971946573,60.8257039558305
Calisto Valenzuela-Asensio,153.1761219185006,90.49841591023454
Maximiano de Zamora,177.1042499798333,77.46704421399264
Cesar Julián Cabo Cuesta,179.62694601424386,35.56310110244112
Vasco Salom Navarro,165.90888005885824,96.23137665507171
Modesta del Prats,170.3389195567578,34.43330369634138
Arturo Jaume,173.05482926697084,89.52438750324566
Celestina Santos Batalla,180.57408532119624,95.78612082699394
Casandra Aller Lobo,171.9256569498542,86.84928543190676
Manu Machado Hervás,170.2838620611419,69.78176575675057
Filomena Badía Boada,172.6267375024462,94.24974842123014
Aureliano Pinto Palomo,170.50483187650585,47.9726935027158
Dan Palacios Requena,144.84217071509485,41.90192265726765
Marcelo Bonet Molins,200.0,61.43287524140577
Ibán Solana Cases,194.2919302130649,126.96656590899455
Fidel del Verdú,170.10843359811722,29.676250721508325
Julieta Malo Montesinos,175.3056654730123,37.700263745903214
Rosalina Vallejo Arana,140.0,35.619723631963815
Dorita Maldonado García,182.7203357295708,51.29441793327186
Eligia Diez Ibarra,189.9384888709881,131.57951325430082
María Del Carmen Cuéllar Pla,176.15745962251793,34.7977543549224
Amílcar Aroca Feijoo,189.94892676531424,43.6272002243599
Chus Mateos Caballero,140.0,40.01401951702535
Bibiana Concha Mariño Franch,200.0,83.13027702685847
Berta de Figuerola,171.38324881389286,34.14096749216844
Olegario Escudero Lobo,155.74703512517496,69.39332185338425
Olegario Vila Coca,159.69418232978168,33.72652430306391
Cristian Salomón Ariza Jordá,172.29019250552275,86.18531615085553
Germán Rafa Castells Millán,158.001111849731,47.49384589443508
Simón Abad Paredes,171.54063020999735,85.40003972516254
Epifanio de Font,194.85241621891004,82.75359131810693
Alexandra Vives Morillo,140.0,44.78445479076559
Quirino Lopez,162.69750263524296,36.51419310395006
Custodio Merino Segovia,175.95843731989933,108.07111335798132
Julio César de Duque,170.62993141614146,42.64756685795723
Montserrat Bustos Valera,181.3820696057845,99.65053726813898
Gil Robledo Garay,174.1129645630953,62.74332864571708
Ignacio de Ariño,200.0,48.8959974040009
Juan Luis Piñeiro Casado,188.28880812034907,105.82330751413562
Alfonso Alcaraz Cabeza,174.65278685137437,72.2666168096776
Tiburcio Rovira Palomar,174.8535270049361,112.67574800168714
Malena Bauzà Sanmiguel,181.88442147942703,126.18777295006645
Atilio Zurita Alcalá,162.03845101449687,45.10243254718391
Seve del Ibáñez,170.856117780543,78.48961225515946
Rosalinda de Peláez,159.9259265280558,44.00517265224207
Gerónimo Cabo Ruiz,156.89822434399056,56.45684046965975
Azucena Tirado,159.70180177110328,100.19153634050711
Ciro de Navarrete,141.0430474806921,43.91687982939372
Paz Aroca Llorente,166.96213106222083,76.58939793701275
Carlos Vicente Talavera,187.0145256994742,47.008482431853
Isidora Frutos Caparrós,179.15077889171147,66.0001478144835
Matías Mena Sala,162.14212962240734,54.84028864995916
Melania Casas Camacho,165.03029326877936,106.24937105692568
Irma Benavente Carreño,182.6069194985584,97.33241639833663
Isaac Suárez-Villalba,164.9257230005483,90.23512821648131
Baltasar Montoya,154.22911854709824,68.63233986342227
Juan Cebrián Salazar Ribes,181.0632230576346,71.14202248813056
Reinaldo Teruel Canals,182.553879444122,62.238068877940535
Remigio del Bermudez,190.2715039639597,90.29506659250582
Trini Sofía Abella Girona,181.61056073380092,43.864966015013245
Azahar Hidalgo Mesa,150.61050942028007,38.72913120646008
Armida del Perez,172.20737184209426,38.175263688279145
Lourdes Quintanilla Bonilla,176.36946492468937,31.24913113124921
Dalila Patricia Aliaga Marti,180.36606803187277,40.1716427426775
Teodora Cerdán,157.25978068301325,82.87634236656973
Leticia Garzón,161.66799892236173,35.057835892510994
Natalia Tenorio Barros,179.49501662314736,40.86757972533077
Reynaldo Bernal Verdú,168.3969941064489,35.83688100968866
Celestino Santiago Azorin Herrero,186.44638154750808,44.96384615995476
Nicolás Perales,154.98138617239997,47.75483087643023
Adriana Arrieta Blanca,164.03212742009774,29.814111885172004
Horacio del Arana,167.02923745844862,42.60793435472005
Valeria Marina Roldán Duarte,187.52949808116003,86.68871221787187
Octavio Diaz,182.77804986258715,77.38863047524401
Carmelita Larrañaga-Grau,176.96797069567006,66.52036550630066
Paola Arana Murcia,154.79997862734498,47.73657843430237
Angelina Peinado-Soto,168.4831960529673,48.16330207278824
Eric Alemany Giralt,170.3038350616875,61.59906598239381
Felipa Elena Lillo Valbuena,194.7093398755007,55.547379744392245
Julia Vives Salmerón,161.3426140249813,59.60500750649131
Roxana Terrón Bernal,150.53434032047073,54.08106430509448
Ágata Correa,165.08318575374648,68.10843875657264
Paz del Leon,183.10352926174517,131.20071435479673
Gabriela Gallardo Gilabert,163.98358742526923,53.37140977741404
Virginia Marcos Zapata,177.9159086180771,70.31596596359475
Poncio Luz-Donaire,194.72082737332244,92.74928840414483
Pili Moreno-Galiano,154.31988997509382,83.59887036318426
Felisa Flores-Vélez,176.70489974669673,34.69279056287802
Anabel Mendoza Prada,200.0,66.62784290194452
Camilo Exposito Barrera,200.0,113.5296230334008
Marisol Nevado Querol,170.3278584166393,105.8133569559788
Amelia Lloret Mur,191.3375343663529,46.74382932216084
Goyo del Segovia,166.78852216359223,52.59719888725203
Espiridión Martí Gras,197.2784719870688,92.59631925293468
Edmundo Juanito Llorens Royo,168.88968513192776,87.9045318083917
María José Almagro Heredia,159.8150506866014,60.19259160079251
Nélida Cerezo-Baró,159.16591444224977,51.09622387670469
Graciana Malo Rios,169.76023284178865,41.85416948061065
Ámbar Llano Cordero,190.4515911588845,83.48170899773032
Fortunato Miró,177.4074884590129,87.83562294298508
Alicia Almeida Vall,163.42787473143582,96.1566986435649
Édgar España-Palomares,180.7794256718692,61.56463670115949
Amílcar del Soler,187.19742510290789,93.49543624703864
Chus Mate-Carreño,195.52939628819908,106.13842693095886
Ana Sofía Araujo-Ocaña,163.64476300375557,52.555038181185935
Lina Angulo Grande,143.92980569590847,67.22087427038524
Celestina Fidela Posada Rincón,177.83760539107652,82.88933875887231
Ruy Morante Díaz,146.0523378519865,25.697891440273715
Dionisio Menéndez Iborra,154.67969027981474,61.15459186142291
Maximiano Asensio-Domingo,172.342592386241,63.00007801187615
Selena Villar Ferrando,155.51960483198408,29.38112096756259
Anselma Alba Diaz Mateu,163.57018531209377,99.23042166491788
Salomé Enríquez Hervia,174.7316013323259,70.01717663506899
Judith Lara Fuertes,167.02128241011388,38.869821255542654
Itziar Cid Barragán,183.0705324840911,116.00768593104608
Bernabé Zamora Mendez,167.99975922829566,60.81437414317702
Nazaret Pepito Cuervo Roca,182.21668668791895,76.14088397871994
Guillermo Artemio Calderon Palacios,175.00229765367249,85.73429970638674
Ruy Losa Atienza,162.07045161613073,47.73117100478203
Chita Uribe Jordá,163.0083956035568,33.01071481338392
Herminio Ramirez-Carrasco,162.32432691543733,94.5617263453034
Rosalía Mayoral Sandoval,179.28162822668634,96.26755857630506
Julio César de Canals,167.95847529493554,48.58951920704473
Blas Hervia Acedo,187.76214825669135,86.19479494296614
Irene Gracia Roman,170.55232239086112,106.50098143314548
Azahara Renata Pastor Pla,190.86866312353567,62.71636832470261
Áurea Fiol Palau,175.34128378184482,69.90231441417608
Pascual del Blanca,172.9812660904056,33.745210860462294
Ezequiel Figueras-Coloma,178.70792504202376,78.72141253025772
Blas Alvarado Carrasco,200.0,148.34844375997676
Luciana Jover Galan,183.59476056214007,75.45345176336203
Prudencio Nicanor Fuentes Ureña,170.4769095154665,71.06049952128132
Santos Palomo Mir,168.19498109484738,60.22351368368751
Carlos Fernández,140.0,39.461877723970815
Calista Gracia Mayoral,198.133841110416,90.72132835684556
Julia Alcalde-Español,159.85666116404747,52.36125850779166
Carmelita Llorente Céspedes,145.45410257924706,27.381387299464546
Ramona Gema Amigó Gras,142.59451570065144,65.40202637089521
Coral Aparicio Echevarría,167.97904655985292,29.706090811385984
Eliseo Samper Arrieta,169.99555636655694,35.643358778490146
Gracia de Carnero,185.61179237130995,76.49471034794614
Vanesa Sala Vidal,154.73093894296517,35.92563664630789
Hector Rafa Villalobos Cifuentes,165.20523956069636,50.10556438199319
Jerónimo Vargas Robles,160.92816980864023,50.408187742359
María Dolores Arnaiz Molins,183.2306433819881,119.933533917106
Aura Cabrero Enríquez,177.57499730521988,68.29675251561365
Elisa Gallo Peralta,182.97700135274675,40.634194019327
Mamen Alonso-Águila,187.56543287931717,78.8488194467118
Andrés Felipe Pedrosa Roldan,144.54647934506866,47.02763287771144
Claudia del Esparza,153.04813281972383,59.19821332923279
Alcides Pazos Olivera,163.31309832600792,31.788242928062797
Ricarda Real Villanueva,181.67747548821987,55.9394662351458
Fabricio Beltrán Herrera,163.15753097601285,84.01663655740269
Arturo García Redondo,159.8981177065769,80.25167451850136
Luis Becerra-Barreda,157.5018124554018,57.5416484729094
Estefanía Llabrés Gárate,155.58548998327925,46.198436921147774
Estela Baños Mariño,170.56852765655532,47.59522933230608
Luis Miguel Landa Crespi,152.46934378875127,44.01037116195838
Irene Arteaga Asenjo,169.5668528747532,32.45371786132112
Leandro Amancio Tovar Flor,173.53117353586958,90.69682138766746
Lucas Bonilla,186.9272342367221,56.63403944630786
Juan Pablo Lucas Agullo Alemán,177.33774774951408,84.15840983746408
Calista Mendoza-Briones,188.3505168357682,139.9850057805432
Alfonso Perera Ricart,177.03295342187403,72.2168155224357
José María Hipólito Santiago Huerta,154.5154342121834,43.78077263843461
Rufina Cornejo,147.5358448454526,61.174105671415205
Albina Evelia Pavón Pavón,146.23659439706176,35.20614743429383
Josué Páez Diego,180.1505512346492,97.45762591156765
María Teresa Bolaños Gual,169.45801464342986,52.51878959049876
Silvia Cuenca,165.0831839296899,83.21465164207952
Otilia Carlos,177.5981881630834,118.1808012900908
Estefanía Quintanilla Verdú,169.0477540446809,45.05231181513703
Ciríaco Villalonga Arrieta,140.0,44.468272139628965
Imelda del Burgos,145.27719151506315,25.07543505566357
Virgilio del Benítez,180.3487597189629,32.885389038479225
Silvestre Camacho Fabra,182.70524419382576,66.27954741278855
Renato Jacobo Donoso Macias,154.2045459227981,59.94366375329192
Encarnita Alcalá-Porta,149.78502988167827,28.687163938508597
Patricia Santiago Bertrán,161.57281170235888,78.40107871612534
Renata de Ochoa,166.08917988565304,41.94106523816248
Vera Miranda Lara,170.93387184539327,63.09000189745607
Renato Bonifacio Arias Nebot,162.0528498258226,72.79297140204467
Hernando Arteaga Benito,165.66096807439584,49.537022568148174
Carlito Palma Cózar,189.5012547405729,95.01851351862032
Petrona Almagro Guitart,156.70465603590367,63.26266754431226
Zacarías Juan Bautista Marín Mariño,166.96601906143096,55.62086156178817
Pánfilo Pablo,160.8232405359884,63.51933625777186
María Ángeles Guerrero-Elías,164.86231354882028,52.47345012121255
Griselda Alberdi,171.35312038988874,45.4472736812433
Augusto Tenorio Mur,172.56947727330703,61.49010676325739
Paloma Francisca Guardia Font,177.83793563042192,76.48407621211697
Néstor Vazquez Hurtado,153.0005813646629,39.39136578502857
Natalio Leoncio Dominguez Landa,178.6565725284066,60.43914580263729
Maristela Sanchez Quesada,140.0,25.57493438821957
Anunciación Roig Jódar,166.31421527133492,97.9128109895812
Silvio Giralt Esteve,189.896251052112,38.183961513768736
Juan Manuel Torrens Jáuregui,195.72389698947728,83.151603331213
José Antonio Sebastián Rosa,168.33308486613,103.52708961351914
Sosimo Marti Aguado,197.2170908833196,92.961097924819
Candela Fortuny,166.22384362781125,40.74039547637007
Miguel Chus Ruiz Prada,159.72057584621612,100.07889560617198
Rosa María Paola Román Nogueira,163.66095417626536,38.13712945429023
José Luís Angulo,190.4907226789731,85.47012689947947
Adelaida Cano Ribes,178.8139988657444,66.07607231836049
Estrella Blázquez Andrade,146.84676296312705,71.13407858399846
Lupita Malena Fiol Berrocal,181.0711488862113,71.0614725168282
Eufemia Villalonga Gallego,164.67354364492502,45.72186001062441
Fanny Pedrosa Rey,187.8857799396521,95.5915712312779
Américo Amat Falcón,164.55711338659262,47.86867004410067
Emiliano de Giralt,200.0,135.86227762647206
Eva María Dora Barrio Cantero,164.9399229561434,78.42661767267077
Elvira Borrego Núñez,165.46798226294433,58.89093298092924
Amada Carballo Diaz,169.63774395686275,97.06917044455712
Juan Carlos Román Gomis,157.8736399981087,38.87417907733024
Héctor Castelló,160.24417582874457,43.22356530095526
Odalis Ruano Sales,169.43700273217863,45.41168687296958
Heriberto de Blanes,187.8031555474352,101.15902751496203
Chuy Folch-Molina,180.73597516943747,87.67633673390004
Viviana Fortunata Bustamante Blázquez,154.30523099853735,30.81862114077617
Candela de Fuertes,197.4791720216839,150.48159090391206
José Mari Somoza Calderon,187.41303927055935,129.2212531699998
Renato Farré-Toro,182.0990986003021,69.79096886779983
Alondra Ochoa,181.82824908202772,70.39437128377492
Reynaldo Isidro Samper Criado,149.86003648852284,52.95710799665806
Hortensia Gil Pinto,175.98230966984957,71.17656006497404
Agustín Carreño Méndez,156.92449922347515,34.36357218956276
Merche del Garcés,168.08303294867784,68.40888790250808
Juan Antonio Domínguez,174.03344965835595,35.52112676363433
Montserrat Galiano Bayo,156.9513373344475,67.78896475086869
Conrado Losa Blazquez,150.15188526393652,46.15475392605951
Cornelio Olivares,175.8967962683401,67.22134920716378
Donato Canals Paredes,172.69616965200862,113.67769050886906
Ramiro Fabra Macias,186.745851306744,139.18035856720758
Amarilis Santamaría Castelló,197.18908495749284,108.92840567065592
María del Sanmiguel,164.55832712977644,92.16068203773897
Osvaldo Carrillo Julián,140.0,51.10885534232196
Marcelino Corominas Cobos,140.0655661919482,26.810710421978428
Lourdes Díaz Vara,160.96987702810767,51.43313995737292
Anacleto Pallarès-Barranco,184.1730738888988,94.34998823224
Socorro Ferrera Nicolás,182.55794835108787,42.203217373726254
Hector Vallés Landa,191.3637568379337,123.5902966501099
Flavia Catalina Mata Martí,171.3028438510881,32.09393023530245
David Bermúdez-Vilalta,153.7555310055068,66.26593129767922
Ciro Calatayud Tormo,167.90879840266177,65.04038488579587
Leandra Gutierrez Gimenez,158.4806941734285,80.96106538898421
María Jesús Narváez-Catalá,177.2514448524472,122.32921592320878
Jose Angel Lozano Costa,200.0,136.3642377956078
Juan José Castro Domínguez,182.27413501750297,60.416142837054366
Tecla Llopis Sainz,147.41469001394125,55.34789330574438
Lorenzo Urbano Flores Río,167.9470873700619,32.6937184360407
Eloy Abraham Valderrama Velázquez,146.96475842424886,31.805310208489047
Candelario Barberá Tomás,159.85538371902362,48.17955859008951
Zoraida Espada Martorell,181.7893480243848,82.46338323312496
Yolanda Socorro Benavides Carretero,165.54663578600602,105.49706231390093
Leandra Clemente,153.8991187234938,75.43143880464096
Bernarda Barberá Seguí,150.50943139724663,58.85129993841422
Amando de Acosta,177.599232904332,104.6194056819358
Carmelita Mosquera Soriano,175.9345585726583,77.00230178238056
Pepita Pera,180.7895965019278,90.8010827314879
Itziar del Pina,192.93294335365695,102.5658228025779
Albino Salamanca Nebot,167.1162896280441,55.29005757409184
Joaquina Cano Lara,168.43975096266695,52.2386345348082
Nazaret Lucas Santamaría,196.5760880690009,70.78991866724995
Esteban Pi Roda,174.94290836865895,47.62661502517361
Guiomar Ríos Puerta,178.262436564971,53.9156924372057
Alberto Valencia Ramón,158.50015512778768,55.28192392088663
Margarita de Hernando,163.1353709229066,52.107989569758615
Edu Mata Marí,151.68573325692637,26.41929070973189
Graciana de Téllez,141.24127961707373,26.58273682110435
Julián Escamilla Ibáñez,169.32026956807377,101.92600720247064
Jordana Bernarda Cerro Ramón,182.8919136967268,83.61584341939619
Ale Benavent Reguera,140.0,20.1113786453752
Pili del Cerdán,170.52713822295814,67.50463143824223
Gonzalo Lastra Quero,171.96945105458218,55.33252063837504
Chuy Herranz Ávila,182.7829467209096,49.5249312971007
Ligia Sanmartín Roman,153.52024198211566,57.38170610447453
Benito Santamaria Cases,150.69832801039095,87.07302607965109
Aránzazu Atienza-Aragonés,183.4985065477352,84.66845536038535
Sandalio Duran Villalba,181.10991791281495,62.96645771636976
Marc Ortiz,177.3744149170151,106.09943486131178
Chus Custodio Galván Barco,177.8925060856391,59.91584782922918
Sarita Ana Belén Mendizábal Pardo,173.17082094787762,76.44845794402501
Delfina del Puga,166.5760382042922,53.86047946456564
Quique Corbacho Tenorio,162.3271141868995,100.45113220828756
Ruperta Hidalgo Blázquez,174.11228143343212,59.66419657400149
Gregorio Peinado-Manjón,155.12130511184432,71.37216535889169
Andrés Alcántara Armengol,150.01352023351268,47.59379132922858
Jeremías de Solana,144.35761843496593,75.63398903004914
Isaura Paz,175.92578958274305,75.67064902324576
Luciano Paz,151.81001300851244,24.147295047163563
Brunilda Cuéllar Hierro,169.5374930230177,62.81128533570715
Eligio Bonet Yuste,171.04895737746193,68.47331548565472
Jessica López Sabater,170.4678970303136,49.31847170260437
Carlota Paredes Alsina,174.20949093209433,92.67872309515572
Natanael Sotelo,180.2043427865364,68.0118592171975
Fortunato Carrillo Salinas,167.2341461855135,98.627376730025
Teresita Valentín-Baró,166.20904610154406,31.054771405680874
Liliana Rocha Dávila,160.21052998351678,26.266773369563985
Isaías Amo Quintero,151.16163990966115,88.25355237035572
Abigaíl Río,191.52373940284457,126.15390788044324
Fabián Camino Folch,188.6883919218272,120.24480493486656
Santiago Valls Tomé,167.65356118566305,110.28539725164988
Delia Verdú Fuertes,178.22261657161147,94.92309386021502
Aureliano Rico Martinez Domingo,170.5244944180873,98.69630922263998
Duilio Zabaleta Mir,164.6840753568142,62.92700975511163
Amílcar Bilbao-Cañizares,191.0915523586955,58.54379945509448
Nacho de Gilabert,166.3238837570638,49.22391835365717
Carmina Piñol Echevarría,165.6547980872012,56.69825637913392
Alberto Nebot Calatayud,151.40513978951753,24.21616748834089
Teodosio Aroca Mulet,186.17775484147649,71.87137651116495
Nazaret Marí Vargas,173.91763590646994,50.25360180820107
Concepción Llabrés-Murcia,140.0,40.13928578930924
Ani Rios Marco,154.39870830503787,53.48531909692398
Cándida Bermudez,171.72716379699483,102.517055213954
Belén Feliu Duque,186.9491734430812,114.95749335329428
Mercedes Huguet Puerta,154.84192626507314,91.53380162070664
Gustavo Osorio,180.4835003534278,109.1893298417501
Lorenzo Abascal Salom,183.3127913164578,74.86343036532259
Paloma Evangelina Adán Suarez,165.8789717294957,36.676668108115365
Pepito de Cuervo,173.88819419262796,61.47337701082032
Guadalupe Galvez Melero,168.25193443495905,79.9918756793626
Antonia Vigil-Álvarez,143.1104711631407,61.22151563715739
Gabriel Murillo,179.55876426557273,71.09946387172972
Angelino Iriarte-Cervera,174.49944905413915,56.86273448279111
Modesta Guijarro Aznar,174.02689877516156,69.26986363515277
Mauricio Cerdán Cazorla,169.66423230184688,55.913389664959865
Alicia Martínez Téllez,185.81595555818944,118.3556915042731
Morena Sanchez,174.19359401577003,57.323968222633866
Imelda Peñas-Casanova,140.0,24.628711054723112
Elvira Gomis-Lillo,156.59431537743453,55.46303213680685
Heliodoro Pizarro Téllez,185.2594652543285,34.411937083473
Francisco Javier Pellicer Costa,171.57479226450982,41.53565137986319
Albina Macarena Quiroga Torrents,168.8179122653516,104.02822503194548
Odalys Alfaro Checa,164.4853172450731,55.9623293249987
Alberto Mascaró Pardo,159.2571260740414,52.79108102497565
Pastora Carbajo Baquero,155.04474143937605,56.799166691687866
Chelo Maribel Rocamora Valderrama,165.58859553754638,48.65770591419161
Jose Manuel Lastra Pardo,155.7198209839581,40.0713744993354
Tatiana del Cuadrado,141.86070191888786,50.146252663142775
Estrella Gelabert,183.9377811060241,87.01934822308716
Verónica Mirta Palmer Múgica,159.7341942836715,90.91131715179044
Alba Montoya Velázquez,140.0,29.676554586354268
Dorita Tirado Benet,166.30806904232148,96.63191348340324
Amaya Rovira Carrillo,173.2245895326447,83.78427666850217
Eligia Carrera Uriarte,159.87767380094363,47.10332613699444
Cloe Arribas Azorin,154.6565481853218,55.27507411279981
Marcos Franco-Briones,163.2382447352706,49.72029814388505
Pascual Azorin Mora,176.14887520246378,87.88670842471137
Bernabé Alcolea Gonzalo,194.58726459423227,132.0175054443998
Esmeralda Maribel Galán Ros,172.25227833737907,35.85162280979908
Carlos Piquer Luís,165.86342587261856,36.45768971623164
Lisandro Calleja Berrocal,162.22957445465855,35.03714078714507
Dan Salinas,149.2729085407924,26.72162738520728
Celso Pavón Arco,155.95325311163523,31.281401864558788
Ascensión Otero,152.44434912813014,73.43413133383197
Lucho Alegria Tamayo,173.3428441720339,72.18564932410327
Carla Cabo Alvarado,184.6953656322997,45.09236139889386
Iván Alcalde,174.34228875938086,71.16777675176354
Juan José Infante Aguado,147.45747290184846,65.58893165626925
Pilar Torrecilla Jordá,180.84088512651527,45.17887797196315
Nayara María Ángeles Cerdán Laguna,170.99664785054722,94.2145544226998
Samanta Blazquez Seco,186.61436687894,36.01581851341431
Francisca Vicente Valenciano,189.16324127823276,93.5672460295087
Fortunato Bartolomé Pelayo,164.28982211986502,50.30917898205798
Danilo José Ledesma Pazos,158.07102127235822,41.01942637486462
Josep del Aliaga,171.9036527740938,65.41466002948519
Samanta Bayón Busquets,178.88968494274746,75.40656085190025
Marco Crespi,171.6109981402323,49.48460444519518
Julieta Mercader Ibarra,178.51004299692383,74.51083564104295
María Ángeles del Prada,174.00754181459664,71.81353512431798
Luis Álvaro Gordillo,171.3075760273198,72.78242751663173
Jose Miguel Uría Prieto,170.73133138030332,64.32832606020011
Felix Sedano Pizarro,195.3838465637869,48.13854379684945
Guillermo Nieto,151.53364354475417,52.53337033029803
Gabriela Millán Herrera,173.27926008891544,41.9645759452375
Bernabé Romero Vicens,186.18699353202408,77.0021348043281
Raquel Bonilla Valbuena,160.88594500133837,59.7857261446511
Bernardita Bárcena Puente,196.9656283546866,63.40209544009733
Gracia Amigó Barrio,166.30179877562003,61.2483450327784
Manu Pablo Molina,148.71717386407363,28.366931122607323
Jenaro Morán Galvez,148.90644319794572,84.16809610463845
Vasco Barroso Matas,140.0,43.93538341162688
Samanta Hierro Acedo,167.69758584574714,79.2729613981557
Anastasio Burgos Cuervo,182.23301820839205,77.53641748399822
Cruz Carmona,162.06175118100663,71.21355169813222
Luna Lasa-Sancho,154.99750670477025,26.96436586503937
Macario Horacio Tomás Querol,148.2954439935479,79.13927947981342
Eleuterio Coll Tena,167.00605453838,54.47502774394718
Marcio Bruno Arnaiz Gálvez,193.32610586784176,107.63210514032362
Odalys de Donaire,184.91105365004825,124.9057146192263
Eva Roman Ruiz,162.34284508208896,53.009022298226704
Jesús Blanca,166.6733915635907,32.89997526113151
Eligio de Pombo,199.6955620611431,131.4974160344323
Goyo Uribe Salmerón,197.3781153534873,70.91014555307171
Delfina Adoración Carrión Benet,190.7849720116552,81.37036628558698
Iker Pozo Cardona,163.63114656871474,62.08258587124618
Jordán Omar Robledo Clemente,150.19759167054687,37.51355326273058
Andrés Felipe Marquez Portillo,140.0,51.61287199392836
Bienvenida Morán Jáuregui,190.44251033674607,83.97507231280721
Baldomero Cazorla Coronado,179.1774839390614,51.754536690335314
Yésica Rodríguez Camino,174.0857322188162,59.90283398577541
Mireia de Sanmartín,155.83117980407422,27.667891172689256
Juana Ascensión Páez Barco,159.83023698301662,59.92602102358492
Obdulia de Aparicio,182.03276855537368,75.42139278964967
Vasco Santos Andreu Naranjo,157.99755939907985,29.665476751255092
Marco Calleja Vilanova,154.17040754134177,41.3075138493037
Mamen Toro Solana,180.41421058087133,78.06070579521148
Juan Luis Company Adán,152.79013181645098,51.85891312652915
Maxi Martí Frutos,182.51356389136956,78.3988376107756
Kike Bello Chacón,174.3692791478859,96.72645951496982
Visitación Pla Morillo,164.1353419023605,67.84237194255331
Casandra Almagro Arias,170.4805649653051,74.81711867795744
Eugenio Sainz Guardia,161.08145369455866,50.58332819490125
Luisina Solís Zaragoza,200.0,134.44896571795283
Benjamín Benito Herrero,155.03021518229644,92.22955893134524
Juanita Guerrero Pont,157.68574657185263,68.72279910634954
Joel Conde Izquierdo,140.0,67.74522847136286
Quique Vilaplana,146.13090647929556,78.8161531707632
Raquel Lopez Peiró,161.51377007415635,88.14197746477144
Elías Madrigal,140.0,34.02449178834963
Máximo Azorin Nebot,177.35815125172795,84.81006443577029
Guadalupe Bertrán Guerrero,180.38646662798456,47.673086423317855
Wálter Pellicer Cabrero,142.25546189558062,55.50905622945929
Lucio Angulo Muro,186.68725973046324,77.02066607784509
Alberto Barco Trujillo,169.5935909856673,45.94714793056836
Ámbar Gallart Salas,150.9902567702394,82.41432087028457
Ana de Morera,190.37678067074123,60.96239900843088
Raquel Reyna Estevez Naranjo,172.16596873598542,34.76383003680087
Leandro Cases Gallo,168.48233946342435,92.5898518824008
Adoración Marquez Parra,200.0,114.37490072190003
Vidal Almansa Anguita,176.031760238249,70.52544723444024
Chuy Mulet Simó,188.5805759503052,55.35652465170395
Dan Vizcaíno Méndez,187.94072187852043,70.78534672822298
Adelina Blanca Morante Palomares,158.72997542284207,54.07619788984756
Octavia Anunciación Valero Valencia,176.63717840240642,57.35177267111527
Herberto de Alcaraz,182.4291217336544,107.58787504737492
Anita Roselló Quintana,149.96444653697915,46.26714029230878
Cecilia Roura Barba,175.60844104743273,99.96899106581894
Cándida Olmedo Arnal,168.792104893414,56.092536644619386
Mireia Pareja Escalona,185.8271359790158,117.23658245434792
Diego Pelayo Olmedo Diez,164.58650662700612,101.886332880417
Rosa Macías,173.44205684221834,115.6150710767383
Nuria Roig Lerma,168.7734578697394,46.15315617655253
Roberto Jove Morales,142.24998756811672,20.61451185351592
Ale Chamorro Patiño,185.14625716872683,72.9384096258936
Nazaret Izquierdo-Infante,170.89159921612483,101.15200503125416
Ovidio Batalla Cobo,174.39965400838116,93.95491484397286
Marcelino Quesada Barragán,186.1796761126327,83.83379011888063
Gil Aguiló,169.80497622121868,69.31340430853689
Yaiza del Chaparro,161.02571342161497,88.5684651597027
Victor Manuel Tejera Peiró,186.62810046663915,107.39227910073254
Seve Grau Espinosa,156.27430345746967,44.662621518152015
Juana Pozo Barco,151.79113918441865,70.54939187836847
Noelia Valentina España Parra,152.38410172415655,85.85899077095635
Lina Varela Crespi,164.43729667902028,71.34773328498308
Desiderio Perea Villa,166.704928146248,98.94141731347456
Epifanio de Machado,186.4114892891671,69.8238250931791
Aitor Coello Aguado,169.4944266631319,107.2046768486274
Rodolfo Cobo Conde,166.23572765219492,69.72172767346588
Gervasio Macias Serna,140.0,50.36552536182237
Silvio Redondo Núñez,183.0596238057237,124.84774574131288
Alonso Estrada Aragonés,175.41308729631692,77.86421824048239
Isaura Acevedo Becerra,154.67829146655944,52.42519311838187
Josep Quesada-Cabrera,179.360258459695,54.51318609558193
Marisela Soto Valenciano,156.6721078886245,92.69485642746194
Celia Marti Meléndez,158.2775121051211,75.45108194350746
Anacleto Puerta Amador,145.14639144011414,44.646170131159714
Régulo Toni Bastida Mariño,194.73781464152464,82.11983649693812
Duilio Fuertes-Méndez,149.6752992327838,34.60593311826421
Cándido Ballesteros Castell,200.0,70.2231692767013
Haroldo Robledo-Sanz,159.7616953773347,38.756065978796144
María Aguiló,169.20139639983182,57.43845487219455
Jordán Corominas-Díaz,173.88409832183513,46.21178033309848
Leyre Huertas,175.39791504927967,47.171057271473416
Encarnita Angulo González,174.1046202741872,58.91990538208056
Juan Pablo Bastida Agustí,167.27891680674685,44.7489538656811
Pepito Soriano Palma,196.19740609538067,103.65323247411528
Sebastián Jonatan Sobrino Cano,174.66660992740844,87.24051750528189
Paulina Sureda Figueroa,167.88168343707872,92.290112835777
Reyna Ibañez Tomé,180.5863532256233,45.48776305702913
Lázaro Sandoval-Ferreras,178.23836393192633,111.76415045067202
Dalila Cañizares,166.69412849175737,60.32862237583825
Camilo Diego Ballesteros,157.83492355731542,58.66397540918905
Carlos Catalán Crespi,162.93827667970393,99.3321060987669
Abraham Águila Oliveras,187.8231100672905,89.982742161561
Amado de Perera,163.7054172325715,46.251998539022
Alberto Parra Piña,165.4056385015707,47.574702081958606
Priscila Asenjo Lerma,168.8344043721381,30.122467870888308
Faustino Soler-Alegria,186.39524007261144,77.86937316317328
Felicia Blanco-Carranza,171.53483001653962,77.8554719093378
Ariel Gisbert Tejedor,164.52780976397315,91.12441408409488
Timoteo Comas Morcillo,159.7835452321545,26.87915058119424
Marcial Acevedo-Palmer,188.43982580045164,95.40559760038248
Sandalio Neira Botella,168.63680339618122,42.54770203172959
Roberto Danilo Buendía Lara,192.58751346395857,138.03700917582722
Benigno Teodoro Menendez Bermudez,170.5183504395986,71.88956358231135
Isaac Rueda-Grau,170.93834202623836,68.57112530723329
Manu Palau Castells,172.21857852590438,34.84401201407331
Eladio Pazos,159.0637424927378,85.59377874329599
Melania Gargallo-Lago,188.7136016634395,111.15326526917428
Epifanio Carnero,197.05942963850327,89.86009011111727
Desiderio Palau Torrents,182.9626823507918,104.00974129874204
Carina Pablo Piquer,149.35858743004394,41.25558709470688
América del Gracia,153.87260762061217,31.68425162966053
Fanny Diez Durán,167.107019012914,37.22131597833077
Serafina Mendez,150.09532841690157,67.62915843626399
Cloe Salas-Boada,178.4274384084583,126.79376567495586
Manolo Espejo Colomer,171.34463837652464,68.35609031704666
Purificación Barriga-Priego,185.47600808441203,67.8245264527983
Nacio Naranjo-Padilla,156.69376882438664,82.88811419398654
Joan de Pacheco,165.84384828122109,68.68156950896088
Virginia Rubio-Tello,167.0103584815035,39.96819347805367
Zacarías del Cortes,172.68633493090863,53.76923667099911
Encarnacion Rebeca Vizcaíno Armas,170.52915216205085,31.02793069568701
Pía Mosquera Fabra,191.10745355070856,135.93615569961776
Ambrosio Gual Cózar,180.6742984740906,38.37040564488862
Manuela Gálvez Hervia,177.4942046193148,44.48138448187315
José María Donato Samper Pombo,172.16085573925952,41.28262474817888
Omar del Huerta,161.51571750244375,57.594345969932704
Segismundo Cerro Mora,174.31476186176525,69.58237378347815
Aarón Andrade Garrido,171.8063953454301,50.92493939185241
Encarna del Codina,158.18109514275778,49.31483059307918
Herminia Valcárcel,178.46083145797826,120.73243052154152
Lupe Lastra Teruel,165.33717732095818,54.67571847598154
Epifanio Sales Almazán,169.5869419664582,67.57745674921716
Crescencia Llanos Carlos,179.27588141356946,102.74793418665612
Custodio Porfirio Fabregat Belmonte,187.6436406485205,48.67401000503238
Rafaela Gascón-Quintanilla,163.72481280716417,43.07306836591275
Celestina Miró Elías,193.2726037749465,146.31206759833103
Vanesa Rosselló Anguita,177.12825842305662,79.77431997577061
Nicodemo Toledo Belmonte,173.8282721200567,35.81325846808498
Asdrubal Mascaró Peral,170.26956747798,56.65088816267711
Demetrio Pol Prada,197.0407483299956,118.8686555971736
Melania Giménez Antúnez,164.9796786648572,91.36840963057703
Nereida Sáez Agustín,166.30048396208738,89.87170360240506
Valero Córdoba Miró,159.55527242490473,48.736825871746426
Susanita Araujo Luque,174.31776112287565,104.66083696431032
Chus Alcázar Espinosa,157.8897647041895,87.71505802726942
Ramón Casanova Naranjo,160.68902182072702,56.12033175610429
Elpidio Carbonell Gil,166.20483039612307,72.08253215957048
Eloísa Ayala Alemán,166.41670317623328,47.428437013647965
Fabiana Salvà Quintanilla,169.8389382996721,93.16052782986468
Roque Roda Tejedor,194.7807594985601,111.7008614917884
Lourdes Lara Sevilla,179.60043578209468,34.00038183421469
Adalberto Buendía Franco,188.5817681221492,94.56749697196186
Marita Alcaraz Canals,175.11861403623917,121.60876761829569
Chus Agustí Fuster,187.06585312472188,134.15098217056598
Fernanda Barral Gallo,188.4104353492394,80.60148750229502
Sabas Cerro Guillén,161.38323722437826,98.84551565851218
María Dolores Villalobos Garriga,177.23894291001483,46.51865285069595
Elpidio Viña Checa,185.4801783870406,36.94460416709615
Petrona Guzmán Salgado,165.7537790929499,34.685203948268686
Nieves Morcillo Santiago,180.3977698941997,41.21932660546758
Francisca Tejero Falcó,170.79251080630485,106.71053070316378
Desiderio Ernesto Fuertes Zamora,172.02643544363625,43.2655079784511
Montserrat Artigas Juliá,161.32760356388545,44.238052118678425
Obdulia Sarmiento,163.44762883620706,99.01557107813
Vidal Verdugo Crespo,181.47046095814247,115.84623846999428
Moreno Prieto Diéguez,198.7108769116679,101.01511518451424
Leandra Estévez Márquez,143.8255070902755,39.532905082957
Héctor del Neira,191.2635976513593,78.84959791846083
Albano Maldonado Reina,178.29865645060818,52.32732969977133
Jose Miguel Expósito Huguet,188.67222583741852,125.7780107628688
Vicente Recio Benítez,193.927085729226,122.37341226598008
Teobaldo Nebot Huertas,171.76381116229507,99.12688806379064
Benita Pacheco-Mateu,151.84615326852207,89.46937484493034
Estela Jerez Manzanares,172.34725403383675,78.8921746331403
Regina Rosell Criado,156.21514332373957,43.86452334506197
Gabriel Blazquez Carpio,174.1257722574098,98.36287999626876
Chus Diego Roura,158.09303807314137,59.37257913751989
Segismundo Luna-Ureña,180.139302892687,121.87579753479432
Gabriela Sainz Izaguirre,158.2035397251274,33.406117245365415
Adán del Blanch,158.18727471804837,95.83497041133674
Fidela Chacón Huguet,151.18882763097406,45.85055688480518
Adelia Casares-Peñas,178.29287430362896,126.78800743752764
Rebeca Jenny Zabaleta Noriega,175.46049077759798,38.834720026617134
Alfredo Herberto Pascual Castell,146.6500052064685,34.80492584721509
Sosimo Cordero Barrena,171.64200191192242,99.48673143647524
Abraham Jurado Reina,163.81709527133623,56.873029292315486
David Santamaria Bello,194.1809404776348,73.55163009411922
León Ruiz Perez,176.72287468600908,42.802412790304345
Martina Portillo Giménez,177.21184953318377,102.67565484015395
Aroa Clementina Bru Gonzalez,174.68667386991004,71.51218270162539
Nieves Almagro Uría,140.0,66.78315180751979
Isidora Moreno Mateo,156.51044687307893,32.98070275510006
Luna Heredia Torrent,184.030690012377,54.224718277447735
Marcia Cadenas,172.79088833638596,93.81252072197074
Vito Jurado Andrade,194.1130725640552,43.46670428154759
Severiano Inocencio Hidalgo Falcón,140.0,42.161701417981824
Leopoldo Guardiola,177.58685974937836,99.32599877630444
Edelmiro Agustí Cal,151.82366765431252,51.46095166818184
Vicenta Casal-Mena,148.52069274194352,31.631138398062365
Marta Almagro Salvà,167.0745765590983,86.68767603641152
Elodia Bueno Castillo,196.66029975167265,98.04189551943124
Aarón Vicente Barba,147.10044085981158,65.02998721167398
Tomás Guardia-Ibarra,192.47735799518895,74.48329348030141
Ariel del Mayo,189.11057966082248,42.38276057019674
Victorino Hervia Vélez,179.34727271865162,122.01561549755615
Serafina Campo Serrano,181.09075491422252,103.18066522251208
Nando de Hierro,143.3048593664736,21.223869150185617
Ramona Collado Palmer,181.05174350403587,39.32768757199536
Albino Ripoll Samper,166.2525837851878,39.951201488618686
Rosendo Casanovas Garriga,174.53814651548123,53.54757849788498
Cebrián Solís Huertas,185.66222448516692,59.79905306208097
Montserrat Azahar Castilla Campos,167.17417681501078,33.397579404949404
Chelo Sarita Rocamora Correa,160.00254239311835,26.08285206962388
Pepita Monreal Jimenez,167.032869052089,60.40711123243492
Bárbara Alegria Milla,163.3036369253089,90.4805638339091
Dominga Olivera Leon,200.0,103.47066463619348
Hugo Mauricio Suarez Llorens,171.44639824117428,30.508861503413783
Alonso Ruano Olmedo,176.8308530959932,122.88697617532893
Rosario Sanmiguel Talavera,158.37445649094195,57.15915043348798
Felicia de Albero,180.33579332365932,114.53548309969584
Belen Ferrán Salom,177.7811630943802,107.3824248529256
Pili de Capdevila,140.0,52.3789822210251
Aurelia Casals Collado,180.45182523855928,54.18524015459836
Eustaquio Jara Casares,181.30225258811208,49.04441941608145
Edgardo Oller Colom,157.5080930016944,27.52062697273927
Modesto Palomino García,151.05096141310972,50.86522981943807
Manuelita Cardona Catalán,145.22815351345253,65.63374346568678
Atilio Edmundo Orozco Torrents,187.22897219248475,70.7671912987818
Roldán del Rebollo,151.24442148103572,84.45823154257607
Mamen Durán Escalona,172.8496381916998,59.48731135940856
Noelia Lobato Cifuentes,183.34802143098705,57.51712436568407
Tere Ferrández Rovira,193.2649169231055,97.84764413904882
Vinicio del Pascual,146.3426438860953,36.873310894912585
Lucía Urrutia Fabra,188.43562247693265,112.63310508511586
Paulina Bou-Maestre,200.0,85.68361535143528
Anselma Macias Castelló,183.2095822353656,75.85524076835131
Luis Vara Tello,164.71589491812895,53.38619009149866
Luciana Montserrat-Robles,191.6545510229108,61.74243586229016
Eliana Valera Ramón,172.50888949264998,57.30585550476937
Eli Linares Arteaga,169.1797189110778,102.07892675960264
Bartolomé Múgica Sotelo,168.4717051045416,57.46134297411707
Clementina Alcaraz Echevarría,174.273420481927,65.18846868065307
Aarón Morcillo-Torrens,147.85694369585053,58.070691487085085
Carmelo Serna-Saavedra,161.9752505442671,29.804685926116985
Otilia Bustamante Rico,158.7250593660798,87.56643559896459
Angelina Borja-Ríos,159.44178323222997,63.2283319201719
Selena Salazar Martinez,175.87647480210185,96.45898068564986
Débora Mendez Mancebo,177.0950821716085,46.43408328928224
Toribio del Serrano,154.093553758717,82.84933893287018
Francisco Javier de Larrañaga,174.0813138160429,68.51879720370785
Godofredo de Leal,176.21945677790404,40.73535429783127
Josefa Conesa Blanes,199.2907618859845,150.17711753350227
Eugenio Beltran Fonseca,156.14048995255342,70.40381335482917
Paulina Escrivá Higueras,197.2117592821356,109.53524790298069
Victorino Iniesta Calatayud,141.07025656956372,56.3590536625094
Dani Bustamante Chacón,167.52466393096762,94.48411148527
Emilia Echeverría Tenorio,162.4786580056906,90.43597714438366
Cloe Guerrero Ballester,200.0,134.78646402164537
Augusto Valenciano Vilar,173.6004026851389,53.59746341540338
Eusebio Vicens Niño,194.77379824298896,84.05571036050421
Sabina Ángel Losa,167.43945692085188,68.53713039945029
Albano Coronado Rosa,175.34185361943736,51.58007553006792
Maxi Perez Gallo,195.99649336114484,136.40337987428427
Maite Lumbreras Querol,173.3677916841356,91.01726921721672
Adán de Cuevas,176.98178311730138,66.45579707217613
Íñigo Rodrigo Barrera,154.7092908222224,53.32188957918401
Eusebio Soriano Marí,192.40822954714423,81.53422794259487
Claudio del Duran,191.8544508872533,41.77473841208617
Lorenza del Moliner,195.39132988656533,135.57873302674273
Chelo Ribas Galan,180.17720033445704,122.97412448223103
Armando Adadia-Giménez,153.96292552492784,66.64468942907453
Brunilda Gras Mármol,148.1671514241207,80.14039851634317
Leocadio Roca-Delgado,173.5622264659182,61.72464092843931
Juan Bautista Villa Baeza,167.14937056226807,67.64763055085376
Prudencia de Delgado,176.76290795512332,57.47580226612023
Emiliana Aramburu,160.0823975889108,61.915216378404246
Aitana Cordero-Girona,175.61125902365487,55.53585467053225
Fernanda Arellano,140.0,32.786430088354166
Lara Barrena Gaya,183.3473806188466,82.40105971026715
Petrona Giménez Roma,187.17169211817424,65.95827466333597
Nydia Marí Almazán,183.95041776381728,38.86549753106031
Nidia del Ureña,192.3952870326584,142.12734548551074
Eligio Solera Ibáñez,155.89819549718203,86.13479893741663
Iván Riquelme Alsina,194.6388319927368,117.0270221785968
Antonia del Badía,190.9229015128391,60.81694286335583
Macaria Ainoa Llopis Bustos,163.8094366877444,74.8316389894083
Emma Escamilla Barriga,151.14363308628174,37.52936200853279
Benjamín Acuña Cazorla,166.553912593601,74.65077947447006
Gisela Nuñez Montaña,200.0,101.78450316728018
Ana Ropero Ortiz,173.1289541876399,106.18273505948495
Vicenta Mate Dueñas,154.2067838046384,50.21854883512716
Cruz Español Losa,157.41216036057494,41.224037313696456
Sonia Adora Carranza García,181.8529918203068,48.53345508072812
Cebrián Mulet Campillo,171.5121545405761,84.20650739147521
Susana Tamara Valero Serrano,154.65829623748644,25.690905707442077
Darío González Vazquez,166.3339321757563,57.82165359998763
Marianela Cabeza Torres,163.22621266913126,72.03256020382483
Maximiliano Valls-Pulido,172.0253929873417,41.79721923487455
Úrsula Ibáñez Pou,178.23071728300235,50.18094927080514
Graciana Ponce Barba,161.12106780960585,95.8362982471607
Juan Luis Quintana Castells,200.0,99.2641656284764
Anita Perales Quirós,167.7549374766247,53.94245510587604
Arturo Busquets Lumbreras,155.48711126652557,33.88480394076485
Asunción del Codina,166.68655278531108,49.55005124052664
Begoña Adán Novoa,197.27664274995348,133.77282749106442
Sarita Vives Aguilera,176.93548849292904,49.59831299533779
Rocío Pérez Paredes,190.40854656997865,44.527866339844856
Adán Carbonell,164.63254895732342,61.451834343980266
Antonia Yésica Dominguez Ricart,194.862600467982,141.67157841739836
Sancho Quero Cobo,155.6231452821387,47.76154448154334
Rafaela Lucena Bosch,169.1878416495273,84.31249543610154
Ariel Botella Castelló,200.0,93.08008192700686
Segismundo Manrique Gallego,196.297402572608,141.50101643337644
Amparo Isern Zamora,153.96698612788708,73.9685839066315
Leandro Montesinos Cabo,187.6557637638772,44.62741501741976
Néstor Folch Ríos,178.9379250409888,74.2934213168802
Ofelia de Pagès,176.5509178301953,106.552715048382
Micaela Barreda,167.33993917122382,32.70053266660538
Lucía Perera Leiva,171.5409663880381,90.22606869553572
Emiliana Padilla,142.55214163640892,69.35719738595247
Telmo Palma,172.38979508116302,81.33352100656849
Ágata Linares Moliner,171.3901035266007,69.91450923638482
Emma Diez Rodrigo,180.2697457626756,81.15676818231022
Teo Ojeda Rebollo,159.62797287277192,34.627383356930785
José María Flor,167.06504959744726,82.2134827025137
Cesar Lobato-Farré,170.86716534765827,75.00046510479754
Roberto de Juan,141.26110410623167,70.32073397192062
Ángel Riera Larrañaga,145.1118036735749,41.85356684079501
Guadalupe Aliaga Rivas,152.2681921945594,49.89431730301016
Miriam Blazquez Cepeda,193.5514728842715,90.95985467290345
Manu Estevez Bejarano,171.99195313813266,33.11547469134216
Macarena Escrivá Chamorro,184.58888877932785,106.74164280242223
Dolores Guardiola Guillen,162.01570677232314,93.2612466418722
Apolonia Yuste Girona,190.4337946599534,130.6575490378846
Sofía Fidela Delgado Lucena,193.61577216126292,105.32875106628843
Eva María Tur Montenegro,156.9875256860682,75.78044979092209
Eutropio Ferreras Seguí,177.60609201264484,60.110359464990765
Esmeralda de Baquero,174.69042176538952,48.52239924320429
Jennifer Galvez Fuster,177.16962247342278,50.88414993034695
Ciro de Berrocal,167.35523361879623,56.610256165966966
Ximena Rovira Ribas,185.1877230482935,73.20561614851867
Matilde Esmeralda Riba Cantero,175.36294308083086,70.247622697882
Ruperta del Falcó,166.5125855968602,82.73769932319456
Valerio Gallardo Vélez,155.01195686737998,39.4253486949395
Pelayo Román Díaz,169.8442667257367,64.09342202738608
Rosalía Iñiguez-Bellido,177.79242835589054,74.8019102407416
Carmen Romero Villalonga,156.11254503279167,91.6702758639376
Julio César Montesinos Fuente,150.04744141356633,68.28132428572289
Ale Estevez Jurado,140.0,78.28940511829015
Asdrubal Lopez Sedano,157.00114434811522,97.88157391797006
Clímaco Osorio Herrera,167.73196994782225,98.606273345552
Yaiza Torres Ayllón,179.52343066333083,59.09286165342931
Fulgencio Galán Villena,170.83410488484327,39.26723621574801
Obdulia Reig Ribes,182.626190009214,44.71135852823108
Laura Gallego,174.20514370940035,59.50927605204658
María Fernanda Arregui,158.6846622376954,43.68580368945504
Borja de Bonilla,160.4709692326757,102.1079679627993
Pepito Cases Amigó,195.63767939713503,82.26977805540109
Adolfo Redondo Frías,195.76522610442103,84.83454801883717
Cruz Irene Cepeda Palomino,158.2741964133812,29.45464008749973
Adolfo Gervasio Mora Guijarro,143.8210661098496,42.746908213653874
Zacarías Pastor Castellanos,169.395026317237,50.669071047893055
Odalys del Guerra,174.61805510504354,42.23953170141147
Emelina Palomino-Alberola,178.80835994432564,76.46846976967639
Amaya Ramis Pardo,178.37885325752134,41.78704351756254
Ani Expósito Anaya,173.8958754537896,109.831885591831
Carolina Prats Burgos,154.17377119394888,33.19279408860959
Isaías Ocaña Toledo,164.451309347375,45.04331184470576
Cosme Santamaría Durán,163.06600772805015,88.34561856968156
Reyna del Guitart,172.5320899834635,48.633227531690174
Emiliano Chaves-Heras,185.54291871795675,62.02842638357548
Alejandra Crespi-Montaña,174.5521138760835,35.69282147550702
Valero Tur Mesa,181.37900566629872,62.87590999230371
Jose Ramón del Carmona,188.17369161509785,82.10213763449507
Eleuterio Prieto Sanchez,187.5880263186141,112.21176952695058
Teodosio Roselló Mayo,177.15076041874977,62.32012603772449
Eugenio Osuna Andrade,166.99443556965576,38.94203544106483
Aura Navas,171.16880293194637,36.8970370142121
Roldán del Márquez,161.3774159197373,57.38940094544097
Nélida Sala Soto,163.0240189952315,90.37120244172796
Angélica Salamanca,200.0,44.50652160192618
Calisto Mesa Mosquera,183.71431170020307,65.77194904684595
Paz Piquer Tena,177.7521354338768,118.44933047516906
José Manrique Izaguirre,200.0,156.9792639423991
Agustín Navarro Yuste,187.9888974857462,87.19517762933829
Palmira de Ledesma,167.62632048473458,70.46160907606607
Azahar Colomer,179.86327351519705,61.379285407546114
Venceslás Jordá Patiño,160.67261312417145,61.29545154665307
Aureliano Amador Álvarez,154.51882278371806,27.29544691933055
Bibiana Belmonte-Calvo,180.6256004720409,40.84986529580183
Samanta Giménez Vigil,161.5723145928087,39.9826975557895
Valeria de Puerta,173.72935306798772,64.99237479133808
Evangelina del Lumbreras,165.8732132438706,64.45667753064541
Lope Chuy Oliveras Lucena,170.3713894510083,113.65330052281526
Jonatan Maza Palomares,151.86372401721178,71.64271570353031
Plinio Losa Tolosa,165.81888878124403,96.03895565415112
Roque Gilabert Ocaña,169.88175677176196,59.69342990238746
Josep Jaume Bustos,181.20416932492296,78.31802214505673
Lucila Barba Batalla,171.4187914281912,45.12539794558158
Fernanda Arjona,145.82979042988924,63.30422494293566
José Mari Campo Martínez,144.07011241394943,34.08111846378617
Eloísa de Bou,178.82198097390486,79.13805685537174
Marcelo Noriega,149.9371971039081,85.92029063280769
Francisca Arce Bilbao,200.0,159.50173931374204
Concepción Galan Gámez,168.14667187394784,38.94822456659084
Camilo del Aller,155.73883985285732,55.16903066588684
Emelina Carpio,172.15142069074028,30.26614385909044
Atilio Trujillo Lillo,162.66106336551164,79.09239865681315
Cloe Castrillo Crespo,150.4853693348196,40.32219188921745
Eva María de Pomares,173.01632209695356,33.031707693715035
Desiderio Cuéllar Alegria,163.98590484927465,66.99960973325156
Florinda Gómez,163.35402075559588,43.3990857939134
Remedios Mendizábal Bilbao,142.72051597287052,56.96132294608805
Dora Gelabert Valenciano,169.78735041513536,65.84373329730181
Berto Bartolomé Escolano,163.0762102592004,41.57338062680594
Montserrat Alicia Ferrero Pareja,173.46426041350773,78.97382120711423
Santos Elorza Uriarte,156.5346231570554,45.51261090800616
Samuel Sancho Alvarado,141.03383186888215,71.87100560541126
Ciro de Luís,174.73710440247726,52.11643447034254
Che Recio Sosa,199.8662712918092,62.38633757030284
Víctor Rocha Valenzuela,161.43025771839862,59.17153893735888
Pío Juliá Paz,188.1690022756882,79.35330955038069
Jennifer Clavero Feijoo,152.55187844862468,38.29049077128418
Constanza Anglada Alcolea,186.72264222713883,68.3492045532602
Ruben Lorenzo Tamayo Ayllón,140.0,46.20720736347377
Ascensión de Gilabert,187.3019912112649,69.48575721264672
Telmo Viñas Escribano,165.23058622557926,45.21790354378421
Jose Manuel Reynaldo Olivera Paz,170.57565021251094,76.7943925880523
Catalina Arnaiz Llabrés,181.32070913196804,47.217997099418085
Adolfo Pombo Pou,172.88839172020982,105.46743027342846
Victoriano Villar-Vendrell,169.74210797130073,62.02611640403352
Ciriaco Pons Jódar,175.2109566402176,38.14537049277599
Marcial Mariño-Herrero,172.3996312607724,89.5565577491147
Crescencia Armas,167.49165290982998,31.537459745985394
Omar Hernandez Valverde,168.98742858374564,113.87911877674432
Feliciano Talavera Codina,165.8166102406612,39.423087004045065
Griselda Tirado Higueras,166.7016805614299,55.35961546721662
Jorge Jaén Villa,140.0,45.28211967088262
Fausto Conesa Sales,167.23322804226729,37.73054376689225
Jose Francisco Morán Barrena,155.75512455531072,54.255324782731016
José Ángel Colomer,185.62191646436625,50.40250242509583
Nicolasa Garriga Lluch,182.30222546872025,97.42968163467566
Jonatan Codina Rosselló,179.488325391773,72.63759010002158
Amador Jenaro Malo Belmonte,176.0169429815573,119.4367634571272
Elodia Peinado Vicente,159.64586939486912,46.72375717015568
Felicia Barral Molina,166.26650202257045,52.45689822449369
Ale Alberola-Torrens,180.3589082826088,52.53540323597131
Modesto Amat Ibarra,149.69590679674687,24.33863126388101
Rosario Zapata Álvarez,176.94184291038698,80.93153596487446
Isa Robles Lobo,189.52903966484263,76.79932970573401
Benita Hervás Cervantes,156.88141799501744,49.51361468176675
Vera Palacios Jiménez,190.77453935609884,55.35249925282372
Isa Posada-Cortina,186.40354590212087,45.317225468871705
Manu Fiol Caparrós,194.82871939682744,149.1877757627596
Julio Aparicio Calzada,159.36587981168947,62.37278921106129
Ciríaco Luis Ángel Vall Paz,187.77679236301165,134.4400098759479
Ulises Peralta Ballester,171.37920572291404,58.82360226646972
Tania Prada Trillo,158.8472543516951,100.02077318515936
Gil Parejo Perales,148.3283912803108,24.28603687596063
Paola de Sanmiguel,158.5690185349849,40.23851846076128
Emilio Elorza-Lloret,169.32453185991295,33.03642374989175
Ernesto Arcos Juliá,154.6827219250113,39.194842197080455
Vidal Guzmán,173.2179570558307,53.727090874565306
Nazaret Borja Núñez,179.09739315370652,42.55427829790421
Vicente del Bustos,173.41462049903825,55.08139269850665
Elena Moreno Rosselló,140.0,76.16033498033461
Florina Querol,173.05819232609602,68.1667078283439
Marianela Lastra Ocaña,160.32377602359017,57.38996583864297
Francisco Javier Bárcena Valera,172.44818161328448,63.14085206113591
Perlita Hoyos Andrade,140.0,24.28836743086037
Zacarías Lalo Quero Luz,178.8994396889772,52.6128392876002
Asdrubal Cuenca-Carreño,177.11433538150737,99.07064436892767
Estefanía Barragán,172.52685066893488,45.29095341899392
Margarita Roldán Rico,182.62240371593785,49.8272659992645
Leticia Font Valenzuela,151.37101880287773,35.21359433814089
Pastora Cabrero Aliaga,175.0996788721214,63.81187613987192
Claudio Valdés Peláez,170.58951291637285,116.28298521467352
Paloma Soto Cornejo,166.49542276802447,107.51252375857656
Regina Sanabria Salmerón,149.15151451220788,33.30058773066377
Jimena Piñeiro Valcárcel,181.9543754764641,52.78265334056624
Lorenzo de Gallart,156.9663696315992,27.88578281140202
Edelmiro Sala,171.14428710826888,35.81576467903838
Toribio Prat Ferrández,180.5194054737369,122.50339683548064
Natalia del Criado,165.70781754089666,31.78400538553612
Pía Bonet Pedraza,166.96823779469736,31.968768642086363
Graciano Rosales Camps,182.5756896316797,92.37512925950423
Valerio Luís Nadal Sanabria,167.6539455162924,89.48627218047001
Remedios Mármol,170.95857239210875,43.51823290068469
Yaiza Ferrando Cuenca,152.14906538310984,48.66850356404987
Alexandra María Cristina Costa Ugarte,140.0,28.307887407876574
Juan Antonio Vega Ariza,140.0,61.77805039900802
Ambrosio Ugarte Cantero,186.1137439520445,79.59311063992627
Apolinar Paredes Barroso,171.87901563436708,51.38659789893349
Esmeralda Pera-Cabrera,188.32757381885423,88.74123585008554
Perlita Regina Canet Puerta,180.29160656354668,36.44581178098829
Anselma Elorza Amo,157.60829268385095,89.04459057068377
Félix Valderrama Juliá,176.24805132586891,69.48465912147866
León de Izquierdo,167.3737833117031,45.259025800168
Ema Gárate Crespo,157.61897274861985,25.4797639750574
Edgardo Vera Guerra,165.37365061016007,67.90498372270761
Rosalva Llabrés Moraleda,176.32365943721717,97.68753439246044
Alberto Valdés,200.0,62.48433420094696
Fortunato Espejo Díez,177.1097114218187,70.20518241103719
Victor Montalbán-Canals,153.40017350288187,57.96601066173041
Selena Llopis Malo,156.43259757374676,90.3994357727098
Néstor Patiño Rico,176.34713231725237,112.39003585273866
Marcelino Guardia Román,167.32970195128811,81.392080208207
Ramón Ordóñez Tejera,167.9117269252381,69.80652658801236
Lázaro Francisco Cordero Navas,153.26126006063927,46.61733881289443
Rosalía Bolaños,195.08181563883736,53.89501285499923
Juan Carlos Aranda Cabezas,190.22296317523927,128.1887945027672
Florencia Moliner Viña,163.7053378782978,82.72850254681886
Morena Alvarez Vaquero,176.50051370082423,52.098094037338
Amancio Mateos Revilla,147.99863477409647,48.78894353772507
Cecilio Gimeno,154.35134319929162,79.47057725890312
Aurelia Cueto Juárez,161.31981543563575,84.997425105876
Eloy Batalla Gibert,172.03692032923928,102.5564390368525
Ariel Sanchez,179.64507484176306,47.03170764026655
Isaías Portillo González,166.2979561361503,41.32032008567597
Tamara Garcés Mayoral,194.96535755801676,41.65496283088818
Francisco Jose Huguet-Marí,140.0,29.672640292568097
Julie Lluch Sans,181.7675409718069,90.1863121806454
Jose Angel Mosquera Rosselló,168.19979072246088,35.76792369720791
Apolonia Andrés Heredia,191.38796727015907,74.35394206742441
Joel Gallo Laguna,159.0816320267076,50.38390772926026
Salomón Calatayud-Sevilla,173.96841460054165,66.62897503835943
Noa Parejo Costa,147.30961776891456,37.93789063673276
Luis Ángel Pol Llabrés,153.22296275675842,53.05596678620042
Paulina de Rosselló,178.96113007712788,68.42315277821565
América Morillo-Olmedo,182.26433586135184,58.86297981855584
Morena Azorin Pallarès,168.6958968537955,68.59784568708763
Roberta Rafaela Soto Soria,146.73172502641253,43.16596412272209
Lalo Carvajal Contreras,171.73109871529817,71.92092173234495
Segismundo Bayón-Pol,184.7518689459655,114.5059614029184
Laura Coloma Tur,181.77098659849003,61.35515452244198
Florina Ordóñez Herranz,157.5486678727841,50.21862413647339
Benigno Blanch Fernandez,161.84519022364748,34.52771949340723
Rodrigo Calzada Cánovas,176.65378415856617,71.1859319053852
Ximena Mirta Elías Domínguez,173.1270671022796,105.2171717898527
Celso Costa Jurado,171.06808903023727,68.0468266513499
Felisa Salvà Garmendia,159.19486880630487,75.63287769123463
Alejandro Vilaplana-Pascual,181.9741160580948,44.89674131083373
Aarón Cózar,171.4295139338668,50.44725607543998
Odalys Sabater Macías,165.70530776067204,33.284635689434104
Ruperto Balaguer Manrique,168.86222293640122,65.18665294223912
Rodrigo de Mendez,166.85388852290174,44.29135323224584
Tadeo Téllez Gil,175.02862591934425,103.15791904790888
Luís Tovar Lobato,153.13486369930226,48.93660809373175
Onofre Lucena Gallo,200.0,52.1429617176923
Emilio Malo Mascaró,175.58032093737208,65.48955454308432
Leocadia Lara Durán,169.96506864246885,60.06487080986722
Rafa Torres,160.57447694702486,61.69470605620385
Galo Cobo Castejón,170.88552942902774,48.93993637968906
Carmela Anunciación Barbero Durán,186.51569544764263,42.78334646287804
Eric del Acuña,168.9141840212005,53.75925829367785
Ruperta Báez-Zapata,158.54179204239074,59.88400329315158
Amaya Cabanillas,158.43539039780433,43.90199668310544
Noé Correa Soriano,171.6091062177065,40.3139353062606
Hernán Zamorano Carretero,161.1781388459427,43.58048862998777
Marisa Gimeno-Borja,174.48317411292925,104.1150549906499
Lucas Vicente Sastre,152.9057190145458,30.83268537848481
Juan Carlos Estrada Esteban,154.09234840374546,30.45015640711751
Nicolás Ripoll Leal,198.44615821673253,82.10452840516038
Coral Amador Ferrández,184.8224908125287,57.43939148796397
Maribel Peinado Jaume,178.7298713318409,66.66078983278167
Cintia Hervia-Avilés,199.0189871115425,122.33175977146954
Roque Menéndez Abad,155.9739784423197,59.23286788417903
Estefanía Cardona Bauzà,177.4412309516295,125.69784621463576
Jacinto Rodríguez,164.74027972119987,74.0584341428097
Ricarda Hidalgo Yáñez,149.88879664606893,62.09246083258237
Manu Cid Macias,157.00623817627692,43.871891053424505
Lino Calvo Cañellas,167.28311417775475,69.4536110454673
Samu Damián Lobato Bauzà,158.54312982665536,60.9104242245264
Elisa Pozo Alcalá,154.79196219037263,56.61241336115124
Raúl Anguita-Hervás,172.1561295223825,112.60753768024117
Simón Benigno Olmedo Azcona,187.1183178385969,51.17172859626409
Emma Roman,176.31076427396337,61.31961462065488
Severino Falcó Escrivá,158.79190023263064,88.23441486755853
María Fernanda Pont Carnero,179.57049278903918,59.37713307985199
Eusebia Tena-Fuente,161.03958659444322,61.28885740892069
Manu Vigil,147.9425005795188,53.022097431376615
Ángela Menendez Linares,175.22031272554463,82.61258452282169
Odalis Vall Aznar,159.4908596225475,38.20685288486425
Encarnación Moraleda Cózar,181.59007396001235,91.61222600236889
Jeremías Codina Rivera,167.39756761060977,34.4495858265126
Caridad Carbajo Esteve,157.7112980827984,92.54056079108386
Leandro Santiago Perera,175.62505730661644,41.14618935477697
Dora Vallejo Pereira,140.0,55.43307785779803
Yago Sigfrido Carreras Campoy,185.25256853522845,87.58332800154274
Albino Seguí Mármol,163.15727968757255,35.706172027839784
Cosme Manjón Real,168.0754438040829,59.64129060240087
Merche Bárbara Barceló Salas,156.62581467620743,41.8293587812844
Lorenza Martín Ruiz,169.60203669117766,36.799129607625744
Palmira Zorrilla-Anglada,181.38929721518247,34.53659911875761
Juan Bautista Gual Melero,159.1161983851996,50.64411711673607
Arsenio Clemente Páez Arjona,181.647719214904,71.70755589813385
Antonia Ramón-Sáenz,185.3869704090453,44.32503746396189
Hilario Heras Clemente,172.94198148203992,59.38523697975497
Lalo Arnal Perea,180.0511615013803,124.18050929635896
Elodia Castells Hierro,178.9040292194898,51.119251795795805
Visitación Rincón Lladó,156.09802116553243,30.666973105217465
José Luis Saura,187.5428705339448,71.74843168033199
Beatriz Díaz-Alemán,168.1514614280502,32.38378156813519
Lucila Casals,189.7455666787045,61.95633696078568
Marcelino Guzman Tejera,192.6094889735269,92.0683037452171
Florentino Samper Rosales,170.2173512877371,65.08712442578708
Javier Tejera-Salazar,180.61014038296156,83.31951774234477
Ruperto del Aramburu,177.80059318039946,52.07845819827294
Martina Aramburu-Pallarès,162.53104421348266,83.36166058228869
Manola del Osuna,162.82797172974472,65.59888470029391
Jesús Lino Sainz Calderon,158.1610137753318,42.860058993603126
Santiago Gabaldón Chaves,181.048972335143,39.87962287625601
Noemí Arrieta-Esteban,174.67658455597228,85.30897498128334
María José Sureda Villalonga,174.50467297937774,62.84502223434815
Venceslás Codina,184.50483826207363,44.88315835569668
Valeria Celestina Mas Torres,159.61740155505342,61.19675414628474
Otilia del Galindo,162.30746792564025,52.64139564185282
Nazario Cerro Dominguez,155.96716414043388,25.2097702705523
Leoncio Calderón Daza,166.6984223954143,39.54825871742337
Cristóbal Hurtado,172.2554252920773,87.69057683818329
María Molina,167.11753872804115,28.422298105394702
Angelita Juliá Luna,173.54070235273974,51.72607932844257
Teobaldo Daza Bernal,146.84709975735512,36.25294380717519
Daniela Vazquez,169.20695590911166,39.26113196793639
Inés Silva Valverde,169.25789935749583,110.01021909383611
Raquel Martina Gomez Lorenzo,163.48028123882744,61.3163713955757
Xavier Villaverde Osorio,181.4879023068652,34.59776403227612
Édgar Andres Abril,185.0747711928732,78.89663159417118
Bernardita Sola-Villalonga,188.60629405798244,66.70662311844401
Jovita Cáceres,169.22188954174544,39.46827039767629
Curro Albano Ferrándiz Bosch,194.30363719141664,118.25052151095856
Jonatan Gallart Río,161.88286902626552,39.84366343219123
Alondra Zabaleta Llano,197.97748960738653,63.00948478157764
Hilda Muro Mayol,186.1137709398085,53.01548867666485
Asunción Mesa,155.6389143017924,49.92209285683348
Erasmo Marqués Peñalver,168.2722501137553,59.76647678646183
Pili Romeu Quintero,178.8189930527886,72.99920357245678
Haydée Sureda Salas,140.0,32.16041585976471
Andrés Tomás Benitez Morales,188.62568952914387,130.51874356932504
Conrado Abellán Ferrer,160.41444803829452,50.81278325232301
Gerónimo Jose Angel Puerta Valenzuela,178.49268214270256,59.58032706285464
Lorena Aller Bru,151.7069585834886,57.09788912733971
Cristóbal Lobo Carnero,189.22687793913724,84.83860899146461
Jerónimo Solís Conde,197.71654373964327,42.76900201877464
Joan Barros Priego,164.7367537137579,93.07936549184622
Diego Exposito Tena,177.88397659935117,46.17812967833935
Máximo Falcón Castelló,166.12870890357266,95.37561534657704
Obdulia Sosa Bejarano,163.01963123332973,64.16368495167075
Maribel Patiño Gámez,200.0,104.09955143244296
Julieta Perales Belda,155.69699114574573,73.3734263130708
Ariel Mas-Calzada,188.08167273826265,39.295071521174044
Amarilis Girón Coca,174.68692829569915,40.018888538996585
Matías Pepito Tudela Villena,140.0,36.12345177404835
Rosa Abril Roma,174.49538419261214,54.64393850492766
Lucila Melero Arco,164.50043545706072,56.21904933628871
Zacarías Bermejo Sola,173.09387105743278,54.65222831108547
Xiomara Ainara Hernando Lillo,190.9614682749037,98.29399148283451
Apolonia Millán Lara,172.6518302822257,70.80361499441427
Dalila Borrell Barranco,152.18780084303717,75.43305086555807
Jerónimo Galindo Cañete,173.1759259434547,76.94260125076104
Melania Calleja Prada,140.0,76.57078605513837
Víctor Emilio Mínguez Izaguirre,182.9231629243908,36.92285219793069
Miguel Ángel Calderón Benavides,163.55862686895216,81.98290029225015
Angelina Cantero-Guzmán,169.3336986188042,34.299893686506046
Joel Pina,162.02846220558337,48.017250598980745
Azucena Ríos Toro,180.1460704678917,39.79878094955762
Eligio Torres-Barroso,192.27403155361952,120.08947758162088
Custodio Lumbreras Fonseca,157.22399057565602,90.96900563723328
Anacleto Otero-Sales,163.9057402185017,28.77358220205295
Luis Romeu Antúnez,149.59910442460531,48.99716707786343
Encarna Bustamante Gordillo,149.86453332177996,51.35912673823988
Hipólito Osuna-Hierro,170.43534017599185,52.57229000965432
Gil Lázaro Villar Miralles,200.0,47.34639222581746
Mario Novoa,172.46937045333104,34.93024420734982
Soledad Duque-Colomer,182.41492345240337,104.90149428213644
Leyre Vila-Galán,161.1828778455593,39.90825643315392
Lara Malo Batalla,162.70531314510592,65.13735136409534
Augusto de Lloret,172.1873440472571,70.41920277904627
Lucio Valderrama Pina,148.4897629597361,86.30894057499475
Cintia Alba Acosta,196.99132168307864,79.17344455146791
Azucena Pedrosa Hernando,179.6944957320399,109.26709879391782
Teófila del Nevado,169.4289068434118,40.66036619351289
Luna Arregui Torralba,178.59919562051334,110.03714476080016
Amelia Ugarte Gómez,152.32801542688648,76.8037546293783
Aura Hierro Luque,167.08349815523522,50.32225536685056
Javier Chaves Tomas,141.2640850870059,48.102388509752366
Melchor Crespo Sastre,155.61103794133192,68.55802480206377
Pastora Marqués Cortina,181.2843869969018,125.41392839669996
Modesta de Corominas,161.65869233803235,79.05879961487874
Lino Emigdio Bilbao Yuste,189.12579532668187,72.65344252671085
Abilio Bernad Bartolomé,187.3824350722548,54.10461811308853
Goyo Jose Manuel Roca Esparza,157.44939751250686,97.02544712846178
Angelita Gómez Sáez,153.99732757525857,69.76433288607959
Rogelio Falcó Prada,154.73906425236197,66.7247495189295
Delfina Sierra Zabala,192.0289179614963,71.72228382345422
Lope Crespo Cuevas,176.78370236779384,51.08855215774663
Juanito Rocamora Alvarado,157.44254493813077,47.69198114255298
Roberta Echevarría Rocamora,170.73849505446512,53.703267711747245
María Del Carmen Ávila Palma,167.88728556324705,71.97392903188313
Marina Aragón Barco,166.78381297367267,36.69593239175367
Angelino Garay Andres,166.72276878018965,47.2714828356089
Juanita Barrena Jaume,177.4078788057646,74.73422271683154
Noelia Rubio Juan,181.2511938127837,73.2298526017725
Maximino Alcázar-Posada,169.30398544763315,54.27893358021814
Sara Nebot Dalmau,157.39172757412894,75.40831863655359
Trinidad Albero Perea,166.47656297217353,76.09394730336392
Flor Ribes-Ortuño,197.5466751567688,114.3005860136498
Fulgencio Nicolás Nieto,167.5405211477442,57.88265720161119
Ricarda de Lozano,170.17907271736772,37.002398153874594
Seve de Palomar,162.0773912478717,51.78146360898667
Benigna Nogués,183.05802846958213,56.14672703158891
Juan Francisco Saturnino Arellano Arroyo,182.81789513551385,126.61049713842874
Hernando Buendía Jódar,168.61420314052978,43.59581372089235
Yago Garriga Carrión,167.44670018722283,88.44554876061565
Abigaíl Iglesia Barragán,162.24741155813766,61.98210580776572
Claudio Pulido-López,161.6293341180135,59.14362693701441
Juliana de Abascal,179.84343784989687,36.95714719852938
Severino Manzano Milla,193.98794038399305,41.78361334192692
María Cristina Fajardo,184.42759568140065,105.32574706210757
Carmela Garriga-Mateu,143.69055384012887,73.26751216457764
Roque Giner Arenas,163.9085077034248,92.65697288977738
Maximiano Barrios,187.36659161041547,35.533248359650266
Chuy Royo Gámez,157.99913032461689,62.822886974829565
Clementina Gallo Ramis,156.48191240171244,55.85375790512229
Luciana Zapata Casas,146.91071659150137,81.0688304323963
Humberto Sanz Díez,170.63091314727347,83.0490763590326
Edgardo Verdugo Figueras,173.8267007146638,86.96163830744591
Feliciano Farré Olivé,160.92138844899335,61.41444340756463
Elpidio Osuna Lerma,156.7587175598349,26.821176851768357
América Barón Barreda,170.2454613965896,33.56136037512564
Carmela Morata Iñiguez,200.0,118.20504888404724
Nazario Cortina Rincón,186.41029517237624,53.78301482973952
Sol Soto Valenzuela,188.07899762548192,101.27139627337964
Venceslás José Antonio Vicente Albero,162.6480051479276,32.30442383554394
Fito Cerezo Miró,179.0813546296253,105.68595267224292
Leticia Graciela Coloma Morán,150.2749435432534,46.77944695549432
Ismael Amador Blazquez,191.9119039786738,53.410794785589005
Juan Antonio Tejero Porta,180.6826297104076,111.49830610701358
Angelita Gloria Laguna Lastra,169.07487142548243,52.5242780182745
Ester Miguela Tamayo Figueras,154.6107096572177,49.67357416787401
Sarita Cal Robles,165.29147223901336,43.14607626921335
José Antonio del Zapata,181.1376237726032,54.0725906416458
Gerónimo Baquero Comas,140.0,39.41512759469485
Socorro Espejo Pombo,200.0,43.34294256454248
Obdulia Amor Ayala Alcalde,165.74789312834946,71.85964102729332
Hilario Barriga Lillo,187.68485717116576,46.06135109764999
Salud Blanch Galvez,189.41106963571767,39.29523848115893
Victor Manuel Andres Estévez,168.74780727519052,88.21920037898465
Ofelia Raya Galván,147.04536132329503,42.66431944333334
Maricruz Agudo-Riera,174.34980356009618,94.90290549677384
Jovita Ibarra Ferrer,170.82470168058472,59.71689971318469
Rebeca Tomás Monreal,193.20193159137332,64.50325769195797
Clímaco Ismael Camacho Tamarit,185.3795513114423,87.40473796674196
Ana Belén Vergara Hurtado,155.1445303250185,75.24797681885728
Visitación Mena Bonet,187.48821238923765,73.81179714906604
Manuela Roselló Carbonell,165.99185819708603,75.23355803268137
Amado Salvà Villegas,177.0428177629855,67.85658646453636
Abril Pinedo Muñoz,140.0,74.3824701387791
Petrona del Torrens,186.3430131110304,103.21969261455968
Hilario Rios,180.60615072511703,110.07578500468613
Raúl Barriga Tena,176.54066697008105,86.46855514854002
Andrés Felipe Belmonte Soto,156.05522123021908,52.88001758946112
Patricia Cisneros Huguet,166.66773337918426,104.96336384662362
Eusebio Sales Belmonte,171.0464491189125,62.47807109900516
Teodora Palma Falcó,171.91731322947987,71.70140774089413
Loida Benítez Lumbreras,174.3696842108163,118.61690431101697
Sancho Rey Gárate,180.87574780192776,45.30031854637605
Inocencio de Landa,186.93707748659148,77.33028746808215
Oriana Artigas Agustí,177.20244000249244,35.45071296153048
Verónica Bustamante Llopis,156.39593687609897,69.44379169754318
Eli Rosado-Araujo,174.3743145881711,80.49586291574153
Lucila Gordillo Castrillo,181.4717361268915,42.07871010792311
Nayara Montero-Estrada,177.9316635928556,87.37709607849175
Lucas Manso,175.0996433912591,48.866370715747294
Amarilis Calderón Gámez,172.82534808085038,116.51889190027728
Vinicio de Barros,161.25850985833222,71.01274633149326
Marciano Galan Alberto,179.99644232531702,79.1905844385148
Basilio Suarez Gil,182.13561641282985,60.06819230603389
Emma Cabo Suarez,169.40939365230747,109.21897996408264
Duilio Escribano-Ibarra,173.65077441422258,33.39052707311323
Severo Belmonte-Lumbreras,152.994852844717,67.73680638746148
Goyo Amo,153.58681608086522,57.18809686714695
Dan Mateo Julián,163.46325857600354,31.056198429513987
Mariano de Sobrino,170.84030711765826,99.90547754396631
Rogelio Salmerón Amat,162.64465454327257,86.8391531298283
Jovita Goicoechea Carbonell,172.55837806759914,58.84851055797338
Edu del Pou,151.86424767543107,53.44678672067424
Hugo del Grande,159.7257059083482,81.77307386517617
Anunciación Coloma Pujadas,183.35925009911463,75.48186420281436
Vinicio Baeza,170.81657169238267,114.67993797661887
Pili Gutiérrez Arco,162.4812524766656,93.2650185033542
Águeda Dalmau Martorell,197.26345487009215,91.72608423860328
Clementina Ale Pizarro Serrano,177.19347484836544,51.00169479002227
Ezequiel Rey Tirado,176.27751548920585,51.35930018072737
Pía Gálvez Yuste,154.96132719999906,38.62877838591102
Ruperto Talavera Nevado,183.37739654808271,66.57725501178543
Marcelino Bermejo Pedraza,175.76928610276534,73.1663320767566
Rosa Ruiz Abascal,171.4707565430321,33.01416928646215
Araceli Caballero Borrell,190.9620632321825,66.33600268083084
Fulgencio de Pacheco,154.98870607090905,33.732230106207325
Loreto Rodríguez Nicolau,170.41326991362726,94.56140655814264
Melchor Morata Llorens,170.33774745000434,47.75338800417934
Manuelita Roberta Benavides Ledesma,172.29691117843743,50.61695343167232
Odalys Ferrando Priego,178.2473710386462,74.66612116214382
Berta Palacio-Puga,152.96956356172038,87.36088776130333
Narcisa Morera Morillo,154.2251343042656,62.77031568247816
Joaquín Dalmau Goicoechea,184.42021279671116,42.36164497467101
Sandalio de Marin,151.82482089478896,91.28351409765192
Marcelo Alsina-Fernandez,175.28256357932688,110.27179000265492
Teo Bello Román,154.0055103611021,87.75045913226165
Josefa Amo,158.8099927913005,51.04495441988516
Francisco Fuertes Ródenas,149.248917376998,45.69463772641343
Natividad Vizcaíno Mármol,173.3344131432177,30.82463400024344
Íngrid Pinto Infante,140.0,74.69347570815908
Augusto Marqués Pastor,173.54415677479375,57.14831088473157
Candelaria Bartolomé-Belmonte,179.95549205879578,44.157574086013256
Román Méndez Paredes,152.04569055489335,71.67202823280921
Jennifer Reyes,178.76036935516427,80.04711860367354
Yolanda Pozo,165.57176174622313,86.79832350944193
Rosendo Bustamante-Castañeda,180.51777290459447,101.6769193125875
Francisca Pintor,174.9413379237542,76.00830390783052
Pacífica Álvaro Martín,183.8506043718085,85.24366618756171
Gracia Ureña Valero,182.3071491821626,81.3179408534442
Abraham Benitez Anguita,169.57293590656727,99.7412119137072
Graciano Palmer Ferrán,157.56498526669338,48.38862874232108
Régulo Sedano Salas,169.88305639336787,52.79975658407852
Viviana Salas Goñi,175.0713031007118,36.63379703690882
Manola Chaves-Melero,176.02143647806494,73.85182518939294
Aristides Galindo Catalá,167.97125471603692,50.16195981386804
Ricarda Esteve Aramburu,181.18797501964775,99.74643147228755
Marco Palomar Roldan,176.24931891689582,75.14362714591182
Raúl Mendoza Peralta,177.35488470732204,106.36053985719708
Aureliano Torre Galindo,189.03903828328464,90.95734706781448
Milagros Mayte Riba Casanovas,155.4432200767366,42.32780561179348
Trini Rivas,168.0241235488832,36.99732750996935
Nélida Ortuño,150.00025774643467,65.87199549237131
Belén de Doménech,159.8915576424664,50.92592288874577
Ruben Ferrando Almansa,183.34838814930444,105.98336944333155
Ezequiel Novoa-Agustí,189.7689744103384,79.36261757824836
Jerónimo Tello Cid,155.65163856208193,34.001603108516946
Rosalva Gómez Ferrer,156.79053032228313,89.04062429389121
Eduardo Vallés Correa,179.5880750236974,44.51530581609822
Pilar Soria,164.5289162162733,31.7026233837881
Sol Giménez Viñas,186.07558239052312,111.90706034413786
Yolanda Crespo Cuesta,167.86489962186505,37.167365002465786
Julia Andrade Carpio,162.06720752575956,77.72571785656176
Montserrat Estévez Botella,161.14761916039208,61.33712586464423
Cristian Cal,185.23249381422195,96.5376039471299
Dan Javi Olivera Gil,191.1105708724245,130.02834898787455
Héctor Madrid Cornejo,160.46147052695076,56.24251944998092
Cosme Samper,140.0,51.20741035277435
Adelina Gutierrez Blanca,178.85738297802928,49.32567720990576
Manola Evita Rivas Tudela,153.62431748777277,79.17330988796468
Roberta Giménez-Garay,162.31532964694185,95.5316002197306
Irene Perera Royo,196.6341991270432,71.05348056089838
Olegario Vila-Galan,171.80034924763376,45.66076317658502
Ángel Barco-Diego,199.7328628963236,57.76110794445452
Lilia Miranda Ávila,158.08626796665317,61.06337555839784
Tere Albina Valbuena Anguita,155.41148477744127,83.17080913668948
Gervasio Puig Riera,160.02127648690663,33.24029397732757
Teodoro Oliva Aguiló,155.86995397317853,84.06815232933909
Yago Aragón Parra,163.41842226381326,98.29114443648396
Iker Luís Barbero Nuñez,144.57300506974514,21.654725680550538
Eduardo Casares Pavón,157.4898622500876,33.32302948720902
Ximena Verdú Tenorio,173.2282687342134,45.88803241432512
Olga Báez Navarrete,146.80099662178782,32.53354187841008
Vicenta Lasa Roda,156.49153755167768,52.67998132284104
Macario Tejera Luque,166.42070787879877,61.34932923436293
Lucas Pagès-Arias,157.61185268976013,79.72729400128883
Elpidio Aranda Quiroga,141.96431310034683,23.27183954303291
Guiomar Alberdi Amorós,162.47829418184818,39.85334377825802
Goyo Bartolomé Meléndez,166.86686857675195,40.200838931494175
Apolinar Priego Franco,145.82161884028022,84.07727146115165
Jose Luis Millán Macias,190.40972440600777,142.5035835723667
Nereida Amo-Zabaleta,148.18748762483767,59.87729502080483
Armando Hurtado Muro,174.83463382164302,45.47567939480589
Jose Antonio Palau-Soriano,146.32769343388483,36.47691702150436
Morena Asensio Morata,186.3999170663935,55.24601375497678
María Teresa Torrijos Echeverría,180.7155394184553,84.09614421317855
Eusebio Aroca Figueroa,174.9352611840797,62.68092344445614
Benigna Velázquez Tenorio,164.94512795481384,98.65224425571532
Dora del Olmo,154.3149819105169,45.81002102487099
Judith Guerrero Neira,193.0789105776768,70.12250295569083
Julia Angelita Uribe Sáenz,159.12026489860412,55.04880517133948
Eutimio Baños-Morell,176.19154042097728,110.23924204105836
Ofelia Perales-Iniesta,177.9789350967449,112.43484183378048
Rafael Rey-Torrents,175.1532045321725,73.58376330466952
Gonzalo Márquez Cerezo,161.46442129822344,43.82520735842792
Abril Español Mayoral,190.13829017747997,89.31292204821717
Ciríaco Ojeda Cuervo,177.79446547038768,78.57989556034
Reyna Camps,183.34293783696887,80.32314608533989
Benito Hector Sarabia Coca,179.89748554209996,51.23684590833511
Ricardo Sebastián-Domínguez,178.67363531999007,66.40753910643892
Isaura Dalmau-Batlle,181.4418585240512,77.79028008609097
Adalberto Moya Pla,152.7640650459551,42.96001063550614
Virginia de Blanch,173.67349295737347,50.00843606982811
Iker Amigó,145.32256520031942,42.93565499824207
Carmela Feliu Tamarit,164.670044611302,54.53556126592591
Feliciano Sosa Casanova,152.5327993364354,58.5598268587217
Fátima Salazar Corral,193.340206915033,72.07707872748041
Adriana Carlos Villanueva,180.98947757275147,66.72759906911621
Maximiano Frutos Durán,163.42484893994944,48.81743460775751
Cristian Gracia Frutos,171.51404187552887,56.43937487706646
Flora Morillo Jerez,187.2574497541833,92.25901991951928
Ema Casas Carrera,192.93572303613416,135.54438394752088
Mirta Cañellas-Meléndez,156.55616198164373,37.9343074003206
Amando Molina Landa,154.56829930538947,54.79759856345782
Ruy Trujillo-Molins,156.66766327999534,69.15749770994972
Florencio Epifanio Ortiz Redondo,174.8843073270862,115.0123100009832
Tatiana Rius Fabregat,155.57473437683754,69.04071914233683
Gala Lucena Reina,163.1561186186207,47.441291647433296
Vidal Sáenz Roldán,178.7000681797372,42.55617050129558
Maxi del Ruiz,172.57201311602415,98.80508583739068
Raimundo Vilar Hidalgo,159.52320014620193,71.89631624989528
Nazaret Berenguer Ferrández,186.0254238093542,77.8270214360775
Liliana Cecilia Caparrós Bravo,172.22955849965,38.4717552160532
Jose Antonio del Pino,178.89031680989,66.916617021436
Evelia Coloma Cerdá,166.7273041337752,84.0327634497551
Tecla Arco Mínguez,176.12505957080424,50.733391084762346
Renata Frutos-Madrid,173.7011718752651,73.98802076259884
Carlos Molina Cabañas,158.20199447480255,62.275845676880245
Zoraida Portero,151.9290145628106,35.92147919907471
Porfirio Leopoldo Palacios Páez,185.84407488465183,77.5517406462729
Almudena Alcázar Campoy,163.5805868022738,96.88908844142964
Jaime Barón Novoa,167.54678570281308,57.33969694646294
Bernardita de Gómez,172.39721895944953,74.06006227469783
Fabio Méndez,176.02884562066075,67.40777309703542
Victorino Bayona Taboada,187.83858177437955,67.94792593437107
Teodoro Olegario Arcos Vendrell,162.3450953237883,87.07299055990211
Emperatriz Cabanillas Pomares,175.11925960534197,59.320192827591335
Ruy Maza Perera,192.06118007822124,77.06557240337992
Azahara Carreño Tirado,177.67383628660684,72.05884291160332
Eliseo Tovar León,172.55105752066626,47.40472794930861
Juanito Múñiz Villena,152.1904290315528,35.263754339783816
Horacio Carro-Llobet,169.9918783680884,104.91296651761296
Carlito Trujillo Aragonés,151.27693914336513,61.24545671156477
Jordana Alsina Millán,164.06480526511282,91.00933226734132
Nicolás de Amores,182.09059086678457,67.5369037995988
Feliciano Coloma Guillen,185.01359852412085,47.44528832558738
Rómulo Álvaro-Azorin,164.94955952372842,31.38583358629313
Jimena Castillo Vilanova,172.71571754973598,115.62975138068477
Albino del Aller,179.4630522392755,38.87559642442539
Ildefonso Lorenzo Jimenez,161.45293880410185,95.20238711898426
Renato Cortés Arroyo,193.4334101974786,52.737067110768045
Lupita Madrid Morales,151.33713906073075,36.22875611566421
Andrés Bello Palomar,189.0981084732386,69.0761656537968
Ainoa Otero Herranz,161.412333850801,78.26894623720304
Celia Calleja Bastida,176.92029178816242,74.82365496471944
Gabriel Crespi Baena,170.6773377441695,92.69149424651052
Clímaco Solana Sedano,168.49450756293834,62.3979937483552
Fabiana Trillo Baró,172.9216550755296,67.15835622129326
Buenaventura Real Pavón,168.25957838766408,38.04110905977658
Ciriaco Cámara Ramón,158.54095137210376,61.23147834593657
Marisa Martin-Izaguirre,167.15996275821269,54.13914914942733
Serafina del Romero,165.97687452268033,37.29779428830778
Patricia Salas Torrens,193.09115230953248,104.6522805193708
Ester Perez Barón,169.58634014266258,31.599905212043225
Domitila de Vallejo,160.3454162328602,56.67748674523232
Mario Molins-Palau,176.7620516613869,110.905649909351
María Teresa Pombo Haro,159.50088034443758,58.413581304189066
Reyna Seco,172.2893698584713,59.16848360311136
Pascuala Jaume Almeida,168.06027151195073,65.82816612925106
Fátima Melisa Medina Navarro,177.21922416412676,61.8526518037183
Olimpia Barbero Amigó,170.0307810096392,44.922152049555606
Lola Casares Cepeda,192.84440492520557,42.84994807155034
César Cristóbal Batlle Bou,166.51803566616618,62.48400308740639
Rosalinda Soler Viña,159.72698687699244,101.61981790198216
Blas Miguel Carballo,160.8475579264362,56.15805217078174
Paola Mármol Pinto,149.71271644945938,53.9937797878985
Enrique Borrego Sanmartín,177.41039090880992,118.05067997324504
Nicodemo Rocha Silva,190.3409905881217,93.52210540140796
Abraham Rueda Alberdi,172.04856445379568,83.10023338356018
Leocadia Aller Solano,197.54968398712717,146.90799485674546
Edu Requena Moles,163.4196048660104,103.48078771565282
Claudio Catalá Soto,179.54119380336363,45.927112456501455
Olalla Armengol Torrent,155.8367148607311,38.54797970963838
Socorro Aroca Garcia,200.0,125.86468139485798
Heraclio Carballo Álvarez,193.8960919826367,109.65513951045617
Domingo Briones Casares,159.63848509890303,62.11294093396332
Mireia Arroyo-Pineda,169.23131595667226,59.737458413633874
Julio César Feijoo-Jódar,197.89006638718192,83.75342237763078
Nicolás Segovia Espejo,169.86738914216986,75.17303844133471
Berta Urrutia-Báez,175.53240100426893,81.12720734126114
Sonia Segarra Arjona,180.719489933192,45.63566032416559
Maximiliano Mate Dalmau,157.53838848394358,56.561947283219794
Morena del Sarmiento,162.34540690497997,56.73117131631683
Lino Prats Duque,154.2372533934767,51.4306415945748
Domitila Aragonés Aragón,186.95263840444957,69.32243831031997
Iván Ordóñez Cerdán,166.8044899299053,48.09919784533956
Leocadio de Cal,171.1420289554767,95.47170005502464
Herminio Gisbert,156.44843149058383,35.065944368218894
Máxima Busquets-Pou,158.16762598488742,29.31023929490064
Maristela Palau Gordillo,172.69895042694088,33.5455814589676
Luís Tomé Roma,162.19406554488594,52.68799684756088
Trinidad Cabo,167.83529028935757,67.83271636321562
Estrella Solera Sanchez,152.18618130895862,87.56783648959305
Jenny Mosquera Aznar,181.44042121430795,46.09304010856907
Juan Carlos Alcalá,171.17860280697386,59.68338626570877
Angelita Marí,182.3824464946618,75.29264461054538
Domingo Tudela Pou,170.7275257561428,86.05343125800034
Berto Cisneros Sarabia,152.42440604458088,73.2726189412299
Jorge Cepeda Cantón,185.3688765788456,68.17287917885965
Vinicio Arranz Roldan,184.61271781593743,64.96061953042694
Concha Angélica Rosa Saldaña,181.56009809479096,129.82037220958608
Eligia Roca-Villalobos,180.3873248532944,94.40411522527546
Herberto Barral Sans,165.84005735454258,29.82184955458161
Cayetano de Sastre,154.36544554482975,46.37417832669416
Armida Muñoz-Carrión,200.0,94.97228301566734
Josefa Camacho Sanjuan,171.55941723428776,72.85872196387297
Omar del Beltrán,170.19690863376448,83.10269130508853
Petrona Calderon Zamora,144.09397619004577,43.5090902534929
Juan Carlos Portillo Marcos,180.6831633914064,37.10354743405675
Aroa Belmonte-Calatayud,163.90522483803696,75.53991781464788
Epifanio Celestino Ferrero Lucas,188.3913841586668,54.65251575588815
Teófila Acuña Bilbao,160.26175440509775,78.72897039307759
Jose Manuel del Botella,169.18533533995964,41.78517260755336
Dimas del Roca,183.286434954646,113.99014763352687
Yago Cerezo Abella,167.6612173594,41.0781790903412
Onofre Urrutia Jimenez,173.07365092545757,46.987742875650014
Bernabé Sainz Torrens,164.5697085867582,63.35560591669911
Heriberto Pedrosa Puga,154.9549391770696,44.4844581849152
Arturo Buenaventura Bárcena Valle,167.7448753300108,45.7264597367038
Eusebio Galiano,176.30062845480902,40.10951014863439
Demetrio Abril Rocamora,147.05659781068874,61.39012563605535
Eva María Anglada,194.29001301176928,41.87971019413348
Telmo Miralles,140.0,31.697409837350847
Edu Duque,174.0697754235933,64.85533314344771
Bartolomé Cristian Pedrero Moraleda,173.46110154307803,63.88122004958829
Amarilis Garay López,169.2031676706182,28.65298775956829
Bibiana Pavón Blanch,155.31977891457916,44.108538495027545
Cebrián Escudero,164.57486621787552,91.26471544611395
Geraldo Ballester Paredes,186.1786222108809,52.29884720512841
Jenaro Casares Doménech,152.98808928602995,76.02129276304787
Maxi Briones Ariza,179.7064605616808,61.098430503574
Isabel Pons,174.54339802070226,119.42937947132444
Jose Francisco Mesa,167.6592361128773,100.98518024637038
Ruben Azorin Egea,144.01547463940807,44.38486858387076
Jesús Benavides Olivares,183.20800842529127,47.09270900051164
Palmira Pulido Colom,182.878061950868,77.90599662122706
Jordi Capdevila,175.3555573351708,55.25042041858865
Marcos Ávila Gallart,173.69344322634092,32.474894984123
Erasmo Carretero Villaverde,156.84116744473158,45.59664945893987
Soledad Porcel Tamarit,178.277803642166,33.6221772578548
Isaura Ayllón-Giralt,162.2368514313534,29.789913004878557
Poncio Alfonso Aguiló Espinosa,160.72163435613956,31.073358568506286
Luisa Velázquez Narváez,155.40890443144124,38.02324969235027
Borja Pinto Borrego,177.54605838800788,57.64898228060334
Cecilio Peral Escalona,158.3743949247514,46.36070724376711
Victorino Royo Real,166.68022015230173,70.986961634877
Miguel Terrón Barbero,140.0,44.03829596466928
Josefa Ribes-Pinedo,199.21367445517487,85.33565996820943
Jessica de Buendía,186.30892985229656,64.28876094389511
Emma Peláez Bermúdez,161.49068176155413,76.11826203445186
Bárbara Galvez Leiva,169.81915717478154,63.78210390418632
Irene de Borrego,173.5443766958737,97.2127994461214
Ricarda África Francisco Hervia,154.12223547219418,43.340475177174376
Óscar Coronado Vicens,160.63845277240674,47.91545678588599
Jesús Chaparro Noriega,163.32521154511068,73.27990355923045
Cruz Abella-Manuel,152.743232930031,32.24237468514912
Cayetano del Fabregat,166.95865176524484,59.06773592798384
Asdrubal Pi Salgado,166.01335280078985,65.82242460417879
Emilio Bosch Jove,192.5929056280269,42.69310497177931
Tamara Beltrán Arévalo,178.81121181975618,66.10078701599618
Alicia Lilia Jordá Rosales,200.0,60.43008430457617
Salomón Asensio Escrivá,165.3041961147126,30.053611928324663
Máxima Ortega Villar,158.77896177919445,39.46778814683464
Juanito Coll Alarcón,182.7861406568228,52.58198076775891
Saturnino Izquierdo Escrivá,157.91560245843297,50.4642075458073
Adán Núñez-Madrigal,180.92345318304848,74.2078567191802
José Manuel Ramos Sáez,191.7837769249005,81.6740067581722
Elodia Santana,164.7008744020011,58.08980887649284
Flor Llorente Benitez,148.57923226625502,59.876358536855285
Ema del Adadia,174.2777916907813,93.54780377245297
Jerónimo Montaña Navas,166.34547453602062,34.06169610944592
Lucía Gomez Bellido,189.64434617232263,43.3472861770521
Pepito Mayo,182.75616493746648,48.63169968674373
Edelmiro del Alba,155.51975394785617,51.64214028425108
Simón Alvarado-Jaén,154.48163948258107,60.30841241375725
Francisco Javier Beltrán Baños,182.1454834563158,43.02091811813069
Moisés García,157.33355945446726,67.05564863724746
Pili Múgica Calleja,176.27374069213852,37.35921655554359
Atilio Pedraza,172.24755709211053,71.40647963110845
Adelina Batlle Barreda,185.31403019181627,111.18978395131928
Zaida Vigil Barros,180.08718916412118,69.21542957011657
Rómulo del Granados,157.7228039068955,91.04551399164434
Bibiana Guitart Ferrando,191.63088573070416,119.8789338261318
Victorino del Vega,163.85278133807648,52.77554903989306
Manolo Adadia Arellano,188.5384540793074,74.3372704744267
Silvio Almagro Prada,161.43674958732345,54.96877946706783
Juan Bautista del Egea,200.0,91.80091589638056
Simón Vilar,155.3586909722017,37.95385865776135
Dorotea Azorin Prat,168.01652000895166,110.05367495204273
Rogelio de Cid,149.07999827042542,24.960939087171607
Marcio de Valderrama,192.2198553831978,84.92863970987729
Emigdio Salvador Velázquez Figuerola,185.05061578978876,63.42448273222503
Tatiana Canales Fuentes,174.26904136865744,103.5261577704861
Felicia Águila,159.78062582865437,43.10404461336792
Zaida Evelia Rivera Arregui,169.8372977329488,46.70020186691779
Blas Valle Cantero,178.2836167371562,47.78480270612507
Coral Segarra Abascal,171.19248890956692,76.46097522905572
Candelas Bermúdez Bilbao,174.78704198084537,65.89670751990332
Manuel Ballester Vara,169.5617360926321,31.71728294730581
Amarilis Salamanca,169.14319150512335,41.90306844599325
Lina Llabrés Milla,151.03172808455474,69.74025969226543
Félix Cañas Cortés,175.9684315343081,40.06789953998299
Emiliano Aparicio,174.79511546322107,115.0682769329918
Emilio Goicoechea Abellán,157.65477459982466,43.880243584741926
Salomón Mancebo Folch,181.35460319380812,74.52485075271969
Anna Crespi Macias,182.35082509565405,33.5041559736456
María Ángeles Aznar Infante,174.798281737246,85.82427061190049
Edelmiro Manrique Frutos,181.86811129817409,54.27696217246469
Feliciana Baró Camino,160.87399245179486,48.699605602520144
Celestina del Fernández,163.47645930968363,40.47666332679509
Amaya Gascón-Crespi,175.47140211847204,121.1362597001276
Esther Giner,145.5385506684782,59.36107150516315
Valeria Vila Perelló,180.65451905960836,63.8207457317861
Isabela de Núñez,143.07849475769933,23.023663772619614
Inmaculada Ortega Gallo,177.7422493300295,104.90180118408884
Dorotea Suarez Villalba,166.9392418336954,54.78583883934284
Ana Sofía Millán Barberá,192.55935909363475,37.42190318501161
Reinaldo Céspedes-Camino,200.0,69.99839002368964
Eusebia Flor,185.9742136040645,69.02422908935154
María Carmen Ávila Villaverde,189.0312484009337,130.87681212406773
Juan Manuel Bernad Gallart,163.2029003212102,49.38116019197007
Adelaida Alcalde Acero,166.67359090262963,57.06453285396288
Camila Josefa Zurita Manso,187.64986205925132,36.52708043797259
Violeta del Villanueva,154.80429586379196,72.52424750281322
María Fernanda Diego Juan,171.0204071001821,58.00222852443768
Anastasio Ferrero Jara,168.57689322955477,96.923277803408
Conrado Salcedo Manzanares,158.3433231034515,29.68090937054661
Berto Berenguer Ruiz,170.85089633124366,71.23173006015455
Poncio Pazos Zabaleta,168.20017930911908,54.04707759322709
Lina de Gual,174.93691028150343,51.39697906945538
María Fernanda Manso Gras,148.88336520171515,27.867693654421835
Jose Vélez Larrañaga,194.6440591120172,98.76053387187162
Amando Barragán Huertas,185.042341350408,81.0014842507173
Leopoldo Arellano Araujo,167.23180141845774,111.72987319785594
Nicanor Jiménez Vigil,170.19076995478105,77.07280636740032
Seve Montenegro,169.0543030275786,89.30749299658649
José Antonio Roca-Cid,169.90113478437885,31.63428551009099
Rico Céspedes Salvador,165.07957184150916,52.2931278630999
Candela Albero,148.83499097975323,87.58505481955672
Catalina de Vizcaíno,200.0,84.88331844038778
Ligia Porcel Chico,179.22744067699006,46.03781621160034
Tiburcio Ríos Simó,194.94072153724537,48.567823892942826
Ciro Villaverde Seco,172.90375165169465,112.6912435711318
Vera Pla Jimenez,154.15592925478518,58.49403021632786
Juan Francisco de Pons,173.33407466766798,72.56143468878652
Bernardo Reina,159.77142884174205,101.23802449981264
Luis Miguel Bueno,191.5061092856998,106.4393499272853
Rufina Maite Bueno Somoza,191.5340210360693,81.15714755609153
Carlito Verdugo Calderón,189.59704075670007,58.84882500117324
Maricela de Criado,146.00851859403082,31.521460114840952
Otilia Ferrándiz Gámez,161.1324814016383,101.13017303898027
Sebastian Noguera,184.69137229448484,71.10545567462559
Matilde Rosado Campoy,140.0,76.92783234780454
Martin Nebot-Salmerón,163.20306074867509,44.95898753218199
Ariel Baquero-Villalobos,192.25843640731884,76.58800046247542
Alma Coello,171.23041014703645,40.04167561803803
Miguel del Ríos,181.25525723550925,51.25446702190028
Roldán Mauricio Castejón Tena,189.91223650431377,111.95903210055324
Baudelio Macias Puerta,180.23385430244088,119.82564336090536
Olegario Hierro,169.7880198510699,87.08391297337913
Fidela Rovira Maldonado,169.75859044131002,64.6450623470836
Merche del Mora,148.39998362105803,52.01632116779959
Custodio Rivera Correa,173.28068737940836,47.32828406973125
Marciano Rosendo Rincón Oliva,196.65114054596668,132.8204245214769
Pepe de Porras,168.51771374315965,112.06574420777756
Delia Narváez Bayo,157.0524410508214,47.26551137455047
Enrique Carrasco Camino,177.21219471520357,66.57815737624672
Alma Aramburu-Benitez,174.42973227403994,62.713311441333765
Clotilde Muro-Quintero,174.0079855685898,57.85427012056996
Josefa Reyes Mercader,178.18785894684078,36.29763146196291
Eleuterio Figuerola Rivas,180.4816275589081,129.76368190579203
Vicenta Seco-Benet,141.4981157056386,49.0295608213317
Aarón Jordá Alfaro,164.69265662517617,48.610028103263474
Beatriz Ochoa Amo,182.69621644158337,35.730638152770105
Clotilde Vall Montero,146.89167732693434,58.044680923381634
Piedad Dávila Almagro,184.06169216387224,135.44283869607395
María Boada-Zaragoza,157.78049401233628,51.26991672701781
Casemiro Naranjo Llobet,162.78338305469725,94.245269474012
Evangelina del Cañas,142.64603237690116,28.460834175540995
Nazaret España Guzman,174.17076693079346,105.97220686768316
Ligia Dominguez Vergara,168.63683378806724,112.05422619362798
Arturo Escrivá Tejada,166.31758271615126,77.67129708895247
Abel Carbajo-Arias,153.93725877662138,84.75375901439062
Itziar Malo Guillén,190.5569604694162,69.60292315927772
Elpidio Prats Ibáñez,179.60976996814048,87.9736880042929
Eusebio Cifuentes Rodrigo,195.3409207029872,95.65306646626098
Aurelia Nogués,200.0,90.55680059818565
Custodio de Rius,170.42355480706138,64.24525911225376
Marina Ferrando Padilla,179.00289285333983,53.57764346991844
Viviana Benavent Huertas,161.8222933969595,38.51821328772688
Tere Arribas,160.48645188975468,45.83053340760327
Ainoa Elvira Alonso Diéguez,186.7241766156902,84.73802581902765
Ale Giner Tejada,148.09517259370926,43.092474215333866
Apolonia Busquets Viña,183.88722616592787,69.74036301107316
José Amigó Prats,179.6701403842264,96.27478644885932
Atilio Armengol Canals,150.84878962764543,33.349056500044995
África Mendizábal-Arias,153.64641738505838,32.16018660853445
Caridad Muñoz Morales,188.55049152288748,123.35052413233734
Fortunato Pol Duarte,181.58863539615524,111.4589725974184
Gracia Aurora Benavides Rebollo,178.26686638520724,47.07501098156665
Edu Gimeno Elías,157.76566878733584,28.69013002014097
Eligio de Valero,191.24436093759303,55.11092873911027
Leandra González,182.7476626138467,66.53320539719267
Consuela Roldán-Amorós,180.0394752278037,49.80708485435947
Pelayo Sevilla Arana,140.0,46.760554401190106
Reina Perera Palau,140.0,40.36085383864708
Flora Barragán,157.64857968341713,61.61845749053663
Ildefonso Arce Pardo,183.0052666905656,47.96137604380347
Nidia Gras Caparrós,195.66903996873677,72.37248906278708
Azucena Rocamora Lledó,158.87941634881022,49.4245873906692
Danilo Alex Murcia Alcaraz,165.44029795235804,84.63623569396745
Amelia Chamorro Estrada,179.241547071713,84.2119362446725
Tania Torrecilla Cabezas,168.71954719449445,97.35235667337692
Inés Corral Vicente,140.33795556179237,30.282913530949344
Azucena Valencia Piñol,180.6346236176701,43.42384331787814
Nieves Macías Medina,159.0797307180126,33.92376604930199
Feliciano Hernandez Fortuny,184.626215879389,70.96466422794266
Teodosio Rolando Estévez Bastida,171.22382704647836,114.35330639676604
Julián Yáñez Álvaro,159.58969511864927,76.65669891980156
Ángela Higueras Cabello,183.58356960421287,75.59002859753052
Goyo Miranda-Naranjo,145.44655540586322,55.59429447194312
Loida Bayón Belda,176.3210279207283,75.79794893943736
Nicolasa Bello Sureda,164.8874395490335,77.60021046729763
Salomón Sainz,156.75347835710812,87.27856795331293
Hortensia Puerta Sánchez,174.65963272536493,109.29235242283548
Mauricio Valdés Flor,148.4948405511292,57.41767118450507
Amaro Verdú,197.39771929075317,64.60661408066028
Octavia de Cobos,174.95214211938506,65.34505843567071
Juliana Hernando Porcel,169.91828262191166,32.902098784266684
Virgilio Peña Alfaro,189.16585957192387,65.32946144545969
Micaela Boada-Roselló,172.9549104122696,37.478172686847216
Eutropio Arregui Carbajo,158.18323185254633,89.93098839777292
Ale Aroca Abad,140.0,66.28921337858459
Haroldo Francisco Javier Mateos Pastor,179.72386334858345,112.5967552275412
Elisa Carvajal Miralles,169.16378286016968,68.56323348750466
Azeneth Chus Ariza Gascón,172.5513411660122,69.36230866506527
Guadalupe Flores Hierro,178.5895147239086,74.32346437018616
Manola Sancho Lastra,176.7635660845667,89.8706067574723
Filomena de Ros,177.00596265123343,109.01377032609994
César Mosquera-Amor,173.14847598148148,49.68045550925397
Graciana Priego Maldonado,162.1296840453921,64.31481780106645
Toni Vega Ávila,158.7229994272064,34.38623213323761
Ana Sofía García Portillo,169.70765386958854,56.1104323640208
Maximiano Ibarra Talavera,169.3208509341011,62.99038399431157
Juan Antonio del Viñas,157.20363268111527,45.79757135665444
Feliciano Bauzà Larrea,187.61850268649263,84.29110634199138
Candela Huguet Orozco,147.2545587383296,74.29235755431068
Florencio Bejarano Angulo,160.67267208642411,56.5679784997182
Tere Mur,176.5280856127967,65.91734800311218
Guillermo de Pintor,152.3097007301119,50.92782306445578
Sosimo Bosch Gil,190.34025534694476,37.38721004465405
Macarena Rivera Osuna,155.00256398586384,50.39391842292292
Ildefonso Maximiano Carmona Zabaleta,197.0010802357637,82.61944884883839
Leocadia Gálvez Boix,162.66879034683737,64.52724538522472
Federico Osuna Cuenca,145.35454440232488,21.296054667497422
Apolonia Arteaga Garriga,182.5828706241273,118.28125726304728
Cristian Berenguer,155.32975203446895,45.32441984669351
Constanza Alcalá Franch,172.76765288870735,40.74046462016472
Alex Benavent-Alcántara,172.43826731613825,81.56151254693626
Rubén Arce Pla,170.05344486705252,38.72562293500812
Vicenta Beltrán-Somoza,184.728213380942,70.76594119714449
Javi Ferrando Mata,173.3823459161201,59.92396915351527
Yolanda del Ruiz,178.9269245993776,63.41532214439836
Dimas Feliu Sáez,200.0,128.9844788325156
Sebastian Roura,173.53634450019368,56.67028353145617
Basilio Tolosa-Murillo,192.131465401662,65.23936980459152
Fortunato Pellicer Cuervo,188.6423900314508,137.36564077125655
Adriana Amores Sandoval,152.27771462225718,61.61383446803941
Adolfo Aitor Melero Diéguez,175.20285039018904,103.399612247037
Heraclio Jaume Rivero,176.51905549670704,61.96932451582296
Dalila Campoy Amat,181.92901550558295,88.16310026446695
Enrique Ramis Alberola,194.90263433389012,125.2669308173184
Mohamed Cardona-Mateu,187.67623589792728,70.57379180948648
Encarnación Galan Hernandez,170.2242376253023,65.22140127013117
Clarisa Alfaro-Maldonado,186.1542927742963,92.47156158694456
Rolando Barragán Carrera,168.03085582966207,41.73815292200204
Jordana Palomino Bermúdez,158.82477444331923,60.66079172815404
Édgar Ariño,175.97683917632185,47.0333729499876
Pastor Palma Osuna,178.3382326200013,68.78937926193402
Etelvina Antúnez Cuéllar,177.14226836785875,61.1155039107544
Josefina Doménech Alcalde,172.75427832432064,59.68142470886247
Trinidad Calvet,156.76662076458567,88.6925051980449
Glauco Tomás,155.8441678026187,93.9474012069192
Loreto Rosalina Rebollo Pla,167.80546749899847,73.89101386518158
Adora Celestina Castrillo Ureña,180.4302747825349,49.37841343016677
Julia Canales Samper,169.34598816060503,57.95222142547931
Aarón Valle Talavera,184.5859152630506,62.86243834195673
Calisto Arnau Lasa,173.62751947149877,102.3456069302254
Jose Ramón Lladó Diego,171.1034620899178,33.33529443364851
Susanita Vallejo Mulet,148.53248446276191,62.50038908741231
María Carmen Badía Noriega,187.72583145718855,69.32303242394136
Jose Angel de Chaparro,179.06897934529923,70.51180504410141
Urbano Figuerola Mariño,167.88759068893015,61.75409486052225
Anabel Casals-Arrieta,178.28508162929836,76.78094771196193
Marta Egea Dominguez,151.96106843126103,90.43795853535856
Palmira Torrijos-Leiva,184.4994243690661,61.277856060766624
Simón Fernando Juliá Piñeiro,182.95643576786324,85.48944705744901
Belén Yésica Acedo Torre,162.88222949446904,41.29430146097591
Jose Ramón León-Clavero,152.26376036528433,45.08763201552611
Ani Gomis Fuster,178.95927334075432,68.77439569792546
Jimena Muro Manso,181.2671975431463,114.9462090018135
Joaquín Isidoro Ruiz Jove,145.83383304735025,42.58175806377099
Marco Canals-Villalonga,186.81312959990373,73.5559057629755
Magdalena Iñiguez Real,174.27879567191576,100.73718691684913
Heraclio Villena,186.9344933109212,117.86674425134576
Jenaro Bernad Roman,192.1170373393658,146.01028352374328
Amanda Montenegro Pastor,186.86422166840023,54.29691572216585
Estela Novoa Morán,185.89688956810292,72.39380836150166
Nacho Céspedes Peinado,191.64329849647015,63.924044914156674
Vidal Herberto Barroso Cañellas,160.92322954588343,67.5437245750696
Alonso Pineda,200.0,58.99732797057246
Socorro Gomis Mena,173.53978809832415,32.408849371225855
Nidia Palau Ferrández,183.1522727901609,89.67943347312955
Leopoldo de Galván,196.494740206155,141.5368930219368
Rubén Navas,170.65327097907624,51.52290360489146
Edelmira Chita Román Gisbert,180.21707169457972,115.31532437216076
Beatriz Salomé Lobo Santana,200.0,85.65129402413397
Milagros Cuéllar Teruel,169.60629299272756,104.79371794057266
Anastasio Exposito Andreu,183.4716109229399,100.14241694555186
María Luisa Posada Nevado,140.0,36.60965224861279
Teófila Palomares Roldan,145.17404146129533,51.6957347223225
Viviana Fidela Valera Cuesta,163.86732553273316,99.93649942719276
Marc Tur Parejo,149.8989620102227,61.08378986087847
María Fernanda Palma Seguí,165.65070350316535,39.239238756438034
Luz Casals Solé,173.80214518356357,36.20649772965698
Sarita Ale Tejedor Llanos,174.46157626353465,62.1020917474274
Nicanor Marqués Hidalgo,140.0,66.57217309230984
Marianela Castañeda Fuster,176.47302843529562,108.98222746297672
Esteban de Cerdá,173.19012893515222,110.58761191805505
Bernabé Sierra Batlle,192.12719030810675,60.88517082495985
Benjamín Albero Mancebo,186.57577012220744,60.02278788522112
Amaya del Ariza,176.3026061397241,46.782165300239086
Ale Vélez Castellanos,165.96444544822822,62.79876194640678
Rebeca Giménez Escamilla,159.18062281976137,33.58599358985457
Amando Barbero Alegre,196.7335589255041,123.70750044686469
Eusebio Ciro Conesa Esparza,193.54540298927333,80.72374236378765
Alicia Aurelia Román Cañellas,140.0,21.590109372862912
Eloísa del Teruel,172.77757403053903,101.07610714636202
Encarnita Ferrero Bonilla,140.78974405921073,25.574289867487337
Noé Olivera Pozo,193.1766658176797,56.79287236287561
Sabina Vigil Fonseca,164.26506691369443,48.30147104436212
Hernando Giralt Benet,178.74608204057537,113.09030805638125
Teodoro Blanca Urrutia,164.95834279856777,61.07867099783974
Dimas Cortina Olivé,147.67398124662333,43.61875577465259
Fabiola Sabater,156.85939435417896,89.08383178213083
Valeria Clavero,150.65057036465797,74.19518656751183
René Barberá Collado,179.33175929321197,59.63487108014749
Domingo Piña Lumbreras,161.25499903327855,62.102578450634056
Mohamed Cesar Peñas Cortés,175.01337839075725,76.0218487224869
Juan Francisco Iglesias-Molins,195.60786859750132,77.40718291715115
Trinidad Cabrero Peñalver,140.48793907723064,33.99722722757493
Ariadna Casas Castilla,173.71661654451128,116.08577294823424
Yésica de Colomer,192.4817977334123,49.63898529962826
Natanael Vázquez Gil,167.75090328959067,59.718987419139786
Mercedes Rincón Prada,165.8991803030456,94.65859768357856
Marino Caparrós Carbajo,154.7574706424486,65.58482075557228
Abigaíl Sevilla Valcárcel,160.46660489230246,59.68569637261814
René Molins Carvajal,170.14072166413834,31.27376560959469
Azahara del Domingo,200.0,128.45100309296083
Iris Font Aparicio,170.1920802795338,75.84354348102232
Isaías Lumbreras Carrión,167.8219774696393,54.13884021124496
Manuel Figueroa Lobo,168.2359104759619,43.42699597214623
Dorotea Priscila Rocha Boada,178.62047396409437,115.62094766164525
Rufino del Riquelme,172.16131872936575,78.08233313517394
Eufemia Ibañez Albero,161.52515625459162,93.4037440951838
Merche Cazorla Salvador,158.4755514283162,41.00036407756056
Miguel Duarte Carrión,197.8254519253144,42.25987021178306
Jose Manuel Lago Tomás,162.92950783909893,88.84336735471851
Nicodemo Oliveras Peñas,171.03051517708298,62.07555763161319
Ángela Verdejo Piñeiro,192.3225491157125,119.24426069261756
Bonifacio Luis Miguel Gras Muro,172.75574760940484,65.60380728337063
Ágata Pellicer,163.90748455352315,60.89273214538475
Charo Mateu Nevado,183.84831086011053,42.98349153883447
Leandra Gallardo Escribano,187.85826889780583,87.94515860476514
Encarna Charo Pedro Fernandez,191.19050262394276,69.75650826656816
Zacarías Castrillo Puga,168.7145291134594,56.57843742019993
Anabel Lago Villar,184.1166244907829,80.09076867441645
Ale Águila-Esteban,183.4055292052708,50.9280251943993
Sergio Alcalá Navarro,179.20978373554166,77.59166657059455
Cayetana Gomez Quintanilla,157.78963795456696,69.87730483819354
Merche Galán Lucas,140.0,36.117761743901085
Alondra Falcó Becerra,166.37019237563783,40.328227541234966
Consuela Viana Galan,175.48775477083572,62.60675976282043
Elpidio del Castelló,158.81878463367778,32.64731611635228
Emiliano Coronado Vizcaíno,141.96437961304184,28.128435325456792
Conrado Caballero Asenjo,177.13344601733465,85.63436886849483
Abigaíl Lluch-Recio,165.06792300661587,40.87556829161253
Aurelia Pedraza Morante,169.87716903699513,52.91422403556575
Pacífica de Sarmiento,161.12591313976975,40.601756193255774
Tamara Gómez Torrent,156.6795625642728,47.01247047286539
Cloe Santamaría Diaz,170.89379597639268,49.8858123103189
Lidia Lamas Caballero,140.0,74.37544986469406
Glauco Martinez Hierro,156.49669036968882,64.01160493040807
Nerea Oriana Guardiola Alberto,156.47938642243972,60.58199228325475
Wilfredo Pino Múñiz,187.6659474399367,107.55550336225278
Leticia Sáenz,200.0,92.05921692389674
Jennifer Noriega Carnero,167.29155091298725,59.41183363010248
Hector Luján Guardiola,164.22714432933563,56.94205362949557
Julia Salcedo,140.78689352963931,38.94534161794932
Natalio Ciríaco Carnero Larrañaga,149.68080187153026,74.7900108338444
Natanael Español,168.04841215359096,110.99409918662818
Albino Palau Mateo,183.33123989056827,78.51149031405143
Olalla del Crespi,177.84400221589604,66.83762864924378
Carmina Guardiola Porta,161.54215567862505,38.11109067891754
Lourdes Llanos,154.01983741679322,52.9883088267927
Carmen Armengol Higueras,159.60888672534992,29.59616053793399
Fabio de Laguna,176.20679746653684,64.08620149644696
Paco Asensio-Velasco,173.91081658033738,85.30506779926314
Candelario Iborra Carnero,140.0,28.006947649491707
Toño Colomer Yáñez,179.25387038611393,99.35599189917164
Amada Nicolasa Marcos Cuenca,140.0,21.231253211383667
Miguel Ángel de Posada,178.30468720008702,76.33284813974763
Luisina Llorens Acero,140.0,75.27741841130577
Melania Llorens Higueras,167.26964190894023,81.5099114403167
Javiera del Tormo,160.45706710778964,77.89415478580761
Dorotea Trini Echevarría Huertas,184.22064129709608,133.16003836589562
Severiano Taboada-Valderrama,200.0,94.54199305401455
Fátima Estrella González Mateu,169.70741394574483,67.35786040282278
Elvira Lopez,160.917999934882,39.72659240949087
Urbano Arias Ángel,172.68968099058938,112.35511463119848
Che Ricart Riera,180.05602649496538,32.63718466422358
Olegario Arellano Angulo,151.7597344417375,81.78312998483786
Toribio Feliu-Briones,175.50149405197553,62.56514012511673
Juliana Cobo Mármol,161.71289622516576,43.526976027066624
Porfirio Perez Borrego,140.0,36.41693478181404
Felisa Alcolea Palomo,187.3068413054434,44.24375452262732
Martina Tello Morillo,140.0,50.44834017622453
Filomena Piña Antón,177.59846685606055,37.33241392495613
Luis Oliver Bernad,159.21159465925146,38.69533333939172
Vera Pallarès-Villena,147.34454478079616,73.26672647669125
Lucas Verdugo Nogueira,175.1238449320272,112.83981290124822
Carina Díaz Benavent,200.0,98.08788688367994
Pascuala Marti Mas,177.0492266252455,81.00194388987423
Severo Polo Ponce,168.59093377575547,76.6725598418159
Buenaventura Perez-Miguel,150.95761734762095,56.798246965386895
Violeta Nebot-Llano,150.62541368891834,65.58828000688978
Delfina de Vega,154.2960702036045,47.21431312265134
Vito Valera Borja,161.6256379995185,102.61947636645314
Dolores Nieto,192.78999198968717,111.61277404336846
Custodio Bejarano Manjón,184.177418185188,83.07273418202453
Fabio Gallo Almagro,173.60198086638604,58.456042162596624
Albano Amancio Solano Sastre,190.88288135302105,85.73750147298236
Jose Carlos Velasco Machado,175.5646483534894,60.15378538060119
Amador Carnero-Cobos,152.3161217902322,80.0454408750476
Ana Emperatriz Cabrera Iborra,176.8415693232757,37.40697389104999
Clara Benito Garriga,180.73370793750988,47.783945548625006
Renato Rosales Murillo,148.7398789327019,39.82312413917942
Eva María Pazos Tamayo,194.2208190853087,87.12391793231029
Rómulo Sebastián Valle Milla,151.81630868174736,92.0246077179266
Luciana Royo Torrijos,140.0,42.47576465059316
Maura del Cuenca,200.0,135.2451718553138
Lina Checa,171.02925406520862,55.43622908514412
Mar Girón Uribe,165.32999301624508,100.15656461956652
Maricruz Peralta,168.8100308760624,66.25146427791618
Gerardo Crespo Albero,140.0,77.13628034011492
Lupe Noguera Vila,172.61866719716028,89.11718178501229
Inocencio Anaya-Gil,164.97154001770758,64.9063391595249
Emigdio Tomé Salinas,187.438078884776,47.68472006989666
Joaquina Sanchez Antúnez,148.70459386237223,39.75821054415093
Macarena Aramburu Benavides,194.45883532152655,58.15544874281646
Azahara Cañizares-Yáñez,179.2565515630648,62.01596772648134
Rodrigo Aramburu,163.12115827931714,58.52164089053969
Cleto Blas Valls Lillo,173.41218564114286,84.52434064646197
Cristian Celso Pérez Domínguez,199.5536695779018,146.38062418493658
Edgardo Perelló Cabello,194.2386848187802,41.83023607497843
Marciano Salomón Asensio Morera,165.3114967774777,78.37183151761626
Eutropio Anaya Pérez,166.21315762186342,104.96247555505238
Soraya del Cañizares,170.19164202705895,58.97103330959054
Severo Gárate Villanueva,166.85920757166312,45.18660352418148
Baldomero Cuervo Llorente,147.72919607645483,69.36046167546627
Andrés Ortega Ramirez,192.61652136529176,105.6175157785834
Evelia Núñez Rodrigo,180.16671764020072,80.38090703039279
Adelaida Falcó,156.0220970197694,52.50806747622142
Amparo Concepción Fuente Sedano,158.62471264270226,30.2234332247786
Amarilis Salamanca Arenas,185.14984760739296,75.68561260485427
Flavia del Fuentes,191.4998194805055,78.74658673115057
Donato Héctor Gil Fajardo,167.69055935626957,61.31174836262795
Josefina del Morales,140.18084176849925,68.19811075091982
Yésica Sotelo Luna,172.1481921337833,105.52686559984588
Maricruz Peñalver,149.33538083403477,33.113043218965274
Manuel Pizarro-Rivera,171.50816068931778,57.49640057459025
Calisto Porras Menéndez,193.04313095149985,83.26869103718066
Domingo del Amat,171.92939094305154,32.828922881926665
José Antonio Borrás Zamora,140.0,42.00298501722511
Julio Lluch-Suarez,167.90196449541696,33.65224367796658
Onofre Gallart Moreno,152.9073654400208,29.76414546642841
Dimas Cid Heras,154.89367278303655,30.61807676961494
Joel Benavides Frías,200.0,45.17231926389645
Ariel Gascón Goicoechea,140.0,37.133619415795295
Eugenia Romeu Torrens,157.97222729905246,81.24330199212221
Mar Barrena Villar,155.6853259348445,64.21174079642938
Baldomero Barrios,166.54322522663446,43.27935705915037
Calixto Paredes,144.81151781617763,55.63066506869669
Emma Báez-Murillo,195.45391960068807,130.3698341446434
Gala Montero Tudela,171.71700935057413,39.74753011533554
Sarita Hernández Báez,166.99095494116406,55.77413799022175
Evangelina Aguado Lladó,152.88843605436594,68.59032189873066
Jacobo Moliner,155.2268407883464,32.134337346931225
Ismael Olivé Martorell,183.1996933752937,33.80936309205111
Félix de Alfaro,172.42110453153543,70.49182641652047
Jorge de Francisco,173.0585843738504,93.57265967838944
Óscar Múñiz-Flor,159.2162013911221,74.58329388456518
América Ibarra Verdugo,183.23548770812653,52.1450537885996
Luna Piña Lerma,174.3205716894065,90.19029478793055
Maximiano de Ayala,150.95774573314958,61.45751616039925
María Del Carmen Valderrama Granados,159.7368882959443,32.72326298971877
Valerio del Santos,186.4818987724647,99.14001774322712
Pascual de Jaén,154.34266252528454,46.14004736710226
Agustín Tudela Jimenez,140.0,36.34571040855958
Aroa Orozco Ripoll,176.3581363221764,72.5635738072662
Fabiola Alberto Arias,181.21855258624947,72.19876071448563
Francisco Jose Rosa,192.2865209103272,105.60830080502603
Claudio Blas Vara Murcia,171.33448082740844,41.49915699633144
Herberto del Pascual,174.38201968381492,60.821005530802765
Iker Baños Pedrero,151.0685324826349,44.11848956807474
Plinio Hoyos Parejo,148.1971296637114,60.672138742275216
Judith Chaves Peral,167.39054693399203,66.8033812280803
Gema Morán Armas,184.93558327922645,81.49313519394012
Lisandro Cabello Anglada,173.57095952094102,38.85019619520051
Gervasio Herrero Solís,172.0896292375827,69.13536743732918
Mar Macías Arranz,155.51210308856378,52.83198013194522
Teófila Haro-Anaya,184.1120148525493,48.782780174222765
Dominga Quintero,159.09935905212578,67.16531820291182
Camilo Ferrera Berenguer,191.46555677025088,63.41939292565654
Bernarda Porcel Aguirre,193.4373316282064,67.47049212279641
Zaida Ángel,167.677767482949,66.80137243800873
Horacio Plinio Llabrés Millán,159.643025033093,68.24986283129063
Gerónimo Julio César Báez Isern,167.71208352421658,69.71308118631066
Primitiva Pablo,171.72861860592846,87.75543014344582
Anabel Lobo Guardiola,160.90900557237933,38.96921053382791
Teresita Gutiérrez Cuevas,186.3450664341396,81.64061150710398
Elba Palacio Codina,191.4261478414924,121.88698941764464
Valentín Francisco González,182.1124899756196,131.1647827121882
Ruben Romeu Vazquez,190.7946317645877,51.12611358378137
Heraclio del Gracia,175.58219555400976,92.01462466258836
Apolinar Falcó Girón,152.62864286566395,77.70350271672407
Jenaro Fabra Bello,172.95956875828895,53.756926965584015
Valeria Somoza-Arjona,161.92499856912934,63.8803839518912
Sol Armas Diez,191.9275309491412,91.67854904031888
Adrián Toledo-Yáñez,165.8580468776696,52.919301972077655
Íngrid Almagro,150.5447770840227,63.89996847151448
Ángeles Iborra Sacristán,184.68419621006785,64.60124875955302
Mariana Morales Molina,167.60830331539924,41.513981271687896
Héctor Company Roda,159.7422383648712,63.57552078367776
Luisa Roca Valls,156.68412575237463,26.640897554118578
María Dolores Tello Leiva,193.9269831817261,80.8680638863858
Felicidad Romeu Vicente,159.77319118834362,91.47947931280711
Isabel Ponce-Cerdán,160.25678891022235,45.09019224301977
Adelina Pont Somoza,167.92200625742242,71.24175590115426
Onofre Roig Moraleda,151.42727626529128,45.64286615690265
Vera Carvajal Ropero,185.22788083661635,53.662520828421606
Pablo Blasco Juárez,174.40729751322868,58.36523490729322
Manu Bou Contreras,161.54762742360245,43.87643846636189
Susana Perera Guerrero,167.52215266636065,92.54397635202106
Pío Cepeda Carbonell,173.2942693886993,86.12407902064226
Máxima Teófila Soto Villa,176.3654599740974,36.50379005389436
Rosalía Corral-Sandoval,157.5166501058059,60.30779964889568
Humberto Ibañez,159.0502925593377,54.43580448738788
Conrado Alejandro Salgado Aragón,183.130866813996,87.71245118700902
Cirino Pons,146.69311197476287,40.80193261086891
Fabiana Pareja Bru,195.36393078975289,42.50637322432753
Laura Tejada Corominas,173.4058575510356,64.82979406948238
Delia Elorza Carreño,184.92138387782788,123.22643666617329
Delia Priscila Soler Lillo,174.92203958862075,36.78928965395468
Jafet del Dominguez,182.0600137494689,60.09986006299656
Rafael de Ribera,159.1441979633317,33.08918457824594
Beatriz Carreras Contreras,152.87015234082958,68.26312598438983
Azeneth Belda Sáez,172.84903475127308,34.68497989320562
Maximino Toño Bertrán Baena,165.01576723397886,98.39719780357083
Calisto Melero Burgos,173.1807985394512,34.70260214623122
Lorenza Bilbao Saez,193.8539381572123,51.97800088521562
Azeneth Arranz-Nevado,185.49177084176327,76.95479707518801
Celso del Benavides,185.0491889671027,129.1293547448087
Yago Ariño Ríos,172.00673159427546,109.71493373422244
Almudena Rodriguez Pol,169.5771764608776,114.30752286924736
Florina Amador-Álvarez,151.0031179525734,56.47053351740938
María Arellano,190.6533741492881,40.69902842842152
José Antonio Guzmán Llorente,179.42911722795426,111.62523744982776
Ana Sofía Alcántara Duarte,167.7684631063578,58.636040526906
Susana Javiera Garzón Ramírez,165.1959710830994,96.8415686483482
Dominga Guardia Solana,195.22740415859352,40.64190363221358
Pedro Murcia-Mancebo,181.56805303840332,76.07713001342623
Iris Roxana Aragón Villalobos,164.3278328300459,71.62937781969654
Mayte Valbuena,172.76422562233736,81.96028213598389
Florentina Cobos Carreras,177.32123491296812,108.39987674177569
Julia Iniesta,180.09426307149175,100.41653699993432
Soraya Eva Valentín Aguirre,167.92389869870732,56.59525633484024
Bárbara Carballo Castañeda,168.38750477955145,94.07526588650872
Vito Cortina Salamanca,199.56918958720104,107.640772356939
Sara Perez Iborra,149.38819018120677,22.598469752404878
Mohamed Pintor Jordán,173.99383128005346,69.15232258697466
Alex Francisco Bermejo,165.29501379215353,59.00754056998548
Celso Carranza Blanco,184.5101228955141,83.05045943135829
Caridad Vargas Manzanares,171.67324462865773,48.001021786114464
Ariel Ferreras-Millán,159.00882382731868,40.04908419817369
Beatriz Valderrama Vilar,172.04886353917163,69.12390446718106
Bernardo Nevado-Ruano,196.18506294361933,59.70779817338254
Pablo González Alonso,181.9859808199805,38.57337699135217
Bernardino Rocha Diéguez,193.83568345728173,77.57383273749757
Olimpia Salmerón,171.15116347667345,63.4418905392163
Chucho Arribas,178.01737720661595,111.88641283166592
María José Arce Reig,145.66213247469338,49.056641496044406
Fortunata Villena Porcel,163.19002308674473,56.786987520324274
Conrado Ribera Prada,160.3673918192928,40.41550307016805
Leocadio Villa,141.6986025804492,28.747166158854185
Marc Benito Álamo Montoya,164.1374009946036,56.49822878548654
Tere Costa,160.47131209327785,53.58118234369611
Lidia Collado Frías,177.6541666029322,34.52371386586261
Lucio Segarra Dalmau,190.43817718908167,81.09443142140324
Bernardita Blazquez Pol,164.18749852478143,95.68389774944062
Ale Saura-Expósito,182.8786878332404,73.14612630063124
Morena de Valcárcel,163.83403183827312,58.474269976689015
Susanita del Bernat,170.3111496145206,112.2439288885069
Xiomara Vilaplana-Iglesias,178.54452870968422,70.17642439929435
Cosme Leiva,160.383341769203,95.87183976463554
Máximo Norberto Calvet Roig,164.31776722621834,67.09530162974909
Adalberto Conesa Prats,176.0218460170087,32.767709091789904
Anna Berta Canales Ballester,193.08306845726904,84.93391596974038
Rosalva Tejedor Cañas,177.0343462560029,85.16013181695945
Abigaíl Lerma Coronado,161.05024844978155,40.23244312566132
Quique del Colom,140.21699788415955,41.1145896593265
Paloma Salamanca Asensio,189.8834335429197,123.95585708115394
Luisina Galindo Alcolea,156.76439893945948,77.13112323148589
Ale Osuna Miró,182.10513803858183,58.69310921077675
Cipriano Fabra-Franco,200.0,84.02610550331246
Isaura Gonzalo Valderrama,190.21177229921847,64.51679408709347
Glauco Soler Izaguirre,140.0,22.484886165075903
Bernabé Morcillo Garay,174.11326093785104,74.69505713416545
Matías Gomez,163.30496264191052,59.509425194749326
Margarita Blanca Sastre,169.5416950134465,108.28953537841782
Nidia Tamarit Castañeda,166.94271260337905,96.7934216500707
Yolanda Leon Alcolea,176.19557014015126,112.50451183596984
Angelina Villaverde Catalá,158.80631395877953,78.90646120148594
Teófilo Tello Palomino,158.67966434418574,28.7770017004792
Marcial Cabanillas Viana,159.01400978475286,38.81252546330816
Aurora Flores Villalonga,170.65770485908905,40.74913870839266
Rosalinda Jimenez Navarrete,170.49892525744576,91.22513627670256
Sara Águila Jurado,154.41158511053337,29.43391158940925
Rubén Quintanilla,178.72239965524193,58.57287197711327
Che Matas Escudero,162.89483989900722,49.1701172091656
Aníbal Moliner Font,160.570768442729,70.10924691539307
Marcos Ribera Duarte,140.0,40.40814075749476
Gonzalo Cuesta Solana,182.00181967403296,38.56478268086471
Julie Olmedo Losa,169.78142602262824,33.36158462435992
Belén del Iniesta,190.06489269273715,77.36141282727993
Mario Navarro Blanco,191.6510722843837,50.468934860683135
Efraín Fábregas Dalmau,169.07397217226577,93.83340653344943
Graciela Jurado Leon,168.0374320092981,67.81378111336174
Consuelo Chamorro Blanca,170.90099299670143,30.960302104457156
Héctor Barreda Coloma,172.84626426226507,93.77858145757806
Néstor Giralt,187.69697998257985,83.66778559383971
Agapito Uría Duque,179.49228493693113,50.69068643166671
Guadalupe Cervera-Bermúdez,162.11764489824645,72.74028331098245
Inocencio Pelayo Izaguirre,157.2152396777318,54.1106347958009
Jordán Luján Gracia,161.43718804280087,27.354151695313337
Isabela Olivares Valverde,183.3859639539108,49.72416746875773
Celestina Cobos,174.37035937790878,39.445614565092896
Bernardita Segura Cortés,176.85746673598135,121.07930531419632
Valero Carreño Chaparro,200.0,79.63405504802893
Griselda Palacios Cerro,183.86157858106213,36.26927125196824
Alfredo Arribas Valencia,200.0,133.75817641835866
Lina Espinosa Galan,164.0140799776882,34.200530861701594
Eugenio Hipólito Pinedo Somoza,157.24870764069212,44.52983871223962
Amparo Manuelita Estévez Calvo,153.07770512017498,52.12585509536689
Galo Domínguez Álvarez,162.31518488796652,98.94564179045813
Calixta Paredes-Manjón,177.1978883224646,41.58125224699506
Sofía Mateo,150.31868423611886,43.46010044654736
Nacho Ayuso-Cazorla,171.43714668228824,50.509656286939546
Custodia Múgica Pedrosa,174.1535191385997,31.872092189267832
Encarna Luz-Larrañaga,168.60653179952348,103.67961201573748
Leandro Canet Galvez,150.09628886765125,84.68798879671161
Víctor Rios Sanchez,176.36536477687363,112.14682907061416
Susanita Flor Cuervo,173.9212678123522,119.59260169409136
Zaida de Torre,142.42786939756394,46.43065714069618
Demetrio Malo Estrada,181.3131135437795,111.45767374602386
Emperatriz Castrillo Guzmán,176.0714145200183,82.53768941759107
Ramona Quesada Mariscal,190.7369081122012,95.78037088844675
Vicenta Villa Niño,158.2055561566744,51.393673726454345
Viviana del Durán,197.7196404554258,115.05844169024758
Gil Guitart-Pereira,140.0,61.48632572813649
Marciano Cornejo,164.31459956491662,51.63862650189056
Quirino Vélez Mir,140.0,34.68561224420502
Leoncio Moliner-Cabrera,150.72620353840028,56.562877365091055
Paloma Vilalta Expósito,155.03105249119224,49.6522339778497
Cesar Torralba Font,164.8146068313693,80.19663772446204
Josefina Palomares Valle,191.0852460597595,73.60027888964494
Félix Naranjo Téllez,152.80867240364182,40.12591820220039
Ximena de Huguet,161.51467904467444,80.63698086784896
Graciana Iborra,190.5709226039517,62.04884649676818
Ani Arcos Dalmau,158.92824129800303,48.93836889770593
María Jesús Catalá Sureda,173.51788183408826,109.8861975923194
Lorena Puig Montoya,180.85635003628505,93.1813054155303
Jimena Carro,154.2714289656541,63.088952009077886
María José Rovira Pujadas,200.0,90.55415761144084
Mónica Vazquez Belda,178.11415959613632,63.27339477250968
Hector Mosquera Montaña,141.0215545917287,32.8511580119263
Amarilis Cáceres Reyes,168.70454499766103,65.94210663972865
Felicidad Pablo Naranjo,188.71541585192628,103.65806402070382
Alejandro Pagès Arteaga,194.6244767393474,78.87148054756868
Artemio Ariño Viana,159.92501454890277,54.35467439856447
Néstor Tejada Cal,140.0,70.48559613838364
Graciano Amo Gutiérrez,176.47863964813754,62.50016442578025
Luisina Manso Ramos,140.0,49.39963006033448
Vanesa Paz Palomino,176.50220460918382,60.768053301181794
Lope Porta,167.50453447230055,77.60753884726483
Rocío Jaume,189.85989530549148,46.40446930356416
René Beltrán Catalá,159.13081764130632,31.358616791807183
Yolanda Pacheco Santana,177.11847432825925,68.03912765839172
Custodio Amor,156.2059211083332,57.93075038802505
Asunción Pelayo Ariño,167.82923245460546,34.33227442281896
Tania Alcántara Solsona,185.48588538908447,61.9980249787109
Bienvenida Reyes Español,200.0,49.06597578509798
Tecla Conde Giménez,144.8732605798858,63.310395161735336
Severiano Redondo,175.53952668776782,36.386548679032366
Luisa Godoy Canet,173.27552270019103,105.04136851839874
Rosalía Marí Soria,182.9832190851345,65.61055666577717
Noé Tovar,152.26530345522025,68.26601344419846
Severiano Matas Molina,175.2520828548894,75.35206336875157
Ale Flores Piñol,171.1558542545839,50.26559567115351
Leticia Melania Carbajo Barral,191.5175594981166,91.34490598809128
Maximino Estévez Carrión,173.81267681601454,74.67057153282927
Kike Elpidio Lledó Cueto,170.3524128967412,65.15206813344965
Felisa Sevillano Canales,178.80276353088163,49.13719773264697
Natalia Ledesma Palmer,157.67672805110394,33.24486957398081
Merche Marisol Tomas Pagès,160.65859194240204,29.662073667172407
Timoteo Catalá Martín,159.6769630464795,70.24247996703032
Eusebio Romeu Crespi,169.6236433747472,77.16729620535955
Beatriz Alonso Dominguez,151.29872720108267,25.583988167607227
Ariadna Morán Ureña,195.61730521568515,85.34477334400843
Petrona Miralles-Barco,180.18826344969685,63.15531414639166
Pepito Castelló Huertas,162.06399883488757,30.52948568321816
Heraclio Lastra Artigas,156.22962136326993,91.1864604257273
Trinidad Mena Torralba,178.39511339170102,93.89076553345224
Martín Rosell,191.19218627951184,116.2047741102557
Matías Ropero,165.0909754534791,32.5790126936013
María Belén Gargallo Plana,140.0,46.69310071880899
María Ángeles Márquez Arrieta,178.50153062513849,70.81189182274281
Anabel Rosalía Guardiola Alegria,164.86409484906284,63.37040330440532
Aurora Tur Carrillo,164.97333334874494,93.23842986177964
Bibiana Coloma Arribas,185.1766670771911,121.5321192423766
Damián Tomé,170.40135844023135,47.95040651302932
Paulina Ferrero Guardiola,176.66522998785243,65.2054946438836
África Lucila Alcalde Gámez,153.78604314202877,41.28188237384333
Rosa María de Moreno,154.75798396070115,63.40854544079333
Anastasia Trini Alcolea Vilaplana,165.69718918473924,58.75045055369189
Susanita Rueda,174.88273405332902,41.72943488323924
Joaquina Rafaela Garay Mármol,162.88114486250385,41.7722133262844
Jimena Quintana Sureda,161.7557081488308,102.46285061447207
Brígida Gordillo Amor,159.24001413147715,36.0671875860649
Rosario Édgar Naranjo Gallart,177.08870171293495,48.0557365821457
Fabiola María Dolores Sainz Ayuso,182.61510143985075,60.38709940300107
Gabriel Borja Gallo,159.6537478195051,77.3540217130721
Mariano Colomer-Flores,169.7602723700234,37.42134539774876
Sergio Damián Canales Ramirez,153.77942796647574,82.74470464240119
Rafael Álvaro,170.88183351122393,70.15253422284117
Dionisia Girón Girona,171.2538894494404,94.86363534650008
Américo Salvador-Nadal,145.0000079957779,25.56445986831106
Abraham Folch,181.98477654963452,47.54010798255146
Socorro Borja,162.26940048890768,41.5512620208125
Adrián Osvaldo Pelayo Iborra,182.81517529121237,78.81248755598139
Mamen Mascaró Benavente,164.40565425234246,68.50023283181078
Aurelia Maestre-Cobo,191.62664903977856,102.4223946886734
Hernando Ballester Múñiz,160.60433521313246,53.59319814429927
Tomás Borja Belda,180.7308843001001,39.308601637920944
Daniela Fuertes Soriano,142.95610680470548,64.0089824295937
Alex Padilla Esparza,186.3228847123572,48.05244446450571
Dorotea Tere Olivera Seco,153.02001907994716,70.7882444493093
Ibán Giralt Sancho,151.17623719106987,38.5591882097832
Prudencia Marti Garzón,181.389115714602,112.06623274218656
Evaristo Herranz Nadal,147.19587411440057,28.09592075369212
Graciela Nuria Montoya Barberá,184.3906567040976,72.35783937684145
Matilde Zapata,171.42921575295082,109.53596598262313
Beatriz de Alemán,170.5522496727682,56.08724015562277
Dimas Tejada Tudela,171.3360387405751,36.850482717538895
Aarón Inocencio Antón Nevado,163.47308539673207,54.1632713884414
Francisca Salvà Mora,169.0734014105238,67.16394845886492
Bernardino Castañeda-Cases,145.72612842358376,45.37805972654228
Lola Moya Álvarez,156.9236726006187,52.47882418964688
Ileana Cisneros,163.30595928042382,36.53937907629302
Diana Pujol Osuna,167.1487959184582,65.06531642587544
Emiliano del Mayo,164.13973590176806,55.777498199163645
Rosario Ugarte Valenzuela,158.892610151105,55.28679842333096
Lucho Pedro Guijarro,175.17337701848444,103.87304813099892
Macarena Roxana Cervera Sancho,195.5295069403552,80.85359531556703
Virginia Torrens Navarro,180.1076146662956,108.68604729645662
Loida Elías-Goñi,166.72860906487648,43.37691487390873
Urbano Teo Gelabert Hernandez,160.28963543480242,50.32351144848163
Rocío Mir Lucas,195.9173220582132,61.93919531339003
Eloísa Perera-Peralta,149.47023631411977,52.625864481056894
Edmundo Antón Quesada,200.0,52.893203157627816
Fabiana Calvet Otero,150.93038323163594,68.92258019826231
Guiomar Palomar Amador,169.3697826759428,90.90005275285756
Isidro Doménech Contreras,140.0,40.19374113313005
Belén Olivares Jove,165.85235654075936,47.62909725219468
Juan Manuel Báez Fortuny,194.5469669853481,76.84431848339274
Camilo Arribas Pellicer,153.7877776583531,29.57655023757238
José Manuel Arnaiz,157.1975007632767,57.30919531731966
Juan Pablo Barragán Caparrós,180.06560689401385,65.79738148480776
José Manuel del Cabezas,143.9401410577823,35.83448756754147
Néstor Carreño Carbó,194.71833111231783,69.03594030655492
Araceli Murcia Tejero,147.40466544902864,79.01929165726358
Juan Bautista Pozuelo Godoy,171.4756051351465,34.38746792154574
Cruz Vilaplana,186.5000332087272,61.656083327050894
Jimena Garmendia-Coca,165.01816647238334,62.562512565442304
Iker Sainz Royo,140.0,36.68741425212375
Máximo Fortuny Cabo,192.98600262649765,80.70947209742806
Jacinta Noa Rueda Manzano,181.14274302507133,69.80104288574215
Plinio Sanmiguel Zamorano,166.46771338335233,73.58025206658812
Amaro Adán-Vizcaíno,162.6598788057228,78.87467099981183
Eufemia Morante Luna,173.63044462801673,116.07316704261694
Claudio del Aroca,170.2048871823911,69.99755835973298
Paz Bilbao Moreno,176.3532763029126,94.3492638686028
Carmelita Capdevila Olivares,160.35998930243204,45.34326729720885
Águeda Buendía Valle,176.16770699310368,91.51093503359638
Leonel Huguet Feijoo,155.19705952898238,48.09578958320093
Pacífica Olivera Barbero,148.11241409155716,56.63967846137859
Armando de Ureña,164.86208490221472,29.24590335479112
Nayara Riquelme Carreño,157.75158450682508,55.75224540562436
Pedro Puga Gaya,166.17364653079738,99.07581437605218
Ramona Angélica Cárdenas Meléndez,175.5847901063254,57.24835903534671
José Luis Guardiola Ribes,172.594578804102,51.76931808701981
Hernando Pánfilo Alcázar Roda,174.72720888997733,101.2173997644668
Modesto Blanco,182.74223148284108,77.54098096657408
Amanda Arco Gutiérrez,183.6110083450571,44.32876925839318
Bernabé Bastida Cazorla,171.83507996323087,92.4654332381414
Candelario Ríos Zamora,186.35308445721944,50.33899011786077
Nilda Ferrer Vergara,163.22073830871815,52.22208591060182
Rocío Alberdi Vilalta,200.0,47.32704875294141
Sandra Olga Herrera Torrijos,172.21990563692736,30.738154016563524
Florentino de Baños,178.65672421274851,111.78057380701716
Eligia Arregui Bartolomé,166.4668139446302,57.5854600401521
Eusebia Borrás Benavente,165.33236596761705,95.71820879364168
Pili Bayo Nogueira,173.70907716733956,30.647690669914518
Daniel Millán Aliaga,175.76445912891734,67.1565098460008
Jose Francisco de Molins,159.17405216300003,57.517523010197415
Leticia Salinas Morán,178.6346849277743,99.80923677840438
Darío Frías Barrios,189.51450188629585,102.64634377746808
Inocencio Losada-Velázquez,184.14752818750665,40.74430481090513
Evaristo Morcillo Armas,165.38881253536596,35.83577817021002
Samuel Bayón Tamayo,183.3317611497616,98.99283117075
Jose Antonio Marcelo Almagro Bejarano,165.08862088307632,39.0026867366234
Guadalupe Ibáñez Bermudez,169.50088240655424,76.05548694633431
Sebastián Fuster Alcaraz,150.3363458210064,57.80043415963442
Aura del Aguiló,162.07152582907864,63.40090887381199
Tere Roca Salazar,159.37243622720905,51.90612540564727
Isidora Arana-Fiol,153.5976996050497,43.55786726206471
Macario Milla Morera,160.97939619623344,49.96485915045212
Sandalio Faustino Piquer Ricart,160.6616293611886,91.30483951705664
Zacarías Blanco-Ayllón,163.99913473302658,84.82397114516799
Vilma Amorós Doménech,200.0,142.15302274479015
Jimena Ariza Nogués,158.55267441490545,41.60912381042132
José Antonio de Roldan,162.31119677427196,71.38666671905264
Tania Navas Cal,165.54683420398317,50.31042391719613
Felix Mendez Calleja,193.15794348994245,69.10023050306515
Jenny Cervera-Palacio,179.24023505091253,103.95784366142436
Virginia Ferreras Pujol,177.26767746730155,66.60205341415077
Asdrubal Goicoechea,157.96861725300994,97.39074385653336
Daniel de Tapia,140.0,50.56841190453983
Aura Palmira Huertas Barco,153.90961034526194,32.365349456586365
Abilio Oliveras-Pi,163.73689030390756,83.82630256067458
Ramona Pedro,176.02287170643217,50.34721744235043
Felipa Cuervo,164.1171194147904,82.90089247041257
Onofre Ayuso Miralles,200.0,53.29267298251022
Conrado Varela Villa,145.18782505258557,62.628966062476266
Camilo Arenas Casanova,183.4224397665693,73.5426643774588
Anunciación de Maldonado,168.3243114233645,29.969728672261027
Valero Lobato Fabregat,147.00760248867647,44.69246720441704
Maribel Borja Ribas,162.79448589522758,55.31759215683908
Ramón Pedrero Benet,186.09682609771667,80.7792625611303
Herberto Soriano Chacón,200.0,43.08683359594866
Anastasia Peiró Acedo,177.3080903371937,95.726810081287
Chema Cañas Campoy,146.86551504587038,45.46029200968536
Leyre Peña Pol,175.90263927934785,69.48622164843978
Plácido Bautista Fernandez,176.03972408710035,88.2075564575355
Tomás Barranco,190.29064576036936,36.88434337296621
Noemí Mata Mateo,187.7437464642405,38.21731894009853
Emperatriz Mir Galán,161.05810513566828,63.47152889562785
Xiomara Pinto Comas,158.4430714945103,44.75403409570643
Andrés Felipe Heredia Pina,149.37604466388032,80.01231569941734
Macarena Gutierrez Jaén,149.0198752847876,26.25736578849783
Felipa Ale Arce Chico,176.84704234054175,50.3465673466411
Virginia Casanovas Agustí,160.8834114656901,51.60526496458547
Federico del Castellanos,158.05139329494543,83.74483055869007
Amando del Coll,171.85173111567,115.2585463141717
Chema Flor Guardiola,200.0,104.37884531743222
Hernando Coll,172.09696066823184,72.60695116810373
Verónica del Río,172.39573413558014,61.43920619072178
Rosa Asensio Villalba,153.05768210269736,55.32104119979104
Federico Comas Fonseca,177.35632406527503,112.41857349872332
Primitivo del Carrasco,178.79496788929646,54.73897443360983
Diego Víctor Pizarro Morata,182.9463518257702,117.53406445831344
Noelia Granados Haro,177.44119465904902,100.67723127481872
Paulina Sanmartín-Blasco,153.05497994360502,82.23040148789121
María José Amigó Palau,175.7460981282824,84.73912320896689
Luciano Villanueva Ribera,182.23310967357685,70.62009796230458
Vinicio Almagro Espejo,156.10405791469572,60.95305543858021
Samu Moreno Seguí Ponce,194.75171723666165,39.15037336495202
Isaías de Ferrán,160.91079764857608,83.97417519205048
Clara Piñeiro Burgos,171.8767492073785,92.73169572366444
Rosenda Magdalena Lasa Peinado,179.56794093015804,56.644439479859855
Octavia Catalán Romero,182.97606083167665,76.06076642847079
Adán del Coloma,176.4894623344695,47.23867981362742
Renato Rojas Frutos,170.04183324818052,55.94121892050999
Juana Andrade Soria,144.6718845037654,52.91767583669908
Sara Arranz Calleja,140.0,57.74677672133441
Cristóbal del Pombo,177.36556050848617,87.23752437102429
Lucho Miralles Solís,140.0,42.128467469186745
Gertrudis de Barragán,166.3597251959128,46.84561454812331
Pascual Cifuentes Pelayo,191.3365281881814,50.71075931888027
Bernabé Rueda Torre,150.3063960071988,58.13491943076372
Jenaro Villena-Vara,168.6431920862846,59.44888307553541
Benjamín Mendizábal-Velázquez,166.86333627689413,51.02836020178434
Joel del Mateos,180.2682522246164,58.43093716827204
Juan Pablo Botella-Lladó,194.97787969063629,151.44319166730492
Martirio Saura Romero,160.08582483245743,38.18437945222185
Tamara Abella,147.73619874965854,57.98695591227437
Jesús Cabanillas Adán,168.92417415575372,89.18910854437172
Balduino Garay Morales,178.672175174201,62.55163680804319
Felix Teruel Perales,187.2166512614985,77.83315768836351
Ciriaco Montalbán Coll,178.99161380261245,125.95482155272114
Agapito Gisbert Viana,189.15482010616265,117.46984928040256
Jeremías Teodoro Farré Abascal,184.45800089840213,54.13981790195692
Amancio Raya Plana,173.28992042562163,81.2370827626576
Marisa Fátima Aznar Pujol,164.1948649648706,68.09925884327073
Gabino del Sola,182.5463433421043,90.87202903708278
Elodia Elvira Quesada Mendizábal,166.02662183146737,57.2315558497948
Cruz Rubio Duarte,166.22137019840753,73.5826420412477
Segismundo Quintero Ferrández,143.27774678257643,40.16508742095623
Flor Carrasco Quintero,172.72055255593637,66.00985564175458
Maricela Osorio,170.88552905331136,44.765750361950936
Trini Monreal Carrión,157.56508075785916,28.632888646051445
Encarnación Andreu Goñi,182.9575448799319,112.32344546523468
Marianela Leire Corominas Garriga,177.304590254242,44.99029853119829
Teresa Uriarte Páez,168.33214276121703,66.25293658909658
Abigaíl Brunilda Gutierrez Cerezo,175.24869617969762,40.70690566126077
Galo Dávila-Bello,188.57730624716933,58.98170218228974
Visitación Bárcena Robles,147.82003624649485,25.17261946887396
Marciano Pedraza Bustos,200.0,117.52215015879534
Duilio Enrique Pou Ramón,169.19242901114544,34.36816231210799
Odalis Velasco Bustamante,157.53262375291192,37.51589446350594
Silvia Llabrés-Ávila,153.7614367022102,74.43561649209701
Hermenegildo Cantón Manso,167.4285913165601,28.05183402775714
Chucho Valenzuela Franco,168.78456269097776,76.19418447109275
Virginia de Tormo,180.00788301258456,82.2814127072846
Lupita Florinda Escamilla Tamayo,171.6178890496839,54.66783020039341
Adelina Rosselló Gisbert,171.06737404519677,55.13754681944006
Remigio Castilla Adadia,174.066742275658,62.50541507710456
Agustín Rovira Aroca,176.86483772991127,54.76137663950714
Germán Vidal Jara Villaverde,186.49305210949709,77.41050610653463
Plácido Cabo Cruz,169.13329249791394,69.91092356363433
Tito Rivera Mariscal,157.82054777135508,52.70274114530848
Che Viña Pou,159.69164649061963,47.0353175311078
Gastón Sanz,140.0,74.82008100041118
Evangelina del Miguel,176.21733597962853,45.58263624900656
Isabel Menéndez-Mas,174.24013596971776,49.71901073614999
Matías Sedano Uriarte,162.56117280576976,86.36174249823118
Che Asensio Guerra,150.8907423415855,44.81574921771385
Cayetana Planas Reyes,177.26159028449393,70.09407043693447
Abril Tena Naranjo,175.07485012965964,52.90242435371451
Micaela Gisbert Villanueva,173.08080808727993,61.23957814686835
Reyes Suarez Conesa,164.32652204480408,54.26253907320401
María Ángeles Pinilla Báez,200.0,88.21197645201227
Sancho Glauco Pozo Cardona,186.28636698933155,85.81702688964174
Clemente Céspedes,181.4014953925936,48.767661581711145
Florencio Cervera-Torrijos,186.93881669532456,124.15146900615407
