ID_Transaccion,Fecha,Cliente_ID,Producto,Categoria,Precio_Unitario,Cantidad,Descuento_%,Costo_Envio,Region
T2024-01112,2024-11-29,C0098,Camara web 1080p,perifericos,63.44,1.0,0.0,6.36,Madrid
T2024-04914,2024-05-11,C0154,Altavoz bluetooth,Audio,71.17,2.0,0.0,0.0,Madrid
T2024-02459,2024-01-07,C0591,Monitor 27 pulgadas,Informatica,257.31,2.0,0.0,0.0,Comunitat Valenciana
T2024-02536,2024-08-12,C0225,Pulsera de actividad,Vestible,62.35,1.0,30.0,3.6,Pais Vasco
T2024-01016,2024-05-15,C0203,Camara web 1080p,Perifericos,71.52,3.0,25.0,12.83,Canarias
T2024-04906,2024-01-29,C0458,Barra de sonido, Audio ,200.66,999.0,15.0,0.0,Cataluna
T2024-04194,2024-04-04,C0546,Raton ergonomico,Perifericos,45.7,1.0,25.0,4.71,Andalucia
T2024-02224,2024-12-30,C0030,Auriculares con cable,Perifericos,27.45,3.0,0.0,6.48,Madrid
T2024-00544,2024-09-29,C0007,Disco SSD 1 TB,Almacenamiento,100.16,1.0,0.0,0.0,Madrid
T2024-04074,2024-06-13,C0227,Tablet 10 pulgadas,Telefonia,270.09,1.0,25.0,0.0,Cataluna
T2024-04872,2024-11-10,C0171,Raton ergonomico,Perifericos,47.52,2.0,0.0,6.85,Galicia
T2024-00395,2024-06-30,C0045,Reloj inteligente,Vestible,170.95,2.0,0.0,0.0,Comunitat Valenciana
T2024-03826,2024-11-09,C0031,Altavoz bluetooth,Audio,80.84,4.0,15.0,0.0,Galicia
T2024-04933,2024-11-26,C0045,Auriculares con cable,Perifericos,30.97,5.0,0.0,0.0,Cataluna
T2024-03232,2024-12-16,C0115,Tablet 10 pulgadas,Telefonia,274.64,4.0,0.0,0.0,Madrid
T2024-04378,2024-12-30,C0821,Barra de sonido,Audio,212.46,1.0,0.0,0.0,Andalucia
T2024-02719,2024-12-13,C0001,Barra de sonido,Audio,204.22,2.0,20.0,0.0,Madrid
T2024-00069,2024-11-25,C0988,Raton ergonomico,Perifericos,50.66,1.0,25.0,6.55,Comunitat Valenciana
T2024-04247,2024-11-03,C0005,Camara web 1080p,Perifericos,66.51,1.0,0.0,3.27,Comunitat Valenciana
T2024-03820,2024-11-14,C0308,Reloj inteligente,Vestible,202.46,2.0,30.0,0.0,Galicia
T2024-00035,2024-03-02,C0100,Tarjeta microSD 256 GB,Almacenamiento,35.78,5.0,0.0,0.0,Andalucia
T2024-01696,2024-12-17,C0011,Auriculares inalambricos,Audio,116.91,4.0,10.0,0.0,Comunitat Valenciana
T2024-02729,2024-08-31,C0001,Camara web 1080p,Perifericos,65.8,1.0,5.0,4.34,Comunitat Valenciana
T2024-02069,2024-12-28,C0002,Auriculares con cable,Perifericos,27.85,1.0,25.0,3.63,Madrid
T2024-01372,2024-07-19,C0001,Altavoz bluetooth,Audio,80.57,2.0,5.0,9.57,Canarias
T2024-01559,2024-05-31,C0015,Altavoz bluetooth,Audio,74.91,2.0,0.0,0.0,Galicia
T2024-01525,2024-07-21,C1024,Teclado mecanico,Perifericos,90.97,2.0,20.0,0.0,Galicia
T2024-03451,2024-04-09,C1193,Disco SSD 2 TB,Almacenamiento,167.08,2.0,0.0,0.0,Cataluna
T2024-01131,2024-12-24,C0279,Pulsera de actividad,Vestible,57.2,4.0,0.0,0.0,Comunitat Valenciana
T2024-04798,2024-11-16,C0639,Teclado mecanico,Perifericos,90.92,2.0,0.0,0.0,Cataluna
T2024-03045,2024-02-04,C0592,Tarjeta microSD 256 GB,Almacenamiento,33.88,4.0,5.0,0.0,Cataluna
T2024-02872,2024-03-28,C0718,Teclado mecanico,Perifericos,95.37,5.0,0.0,0.0,Pais Vasco
T2024-04503,2024-09-05,C0682,Raton ergonomico,Perifericos,49.41,2.0,0.0,4.05,Madrid
T2024-D0011,2024-12-27,C0018,Raton ergonomico,Perifericos,46.5,2.0,0.0,5.73,Madrid
T2024-04301,2024-11-24,C0303,Disco SSD 1 TB,Almacenamiento,106.62,2.0,0.0,0.0,Cataluna
T2024-01646,2024-07-20,C0005,Reloj inteligente,Vestible,179.36,1.0,0.0,0.0,Madrid
T2024-03782,2024-06-12,C0402,Auriculares inalambricos,Audio,119.98,3.0,0.0,0.0,Galicia
T2024-04178,2024-10-17,C0019,Raton ergonomico,Perifericos,44.65,1.0,0.0,3.35,Madrid
T2024-00238,2024-06-12,C0113,Raton ergonomico,Perifericos,38.44,2.0,0.0,3.81,Comunitat Valenciana
T2024-00985,2024-01-13,C0008,Tarjeta microSD 256 GB,Almacenamiento,34.59,2.0,10.0,3.67,Cataluna
T2024-03486,2024-07-31,C0072,Raton ergonomico,Perifericos,42.24,2.0,30.0,14.8,Canarias
T2024-04279,2024-04-13,C0165,Pulsera de actividad,Vestible,55.09,1.0,5.0,3.8,Andalucia
T2024-01656,2024-08-27,C0011,Camara web 1080p,Perifericos,77.8,5.0,0.0,0.0,Comunitat Valenciana
T2024-03866,2024-07-16,C0074,Auriculares con cable,Perifericos,28.01,1.0,25.0,5.87,Madrid
T2024-03918,2024-11-02,C0019,Altavoz bluetooth,Audio,89.15,2.0,10.0,0.0,Andalucia
T2024-01413,2024-05-10,C0073,Barra de sonido,Audio,231.37,2.0,30.0,0.0,Madrid
T2024-00983,2024-11-28,C0285,Pulsera de actividad,Vestible,58.63,1.0,,4.73,Pais Vasco
T2024-04705,2024-05-26,C0001,Barra de sonido,Audio,203.62,3.0,0.0,0.0,Madrid
T2024-01463,2024-10-27,C0005,Teclado mecanico,Perifericos,94.38,1.0,25.0,5.87,Madrid
T2024-01884,2024-09-12,C0020,Raton ergonomico,Perifericos,43.37,2.0,10.0,6.16,Madrid
T2024-00789,2024-11-04,C0489,Raton ergonomico,Perifericos,44.56,2.0,0.0,6.76,Galicia
T2024-04960,2024-07-17,C0044,Disco SSD 2 TB,Almacenamiento,181.23,2.0,0.0,0.0,Comunitat Valenciana
T2024-01021,2024-11-08,C1002,Pulsera de actividad,Vestible,53.33,3.0,30.0,0.0,Comunitat Valenciana
T2024-02682,2024-09-05,C0092,Barra de sonido,Audio,186.6,1.0,0.0,0.0,Comunitat Valenciana
T2024-02444,2024-05-17,C0574,Raton ergonomico,Perifericos,44.27,2.0,15.0,3.13,Comunitat Valenciana
T2024-01320,2024-11-28,C0031,Disco SSD 2 TB,Almacenamiento,177.93,1.0,0.0,0.0,Galicia
T2024-04923,2024-05-10,C0188,Raton ergonomico,Perifericos,48.38,2.0,5.0,14.74,Canarias
T2024-03319,2024-10-20,C0325,Movil gama alta,Telefonía,1007.31,1.0,0.0,0.0,Comunitat Valenciana
T2024-01704,2024-11-27,C0122,Movil gama media,Telefonia,352.3,3.0,30.0,0.0,Galicia
T2024-02952,2024-03-16,C0082,Auriculares inalambricos,Audio,125.58,3.0,0.0,0.0,Comunitat Valenciana
T2024-00972,2024-02-16,C0759,Movil gama alta,Telefonia,1017.71,2.0,10.0,0.0,Cataluna
T2024-03261,2024-09-21,C0447,Movil gama media,Telefonia,334.66,1.0,0.0,0.0,Andalucia
T2024-03033,2024-12-27,C0059,Pulsera de actividad,Vestible,54.64,5.0,0.0,0.0,Andalucia
T2024-03514,2024-04-10,C0341,Disco SSD 1 TB,Almacenamiento,99.39,2.0,0.0,0.0,Comunitat Valenciana
T2024-00717,2024-12-30,C0013,Camara web 1080p,Perifericos,67.52,2.0,20.0,0.0,Comunitat Valenciana
T2024-00903,2024-01-22,C0411,Tarjeta microSD 256 GB,Almacenamiento,33.46,1.0,0.0,6.51,Comunitat Valenciana
T2024-00610,2024-04-25,C0014,Camara web 1080p,Perifericos,68.35,2.0,0.0,0.0,Madrid
T2024-04085,2024-04-09,C0866,Reloj inteligente,Vestible,179.53,5.0,0.0,0.0,Cataluna
T2024-02938,2024-12-17,C0004,Reloj inteligente,Vestible,179.39,5.0,0.0,0.0,Madrid
T2024-03676,2024-06-24,C0001,Tarjeta microSD 256 GB,Almacenamiento,33.85,5.0,0.0,0.0,Andalucia
T2024-04773,2024-12-27,C0158,Auriculares con cable,Perifericos,29.75,1.0,5.0,3.49,Galicia
T2024-04836,2024-09-06,C0744,Teclado mecanico,Perifericos,94.02,2.0,5.0,0.0,Madrid
T2024-01243,2024-12-20,C0001,Disco SSD 1 TB,Almacenamiento,97.32,4.0,0.0,0.0,Comunitat Valenciana
T2024-01555,2024-03-09,C0001,Movil gama media,Telefonia,354.23,1.0,30.0,0.0,Madrid
T2024-01187,2024-06-23,C0004,Teclado mecanico,Perifericos,95.91,5.0,0.0,0.0,Cataluna
T2024-00334,2024-10-17,C0005,Raton ergonomico,Perifericos,39.9,2.0,20.0,6.52,Andalucia
T2024-00326,2024-10-20,C0918,Movil gama alta,Telefonía,1009.56,4.0,0.0,0.0,Comunitat Valenciana
T2024-02841,2024-07-19,C0260,Altavoz bluetooth,Audio,77.67,2.0,0.0,0.0,Andalucia
T2024-00317,2024-11-09,C0058,Tarjeta microSD 256 GB,Almacenamiento,36.4,4.0,0.0,0.0,Andalucia
T2024-01729,2024-10-31,C0035,Portatil 16 pulgadas,Informatica,1635.25,1.0,0.0,0.0,Madrid
T2024-04005,2024-12-14,C0023,Camara web 1080p,Perifericos,65.11,4.0,10.0,0.0,Cataluna
T2024-02557,2024-11-11,C0198,Auriculares con cable,Perifericos,29.22,3.0,30.0,3.08,Pais Vasco
T2024-00855,2024-02-26,C0030,Disco SSD 1 TB,Almacenamiento,106.52,5.0,0.0,0.0,Comunitat Valenciana
T2024-04954,2024-06-30,C0002,Tablet 10 pulgadas,Telefonia,290.57,1.0,30.0,0.0,Comunitat Valenciana
T2024-01269,2024-07-20,C0026,Auriculares con cable,Perifericos,28.19,2.0,0.0,4.52,Cataluna
T2024-01524,2024-11-10,C0058,Auriculares con cable,Perifericos,28.63,1.0,,3.71,
T2024-02540,2024-12-28,C0069,Auriculares inalambricos,Audio,125.01,5.0,10.0,0.0,Comunitat Valenciana
T2024-00124,2024-12-29,C0246,Raton ergonomico,Perifericos,42.69,3.0,5.0,0.0,Madrid
T2024-03214,2024-09-05,C0276,Altavoz bluetooth,Audio,72.28,1.0,10.0,4.41,Andalucia
T2024-01088,2024-10-10,C0046,Altavoz bluetooth,Audio,83.3,2.0,5.0,0.0,Cataluna
T2024-03600,2024-12-22,C0161,Altavoz bluetooth,Audio,77.25,2.0,0.0,0.0,Galicia
T2024-02274,2024-11-15,C0506,Disco SSD 1 TB,Almacenamiento,102.24,2.0,0.0,0.0,Madrid
T2024-03665,2024-03-20,C0496,Raton ergonomico,Perifericos,44.9,3.0,30.0,0.0,Madrid
T2024-02680,2024-04-08,C0205,Tablet 10 pulgadas,Telefonia,291.42,1.0,15.0,0.0,Andalucia
T2024-04131,2024-11-20,C0749,Auriculares con cable,Perifericos,30.04,3.0,10.0,6.18,Andalucia
T2024-04988,2024-04-07,C0042,Pulsera de actividad,Vestible,58.22,4.0,0.0,0.0,Comunitat Valenciana
T2024-03960,2024-09-22,C1096,Altavoz bluetooth,Audio,79.91,4.0,10.0,0.0,Cataluna
T2024-04781,2024-04-29,C0005,Auriculares con cable,Perifericos,30.06,5.0,10.0,0.0,Andalucia
T2024-00171,2024-05-31,C0080,Auriculares con cable,Perifericos,33.55,2.0,25.0,4.29,Pais Vasco
T2024-03938,2024-03-08,C0037,Portatil 16 pulgadas,Informatica,1412.37,4.0,25.0,0.0,Comunitat Valenciana
T2024-03216,2024-12-12,C0174,Raton ergonomico,Perifericos,46.38,1.0,25.0,3.43,Pais Vasco
T2024-04404,2024-12-25,C0246,Pulsera de actividad,Vestible,61.41,2.0,15.0,0.0,Madrid
T2024-01640,2024-04-19,C0027,Teclado mecanico,Perifericos,92.09,5.0,0.0,0.0,Pais Vasco
T2024-03219,2024-12-21,C0351,Monitor 27 pulgadas,Informatica,259.08,1.0,0.0,0.0,Comunitat Valenciana
T2024-01092,2024-11-16,C0425,Auriculares inalambricos,Audio,136.78,2.0,20.0,0.0,Andalucia
T2024-03004,2024-01-28,C0296,Tarjeta microSD 256 GB,Almacenamiento,37.78,4.0,0.0,0.0,Comunitat Valenciana
T2024-02612,2024-12-01,C0246,Auriculares con cable,Perifericos,26.75,2.0,0.0,5.96,Comunitat Valenciana
T2024-02197,2024-12-23,C0010,Barra de sonido,Audio,196.86,5.0,0.0,0.0,Pais Vasco
T2024-02855,2024-12-30,C0119,Reloj inteligente,Vestible,208.27,2.0,20.0,0.0,Andalucia
T2024-00281,2024-08-01,C0056,Barra de sonido,Audio,191.81,2.0,35.0,0.0,Comunitat Valenciana
T2024-00462,2024-12-06,C0691,Barra de sonido,Audio,210.09,1.0,5.0,0.0,Comunitat Valenciana
T2024-01518,2024-11-13,C0107,Pulsera de actividad,Vestible,61.32,2.0,0.0,0.0,Andalucia
T2024-04537,2024-11-10,C0013,Disco SSD 1 TB,Almacenamiento,111.38,1.0,30.0,0.0,Cataluna
T2024-00889,2024-08-10,C0157,Altavoz bluetooth,Audio,80.97,1.0,20.0,11.88,Canarias
T2024-00941,2024-12-29,C0095,Auriculares inalambricos,Audio,124.58,3.0,35.0,0.0,Cataluna
T2024-04122,2024-02-18,C0359,Auriculares con cable,Perifericos,29.5,2.0,,11.94,Canarias
T2024-04994,2024-12-02,C0041,Raton ergonomico,Perifericos,47.25,2.0,20.0,6.49,Comunitat Valenciana
T2024-00991,2024-06-21,C0325,Tablet 10 pulgadas,Telefonia,266.41,2.0,25.0,0.0,Cataluna
T2024-02569,2024-02-15,C0002,Pulsera de actividad,Vestible,62.48,2.0,30.0,0.0,Cataluna
T2024-03644,2024-03-02,C0103,Tarjeta microSD 256 GB,Almacenamiento,35.88,4.0,0.0,0.0,Madrid
T2024-04111,2024-12-31,C0007,Reloj inteligente,Vestible,184.26,1.0,0.0,10.6,Canarias
T2024-04345,2024-06-24,C0024,Altavoz bluetooth,Audio,78.14,1.0,0.0,4.34,Comunitat Valenciana
T2024-04209,2024-12-18,C0041,Pulsera de actividad,Vestible,58.52,1.0,0.0,6.44,Cataluna
T2024-04879,2024-01-15,C0426,Tarjeta microSD 256 GB,Almacenamiento,35.26,2.0,0.0,6.81,Andalucia
T2024-04704,2024-09-12,C0764,Camara web 1080p,perifericos,73.8,5.0,15.0,0.0,Cataluna
T2024-01871,2024-06-16,C0002,Auriculares con cable,Perifericos,27.2,3.0,0.0,4.92,Pais Vasco
T2024-02693,2024-12-14,C0010,Tablet 10 pulgadas,Telefonia,294.86,4.0,0.0,0.0,Cataluna
T2024-00247,2024-10-03,C0111,Monitor 27 pulgadas,Informatica,249.67,4.0,20.0,0.0,Cataluna
T2024-04610,2024-12-21,C0041,Portatil 16 pulgadas,Informatica,1425.94,1.0,0.0,0.0,Cataluna
T2024-01006,2024-01-12,C0118,Altavoz bluetooth,Audio,79.83,5.0,10.0,0.0,Comunitat Valenciana
T2024-02642,2024-02-15,C0002,Teclado mecanico,Perifericos,80.6,2.0,15.0,0.0,Galicia
T2024-03120,2024-07-27,C0423,Disco SSD 2 TB,Almacenamiento,169.29,1.0,0.0,0.0,Madrid
T2024-00213,2024-11-05,C0038,Tablet 10 pulgadas,Telefonia,283.32,3.0,0.0,0.0,Galicia
T2024-01771,2024-05-30,C0656,Teclado mecanico,Perifericos,84.9,4.0,20.0,8.22,Canarias
T2024-02109,2024-12-14,C0754,Teclado mecanico,Perifericos,100.99,1.0,0.0,0.0,Galicia
T2024-02320,2024-04-08,C0177,Barra de sonido,Audio,201.14,1.0,15.0,0.0,Comunitat Valenciana
T2024-02178,2024-11-23,C1138,Tarjeta microSD 256 GB,Almacenamiento,-33.96,4.0,0.0,0.0,Andalucia
T2024-01923,2024-12-14,C0142,Teclado mecanico,Perifericos,83.1,1.0,30.0,4.03,Comunitat Valenciana
T2024-00882,2024-01-31,C0161,Tarjeta microSD 256 GB,Almacenamiento,32.3,3.0,15.0,4.09,Andalucia
T2024-01711,2024-09-28,C1014,Raton ergonomico,Perifericos,46.27,1.0,0.0,4.95,Galicia
T2024-03699,2024-04-29,C0002,Auriculares con cable,Perifericos,29.49,250.0,30.0,3.99,Pais Vasco
T2024-00980,2024-08-05,C0003,Reloj inteligente,Vestible,191.73,3.0,0.0,0.0,Comunitat Valenciana
T2024-04525,2024-08-18,C0003,Tarjeta microSD 256 GB,Almacenamiento,32.46,1.0,0.0,4.49,Galicia
T2024-03357,2024-08-11,C0023,Auriculares con cable,Perifericos,25.67,2.0,0.0,2.95,Comunitat Valenciana
T2024-03685,2024-06-17,C0001,Camara web 1080p,Perifericos,72.08,1.0,0.0,5.17,Pais Vasco
T2024-01246,2024-06-24,C1059,Altavoz bluetooth,Audio,83.23,1.0,0.0,3.9,Comunitat Valenciana
T2024-00019,2024-09-30,C0033,Barra de sonido,Audio,208.72,4.0,10.0,0.0,Andalucia
T2024-04786,2024-01-13,C0024,Portatil 14 pulgadas,Informatica,974.56,3.0,0.0,0.0,Andalucia
T2024-02361,2024-12-29,C0201,Teclado mecanico,Perifericos,89.87,4.0,5.0,0.0,Cataluna
T2024-01381,2024-01-01,C0058,Tarjeta microSD 256 GB,Almacenamiento,33.92,3.0,0.0,0.0,Comunitat Valenciana
T2024-03239,2024-10-12,C0033,Teclado mecanico,Perifericos,90.11,4.0,0.0,8.73,Canarias
T2024-02883,2024-11-01,C0736,Barra de sonido,Audio,170.55,4.0,0.0,0.0,Comunitat Valenciana
T2024-03878,2024-10-19,C0665,Movil gama media,Telefonia,354.98,5.0,0.0,0.0,Comunitat Valenciana
T2024-01278,2024-11-12,C1016,Disco SSD 1 TB,Almacenamiento,93.54,1.0,0.0,3.57,Madrid
T2024-03431,2024-04-07,C0231,Raton ergonomico,Perifericos,49.25,1.0,0.0,3.19,Comunitat Valenciana
T2024-04980,2024-11-28,C0745,Disco SSD 1 TB,Almacenamiento,104.12,5.0,30.0,0.0,Comunitat Valenciana
T2024-00505,2024-02-21,C0082,Teclado mecanico,Perifericos,93.69,3.0,0.0,0.0,Pais Vasco
T2024-02167,2024-11-17,C0042,Pulsera de actividad,Vestible,55.49,1.0,0.0,5.42,Pais Vasco
T2024-01144,2024-04-30,C1082,Monitor 27 pulgadas,Informatica,247.6,1.0,0.0,0.0,Cataluna
T2024-01994,2024-03-07,C0010,Teclado mecanico,Perifericos,88.06,5.0,0.0,0.0,Pais Vasco
T2024-04782,2024-06-28,C0024,Disco SSD 2 TB,Almacenamiento,175.63,1.0,5.0,0.0,Cataluna
T2024-01955,2024-03-14,C0858,Reloj inteligente,Vestible,197.41,2.0,0.0,0.0,Comunitat Valenciana
T2024-02941,2024-01-07,C0002,Disco SSD 2 TB,Almacenamiento,166.8,5.0,0.0,0.0,Andalucia
T2024-00105,2024-12-21,C0163,Disco SSD 1 TB,Almacenamiento,104.13,1.0,20.0,0.0,Pais Vasco
T2024-03953,2024-04-17,C0810,Movil gama alta,Telefonia,947.97,2.0,,0.0,Cataluna
T2024-00125,2024-07-09,C0048,Tablet 10 pulgadas,Telefonia,275.63,4.0,0.0,0.0,Madrid
T2024-02225,2024-10-01,C0001,Barra de sonido,Audio,200.68,5.0,0.0,0.0,Pais Vasco
T2024-03052,2024-12-03,C0547,Tarjeta microSD 256 GB,Almacenamiento,29.12,5.0,0.0,0.0,
T2024-02817,2024-04-24,C0270,Monitor 27 pulgadas,Informatica,269.37,1.0,0.0,0.0,Pais Vasco
T2024-01950,2024-04-13,C0626,Barra de sonido,Audio,202.57,1.0,5.0,0.0,Cataluna
T2024-04984,2024-12-18,C0503,Disco SSD 2 TB,Almacenamiento,144.83,2.0,20.0,0.0,Pais Vasco
T2024-02449,2024-12-21,C0378,Movil gama media,Telefonia,358.82,1.0,,0.0,Pais Vasco
T2024-04305,2024-06-29,C0090,Auriculares con cable,Perifericos,30.7,1.0,0.0,5.48,
T2024-00624,2024-12-01,C0637,Teclado mecanico,Perifericos,94.2,2.0,25.0,0.0,Comunitat Valenciana
T2024-D0020,2024-12-18,C0011,Tablet 10 pulgadas,Telefonía,289.13,,0.0,0.0,Galicia
T2024-02856,2024-01-31,C0140,Pulsera de actividad,Vestible,58.84,1.0,0.0,4.85,Comunitat Valenciana
T2024-04918,2024-11-02,C0083,Auriculares inalambricos,Audio,136.7,2.0,10.0,0.0,Comunitat Valenciana
T2024-00235,2024-02-06,C0004,Disco SSD 2 TB,Almacenamiento,153.53,1.0,30.0,0.0,Madrid
T2024-02340,2024-10-10,C0005,Reloj inteligente,Vestible,195.94,1.0,0.0,0.0,Comunitat Valenciana
T2024-03663,2024-04-13,C0539,Auriculares inalambricos,Audio,128.91,5.0,20.0,12.44,Canarias
T2024-03598,2024-03-05,C0001,Barra de sonido,Audio,197.47,5.0,35.0,0.0,Comunitat Valenciana
T2024-00416,2024-06-10,C1107,Auriculares con cable,Perifericos,29.35,2.0,0.0,4.79,Madrid
T2024-01057,2024-11-26,C0002,Disco SSD 1 TB,Almacenamiento,105.72,1.0,20.0,0.0,Andalucia
T2024-00817,2024-06-21,C0033,Reloj inteligente,Vestible,180.05,4.0,20.0,0.0,Cataluna
T2024-03907,2024-08-23,C0084,Teclado mecanico,Perifericos,79.51,2.0,0.0,0.0,Comunitat Valenciana
T2024-04819,2024-01-15,C0201,Altavoz bluetooth,Audio,82.33,2.0,40.0,0.0,Madrid
T2024-03153,2024-02-29,C0057,Tarjeta microSD 256 GB,Almacenamiento,32.79,4.0,30.0,0.0,Cataluna
T2024-00583,2024-12-08,C0025,Raton ergonomico,Perifericos,46.3,5.0,0.0,0.0,Galicia
T2024-01039,2024-03-04,C0630,Camara web 1080p,Perifericos,69.53,,0.0,0.0,Andalucia
T2024-00645,2024-12-20,C0100,Auriculares con cable,Perifericos,28.65,1.0,25.0,6.94,Madrid
T2024-01027,2024-08-02,C0010,Teclado mecanico,Perifericos,93.56,1.0,20.0,6.54,Andalucia
T2024-00013,2024-10-07,C0017,Tarjeta microSD 256 GB,Almacenamiento,32.99,1.0,0.0,5.84,Comunitat Valenciana
T2024-03640,2024-02-21,C0294,Raton ergonomico,Perifericos,49.07,1.0,0.0,5.14,Pais Vasco
T2024-02805,2024-11-22,C0112,Movil gama media,Telefonia,343.41,1.0,0.0,0.0,Galicia
T2024-02851,2024-06-01,C0848,Tarjeta microSD 256 GB,Almacenamiento,33.61,1.0,30.0,3.05,Cataluna
T2024-D0044,2024-12-14,C0535,Teclado mecanico,Perifericos,87.46,1.0,30.0,3.99,Comunitat Valenciana
T2024-00560,2024-01-17,C0005,Teclado mecanico,Perifericos,89.3,4.0,25.0,0.0,Comunitat Valenciana
T2024-01219,2024-05-02,C0415,Camara web 1080p,Perifericos,62.95,3.0,0.0,0.0,Madrid
T2024-04741,2024-12-17,C0001,Teclado mecanico,Perifericos,88.73,1.0,20.0,5.48,Andalucia
T2024-02714,2024-11-03,C0221,Auriculares con cable,Perifericos,25.88,4.0,0.0,0.0,Comunitat Valenciana
T2024-02403,2024-06-01,C0250,Barra de sonido,Audio,212.83,4.0,15.0,0.0,Pais Vasco
T2024-04930,2024-11-30,C0732,Raton ergonomico,Perifericos,41.59,3.0,0.0,0.0,Cataluna
T2024-02367,2024-05-24,C0004,Disco SSD 1 TB,Almacenamiento,97.08,1.0,0.0,6.91,Cataluna
T2024-03544,2024-11-13,C0290,Tablet 10 pulgadas,Telefonia,282.06,5.0,0.0,8.77,Canarias
T2024-01875,2024-05-20,C1170,Camara web 1080p,Perifericos,67.48,1.0,0.0,4.14,Cataluna
T2024-04484,2024-03-31,C0186,Tablet 10 pulgadas,Telefonia,275.24,2.0,0.0,0.0,Cataluna
T2024-01892,2024-09-19,C0001,Reloj inteligente,Vestible,186.7,2.0,0.0,0.0,Galicia
T2024-00917,2024-10-03,C0005,Pulsera de actividad,Vestible,61.16,3.0,0.0,0.0,Comunitat Valenciana
T2024-03363,2024-02-25,C0342,Teclado mecanico,Perifericos,92.71,2.0,30.0,0.0,Cataluna
T2024-01902,2024-12-24,C0443,Movil gama media,Telefonia,318.39,1.0,0.0,0.0,Madrid
T2024-00549,2024-11-02,C0054,Tarjeta microSD 256 GB,Almacenamiento,30.94,,0.0,0.0,Cataluna
T2024-00503,2024-12-13,C0571,Auriculares con cable,Perifericos,30.08,5.0,0.0,0.0,Madrid
T2024-01901,2024-09-04,C0099,Pulsera de actividad,Vestible,67.02,5.0,15.0,0.0,Comunitat Valenciana
T2024-00951,2024-01-26,C0955,Portatil 16 pulgadas,Informatica,1579.32,2.0,20.0,0.0,Comunitat Valenciana
T2024-03048,2024-04-22,C0009,Tarjeta microSD 256 GB,Almacenamiento,35.77,1.0,10.0,3.23,Pais Vasco
T2024-01636,2024-11-03,C0044,Movil gama media,Telefonia,397.57,2.0,0.0,0.0,Andalucia
T2024-03696,2024-09-13,C0010,Tarjeta microSD 256 GB,Almacenamiento,34.19,2.0,0.0,4.86,Pais Vasco
T2024-01765,2024-12-17,C0010,Barra de sonido,Audio,201.29,1.0,0.0,0.0,
T2024-02400,2024-06-14,C0072,Portatil 14 pulgadas,Informatica,953.04,4.0,0.0,0.0,Comunitat Valenciana
T2024-04801,2024-08-15,C0054,Pulsera de actividad,Vestible,56.6,5.0,15.0,0.0,Andalucia
T2024-00973,2024-02-02,C0096,Auriculares con cable,Perifericos,24.59,2.0,0.0,3.9,Cataluna
T2024-00556,2024-07-10,C0205,Camara web 1080p,Perifericos,73.29,1.0,30.0,4.99,Madrid
T2024-04947,2024-05-25,C0683,Tarjeta microSD 256 GB,Almacenamiento,35.97,4.0,0.0,0.0,Cataluna
T2024-00180,2024-01-29,C0080,Auriculares con cable,Perifericos,29.34,2.0,0.0,4.44,Cataluna
T2024-04327,2024-07-10,C0082,Altavoz bluetooth,Audio,74.03,1.0,40.0,6.15,Madrid
T2024-04158,2024-02-22,C0001,Tablet 10 pulgadas,Telefonia,301.3,2.0,0.0,0.0,Pais Vasco
T2024-01505,2024-02-07,C0074,Camara web 1080p,Perifericos,65.1,4.0,0.0,0.0,Andalucia
T2024-00302,2024-11-26,C0017,Tablet 10 pulgadas,Telefonia,271.75,2.0,5.0,0.0,Cataluna
T2024-03450,2024-05-22,C0086,Camara web 1080p,Perifericos,76.03,2.0,0.0,0.0,Pais Vasco
T2024-03144,2024-02-20,C0837,Pulsera de actividad,Vestible,50.47,1.0,0.0,3.04,Madrid
T2024-03599,2024-05-12,C0017,Monitor 27 pulgadas,INFORMATICA,258.9,4.0,0.0,0.0,Comunitat Valenciana
T2024-03217,2024-04-10,C0198,Altavoz bluetooth,Audio,75.71,2.0,10.0,0.0,Madrid
T2024-03131,2024-09-25,C0217,Pulsera de actividad,Vestible,60.54,2.0,0.0,0.0,Pais Vasco
T2024-02315,2024-01-25,C0001,Portatil 16 pulgadas,Informatica,1718.73,4.0,0.0,0.0,Pais Vasco
T2024-00879,2024-12-03,C0821,Auriculares con cable,Perifericos,29.68,1.0,0.0,4.04,Cataluna
T2024-04334,2024-07-27,C0983,Movil gama alta,Telefonia,965.84,4.0,0.0,0.0,Cataluna
T2024-02957,2024-11-23,C0054,Tarjeta microSD 256 GB,Almacenamiento,35.1,5.0,0.0,0.0,Comunitat Valenciana
T2024-03870,2024-12-19,C0052,Teclado mecanico,Perifericos,85.31,1.0,10.0,4.37,Andalucia
T2024-03532,2024-12-08,C0778,Camara web 1080p,Perifericos,66.85,5.0,20.0,0.0,Cataluna
T2024-00490,2024-11-11,C0952,Camara web 1080p,Perifericos,71.89,3.0,0.0,0.0,Andalucia
T2024-01184,2024-04-28,C0013,Auriculares con cable,Perifericos,28.88,3.0,15.0,6.95,Madrid
T2024-00486,2024-08-13,C0691,Raton ergonomico,Perifericos,44.85,4.0,20.0,0.0,Cataluna
T2024-01053,2024-09-10,C0009,Disco SSD 2 TB,Almacenamiento,161.24,3.0,0.0,0.0,Cataluna
T2024-03231,2024-11-13,C0282,Teclado mecanico,Perifericos,79.87,1.0,0.0,5.62,Pais Vasco
T2024-03410,2024-03-29,C0042,Barra de sonido,Audio,205.45,3.0,30.0,0.0,Comunitat Valenciana
T2024-00143,2024-08-04,C0235,Tarjeta microSD 256 GB,Almacenamiento,31.79,1.0,25.0,9.22,Canarias
T2024-01935,2024-10-01,C0009,Raton ergonomico,Perifericos,41.64,3.0,25.0,0.0,Madrid
T2024-00737,2024-09-23,C0131,Pulsera de actividad,Vestible,55.88,1.0,0.0,4.23,Comunitat Valenciana
T2024-D0021,2024-08-27,C0193,Raton ergonomico,Perifericos,46.76,4.0,5.0,0.0,Comunitat Valenciana
T2024-03157,2024-11-29,C0818,Raton ergonomico,Perifericos,44.86,1.0,0.0,4.73,Cataluna
T2024-03290,2024-12-15,C0182,Auriculares inalambricos,Audio,130.73,3.0,10.0,0.0,Cataluna
T2024-01200,2024-01-11,C0363,Disco SSD 1 TB,Almacenamiento,97.87,2.0,0.0,0.0,Galicia
T2024-03220,2024-07-29,C0596,Portatil 16 pulgadas,Informatica,1562.94,1.0,15.0,0.0,Cataluna
T2024-00513,2024-11-13,C0006,Disco SSD 1 TB,Almacenamiento,96.33,1.0,10.0,3.7,Andalucia
T2024-00776,2024-11-12,C0666,Portatil 14 pulgadas,Informatica,890.46,3.0,25.0,0.0,Comunitat Valenciana
T2024-00241,2024-11-08,C0011,Teclado mecanico,Perifericos,93.83,4.0,0.0,0.0,Cataluna
T2024-00840,2024-08-24,C0282,Tarjeta microSD 256 GB,Almacenamiento,34.01,1.0,0.0,6.07,Galicia
T2024-02283,2024-05-04,C0887,Pulsera de actividad,Vestible,56.23,2.0,0.0,0.0,Cataluna
T2024-04734,2024-11-30,C0035,Camara web 1080p,Perifericos,69.59,1.0,0.0,4.46,Galicia
T2024-02976,2024-11-30,C0362,Auriculares con cable,Perifericos,27.02,5.0,0.0,8.71,Canarias
T2024-01124,2024-02-04,C0171,Camara web 1080p,perifericos,65.36,5.0,10.0,0.0,Cataluna
T2024-01093,2024-12-25,C0008,Altavoz bluetooth,Audio,83.29,3.0,30.0,0.0,Andalucia
T2024-00703,2024-11-27,C0018,Reloj inteligente,Vestible,183.76,2.0,30.0,0.0,Cataluna
T2024-00521,2024-08-28,C0293,Auriculares con cable,Perifericos,30.56,1.0,25.0,4.14,Galicia
T2024-03182,2024-04-16,C0004,Auriculares con cable,Perifericos,31.91,1.0,25.0,6.12,Andalucia
T2024-01824,2024-04-08,C0148,Portatil 16 pulgadas,Informatica,1493.91,,5.0,0.0,Madrid
T2024-00805,2024-12-10,C0052,Raton ergonomico,Perifericos,43.69,1.0,0.0,5.31,Pais Vasco
T2024-04234,2024-03-01,C0002,Disco SSD 2 TB,Almacenamiento,167.7,2.0,15.0,0.0,Cataluna
T2024-00480,2024-07-25,C0002,Camara web 1080p,Perifericos,72.99,1.0,0.0,14.9,Canarias
T2024-01203,2024-12-21,C0084,Auriculares inalambricos,Audio,121.19,1.0,0.0,0.0,Andalucia
T2024-03016,2024-07-10,C0204,Auriculares con cable,Perifericos,30.64,2.0,0.0,3.36,Andalucia
T2024-04621,2024-12-02,C0009,Tablet 10 pulgadas,Telefonia,300.13,2.0,0.0,0.0,Cataluna
T2024-01897,2024-10-21,C0181,Disco SSD 1 TB,Almacenamiento,104.87,1.0,0.0,0.0,Andalucia
T2024-04095,2024-01-16,C0542,Teclado mecanico,Perifericos,84.24,1.0,0.0,4.69,Comunitat Valenciana
T2024-02548,2024-07-25,C0211,Disco SSD 2 TB,Almacenamiento,172.77,1.0,0.0,0.0,Comunitat Valenciana
T2024-02595,2024-05-14,C0469,Camara web 1080p,Perifericos,67.76,2.0,15.0,0.0,Cataluna
T2024-00081,2024-09-14,C0268,Pulsera de actividad,Vestible,61.92,1.0,,3.9,Comunitat Valenciana
T2024-03802,2024-12-24,C0164,Auriculares inalambricos,Audio,128.46,2.0,0.0,0.0,Andalucia
T2024-01675,2024-11-01,C1101,Tablet 10 pulgadas,Telefonia,272.12,1.0,0.0,0.0,Pais Vasco
T2024-00912,2024-03-05,C0303,Auriculares con cable,Perifericos,32.41,4.0,5.0,0.0,Comunitat Valenciana
T2024-01426,2024-02-25,C0002,Auriculares con cable,Perifericos,28.07,1.0,25.0,3.42,Comunitat Valenciana
T2024-00412,2024-04-09,C0114,Movil gama alta,Telefonia,1055.33,2.0,0.0,0.0,Andalucia
T2024-00144,2024-12-12,C0023,Reloj inteligente,Vestible,193.25,5.0,25.0,0.0,
T2024-04006,2024-12-28,C0292,Auriculares con cable,Perifericos,26.91,3.0,20.0,5.79,Madrid
T2024-00960,2024-10-20,C0617,Movil gama media,Telefonia,341.75,3.0,30.0,0.0,Comunitat Valenciana
T2024-04981,2024-06-06,C0476,Barra de sonido,Audio,189.44,3.0,10.0,0.0,Comunitat Valenciana
T2024-00502,2024-12-19,C0050,Auriculares con cable,Perifericos,32.18,5.0,0.0,0.0,Comunitat Valenciana
T2024-03162,2024-08-30,C0006,Camara web 1080p,Perifericos,75.32,5.0,5.0,0.0,Comunitat Valenciana
T2024-01401,2024-11-15,C0029,Teclado mecanico,Perifericos,80.07,4.0,5.0,0.0,Madrid
T2024-01999,2024-01-15,C0596,Raton ergonomico,Perifericos,43.99,1.0,0.0,6.43,Pais Vasco
T2024-02235,2024-11-14,C0069,Disco SSD 1 TB,Almacenamiento,98.44,1.0,10.0,5.14,Andalucia
T2024-00352,2024-09-15,C0004,Pulsera de actividad,Vestible,60.13,1.0,15.0,4.49,Cataluna
T2024-03161,2024-09-20,C0332,Reloj inteligente,Vestible,188.43,5.0,0.0,0.0,Comunitat Valenciana
T2024-00300,2024-10-08,C0577,Movil gama media,Telefonia,380.87,1.0,0.0,0.0,Madrid
T2024-02377,2024-12-15,C0002,Auriculares con cable,Perifericos,29.99,5.0,0.0,0.0,Comunitat Valenciana
T2024-02047,2024-05-28,C0234,Reloj inteligente,Vestible,199.81,3.0,,0.0,Andalucia
T2024-00548,2024-03-17,C0777,Camara web 1080p,Perifericos,75.44,1.0,0.0,6.41,Galicia
T2024-02259,2024-12-29,C0010,Auriculares inalambricos,Audio,137.31,1.0,0.0,0.0,Andalucia
T2024-03632,2024-03-08,C0121,Teclado mecanico,Perifericos,95.09,1.0,15.0,3.93,Andalucia
T2024-02713,2024-03-04,C0080,Altavoz bluetooth,Audio,87.82,1.0,0.0,6.8,Comunitat Valenciana
T2024-04118,2024-02-24,C0032,Auriculares con cable,Perifericos,28.2,1.0,10.0,6.09,Comunitat Valenciana
T2024-01669,2024-11-28,C0001,Altavoz bluetooth,Audio,82.31,4.0,,0.0,Galicia
T2024-02772,2024-07-20,C1147,Camara web 1080p,Perifericos,69.91,1.0,0.0,6.19,Andalucia
T2024-03399,2024-03-02,C0243,Auriculares inalambricos,Audio,119.77,1.0,25.0,0.0,Madrid
T2024-04627,2024-06-13,C0570,Disco SSD 1 TB,Almacenamiento,102.17,2.0,20.0,0.0,Cataluna
T2024-01907,2024-12-01,C0387,Auriculares inalambricos, Audio ,141.37,1.0,5.0,0.0,Madrid
T2024-03715,2024-08-07,C0007,Pulsera de actividad,Vestible,67.12,2.0,0.0,0.0,Pais Vasco
T2024-03968,2024-04-30,C0192,Portatil 16 pulgadas,Informatica,1696.5,5.0,0.0,0.0,Comunitat Valenciana
T2024-02504,2024-11-18,C0083,Auriculares inalambricos,Audio,115.59,2.0,30.0,0.0,Cataluna
T2024-01449,2024-07-27,C0988,Raton ergonomico,Perifericos,43.97,5.0,0.0,0.0,Andalucia
T2024-D0014,2024-10-02,C0004,Auriculares con cable,Perifericos,26.67,1.0,0.0,3.15,Comunitat Valenciana
T2024-01567,2024-05-12,C0004,Auriculares con cable,Perifericos,30.66,3.0,0.0,4.26,Madrid
T2024-00186,2024-12-21,C0189,Tarjeta microSD 256 GB,Almacenamiento,32.27,1.0,0.0,4.99,Pais Vasco
T2024-03823,2024-07-21,C0159,Portatil 16 pulgadas,Informatica,1694.08,3.0,0.0,0.0,Cataluna
T2024-02023,2024-01-06,C0783,Barra de sonido,Audio,200.65,1.0,0.0,0.0,Comunitat Valenciana
T2024-02553,2024-02-01,C0979,Raton ergonomico,Perifericos,47.24,1.0,30.0,6.46,
T2024-02530,2024-02-07,C0427,Teclado mecanico,Perifericos,97.25,3.0,0.0,0.0,Cataluna
T2024-03537,2024-11-08,C0169,Altavoz bluetooth,Audio,80.81,2.0,0.0,0.0,Cataluna
T2024-00571,2024-05-14,C0147,Raton ergonomico,Perifericos,51.46,5.0,5.0,0.0,Andalucia
T2024-03926,2024-09-08,C0446,Teclado mecanico,Perifericos,90.25,1.0,0.0,6.32,Andalucia
T2024-00044,2024-12-11,C0197,Altavoz bluetooth,Audio,78.02,1.0,25.0,6.8,Cataluna
T2024-00037,2024-11-28,C0624,Altavoz bluetooth,Audio,72.48,2.0,35.0,0.0,Andalucia
T2024-00083,2024-07-02,C0380,Monitor 27 pulgadas,INFORMATICA,224.69,1.0,25.0,0.0,Madrid
T2024-01946,2024-05-24,C0519,Pulsera de actividad,Vestible,59.67,1.0,10.0,5.92,Madrid
T2024-03295,2024-07-02,C0103,Reloj inteligente,Vestible,162.38,2.0,0.0,0.0,Madrid
T2024-01936,2024-04-02,C0040,Auriculares con cable,Perifericos,28.94,4.0,0.0,0.0,Madrid
T2024-00443,2024-09-21,C0027,Movil gama media,Telefonía,370.69,1.0,0.0,0.0,Comunitat Valenciana
T2024-03028,2024-03-02,C1074,Tarjeta microSD 256 GB,Almacenamiento,36.57,2.0,10.0,2.97,Andalucia
T2024-02366,2024-01-26,C0096,Raton ergonomico,Perifericos,43.16,5.0,,0.0,Comunitat Valenciana
T2024-01661,2024-07-17,C0431,Altavoz bluetooth,Audio,76.32,2.0,30.0,0.0,Comunitat Valenciana
T2024-04824,2024-01-16,C0002,Movil gama media,Telefonía,349.87,1.0,0.0,0.0,Comunitat Valenciana
T2024-03183,2024-02-11,C0127,Disco SSD 1 TB,Almacenamiento,107.06,4.0,,0.0,Comunitat Valenciana
T2024-01762,2024-11-10,C0491,Tarjeta microSD 256 GB,Almacenamiento,33.67,5.0,,0.0,Madrid
T2024-03341,2024-09-19,C0004,Movil gama media,Telefonia,324.12,1.0,0.0,0.0,Comunitat Valenciana
T2024-03729,2024-11-13,C0245,Teclado mecanico,Perifericos,87.09,1.0,25.0,3.71,Cataluna
T2024-01978,2024-04-10,C0307,Movil gama alta,Telefonia,966.4,2.0,10.0,0.0,Comunitat Valenciana
T2024-01993,2024-12-01,C0002,Auriculares con cable,Perifericos,29.09,2.0,25.0,5.45,Pais Vasco
T2024-01943,2024-11-16,C0042,Auriculares con cable,Perifericos,28.69,1.0,25.0,5.33,Galicia
T2024-01493,2024-11-27,C0015,Pulsera de actividad,Vestible,63.72,5.0,10.0,0.0,Comunitat Valenciana
T2024-03578,2024-05-18,C0477,Barra de sonido,Audio,175.94,1.0,30.0,0.0,Comunitat Valenciana
T2024-01230,2024-12-04,C0008,Teclado mecanico,Perifericos,84.17,2.0,0.0,0.0,Andalucia
T2024-03601,2024-07-27,C0002,Disco SSD 1 TB,Almacenamiento,104.48,2.0,0.0,0.0,Galicia
T2024-00174,2024-12-29,C1170,Camara web 1080p,Perifericos,72.26,2.0,0.0,0.0,Madrid
T2024-04552,2024-07-13,C0179,Disco SSD 1 TB,Almacenamiento,98.7,5.0,15.0,0.0,Cataluna
T2024-03381,2024-06-17,C0066,Movil gama alta,Telefonia,1046.43,1.0,0.0,0.0,Pais Vasco
T2024-03616,2024-04-28,C0037,Reloj inteligente,Vestible,197.17,2.0,30.0,0.0,Andalucia
T2024-00964,2024-12-08,C0001,Altavoz bluetooth,Audio,78.89,5.0,25.0,0.0,Comunitat Valenciana
T2024-03804,2024-06-08,C0016,Tarjeta microSD 256 GB,Almacenamiento,33.14,2.0,0.0,14.7,Canarias
T2024-00729,2024-10-26,C0315,Monitor 27 pulgadas,INFORMATICA,240.62,1.0,10.0,0.0,Galicia
T2024-00274,2024-03-03,C0274,Raton ergonomico,Perifericos,45.74,1.0,0.0,4.45,Andalucia
T2024-01335,2024-09-04,C0001,Camara web 1080p,Perifericos,67.55,1.0,0.0,3.0,Cataluna
T2024-00452,2024-06-28,C0195,Auriculares con cable,Perifericos,28.02,1.0,0.0,5.49,Madrid
T2024-02822,2024-12-22,C0412,Barra de sonido,Audio,178.06,2.0,0.0,0.0,Comunitat Valenciana
T2024-03438,2024-07-29,C0003,Portatil 16 pulgadas,Informatica,1486.27,1.0,25.0,0.0,Andalucia
T2024-00202,2024-10-16,C0090,Barra de sonido,Audio,206.79,5.0,10.0,0.0,Madrid
T2024-02958,2024-02-20,C0818,Tarjeta microSD 256 GB,Almacenamiento,36.46,5.0,0.0,0.0,Madrid
T2024-02818,2024-07-31,C0015,Teclado mecanico,Perifericos,86.89,2.0,0.0,0.0,Cataluna
T2024-01825,2024-12-08,C0079,Raton ergonomico,Perifericos,43.93,4.0,0.0,0.0,Comunitat Valenciana
T2024-03827,2024-08-03,C0847,Camara web 1080p,Perifericos,64.02,1.0,10.0,3.68,Cataluna
T2024-02345,2024-11-28,C0132,Auriculares con cable,Perifericos,27.37,5.0,0.0,0.0,Comunitat Valenciana
T2024-00476,2024-03-20,C0025,Altavoz bluetooth,Audio,75.71,1.0,0.0,3.82,Comunitat Valenciana
T2024-02298,2024-12-01,C0048,Raton ergonomico,Perifericos,41.28,1.0,25.0,3.88,Comunitat Valenciana
T2024-00574,2024-07-02,C0188,Altavoz bluetooth,Audio,79.3,1.0,15.0,4.75,Madrid
T2024-03717,2024-03-15,C0001,Teclado mecanico,Perifericos,84.48,2.0,0.0,0.0,Cataluna
T2024-02591,2024-11-28,C1180,Auriculares con cable,Perifericos,27.26,3.0,5.0,3.47,Cataluna
T2024-00519,2024-07-25,C0224,Disco SSD 1 TB,Almacenamiento,93.92,1.0,0.0,4.23,Andalucia
T2024-01879,2024-01-15,C0035,Tablet 10 pulgadas,Telefonia,286.58,3.0,5.0,0.0,Cataluna
T2024-02228,2024-07-07,C0287,Auriculares inalambricos,Audio,120.61,1.0,30.0,0.0,Galicia
T2024-02116,2024-07-03,C0048,Movil gama alta,Telefonia,991.91,1.0,0.0,0.0,Pais Vasco
T2024-00609,2024-07-15,C0258,Tarjeta microSD 256 GB,Almacenamiento,32.88,1.0,5.0,6.35,Andalucia
T2024-04594,2024-01-17,C0001,Pulsera de actividad,Vestible,54.9,2.0,0.0,0.0,Madrid
T2024-02722,2024-11-04,C0811,Reloj inteligente,Vestible,210.73,3.0,0.0,0.0,Madrid
T2024-03985,2024-01-24,C0075,Disco SSD 1 TB,Almacenamiento,101.59,2.0,0.0,0.0,Andalucia
T2024-00031,2024-01-29,C0620,Auriculares con cable,Perifericos,28.77,2.0,0.0,4.56,Cataluna
T2024-00893,2024-09-07,C0259,Reloj inteligente,Vestible,197.42,4.0,0.0,0.0,Cataluna
T2024-02825,2024-05-06,C0005,Altavoz bluetooth,Audio,79.65,1.0,0.0,6.4,Pais Vasco
T2024-03893,2024-05-15,C0251,Tablet 10 pulgadas,Telefonia,-301.72,5.0,30.0,0.0,Pais Vasco
T2024-02634,2024-08-18,C0003,Tarjeta microSD 256 GB,Almacenamiento,32.03,4.0,0.0,0.0,Galicia
T2024-04273,2024-09-14,C0034,Pulsera de actividad,Vestible,56.67,3.0,0.0,0.0,Cataluna
T2024-01888,2024-11-15,C0003,Raton ergonomico,Perifericos,44.02,1.0,0.0,5.67,Cataluna
T2024-05000,2024-07-29,C0054,Portatil 14 pulgadas,INFORMATICA,852.62,2.0,0.0,0.0,Andalucia
T2024-03538,2024-09-20,C0465,Raton ergonomico,perifericos,45.5,3.0,0.0,0.0,Comunitat Valenciana
T2024-00299,2024-03-03,C0392,Tablet 10 pulgadas,Telefonía,284.08,1.0,0.0,0.0,Madrid
T2024-04067,2024-08-31,C0173,Altavoz bluetooth,Audio,72.42,4.0,,0.0,Cataluna
T2024-02990,2024-04-21,C0031,Disco SSD 2 TB,Almacenamiento,173.52,2.0,0.0,0.0,Comunitat Valenciana
T2024-04130,2024-12-24,C0670,Monitor 27 pulgadas,Informatica,268.06,2.0,0.0,0.0,Comunitat Valenciana
T2024-01213,2024-11-08,C0832,Monitor 27 pulgadas,Informatica,268.07,4.0,0.0,0.0,Madrid
T2024-03333,2024-11-13,C0002,Auriculares inalambricos,Audio,142.14,5.0,15.0,0.0,Comunitat Valenciana
T2024-00196,2024-12-14,C0072,Tablet 10 pulgadas,Telefonia,297.41,1.0,0.0,0.0,Galicia
T2024-00043,2024-05-20,C0194,Tarjeta microSD 256 GB,Almacenamiento,34.77,2.0,30.0,4.8,Madrid
T2024-02458,2024-04-13,C0574,Tarjeta microSD 256 GB,Almacenamiento,28.72,1.0,0.0,4.49,Andalucia
T2024-04910,2024-10-28,C0005,Auriculares con cable,Perifericos,27.84,1.0,0.0,3.97,Galicia
T2024-04077,2024-04-22,C0030,Altavoz bluetooth,Audio,92.79,2.0,0.0,0.0,Madrid
T2024-03022,2024-07-07,C0580,Teclado mecanico,perifericos,76.64,5.0,0.0,0.0,Madrid
T2024-04972,2024-01-14,C0009,Raton ergonomico,Perifericos,39.37,1.0,25.0,4.54,Andalucia
T2024-03202,2024-11-23,C1189,Auriculares con cable,Perifericos,24.83,2.0,25.0,3.07,Galicia
T2024-04437,2024-10-27,C0351,Teclado mecanico,Perifericos,86.17,1.0,0.0,4.74,Madrid
T2024-04208,2024-02-24,C0076,Disco SSD 2 TB,Almacenamiento,175.25,1.0,0.0,0.0,Madrid
T2024-04902,2024-11-17,C0022,Movil gama media,Telefonia,381.98,1.0,0.0,0.0,Andalucia
T2024-03316,2024-06-10,C0587,Tarjeta microSD 256 GB,Almacenamiento,30.57,2.0,0.0,4.94,Galicia
T2024-03379,2024-08-15,C0009,Tarjeta microSD 256 GB,Almacenamiento,37.21,1.0,,8.95,Canarias
T2024-04284,2024-12-17,C0083,Tablet 10 pulgadas,Telefonia,253.97,2.0,0.0,13.2,Canarias
T2024-01452,2024-11-02,C0492,Auriculares inalambricos,Audio,125.12,1.0,0.0,0.0,Madrid
T2024-03524,2024-05-19,C0007,Raton ergonomico,Perifericos,47.63,2.0,0.0,6.7,Andalucia
T2024-00098,2024-11-16,C1061,Altavoz bluetooth,Audio,83.88,1.0,10.0,6.76,Madrid
T2024-04846,2024-03-30,C0266,Pulsera de actividad,Vestible,58.57,1.0,0.0,6.57,Galicia
T2024-03105,2024-04-07,C0854,Tarjeta microSD 256 GB,Almacenamiento,33.45,1.0,0.0,3.75,Comunitat Valenciana
T2024-D0023,2024-02-19,C0036,Raton ergonomico,Perifericos,41.65,4.0,5.0,0.0,Andalucia
T2024-00922,2024-05-27,C0466,Camara web 1080p,Perifericos,65.45,1.0,0.0,6.48,Madrid
T2024-04561,2024-12-25,C0077,Camara web 1080p,Perifericos,70.15,2.0,10.0,0.0,Madrid
T2024-01216,2024-09-04,C0348,Raton ergonomico,Perifericos,49.57,4.0,10.0,0.0,Cataluna
T2024-04461,2024-05-19,C0046,Auriculares con cable,Perifericos,28.73,1.0,0.0,12.18,Canarias
T2024-01272,2024-10-19,C0447,Pulsera de actividad,Vestible,62.01,1.0,15.0,3.35,Cataluna
T2024-00589,2024-11-16,C0234,Barra de sonido,Audio,186.76,1.0,0.0,0.0,Cataluna
T2024-04496,2024-11-18,C0932,Teclado mecanico,Perifericos,85.1,3.0,,0.0,Galicia
T2024-04004,2024-07-14,C0042,Auriculares inalambricos,Audio,127.98,4.0,30.0,0.0,Galicia
T2024-00387,2024-02-03,C0366,Movil gama media,Telefonia,319.71,4.0,30.0,0.0,Andalucia
T2024-03815,2024-11-27,C0002,Disco SSD 1 TB,Almacenamiento,101.45,1.0,0.0,0.0,Comunitat Valenciana
T2024-01116,2024-11-16,C0413,Raton ergonomico,Perifericos,38.9,1.0,30.0,5.58,Comunitat Valenciana
T2024-02264,2024-11-16,C0001,Raton ergonomico,Perifericos,43.52,1.0,10.0,6.91,Madrid
T2024-03965,2024-12-09,C0231,Tarjeta microSD 256 GB,Almacenamiento,34.16,2.0,0.0,3.55,Andalucia
T2024-02512,2024-12-28,C0006,Movil gama media,Telefonia,341.34,5.0,0.0,0.0,Cataluna
T2024-04293,2024-09-23,C0003,Altavoz bluetooth,Audio,76.26,2.0,35.0,0.0,Comunitat Valenciana
T2024-03173,2024-01-18,C1073,Raton ergonomico,Perifericos,50.57,4.0,0.0,0.0,Cataluna
T2024-01060,2024-12-08,C0017,Auriculares inalambricos,Audio,137.51,1.0,,0.0,Andalucia
T2024-04321,2024-07-04,C0656,Movil gama alta,Telefonia,1013.38,4.0,0.0,0.0,Comunitat Valenciana
T2024-04861,2024-12-10,C0008,Tablet 10 pulgadas,Telefonia,311.35,4.0,0.0,0.0,Comunitat Valenciana
T2024-04952,2024-03-01,C0964,Camara web 1080p,Perifericos,66.36,5.0,10.0,0.0,Madrid
T2024-00003,2024-06-01,C0002,Teclado mecanico,Perifericos,100.2,3.0,0.0,0.0,Cataluna
T2024-00219,2024-07-19,C0747,Disco SSD 2 TB,Almacenamiento,158.49,2.0,25.0,0.0,Galicia
T2024-04658,2024-02-23,C0670,Portatil 14 pulgadas,Informatica,894.44,2.0,0.0,0.0,Pais Vasco
T2024-03848,2024-05-21,C0077,Movil gama media,Telefonia,356.99,2.0,10.0,0.0,Comunitat Valenciana
T2024-04000,2024-12-26,C0047,Disco SSD 1 TB,Almacenamiento,88.11,4.0,15.0,0.0,Comunitat Valenciana
T2024-00662,2024-09-14,C0001,Tarjeta microSD 256 GB,Almacenamiento,35.23,3.0,25.0,0.0,Andalucia
T2024-02521,2024-05-07,C0063,Tarjeta microSD 256 GB,Almacenamiento,35.39,3.0,10.0,0.0,Comunitat Valenciana
T2024-01215,2024-05-24,C0017,Auriculares inalambricos, Audio ,142.61,5.0,0.0,0.0,Comunitat Valenciana
T2024-01153,2024-07-07,C1173,Barra de sonido,Audio,192.33,3.0,20.0,0.0,Cataluna
T2024-02115,2024-08-22,C0159,Reloj inteligente,Vestible,182.86,5.0,0.0,0.0,Madrid
T2024-02004,2024-12-17,C0402,Auriculares con cable,Perifericos,28.08,1.0,0.0,4.37,Madrid
T2024-01938,2024-11-03,C1114,Auriculares inalambricos,Audio,123.08,2.0,10.0,0.0,Madrid
T2024-01438,2024-07-15,C0013,Raton ergonomico,Perifericos,39.96,5.0,10.0,0.0,Madrid
T2024-D0039,2024-10-17,C0027,Raton ergonomico,Perifericos,44.86,1.0,30.0,3.28,Andalucia
T2024-01487,2024-05-02,C0057,Movil gama alta,Telefonia,990.94,2.0,5.0,0.0,Galicia
T2024-04369,2024-11-22,C0077,Portatil 14 pulgadas,Informatica,897.41,3.0,0.0,0.0,Andalucia
T2024-04867,2024-10-21,C0952,Tablet 10 pulgadas,Telefonía,265.73,1.0,15.0,0.0,Madrid
T2024-02128,2024-10-16,C0535,Barra de sonido,Audio,189.81,5.0,10.0,0.0,Comunitat Valenciana
T2024-02334,2024-03-13,C0725,Monitor 27 pulgadas,Informatica,215.21,4.0,0.0,0.0,Pais Vasco
T2024-03059,2024-02-07,C0022,Disco SSD 1 TB,Almacenamiento,100.35,1.0,0.0,0.0,Comunitat Valenciana
T2024-04577,2024-12-30,C0687,Auriculares con cable,Perifericos,30.96,2.0,,5.13,Comunitat Valenciana
T2024-04274,2024-02-04,C0010,Teclado mecanico,Perifericos,102.86,1.0,0.0,0.0,Madrid
T2024-03792,2024-12-16,C0001,Reloj inteligente,Vestible,204.19,1.0,0.0,0.0,Madrid
T2024-04876,2024-12-06,C0053,Disco SSD 1 TB,Almacenamiento,89.31,1.0,10.0,3.39,Cataluna
T2024-03354,2024-12-24,C0061,Auriculares con cable,Perifericos,29.36,4.0,0.0,0.0,Comunitat Valenciana
T2024-04473,2024-09-20,C0237,Disco SSD 1 TB,Almacenamiento,106.35,2.0,30.0,0.0,Comunitat Valenciana
T2024-03158,2024-09-28,C0100,Disco SSD 2 TB,Almacenamiento,163.72,1.0,20.0,0.0,Comunitat Valenciana
T2024-01809,2024-03-02,C0956,Teclado mecanico,Perifericos,90.32,1.0,0.0,3.39,Pais Vasco
T2024-04200,2024-02-25,C0156,Pulsera de actividad,Vestible,55.66,1.0,15.0,5.25,Galicia
T2024-01087,2024-10-17,C0008,Auriculares inalambricos,Audio,136.64,2.0,25.0,0.0,Comunitat Valenciana
T2024-00164,2024-06-16,C0010,Monitor 27 pulgadas,Informatica,215.71,1.0,0.0,0.0,Comunitat Valenciana
T2024-03321,2024-10-11,C0001,Teclado mecanico,Perifericos,89.09,4.0,0.0,0.0,Cataluna
T2024-04973,2024-12-01,C0001,Auriculares inalambricos,Audio,124.61,2.0,20.0,0.0,Galicia
T2024-01182,2024-12-30,C0288,Reloj inteligente,Vestible,195.12,1.0,0.0,0.0,Andalucia
T2024-03710,2024-12-16,C0122,Pulsera de actividad,Vestible,58.39,1.0,0.0,6.05,Comunitat Valenciana
T2024-04609,2024-03-05,C0010,Monitor 27 pulgadas,Informatica,256.17,2.0,0.0,0.0,Pais Vasco
T2024-03012,2024-09-05,C0130,Reloj inteligente,Vestible,212.53,2.0,25.0,0.0,Pais Vasco
T2024-03855,2024-11-17,C0043,Movil gama alta,Telefonia,933.82,1.0,0.0,0.0,Madrid
T2024-04760,2024-02-09,C0015,Monitor 27 pulgadas,Informatica,233.38,2.0,0.0,0.0,Cataluna
T2024-01858,2024-04-16,C0008,Disco SSD 1 TB,Almacenamiento,93.57,4.0,0.0,0.0,Andalucia
T2024-04743,2024-10-12,C0232,Tarjeta microSD 256 GB,Almacenamiento,29.02,4.0,10.0,0.0,Madrid
T2024-03528,2024-12-30,C0048,Disco SSD 1 TB,Almacenamiento,101.52,5.0,0.0,0.0,Comunitat Valenciana
T2024-00739,2024-08-20,C0074,Movil gama media,Telefonia,364.43,2.0,0.0,0.0,Galicia
T2024-00328,2024-05-04,C1045,Altavoz bluetooth,Audio,81.34,4.0,0.0,0.0,Cataluna
T2024-02602,2024-11-21,C0051,Tarjeta microSD 256 GB,Almacenamiento,32.98,2.0,0.0,4.12,Madrid
T2024-03581,2024-01-13,C0627,Disco SSD 1 TB,Almacenamiento,111.39,5.0,0.0,0.0,Madrid
T2024-00077,2024-12-15,C0242,Movil gama media,Telefonia,316.77,2.0,10.0,0.0,Madrid
T2024-03719,2024-05-11,C0216,Tarjeta microSD 256 GB,Almacenamiento,35.76,4.0,0.0,0.0,Madrid
T2024-02180,2024-07-27,C1044,Tarjeta microSD 256 GB,Almacenamiento,30.65,2.0,0.0,10.56,Canarias
T2024-00359,2024-11-12,C0004,Monitor 27 pulgadas,Informatica,224.25,4.0,0.0,0.0,Pais Vasco
T2024-02774,2024-11-27,C0005,Disco SSD 1 TB,Almacenamiento,105.73,1.0,0.0,0.0,Pais Vasco
T2024-04767,2024-04-30,C0170,Portatil 14 pulgadas,Informatica,862.6,1.0,0.0,0.0,Comunitat Valenciana
T2024-00360,2024-06-13,C0655,Monitor 27 pulgadas,Informatica,253.17,2.0,10.0,0.0,Comunitat Valenciana
T2024-D0056,2024-01-31,C0140,Pulsera de actividad,Vestible,58.84,1.0,0.0,4.85,Comunitat Valenciana
T2024-04735,2024-12-09,C0034,Auriculares con cable,Perifericos,29.69,1.0,0.0,4.96,
T2024-04354,2024-12-18,C0353,Auriculares con cable,Perifericos,28.68,2.0,0.0,3.88,Andalucia
T2024-01154,2024-09-25,C1141,Portatil 14 pulgadas,Informatica,910.56,4.0,25.0,0.0,Madrid
T2024-04060,2024-11-12,C0001,Pulsera de actividad,Vestible,59.26,3.0,0.0,0.0,Comunitat Valenciana
T2024-00967,2024-09-13,C0022,Camara web 1080p,Perifericos,67.97,3.0,0.0,0.0,Pais Vasco
T2024-00234,2024-11-23,C0163,Auriculares con cable,Perifericos,30.0,3.0,0.0,5.4,Madrid
T2024-00188,2024-11-07,C0004,Pulsera de actividad,Vestible,62.18,5.0,25.0,0.0,Comunitat Valenciana
T2024-04405,2024-07-05,C0148,Barra de sonido,Audio,188.32,4.0,10.0,11.55,Canarias
T2024-04641,2024-04-27,C0087,Auriculares con cable,Perifericos,28.97,2.0,0.0,3.56,Andalucia
T2024-04235,2024-11-29,C0001,Tarjeta microSD 256 GB,Almacenamiento,30.85,1.0,0.0,5.36,Andalucia
T2024-03824,2024-11-16,C0004,Disco SSD 2 TB,Almacenamiento,165.12,1.0,25.0,0.0,Andalucia
T2024-04320,2024-05-01,C0074,Disco SSD 1 TB,Almacenamiento,101.28,1.0,5.0,0.0,Comunitat Valenciana
T2024-04123,2024-11-15,C1016,Altavoz bluetooth,Audio,76.41,1.0,0.0,4.81,Madrid
T2024-01973,2024-11-28,C0002,Teclado mecanico,Perifericos,78.96,2.0,0.0,0.0,Cataluna
T2024-03136,2024-04-03,C0118,Pulsera de actividad,Vestible,58.63,3.0,0.0,0.0,Galicia
T2024-02911,2024-02-02,C0167,Altavoz bluetooth,Audio,82.47,2.0,10.0,0.0,Comunitat Valenciana
T2024-02397,2024-04-02,C0043,Teclado mecanico,Perifericos,89.2,3.0,0.0,0.0,Madrid
T2024-00863,2024-03-30,C0023,Portatil 14 pulgadas,Informatica,1007.04,1.0,15.0,0.0,Galicia
T2024-01847,2024-07-07,C0008,Raton ergonomico,Perifericos,46.9,1.0,0.0,5.25,Madrid
T2024-00325,2024-09-19,C0932,Auriculares con cable,Perifericos,28.19,5.0,0.0,0.0,Madrid
T2024-04204,2024-05-24,C1068,Disco SSD 2 TB,Almacenamiento,170.52,2.0,0.0,0.0,Madrid
T2024-03267,2024-12-12,C0005,Auriculares con cable,Perifericos,31.92,3.0,0.0,3.09,Andalucia
T2024-01573,2024-03-24,C0001,Auriculares con cable,Perifericos,29.87,2.0,0.0,4.78,Cataluna
T2024-00625,2024-12-10,C0041,Auriculares inalambricos,Audio,123.85,1.0,10.0,0.0,Cataluna
T2024-00606,2024-02-18,C1112,Auriculares inalambricos,Audio,123.97,1.0,25.0,0.0,Pais Vasco
T2024-02585,2024-12-19,C0041,Camara web 1080p,Perifericos,68.15,2.0,20.0,0.0,Pais Vasco
T2024-01563,2024-11-19,C0208,Auriculares con cable,Perifericos,27.86,2.0,0.0,6.79,Cataluna
T2024-00728,2024-11-07,C0858,Disco SSD 2 TB,Almacenamiento,172.0,1.0,0.0,0.0,Galicia
T2024-01267,2024-06-05,C0387,Altavoz bluetooth,Audio,81.5,3.0,10.0,0.0,Andalucia
T2024-03348,2024-04-24,C0264,Raton ergonomico,Perifericos,46.25,2.0,15.0,5.55,Cataluna
T2024-03701,2024-11-03,C0026,Auriculares inalambricos,Audio,120.27,2.0,25.0,0.0,Galicia
T2024-04802,2024-09-03,C0002,Barra de sonido,Audio,199.34,3.0,35.0,0.0,Cataluna
T2024-00306,2024-11-27,C0005,Portatil 16 pulgadas,INFORMATICA,1498.07,1.0,0.0,0.0,Madrid
T2024-03589,2024-07-16,C0235,Raton ergonomico,Perifericos,50.97,2.0,0.0,0.0,Cataluna
T2024-04554,2024-09-19,C0344,Teclado mecanico,Perifericos,88.38,4.0,20.0,0.0,Pais Vasco
T2024-04955,2024-02-18,C0052,Raton ergonomico,Perifericos,42.97,1.0,0.0,5.31,Comunitat Valenciana
T2024-03471,2024-04-11,C0002,Tarjeta microSD 256 GB,Almacenamiento,35.28,3.0,0.0,0.0,Cataluna
T2024-01741,2024-02-25,C1129,Raton ergonomico,Perifericos,45.65,1.0,30.0,3.21,Comunitat Valenciana
T2024-04557,2024-01-10,C0052,Tarjeta microSD 256 GB,Almacenamiento,34.01,4.0,0.0,0.0,Andalucia
T2024-03281,2024-08-29,C0062,Disco SSD 2 TB,Almacenamiento,157.51,3.0,0.0,0.0,Pais Vasco
T2024-02475,2024-10-12,C0024,Reloj inteligente,Vestible,197.97,1.0,20.0,0.0,Andalucia
T2024-03344,2024-12-29,C0010,Teclado mecanico,Perifericos,85.43,1.0,0.0,6.8,Andalucia
T2024-02249,2024-05-21,C0001,Pulsera de actividad,Vestible,58.2,2.0,5.0,0.0,Andalucia
T2024-02425,2024-12-29,C0207,Auriculares con cable,Perifericos,31.71,1.0,0.0,6.26,Comunitat Valenciana
T2024-02700,2024-11-26,C0578,Altavoz bluetooth,Audio,81.2,5.0,0.0,0.0,Comunitat Valenciana
T2024-03044,2024-12-29,C0167,Movil gama alta,Telefonia,978.63,1.0,0.0,0.0,Madrid
T2024-00211,2024-09-04,C0641,Auriculares inalambricos,Audio,124.16,5.0,0.0,0.0,Pais Vasco
T2024-01798,2024-10-26,C0001,Auriculares con cable,Perifericos,29.99,2.0,5.0,4.18,Andalucia
T2024-03000,2024-09-30,C0023,Raton ergonomico,Perifericos,45.51,4.0,0.0,0.0,Comunitat Valenciana
T2024-04379,2024-10-24,C0176,Raton ergonomico,Perifericos,45.71,2.0,0.0,5.7,Pais Vasco
T2024-00093,2024-02-02,C1081,Pulsera de actividad,Vestible,63.71,4.0,0.0,0.0,Galicia
T2024-00978,2024-02-28,C0617,Auriculares inalambricos,Audio,143.84,5.0,0.0,0.0,Galicia
T2024-02146,2024-09-29,C0288,Teclado mecanico,Perifericos,93.06,2.0,10.0,11.75,Canarias
T2024-01841,2024-10-24,C0204,Auriculares con cable,Perifericos,29.03,5.0,0.0,0.0,Andalucia
T2024-00573,2024-02-04,C0024,Tablet 10 pulgadas,Telefonia,267.26,1.0,0.0,0.0,Pais Vasco
T2024-01557,2024-06-02,C0474,Tarjeta microSD 256 GB,Almacenamiento,29.27,120.0,15.0,6.56,Andalucia
T2024-04830,2024-12-28,C0175,Auriculares inalambricos,Audio,137.18,1.0,25.0,0.0,Comunitat Valenciana
T2024-01420,2024-02-22,C0015,Disco SSD 2 TB,Almacenamiento,185.2,2.0,,0.0,Comunitat Valenciana
T2024-03959,2024-10-14,C0886,Pulsera de actividad,Vestible,61.02,1.0,5.0,6.58,Comunitat Valenciana
T2024-04105,2024-02-25,C0519,Movil gama alta,Telefonia,954.49,5.0,0.0,0.0,Cataluna
T2024-01012,2024-02-01,C0382,Portatil 16 pulgadas,INFORMATICA,1473.82,2.0,0.0,0.0,Pais Vasco
T2024-04400,2024-01-10,C1193,Raton ergonomico,Perifericos,47.85,1.0,0.0,4.45,Madrid
T2024-02349,2024-03-03,C0060,Monitor 27 pulgadas,Informatica,275.2,3.0,,0.0,Galicia
T2024-03963,2024-03-16,C0003,Disco SSD 1 TB,Almacenamiento,97.6,3.0,0.0,0.0,Andalucia
T2024-00286,2024-01-20,C0001,Tarjeta microSD 256 GB,Almacenamiento,32.89,2.0,0.0,5.67,Cataluna
T2024-03563,2024-11-24,C0043,Disco SSD 1 TB,Almacenamiento,100.6,1.0,0.0,0.0,Cataluna
T2024-04840,2024-05-28,C0007,Disco SSD 2 TB,Almacenamiento,163.19,2.0,0.0,0.0,Comunitat Valenciana
T2024-00628,2024-07-04,C0127,Auriculares con cable,Perifericos,26.93,1.0,30.0,5.12,Madrid
T2024-00782,2024-01-08,C0049,Portatil 16 pulgadas,Informatica,1216.39,4.0,0.0,0.0,Cataluna
T2024-04839,2024-10-19,C0654,Disco SSD 1 TB,Almacenamiento,94.56,1.0,25.0,4.35,Comunitat Valenciana
T2024-D0028,2024-05-15,C0251,Tablet 10 pulgadas,Telefonia,301.72,5.0,30.0,0.0,Pais Vasco
T2024-00603,2024-12-29,C0071,Raton ergonomico,Perifericos,45.79,2.0,0.0,8.51,Canarias
T2024-01842,2024-04-06,C0022,Auriculares con cable,Perifericos,28.26,3.0,15.0,5.83,Pais Vasco
T2024-D0001,2024-09-03,C0218,Camara web 1080p,Perifericos,76.48,1.0,0.0,6.84,Comunitat Valenciana
T2024-02370,2024-10-19,C1000,Barra de sonido,Audio,200.35,5.0,,0.0,Madrid
T2024-01077,2024-10-14,C0447,Altavoz bluetooth,Audio,79.86,1.0,5.0,4.5,Comunitat Valenciana
T2024-04584,2024-11-28,C0371,Pulsera de actividad,Vestible,55.94,2.0,15.0,0.0,Comunitat Valenciana
T2024-00563,2024-11-13,C0577,Pulsera de actividad,Vestible,60.72,1.0,30.0,6.22,Comunitat Valenciana
T2024-00068,2024-12-20,C0948,Pulsera de actividad,Vestible,53.63,2.0,-10.0,0.0,Madrid
T2024-01080,2024-12-07,C0017,Disco SSD 2 TB,Almacenamiento,175.18,2.0,5.0,0.0,Comunitat Valenciana
T2024-02499,2024-12-29,C0641,Movil gama alta,Telefonia,934.81,2.0,15.0,0.0,Madrid
T2024-00772,2024-04-11,C0480,Disco SSD 1 TB,Almacenamiento,105.26,1.0,0.0,0.0,Galicia
T2024-00312,2024-12-21,C0068,Tarjeta microSD 256 GB,Almacenamiento,32.41,1.0,10.0,5.9,Pais Vasco
T2024-03816,2024-01-07,C0014,Disco SSD 1 TB,Almacenamiento,98.49,2.0,,0.0,Andalucia
T2024-04720,2024-09-15,C0179,Auriculares con cable,Perifericos,29.01,4.0,0.0,0.0,Cataluna
T2024-01218,2024-10-02,C0074,Auriculares con cable,Perifericos,28.06,1.0,0.0,3.98,Madrid
T2024-02985,2024-12-16,C0001,Auriculares inalambricos,Audio,122.8,3.0,10.0,13.1,Canarias
T2024-03268,2024-06-02,C0132,Altavoz bluetooth,Audio,85.55,3.0,0.0,0.0,Madrid
T2024-02292,2024-12-30,C0024,Teclado mecanico,Perifericos,80.47,2.0,30.0,0.0,Cataluna
T2024-03025,2024-10-20,C0356,Disco SSD 1 TB,Almacenamiento,104.24,2.0,5.0,0.0,Cataluna
T2024-02260,2024-12-20,C0710,Pulsera de actividad,Vestible,64.09,1.0,20.0,5.57,Galicia
T2024-01344,2024-11-07,C0046,Pulsera de actividad,Vestible,63.51,1.0,0.0,4.73,Galicia
T2024-04388,2024-08-07,C0532,Disco SSD 1 TB,Almacenamiento,102.79,1.0,0.0,0.0,Comunitat Valenciana
T2024-03207,2024-12-11,C0566,Disco SSD 1 TB,Almacenamiento,98.34,1.0,10.0,6.28,Cataluna
T2024-04080,2024-01-31,C0525,Movil gama alta,Telefonia,978.4,3.0,0.0,0.0,Comunitat Valenciana
T2024-04562,2024-03-22,C0921,Teclado mecanico,Perifericos,94.77,1.0,0.0,3.2,Andalucia
T2024-04037,2024-04-14,C0156,Pulsera de actividad,Vestible,59.91,1.0,0.0,6.79,Galicia
T2024-04250,2024-05-26,C0029,Auriculares con cable,Perifericos,24.97,5.0,0.0,0.0,Cataluna
T2024-02261,2024-12-26,C0682,Disco SSD 1 TB,Almacenamiento,105.74,5.0,10.0,0.0,Andalucia
T2024-03608,2024-12-02,C0264,Teclado mecanico,Perifericos,83.15,2.0,0.0,0.0,Comunitat Valenciana
T2024-00730,2024-07-16,C0849,Reloj inteligente,Vestible,183.81,1.0,0.0,12.57,Canarias
T2024-04702,2024-09-17,C0026,Auriculares con cable,Perifericos,27.8,2.0,0.0,6.6,Pais Vasco
T2024-03455,2024-12-09,C1009,Auriculares inalambricos,Audio,129.85,1.0,10.0,0.0,Madrid
T2024-00349,2024-11-11,C0043,Tablet 10 pulgadas,Telefonia,287.97,3.0,10.0,0.0,Comunitat Valenciana
T2024-00351,2024-10-24,C0050,Barra de sonido,Audio,219.77,1.0,10.0,0.0,Cataluna
T2024-01169,2024-11-19,C0541,Teclado mecanico,Perifericos,84.57,3.0,0.0,0.0,Pais Vasco
T2024-01689,2024-10-01,C0001,Disco SSD 1 TB,Almacenamiento,106.34,1.0,10.0,0.0,Comunitat Valenciana
T2024-02139,2024-06-23,C0009,Camara web 1080p,Perifericos,69.92,1.0,0.0,10.48,Canarias
T2024-03671,2024-09-22,C0004,Raton ergonomico,Perifericos,43.25,3.0,25.0,0.0,Cataluna
T2024-00015,2024-12-08,C0563,Barra de sonido,Audio,180.15,1.0,0.0,0.0,Pais Vasco
T2024-00080,2024-02-21,C0256,Raton ergonomico,Perifericos,43.52,4.0,0.0,0.0,Comunitat Valenciana
T2024-01903,2024-02-16,C0092,Teclado mecanico,Perifericos,83.86,4.0,25.0,0.0,Comunitat Valenciana
T2024-03614,2024-11-06,C0012,Camara web 1080p,Perifericos,75.01,1.0,0.0,3.87,Cataluna
T2024-04777,2024-05-22,C0017,Disco SSD 1 TB,Almacenamiento,103.21,2.0,0.0,0.0,Comunitat Valenciana
T2024-02607,2024-04-07,C0041,Tablet 10 pulgadas,Telefonia,302.94,1.0,25.0,0.0,Andalucia
T2024-02921,2024-01-28,C0082,Pulsera de actividad,Vestible,54.99,4.0,0.0,0.0,Pais Vasco
T2024-02895,2024-12-31,C0512,Movil gama alta,Telefonia,947.08,1.0,0.0,0.0,Comunitat Valenciana
T2024-01626,2024-09-19,C0789,Teclado mecanico,Perifericos,84.98,5.0,0.0,0.0,Andalucia
T2024-02551,2024-12-10,C0048,Reloj inteligente,Vestible,201.77,4.0,30.0,0.0,Madrid
T2024-01671,2024-10-29,C0188,Pulsera de actividad,Vestible,55.21,1.0,25.0,5.21,Cataluna
T2024-01191,2024-12-11,C0029,Disco SSD 2 TB,Almacenamiento,166.83,2.0,10.0,0.0,Madrid
T2024-01739,2024-12-23,C0001,Pulsera de actividad,Vestible,59.43,1.0,25.0,4.98,Galicia
T2024-01295,2024-12-23,C0251,Teclado mecanico,Perifericos,95.09,1.0,0.0,5.67,Andalucia
T2024-00248,2024-11-12,C0257,Reloj inteligente,Vestible,168.48,1.0,0.0,0.0,Comunitat Valenciana
T2024-01725,2024-06-30,C0014,Altavoz bluetooth,Audio,75.22,3.0,0.0,0.0,Madrid
T2024-01697,2024-06-17,C0003,Teclado mecanico,perifericos,89.34,1.0,0.0,3.3,Comunitat Valenciana
T2024-03096,2024-05-16,C0167,Movil gama media,Telefonia,353.36,2.0,0.0,0.0,Comunitat Valenciana
T2024-01705,2024-08-10,C0422,Auriculares con cable,Perifericos,29.65,1.0,20.0,6.2,Comunitat Valenciana
T2024-02847,2024-11-24,C0052,Raton ergonomico,Perifericos,44.39,2.0,15.0,3.81,Cataluna
T2024-01123,2024-05-25,C0242,Teclado mecanico,Perifericos,78.79,3.0,0.0,0.0,Comunitat Valenciana
T2024-00900,2024-12-10,C0063,Movil gama media,Telefonia,338.4,1.0,0.0,0.0,Cataluna
T2024-01252,2024-07-31,C0422,Tarjeta microSD 256 GB,Almacenamiento,35.03,1.0,0.0,4.39,Comunitat Valenciana
T2024-01603,2024-11-29,C0160,Tablet 10 pulgadas,Telefonia,260.06,2.0,20.0,0.0,Andalucia
T2024-03834,2024-12-31,C0191,Altavoz bluetooth,Audio,78.33,5.0,0.0,0.0,Galicia
T2024-03114,2024-11-12,C0420,Raton ergonomico,Perifericos,38.01,3.0,0.0,0.0,Madrid
T2024-03112,2024-06-08,C0002,Auriculares inalambricos,Audio,136.96,2.0,0.0,0.0,Madrid
T2024-03914,2024-11-06,C0289,Raton ergonomico,Perifericos,48.59,2.0,0.0,3.25,Madrid
T2024-03725,2024-11-13,C0370,Teclado mecanico,Perifericos,94.02,2.0,0.0,0.0,Comunitat Valenciana
T2024-04137,2024-12-21,C0002,Movil gama alta,Telefonia,959.67,2.0,20.0,0.0,Andalucia
T2024-02154,2024-04-14,C0128,Auriculares inalambricos,Audio,137.33,2.0,10.0,10.49,Canarias
T2024-04825,2024-03-17,C0564,Auriculares con cable,Perifericos,26.0,5.0,0.0,0.0,Madrid
T2024-02638,2024-10-24,C0437,Auriculares con cable,Perifericos,29.69,3.0,25.0,5.26,Madrid
T2024-01996,2024-01-01,C0025,Auriculares con cable,Perifericos,27.87,2.0,0.0,4.98,Cataluna
T2024-00918,2024-09-05,C0012,Pulsera de actividad,Vestible,60.68,1.0,10.0,6.68,Pais Vasco
T2024-02652,2024-12-10,C0946,Auriculares inalambricos,Audio,128.29,3.0,25.0,0.0,Pais Vasco
T2024-02640,2024-05-11,C0276,Disco SSD 2 TB,Almacenamiento,182.48,5.0,0.0,0.0,Pais Vasco
T2024-02570,2024-12-08,C0584,Auriculares inalambricos,Audio,133.97,1.0,10.0,0.0,Cataluna
T2024-04849,2024-12-08,C1024,Tablet 10 pulgadas,Telefonia,259.23,1.0,0.0,0.0,Comunitat Valenciana
T2024-00515,2024-10-05,C0243,Disco SSD 1 TB,Almacenamiento,95.09,4.0,0.0,0.0,Galicia
T2024-01503,2024-08-25,C0767,Teclado mecanico,Perifericos,92.61,2.0,20.0,0.0,Comunitat Valenciana
T2024-00438,2024-06-02,C0013,Tarjeta microSD 256 GB,Almacenamiento,34.64,3.0,0.0,11.79,Canarias
T2024-04173,2024-11-01,C0120,Teclado mecanico,Perifericos,85.19,5.0,5.0,0.0,Cataluna
T2024-01459,2024-12-25,C0040,Tablet 10 pulgadas,Telefonia,271.98,2.0,25.0,0.0,Madrid
T2024-03191,2024-04-04,C0644,Pulsera de actividad,Vestible,65.15,2.0,15.0,0.0,Madrid
T2024-04488,2024-09-14,C0073,Teclado mecanico,Perifericos,89.87,3.0,0.0,0.0,Pais Vasco
T2024-01360,2024-12-15,C0004,Camara web 1080p,perifericos,74.78,1.0,0.0,4.81,Comunitat Valenciana
T2024-00429,2024-08-15,C1022,Altavoz bluetooth,Audio,83.18,1.0,35.0,5.9,Cataluna
T2024-00878,2024-09-27,C0084,Camara web 1080p,Perifericos,72.39,1.0,5.0,5.26,Comunitat Valenciana
T2024-04128,2024-02-10,C0004,Auriculares con cable,Perifericos,29.42,2.0,0.0,5.19,Comunitat Valenciana
T2024-00256,2024-10-22,C0043,Altavoz bluetooth,Audio,82.21,2.0,20.0,0.0,Comunitat Valenciana
T2024-02338,2024-05-12,C1150,Auriculares con cable,Perifericos,28.61,5.0,20.0,0.0,Madrid
T2024-03020,2024-11-30,C0956,Auriculares inalambricos,Audio,127.6,2.0,0.0,0.0,Comunitat Valenciana
T2024-03895,2024-03-07,C0025,Teclado mecanico,Perifericos,86.35,3.0,0.0,0.0,Comunitat Valenciana
T2024-01909,2024-12-25,C0345,Auriculares inalambricos,Audio,117.46,1.0,0.0,0.0,
T2024-01225,2024-12-17,C0642,Auriculares con cable,Perifericos,31.46,1.0,0.0,6.11,Comunitat Valenciana
T2024-01609,2024-01-06,C0035,Disco SSD 1 TB,Almacenamiento,107.48,2.0,20.0,0.0,Andalucia
T2024-02032,2024-09-08,C0018,Auriculares inalambricos, Audio ,126.03,5.0,,0.0,Andalucia
T2024-03087,2024-04-15,C0551,Raton ergonomico,perifericos,45.67,5.0,0.0,0.0,Madrid
T2024-04306,2024-05-25,C0041,Tarjeta microSD 256 GB,Almacenamiento,38.27,3.0,30.0,0.0,Madrid
T2024-02339,2024-02-10,C0062,Tablet 10 pulgadas,Telefonia,266.12,2.0,0.0,0.0,Pais Vasco
T2024-04672,2024-05-01,C0163,Auriculares con cable,Perifericos,29.4,2.0,10.0,4.33,Pais Vasco
T2024-01058,2024-12-29,C0241,Camara web 1080p,Perifericos,70.93,3.0,0.0,0.0,Comunitat Valenciana
T2024-01015,2024-07-22,C0397,Camara web 1080p,Perifericos,68.44,3.0,15.0,0.0,Madrid
T2024-04566,2024-08-03,C0137,Disco SSD 2 TB,Almacenamiento,183.03,1.0,0.0,0.0,Andalucia
T2024-04285,2024-02-23,C0104,Barra de sonido,Audio,192.76,1.0,10.0,0.0,Andalucia
T2024-04898,2024-03-23,C0912,Raton ergonomico,Perifericos,45.34,5.0,15.0,0.0,Galicia
T2024-00085,2024-01-17,C0001,Monitor 27 pulgadas,Informatica,230.89,5.0,0.0,0.0,Madrid
T2024-01250,2024-11-22,C0135,Auriculares con cable,Perifericos,30.14,4.0,10.0,0.0,Comunitat Valenciana
T2024-04951,2024-02-27,C1018,Barra de sonido,Audio,211.24,1.0,10.0,0.0,Comunitat Valenciana
T2024-04109,2024-01-09,C0070,Auriculares con cable,Perifericos,27.49,2.0,5.0,6.65,Cataluna
T2024-01802,2024-07-08,C0386,Auriculares inalambricos,Audio,136.44,1.0,0.0,0.0,Comunitat Valenciana
T2024-02182,2024-12-09,C0039,Monitor 27 pulgadas,Informatica,253.1,1.0,0.0,0.0,Andalucia
T2024-00063,2024-12-19,C0615,Auriculares con cable,Perifericos,25.98,1.0,,3.22,
T2024-04057,2024-03-18,C0805,Tarjeta microSD 256 GB,Almacenamiento,33.9,1.0,15.0,6.09,Andalucia
T2024-04838,2024-09-06,C1073,Barra de sonido,Audio,201.51,1.0,40.0,0.0,Comunitat Valenciana
T2024-02263,2024-11-21,C0009,Altavoz bluetooth,Audio,76.86,4.0,0.0,0.0,Madrid
T2024-04628,2024-09-24,C0001,Disco SSD 1 TB,Almacenamiento,96.82,1.0,5.0,4.11,Comunitat Valenciana
T2024-00492,2024-02-09,C1004,Teclado mecanico,Perifericos,98.93,1.0,0.0,6.34,Cataluna
T2024-02195,2024-07-30,C0001,Pulsera de actividad,Vestible,54.61,1.0,10.0,5.0,Pais Vasco
T2024-02198,2024-01-29,C0012,Pulsera de actividad,Vestible,65.83,3.0,0.0,11.13,Canarias
T2024-04661,2024-11-27,C0039,Disco SSD 2 TB,Almacenamiento,148.16,3.0,0.0,0.0,Cataluna
T2024-04530,2024-01-18,C0002,Tarjeta microSD 256 GB,Almacenamiento,32.59,1.0,0.0,5.24,Pais Vasco
T2024-04769,2024-08-13,C0038,Disco SSD 1 TB,Almacenamiento,104.11,4.0,0.0,0.0,Comunitat Valenciana
T2024-01598,2024-02-28,C0011,Pulsera de actividad,Vestible,53.64,2.0,0.0,0.0,Cataluna
T2024-00508,2024-11-28,C0442,Auriculares con cable,Perifericos,27.7,3.0,0.0,3.75,Pais Vasco
T2024-01478,2024-05-13,C0118,Camara web 1080p,Perifericos,70.87,2.0,0.0,0.0,Cataluna
T2024-04096,2024-02-01,C0091,Auriculares con cable,Perifericos,28.17,3.0,5.0,6.33,Madrid
T2024-00366,2024-12-11,C0128,Camara web 1080p,Perifericos,67.52,1.0,10.0,5.46,Andalucia
T2024-01773,2024-11-19,C0006,Barra de sonido,Audio,199.09,2.0,0.0,0.0,Andalucia
T2024-02864,2024-02-24,C0002,Raton ergonomico,Perifericos,46.21,2.0,0.0,3.77,Comunitat Valenciana
T2024-04676,2024-08-31,C0011,Barra de sonido,Audio,198.81,1.0,0.0,0.0,Comunitat Valenciana
T2024-02894,2024-09-30,C0163,Teclado mecanico,Perifericos,91.54,2.0,0.0,0.0,Pais Vasco
T2024-04104,2024-05-24,C0048,Tarjeta microSD 256 GB,Almacenamiento,35.1,2.0,30.0,12.99,Canarias
T2024-00637,2024-12-20,C0476,Raton ergonomico,Perifericos,41.19,1.0,0.0,5.6,Comunitat Valenciana
T2024-00741,2024-09-03,C0218,Camara web 1080p,Perifericos,76.48,1.0,0.0,6.84,Comunitat Valenciana
T2024-02792,2024-12-21,C0456,Auriculares con cable,Perifericos,31.79,5.0,0.0,0.0,Madrid
T2024-03931,2024-12-27,C0735,Altavoz bluetooth,Audio,78.46,1.0,0.0,5.91,Andalucia
T2024-03880,2024-09-22,C0002,Camara web 1080p,Perifericos,65.16,1.0,0.0,5.59,Galicia
T2024-02101,2024-12-06,C0071,Tarjeta microSD 256 GB,Almacenamiento,31.53,1.0,30.0,5.35,Galicia
T2024-03069,2024-11-21,C0020,Auriculares inalambricos,Audio,123.69,5.0,20.0,0.0,Galicia
T2024-04700,2024-10-07,C1081,Auriculares con cable,Perifericos,25.7,4.0,0.0,0.0,Comunitat Valenciana
T2024-03637,2024-06-06,C0409,Raton ergonomico,Perifericos,44.84,1.0,25.0,6.52,Comunitat Valenciana
T2024-00562,2024-04-07,C0051,Disco SSD 2 TB,Almacenamiento,172.81,1.0,0.0,0.0,Pais Vasco
T2024-01808,2024-06-15,C0006,Raton ergonomico,Perifericos,43.78,2.0,15.0,4.85,Madrid
T2024-01470,2024-01-15,C0002,Reloj inteligente,Vestible,188.9,1.0,20.0,0.0,Galicia
T2024-00064,2024-12-07,C0205,Altavoz bluetooth,Audio,69.18,2.0,10.0,0.0,Cataluna
T2024-00071,2024-12-19,C0070,Auriculares inalambricos,Audio,133.05,2.0,10.0,0.0,Andalucia
T2024-02369,2024-04-29,C0217,Disco SSD 1 TB,Almacenamiento,91.03,1.0,5.0,4.02,Cataluna
T2024-03465,2024-05-28,C0022,Altavoz bluetooth,Audio,78.23,1.0,0.0,3.01,Comunitat Valenciana
T2024-04555,2024-02-21,C0428,Altavoz bluetooth,Audio,78.91,2.0,10.0,9.26,Canarias
T2024-02375,2024-12-14,C0787,Camara web 1080p,Perifericos,67.18,2.0,20.0,0.0,Madrid
T2024-00601,2024-12-08,C0028,Barra de sonido,Audio,187.54,2.0,20.0,0.0,Andalucia
T2024-00721,2024-04-14,C0023,Pulsera de actividad,Vestible,59.68,5.0,0.0,0.0,Madrid
T2024-01176,2024-02-27,C1048,Tarjeta microSD 256 GB,Almacenamiento,30.74,1.0,0.0,3.14,Madrid
T2024-00982,2024-11-03,C0161,Movil gama media,Telefonia,299.47,,0.0,0.0,Comunitat Valenciana
T2024-01992,2024-12-25,C0093,Tarjeta microSD 256 GB,Almacenamiento,36.34,2.0,0.0,4.23,Galicia
T2024-00892,2024-07-08,C0046,Movil gama media,Telefonia,309.24,1.0,0.0,0.0,Andalucia
T2024-03555,2024-10-09,C0977,Altavoz bluetooth,Audio,79.35,1.0,20.0,6.26,Cataluna
T2024-00393,2024-01-21,C0613,Movil gama alta,Telefonia,944.81,1.0,10.0,10.69,Canarias
T2024-01931,2024-01-25,C0111,Camara web 1080p,Perifericos,73.12,1.0,20.0,9.48,Canarias
T2024-04805,2024-07-02,C0546,Raton ergonomico,Perifericos,48.36,2.0,25.0,5.9,Madrid
T2024-00501,2024-07-14,C1066,Auriculares con cable,Perifericos,29.62,1.0,0.0,9.3,Canarias
T2024-03703,2024-10-08,C0056,Altavoz bluetooth,Audio,68.04,5.0,15.0,0.0,Comunitat Valenciana
T2024-00475,2024-11-02,C0290,Pulsera de actividad,Vestible,58.53,4.0,0.0,0.0,Madrid
T2024-03754,2024-03-08,C0051,Auriculares con cable,Perifericos,33.01,4.0,15.0,0.0,Cataluna
T2024-02656,2024-04-03,C0006,Disco SSD 1 TB,Almacenamiento,96.15,3.0,0.0,0.0,Comunitat Valenciana
T2024-02677,2024-12-08,C0010,Raton ergonomico,Perifericos,46.42,1.0,0.0,4.03,Cataluna
T2024-00914,2024-07-06,C0479,Auriculares con cable,Perifericos,29.14,3.0,15.0,3.03,Pais Vasco
T2024-04196,2024-12-22,C1090,Teclado mecanico,Perifericos,95.51,500.0,20.0,5.85,Cataluna
T2024-03491,2024-12-14,C0616,Altavoz bluetooth,Audio,78.22,4.0,30.0,0.0,Cataluna
T2024-03014,2024-01-28,C0005,Raton ergonomico,Perifericos,43.5,2.0,5.0,3.44,Andalucia
T2024-03452,2024-05-26,C0141,Teclado mecanico,Perifericos,94.78,4.0,0.0,0.0,Andalucia
T2024-03990,2024-11-18,C0214,Tarjeta microSD 256 GB,Almacenamiento,36.68,4.0,0.0,0.0,Cataluna
T2024-04717,2024-02-17,C0158,Pulsera de actividad,Vestible,55.46,2.0,25.0,0.0,Comunitat Valenciana
T2024-00407,2024-05-24,C0741,Teclado mecanico,Perifericos,81.13,1.0,20.0,6.05,Pais Vasco
T2024-01148,2024-11-10,C0032,Reloj inteligente,Vestible,193.7,2.0,30.0,14.68,Canarias
T2024-01468,2024-06-16,C0003,Camara web 1080p,Perifericos,65.05,2.0,25.0,0.0,Madrid
T2024-03615,2024-01-14,C0285,Auriculares con cable,Perifericos,29.97,2.0,0.0,6.71,Cataluna
T2024-01838,2024-04-02,C0024,Raton ergonomico,Perifericos,51.27,5.0,0.0,0.0,Galicia
T2024-02242,2024-01-29,C0245,Auriculares con cable,Perifericos,29.64,3.0,10.0,3.07,Andalucia
T2024-04289,2024-02-24,C0359,Altavoz bluetooth,Audio,82.87,1.0,10.0,5.45,Comunitat Valenciana
T2024-03758,2024-12-27,C0032,Auriculares con cable,Perifericos,30.74,1.0,5.0,5.67,Pais Vasco
T2024-03934,2024-12-12,C0379,Camara web 1080p,Perifericos,69.27,1.0,30.0,8.77,Canarias
T2024-04127,2024-07-28,C0213,Tarjeta microSD 256 GB,Almacenamiento,32.64,1.0,0.0,4.41,Andalucia
T2024-02496,2024-11-24,C0558,Tarjeta microSD 256 GB,Almacenamiento,30.28,5.0,15.0,0.0,Andalucia
T2024-02027,2024-12-13,C0532,Movil gama media,Telefonia,349.14,1.0,,0.0,Madrid
T2024-01126,2024-03-05,C0009,Pulsera de actividad,Vestible,66.51,3.0,5.0,0.0,Madrid
T2024-01224,2024-04-25,C0018,Tarjeta microSD 256 GB,Almacenamiento,29.41,5.0,0.0,0.0,Comunitat Valenciana
T2024-00895,2024-12-28,C0020,Barra de sonido,Audio,189.16,5.0,10.0,0.0,Comunitat Valenciana
T2024-00096,2024-06-22,C0165,Raton ergonomico,Perifericos,52.2,2.0,25.0,0.0,Comunitat Valenciana
T2024-02679,2024-11-20,C0002,Camara web 1080p,Perifericos,67.12,1.0,0.0,3.65,Galicia
T2024-04929,2024-10-20,C0167,Camara web 1080p,Perifericos,73.75,1.0,,3.28,Pais Vasco
T2024-00540,2024-07-14,C0005,Altavoz bluetooth,Audio,87.74,4.0,30.0,0.0,Andalucia
T2024-04692,2024-02-01,C0638,Barra de sonido,Audio,179.38,1.0,10.0,0.0,Comunitat Valenciana
T2024-01395,2024-01-11,C0172,Altavoz bluetooth, Audio ,76.5,1.0,10.0,10.8,Canarias
T2024-00886,2024-11-28,C0007,Auriculares con cable,Perifericos,27.31,1.0,,3.68,Madrid
T2024-04804,2024-01-31,C0318,Raton ergonomico,Perifericos,42.26,5.0,0.0,0.0,Madrid
T2024-04298,2024-10-12,C0261,Tablet 10 pulgadas,Telefonia,288.19,1.0,0.0,0.0,Pais Vasco
T2024-02704,2024-04-16,C0282,Reloj inteligente,Vestible,173.82,2.0,,0.0,Comunitat Valenciana
T2024-02014,2024-09-11,C0054,Tarjeta microSD 256 GB,Almacenamiento,34.73,5.0,0.0,0.0,Madrid
T2024-04291,2024-06-30,C0183,Pulsera de actividad,Vestible,58.99,1.0,0.0,6.1,Cataluna
T2024-03196,2024-11-27,C0816,Tarjeta microSD 256 GB,Almacenamiento,35.64,2.0,0.0,6.01,Cataluna
T2024-03150,2024-04-10,C0048,Auriculares con cable,Perifericos,29.21,4.0,20.0,0.0,Pais Vasco
T2024-04724,2024-09-27,C0026,Camara web 1080p,Perifericos,65.93,1.0,30.0,5.96,Comunitat Valenciana
T2024-00458,2024-03-11,C0380,Reloj inteligente,Vestible,198.46,2.0,,0.0,Cataluna
T2024-03054,2024-04-09,C0006,Tarjeta microSD 256 GB,Almacenamiento,28.83,5.0,0.0,0.0,Comunitat Valenciana
T2024-00551,2024-11-16,C0849,Movil gama alta,Telefonia,1040.56,3.0,20.0,0.0,Cataluna
T2024-03625,2024-11-09,C0105,Tarjeta microSD 256 GB,Almacenamiento,34.55,2.0,0.0,3.14,Cataluna
T2024-04837,2024-03-23,C0004,Raton ergonomico,Perifericos,42.87,5.0,0.0,0.0,Comunitat Valenciana
T2024-01193,2024-10-03,C0011,Reloj inteligente,Vestible,176.26,2.0,0.0,0.0,Comunitat Valenciana
T2024-03526,2024-04-09,C0104,Camara web 1080p,Perifericos,71.42,4.0,25.0,0.0,Cataluna
T2024-00704,2024-01-06,C1103,Disco SSD 2 TB,Almacenamiento,170.92,2.0,30.0,0.0,Comunitat Valenciana
T2024-01065,2024-07-18,C0021,Portatil 14 pulgadas,Informatica,971.37,1.0,0.0,0.0,Cataluna
T2024-04588,2024-01-12,C0064,Teclado mecanico,Perifericos,94.09,3.0,0.0,0.0,Andalucia
T2024-00661,2024-03-12,C0012,Tablet 10 pulgadas,Telefonia,257.29,1.0,30.0,0.0,Comunitat Valenciana
T2024-04755,2024-11-04,C0377,Raton ergonomico,Perifericos,51.7,1.0,0.0,4.37,Madrid
T2024-00854,2024-11-23,C1016,Movil gama media,Telefonia,339.79,1.0,0.0,0.0,Madrid
T2024-03204,2024-11-03,C0038,Teclado mecanico,Perifericos,90.78,4.0,0.0,0.0,Cataluna
T2024-01540,2024-09-22,C0002,Auriculares con cable,Perifericos,30.0,1.0,5.0,4.94,Cataluna
T2024-01195,2024-02-09,C0436,Auriculares con cable,Perifericos,26.82,1.0,0.0,4.34,Madrid
T2024-00891,2024-11-06,C0990,Camara web 1080p,Perifericos,65.73,2.0,30.0,12.84,Canarias
T2024-02959,2024-11-24,C0012,Reloj inteligente,Vestible,179.86,3.0,30.0,0.0,Galicia
T2024-04642,2024-03-01,C0003,Auriculares con cable,Perifericos,28.86,3.0,5.0,3.01,Pais Vasco
T2024-02888,2024-08-26,C0199,Pulsera de actividad,Vestible,56.76,2.0,0.0,8.23,Canarias
T2024-02900,2024-01-08,C0394,Teclado mecanico,Perifericos,86.01,1.0,0.0,6.68,Madrid
T2024-03337,2024-07-06,C0205,Altavoz bluetooth,Audio,79.94,1.0,0.0,6.13,Madrid
T2024-03343,2024-08-05,C0018,Raton ergonomico,Perifericos,48.09,4.0,0.0,0.0,Madrid
T2024-02949,2024-03-23,C0009,Altavoz bluetooth,Audio,75.24,5.0,0.0,0.0,Comunitat Valenciana
T2024-00970,2024-10-06,C0133,Tarjeta microSD 256 GB,Almacenamiento,38.56,2.0,0.0,4.36,Madrid
T2024-02979,2024-07-22,C0184,Pulsera de actividad,Vestible,54.33,2.0,10.0,0.0,Cataluna
T2024-01410,2024-05-12,C0002,Reloj inteligente,Vestible,197.05,2.0,5.0,0.0,Cataluna
T2024-01366,2024-09-03,C0181,Tarjeta microSD 256 GB,Almacenamiento,34.69,5.0,0.0,0.0,Andalucia
T2024-02629,2024-02-10,C0049,Tarjeta microSD 256 GB,Almacenamiento,31.93,2.0,0.0,3.13,Madrid
T2024-00304,2024-12-07,C0072,Barra de sonido,Audio,201.63,1.0,25.0,12.85,Canarias
T2024-02582,2024-03-26,C0059,Altavoz bluetooth,Audio,86.93,5.0,0.0,0.0,Andalucia
T2024-00161,2024-09-06,C0002,Tarjeta microSD 256 GB,Almacenamiento,32.86,1.0,0.0,3.34,Madrid
T2024-01274,2024-02-23,C0206,Teclado mecanico,Perifericos,84.8,2.0,15.0,0.0,Comunitat Valenciana
T2024-03428,2024-06-20,C0471,Auriculares inalambricos,Audio,127.14,3.0,30.0,0.0,Madrid
T2024-02736,2024-10-02,C0061,Pulsera de actividad,Vestible,55.45,2.0,0.0,10.2,Canarias
T2024-03352,2024-01-07,C0603,Disco SSD 1 TB,Almacenamiento,100.06,2.0,0.0,0.0,Andalucia
T2024-04180,2024-12-09,C0018,Disco SSD 2 TB,Almacenamiento,169.05,1.0,0.0,0.0,Andalucia
T2024-00049,2024-11-30,C1093,Disco SSD 2 TB,Almacenamiento,144.14,1.0,25.0,0.0,Comunitat Valenciana
T2024-04850,2024-04-07,C0967,Altavoz bluetooth,Audio,81.76,1.0,0.0,6.83,Comunitat Valenciana
T2024-03997,2024-12-19,C0196,Disco SSD 1 TB,Almacenamiento,102.2,5.0,0.0,0.0,Comunitat Valenciana
T2024-00041,2024-09-28,C0001,Camara web 1080p,Perifericos,67.61,2.0,0.0,0.0,Madrid
T2024-04931,2024-06-09,C1029,Barra de sonido,Audio,195.08,2.0,10.0,0.0,Cataluna
T2024-02983,2024-12-19,C0021,Disco SSD 2 TB,Almacenamiento,184.15,1.0,0.0,0.0,Comunitat Valenciana
T2024-02376,2024-12-25,C0009,Tablet 10 pulgadas,Telefonia,251.59,2.0,0.0,0.0,Galicia
T2024-01412,2024-01-07,C0003,Camara web 1080p,Perifericos,73.62,3.0,0.0,0.0,Pais Vasco
T2024-00636,2024-04-05,C0098,Monitor 27 pulgadas,Informatica,239.42,1.0,0.0,0.0,Madrid
T2024-04959,2024-07-30,C0002,Disco SSD 1 TB,Almacenamiento,93.09,4.0,0.0,0.0,Cataluna
T2024-04963,2024-05-18,C1107,Tarjeta microSD 256 GB,Almacenamiento,30.66,2.0,0.0,4.59,Cataluna
T2024-03310,2024-12-24,C0020,Tablet 10 pulgadas,Telefonia,263.47,1.0,15.0,0.0,Andalucia
T2024-03064,2024-09-08,C0003,Auriculares inalambricos,Audio,130.89,1.0,10.0,0.0,Madrid
T2024-04728,2024-03-21,C0168,Altavoz bluetooth,Audio,75.81,1.0,5.0,6.7,Pais Vasco
T2024-00039,2024-04-05,C0713,Raton ergonomico,Perifericos,46.88,1.0,20.0,3.52,Madrid
T2024-00466,2024-07-26,C0551,Disco SSD 2 TB,Almacenamiento,166.1,2.0,0.0,0.0,Cataluna
T2024-03084,2024-09-10,C0001,Barra de sonido,Audio,192.1,3.0,10.0,0.0,Comunitat Valenciana
T2024-00002,2024-04-17,C0202,Auriculares inalambricos,Audio,130.14,2.0,10.0,0.0,Andalucia
T2024-01513,2024-03-01,C0001,Barra de sonido,Audio,184.37,1.0,25.0,0.0,Madrid
T2024-01757,2024-07-04,C0001,Tarjeta microSD 256 GB,Almacenamiento,31.77,4.0,5.0,14.39,Canarias
T2024-04725,2024-11-19,C0506,Auriculares con cable,Perifericos,28.9,1.0,0.0,5.12,Andalucia
T2024-02800,2024-03-19,C0002,Movil gama media,Telefonia,333.81,1.0,0.0,0.0,Madrid
T2024-04564,2024-12-13,C0263,Tablet 10 pulgadas,Telefonia,275.95,2.0,30.0,0.0,Andalucia
T2024-03629,2024-01-19,C0427,Auriculares con cable,Perifericos,28.38,1.0,0.0,5.68,Madrid
T2024-02828,2024-07-27,C0650,Raton ergonomico,Perifericos,45.64,1.0,0.0,5.66,Comunitat Valenciana
T2024-04165,2024-06-26,C0126,Raton ergonomico,perifericos,50.28,1.0,30.0,3.57,Madrid
T2024-03606,2024-08-16,C0001,Teclado mecanico,Perifericos,85.64,4.0,0.0,0.0,Andalucia
T2024-00255,2024-12-04,C0052,Tablet 10 pulgadas,Telefonia,278.6,2.0,0.0,0.0,Comunitat Valenciana
T2024-04998,2024-12-03,C1163,Auriculares con cable,Perifericos,28.45,4.0,0.0,0.0,Cataluna
T2024-02793,2024-07-08,C0024,Barra de sonido,Audio,182.61,2.0,0.0,0.0,Andalucia
T2024-00369,2024-04-14,C0018,Reloj inteligente,Vestible,166.43,1.0,0.0,0.0,Andalucia
T2024-02460,2024-11-27,C0220,Pulsera de actividad,Vestible,63.34,2.0,0.0,0.0,Andalucia
T2024-01886,2024-01-13,C0798,Tarjeta microSD 256 GB,Almacenamiento,31.59,2.0,10.0,6.34,Comunitat Valenciana
T2024-D0048,2024-12-24,C0020,Tablet 10 pulgadas,Telefonia,263.47,1.0,15.0,0.0,Andalucia
T2024-04218,2024-07-13,C1147,Altavoz bluetooth,Audio,83.69,1.0,10.0,2.98,Pais Vasco
T2024-04759,2024-11-27,C0039,Pulsera de actividad,Vestible,53.97,2.0,0.0,0.0,Cataluna
T2024-03875,2024-09-08,C0310,Raton ergonomico,Perifericos,44.38,5.0,0.0,0.0,Madrid
T2024-01316,2024-12-01,C1131,Altavoz bluetooth,Audio,90.53,5.0,25.0,0.0,Madrid
T2024-04406,2024-11-27,C0004,Auriculares con cable,Perifericos,32.09,1.0,0.0,4.02,Comunitat Valenciana
T2024-02378,2024-03-25,C0003,Auriculares inalambricos,Audio,126.47,3.0,30.0,0.0,Comunitat Valenciana
T2024-00321,2024-09-06,C0181,Monitor 27 pulgadas,Informatica,251.51,5.0,10.0,0.0,Madrid
T2024-00731,2024-10-25,C0148,Auriculares con cable,Perifericos,29.34,1.0,30.0,3.2,Comunitat Valenciana
T2024-00157,2024-11-20,C0032,Disco SSD 1 TB,Almacenamiento,96.09,4.0,30.0,0.0,Andalucia
T2024-00218,2024-05-10,C0683,Teclado mecanico,Perifericos,95.29,2.0,25.0,0.0,Madrid
T2024-03078,2024-12-06,C0327,Tarjeta microSD 256 GB,Almacenamiento,29.93,2.0,0.0,9.23,Canarias
T2024-01813,2024-04-14,C0218,Movil gama media,Telefonia,344.71,1.0,15.0,0.0,Madrid
T2024-04965,2024-08-24,C0052,Tarjeta microSD 256 GB,Almacenamiento,35.62,1.0,15.0,5.62,Cataluna
T2024-01026,2024-03-28,C0787,Movil gama media,Telefonia,348.19,2.0,0.0,0.0,Comunitat Valenciana
T2024-04832,2024-04-12,C0682,Tarjeta microSD 256 GB,Almacenamiento,36.79,1.0,0.0,4.29,Pais Vasco
T2024-04807,2024-03-03,C0018,Auriculares con cable,Perifericos,29.74,3.0,15.0,3.81,Pais Vasco
T2024-03956,2024-11-20,C0728,Portatil 14 pulgadas,Informatica,926.02,3.0,10.0,0.0,Andalucia
T2024-01926,2024-10-04,C0435,Altavoz bluetooth,Audio,86.06,3.0,10.0,0.0,Comunitat Valenciana
T2024-02439,2024-05-25,C0440,Camara web 1080p,Perifericos,75.29,1.0,0.0,9.21,Canarias
T2024-04560,2024-08-19,C0009,Pulsera de actividad,Vestible,55.49,3.0,5.0,0.0,Andalucia
T2024-00898,2024-06-24,C0953,Tarjeta microSD 256 GB,Almacenamiento,37.36,2.0,5.0,4.16,Cataluna
T2024-02721,2024-05-24,C0165,Disco SSD 2 TB,Almacenamiento,179.04,5.0,20.0,0.0,Comunitat Valenciana
T2024-01576,2024-09-09,C0002,Auriculares con cable,Perifericos,25.19,1.0,10.0,6.16,Cataluna
T2024-00541,2024-01-01,C0015,Raton ergonomico,Perifericos,39.25,1.0,,4.65,Comunitat Valenciana
T2024-01624,2024-01-25,C0257,Reloj inteligente,Vestible,190.9,3.0,5.0,0.0,Comunitat Valenciana
T2024-02790,2024-11-17,C0137,Camara web 1080p,Perifericos,71.21,5.0,30.0,0.0,Comunitat Valenciana
T2024-03732,2024-12-23,C0059,Tarjeta microSD 256 GB,Almacenamiento,32.41,1.0,0.0,5.17,Comunitat Valenciana
T2024-03023,2024-07-03,C0074,Disco SSD 1 TB,Almacenamiento,97.06,2.0,0.0,0.0,Comunitat Valenciana
T2024-02468,2024-12-05,C0003,Tarjeta microSD 256 GB,Almacenamiento,35.16,4.0,0.0,0.0,Madrid
T2024-00209,2024-02-24,C0134,Tarjeta microSD 256 GB,Almacenamiento,32.33,1.0,30.0,6.84,Pais Vasco
T2024-00735,2024-10-27,C0751,Auriculares con cable,Perifericos,31.77,3.0,15.0,5.77,Madrid
T2024-01098,2024-06-23,C0066,Disco SSD 2 TB,Almacenamiento,168.24,1.0,0.0,0.0,Comunitat Valenciana
T2024-01585,2024-03-21,C0162,Disco SSD 1 TB,Almacenamiento,97.22,2.0,20.0,0.0,Madrid
T2024-04764,2024-07-19,C0004,Raton ergonomico,Perifericos,-44.87,250.0,0.0,0.0,Pais Vasco
T2024-00090,2024-04-24,C0136,Barra de sonido,Audio,203.46,1.0,0.0,0.0,Madrid
T2024-01025,2024-06-18,C0572,Auriculares con cable,Perifericos,29.02,1.0,0.0,6.06,Comunitat Valenciana
T2024-00844,2024-11-22,C1005,Pulsera de actividad,Vestible,63.32,1.0,0.0,5.34,Comunitat Valenciana
T2024-01490,2024-09-06,C0029,Altavoz bluetooth,Audio,79.27,4.0,10.0,0.0,Galicia
T2024-03807,2024-12-16,C0180,Reloj inteligente,Vestible,164.82,1.0,5.0,0.0,Madrid
T2024-01190,2024-06-01,C0103,Auriculares con cable,Perifericos,24.78,1.0,0.0,4.0,Pais Vasco
T2024-03760,2024-01-04,C0544,Altavoz bluetooth,Audio,80.17,5.0,35.0,0.0,Comunitat Valenciana
T2024-03721,2024-09-21,C0084,Teclado mecanico,Perifericos,93.97,1.0,10.0,4.89,Comunitat Valenciana
T2024-01710,2024-05-28,C0212,Tarjeta microSD 256 GB,Almacenamiento,35.22,4.0,0.0,0.0,Madrid
T2024-02059,2024-03-03,C0643,Teclado mecanico,Perifericos,81.57,1.0,0.0,3.65,Comunitat Valenciana
T2024-04639,2024-12-13,C0689,Raton ergonomico,Perifericos,40.04,5.0,0.0,0.0,Madrid
T2024-01846,2024-06-27,C0476,Portatil 14 pulgadas,Informatica,866.12,2.0,10.0,0.0,Cataluna
T2024-04184,2024-02-12,C0054,Reloj inteligente,Vestible,197.39,3.0,125.0,0.0,Andalucia
T2024-03294,2024-02-11,C0045,Auriculares con cable,Perifericos,29.55,3.0,30.0,3.66,Madrid
T2024-01120,2024-07-06,C0174,Camara web 1080p,Perifericos,69.36,2.0,0.0,0.0,Pais Vasco
T2024-01090,2024-07-09,C1002,Pulsera de actividad,Vestible,58.91,1.0,0.0,6.59,Andalucia
T2024-02584,2024-12-13,C0498,Teclado mecanico,Perifericos,86.67,3.0,10.0,0.0,Comunitat Valenciana
T2024-04325,2024-12-01,C0007,Tarjeta microSD 256 GB,Almacenamiento,32.81,2.0,30.0,4.7,Cataluna
T2024-04428,2024-09-28,C0005,Tarjeta microSD 256 GB,Almacenamiento,29.24,4.0,0.0,0.0,Comunitat Valenciana
T2024-02417,2024-07-02,C0001,Reloj inteligente,Vestible,199.45,1.0,15.0,0.0,Andalucia
T2024-01444,2024-04-22,C0074,Tablet 10 pulgadas,Telefonía,280.17,1.0,25.0,0.0,Andalucia
T2024-04260,2024-11-22,C0813,Disco SSD 1 TB,Almacenamiento,100.53,1.0,0.0,0.0,Madrid
T2024-04967,2024-11-15,C0011,Barra de sonido,Audio,193.82,3.0,5.0,0.0,Cataluna
T2024-03829,2024-12-03,C0166,Auriculares con cable,Perifericos,28.54,5.0,15.0,0.0,Comunitat Valenciana
T2024-02636,2024-04-23,C0042,Disco SSD 1 TB,Almacenamiento,100.07,4.0,0.0,0.0,Galicia
T2024-02055,2024-01-12,C0523,Tarjeta microSD 256 GB,Almacenamiento,37.7,2.0,0.0,6.87,Galicia
T2024-02768,2024-10-28,C0006,Camara web 1080p,Perifericos,66.99,1.0,0.0,5.26,Galicia
T2024-04332,2024-12-08,C0055,Monitor 27 pulgadas,Informatica,231.8,5.0,0.0,13.6,Canarias
T2024-04915,2024-11-23,C0056,Auriculares con cable,Perifericos,30.25,1.0,30.0,6.41,Madrid
T2024-03427,2024-01-28,C0097,Teclado mecanico,Perifericos,87.55,1.0,0.0,4.64,Madrid
T2024-00339,2024-12-28,C0001,Camara web 1080p,Perifericos,63.73,1.0,30.0,5.65,Madrid
T2024-00133,2024-12-09,C0145,Barra de sonido, Audio ,196.49,2.0,,0.0,Cataluna
T2024-01206,2024-07-20,C0210,Movil gama media,Telefonia,364.08,2.0,5.0,0.0,Madrid
T2024-01091,2024-04-01,C0418,Auriculares con cable,Perifericos,32.17,2.0,30.0,4.69,Pais Vasco
T2024-02217,2024-08-26,C0145,Disco SSD 1 TB,Almacenamiento,103.21,1.0,25.0,10.84,Canarias
T2024-00599,2024-05-13,C0088,Disco SSD 1 TB,Almacenamiento,98.86,1.0,10.0,4.88,Andalucia
T2024-01277,2024-04-18,C0688,Disco SSD 1 TB,Almacenamiento,102.61,5.0,30.0,0.0,Galicia
T2024-03200,2024-10-29,C0194,Monitor 27 pulgadas,Informatica,263.56,1.0,0.0,0.0,Comunitat Valenciana
T2024-03437,2024-12-21,C0001,Auriculares con cable,Perifericos,32.09,1.0,0.0,5.89,Madrid
T2024-02399,2024-06-23,C0001,Auriculares con cable,Perifericos,28.08,5.0,0.0,0.0,Andalucia
T2024-00442,2024-03-26,C0226,Auriculares con cable,Perifericos,29.04,3.0,0.0,6.88,Cataluna
T2024-01443,2024-03-19,C1095,Tarjeta microSD 256 GB,Almacenamiento,37.04,5.0,0.0,0.0,Cataluna
T2024-00310,2024-10-22,C0026,Teclado mecanico,Perifericos,83.2,2.0,,0.0,Madrid
T2024-01827,2024-07-19,C0063,Tablet 10 pulgadas,Telefonia,265.74,5.0,0.0,0.0,Cataluna
T2024-04790,2024-08-16,C0096,Barra de sonido,Audio,179.49,3.0,0.0,0.0,Andalucia
T2024-04500,2024-07-14,C0100,Barra de sonido, Audio ,188.54,1.0,0.0,0.0,Cataluna
T2024-00142,2024-01-07,C0011,Camara web 1080p,Perifericos,57.28,3.0,20.0,0.0,Andalucia
T2024-02135,2024-09-29,C0005,Barra de sonido,Audio,208.25,2.0,0.0,0.0,Andalucia
T2024-02838,2024-01-06,C0432,Raton ergonomico,Perifericos,41.5,2.0,0.0,4.75,Andalucia
T2024-02695,2024-11-25,C0001,Tarjeta microSD 256 GB,Almacenamiento,34.79,3.0,0.0,0.0,Pais Vasco
T2024-00148,2024-01-27,C0312,Auriculares con cable,Perifericos,27.27,2.0,5.0,3.93,Comunitat Valenciana
T2024-02891,2024-02-17,C0093,Teclado mecanico,Perifericos,94.94,5.0,25.0,0.0,Cataluna
T2024-03559,2024-05-02,C0003,Monitor 27 pulgadas,Informatica,248.35,1.0,0.0,0.0,Madrid
T2024-01538,2024-12-28,C0007,Pulsera de actividad,Vestible,59.68,4.0,0.0,0.0,Galicia
T2024-02966,2024-02-24,C0040,Auriculares con cable,Perifericos,28.22,1.0,0.0,4.67,Andalucia
T2024-04275,2024-12-20,C0039,Barra de sonido,Audio,187.99,4.0,0.0,0.0,Comunitat Valenciana
T2024-02724,2024-12-15,C0297,Tarjeta microSD 256 GB,Almacenamiento,36.39,3.0,15.0,0.0,Cataluna
T2024-02374,2024-12-22,C0131,Reloj inteligente,Vestible,194.86,4.0,0.0,0.0,Comunitat Valenciana
T2024-03779,2024-11-16,C0095,Tablet 10 pulgadas,Telefonía,262.21,2.0,0.0,0.0,Madrid
T2024-00245,2024-08-15,C0040,Raton ergonomico,Perifericos,43.68,5.0,0.0,0.0,Cataluna
T2024-03179,2024-09-04,C0002,Pulsera de actividad,Vestible,60.4,2.0,0.0,0.0,Madrid
T2024-D0059,2024-11-17,C0412,Pulsera de actividad,Vestible,60.71,2.0,0.0,0.0,Andalucia
T2024-01139,2024-08-14,C0191,Tablet 10 pulgadas,Telefonia,304.06,3.0,0.0,0.0,Comunitat Valenciana
T2024-02599,2024-08-27,C0300,Pulsera de actividad,Vestible,58.24,5.0,0.0,0.0,Comunitat Valenciana
T2024-02633,2024-12-25,C0001,Monitor 27 pulgadas,Informatica,267.8,4.0,15.0,0.0,Comunitat Valenciana
T2024-03170,2024-09-09,C0129,Tarjeta microSD 256 GB,Almacenamiento,32.66,5.0,0.0,0.0,Madrid
T2024-04978,2024-05-08,C0213,Tarjeta microSD 256 GB,Almacenamiento,32.85,3.0,0.0,5.28,Andalucia
T2024-02520,2024-10-03,C0282,Disco SSD 2 TB,Almacenamiento,188.23,1.0,0.0,0.0,Madrid
T2024-01714,2024-04-02,C1149,Auriculares con cable,Perifericos,28.47,1.0,15.0,3.72,Madrid
T2024-04456,2024-09-15,C0216,Teclado mecanico,Perifericos,94.2,4.0,0.0,0.0,Cataluna
T2024-02908,2024-11-17,C0002,Movil gama media,Telefonia,369.54,4.0,25.0,0.0,Madrid
T2024-04851,2024-07-28,C0001,Reloj inteligente,Vestible,199.54,,20.0,0.0,Comunitat Valenciana
T2024-04012,2024-11-28,C0993,Barra de sonido,Audio,183.19,1.0,10.0,0.0,Cataluna
T2024-00899,2024-12-16,C0758,Raton ergonomico,Perifericos,46.86,1.0,0.0,5.22,Comunitat Valenciana
T2024-00216,2024-03-23,C1056,Barra de sonido,Audio,199.93,4.0,0.0,0.0,Cataluna
T2024-04763,2024-04-19,C0831,Tablet 10 pulgadas,Telefonia,256.79,2.0,0.0,0.0,Galicia
T2024-02216,2024-05-24,C0096,Tarjeta microSD 256 GB,Almacenamiento,37.81,3.0,0.0,0.0,Galicia
T2024-00426,2024-03-29,C0441,Disco SSD 2 TB,Almacenamiento,178.84,4.0,0.0,0.0,Madrid
T2024-04843,2024-11-02,C0024,Teclado mecanico,Perifericos,87.66,4.0,0.0,0.0,Pais Vasco
T2024-00094,2024-09-28,C0005,Reloj inteligente,Vestible,179.12,1.0,0.0,0.0,Madrid
T2024-02119,2024-12-08,C0037,Altavoz bluetooth,Audio,84.18,3.0,25.0,0.0,Cataluna
T2024-00897,2024-11-05,C0001,Barra de sonido,Audio,191.5,2.0,10.0,0.0,Comunitat Valenciana
T2024-04482,2024-07-07,C0040,Barra de sonido,Audio,206.1,2.0,0.0,0.0,Comunitat Valenciana
T2024-02615,2024-04-02,C0215,Disco SSD 2 TB,Almacenamiento,192.26,1.0,0.0,0.0,Cataluna
T2024-02684,2024-01-01,C0364,Reloj inteligente,Vestible,184.88,2.0,0.0,0.0,Madrid
T2024-03571,2024-07-10,C0993,Pulsera de actividad,Vestible,53.51,2.0,,0.0,Andalucia
T2024-02419,2024-04-11,C0248,Teclado mecanico,Perifericos,87.46,3.0,5.0,0.0,Cataluna
T2024-04624,2024-03-24,C0522,Disco SSD 1 TB,Almacenamiento,98.25,4.0,15.0,0.0,Madrid
T2024-04046,2024-03-25,C0541,Reloj inteligente,Vestible,189.24,1.0,10.0,0.0,Madrid
T2024-03849,2024-11-18,C0045,Raton ergonomico,Perifericos,41.92,2.0,0.0,4.99,Comunitat Valenciana
T2024-01969,2024-03-07,C0041,Auriculares inalambricos,Audio,120.5,1.0,30.0,0.0,Andalucia
T2024-00314,2024-02-20,C0036,Camara web 1080p,Perifericos,59.67,1.0,0.0,4.69,Madrid
T2024-D0036,2024-12-18,C0119,Altavoz bluetooth,Audio,82.59,250.0,10.0,4.98,Andalucia
T2024-04188,2024-03-20,C0314,Tarjeta microSD 256 GB,Almacenamiento,34.36,5.0,20.0,0.0,Cataluna
T2024-02542,2024-01-27,C0002,Tarjeta microSD 256 GB,Almacenamiento,36.76,5.0,0.0,0.0,Comunitat Valenciana
T2024-00009,2024-11-19,C0096,Monitor 27 pulgadas,Informatica,247.71,1.0,0.0,0.0,Madrid
T2024-04934,2024-09-03,C0547,Reloj inteligente,Vestible,209.89,1.0,0.0,0.0,Cataluna
T2024-01281,2024-12-06,C0012,Altavoz bluetooth,Audio,86.17,1.0,0.0,5.71,Galicia
T2024-04986,2024-09-04,C0860,Movil gama alta,Telefonia,950.93,5.0,0.0,0.0,Madrid
T2024-D0005,2024-01-23,C0584,Tarjeta microSD 256 GB,Almacenamiento,35.66,1.0,0.0,4.2,
T2024-00743,2024-11-13,C0624,Disco SSD 2 TB,Almacenamiento,169.82,2.0,0.0,0.0,Andalucia
T2024-01486,2024-11-05,C0001,Auriculares inalambricos,Audio,130.35,2.0,0.0,0.0,Andalucia
T2024-00734,2024-12-13,C0001,Portatil 16 pulgadas,Informatica,1543.82,5.0,0.0,0.0,Galicia
T2024-04858,2024-03-12,C0095,Pulsera de actividad,Vestible,55.56,4.0,15.0,0.0,Madrid
T2024-00711,2024-02-04,C0013,Camara web 1080p,Perifericos,68.86,3.0,0.0,10.5,Canarias
T2024-02840,2024-11-03,C0753,Auriculares inalambricos,Audio,139.96,2.0,25.0,0.0,Cataluna
T2024-02427,2024-11-11,C0059,Auriculares con cable,Perifericos,27.78,5.0,0.0,0.0,Andalucia
T2024-01293,2024-01-31,C0007,Reloj inteligente,Vestible,205.09,1.0,0.0,0.0,Madrid
T2024-03564,2024-01-22,C0001,Movil gama alta,Telefonia,912.01,3.0,20.0,0.0,Cataluna
T2024-03266,2024-01-27,C0795,Raton ergonomico,Perifericos,42.55,4.0,30.0,0.0,Comunitat Valenciana
T2024-02759,2024-04-06,C0359,Raton ergonomico,Perifericos,49.66,1.0,,6.1,Madrid
T2024-01346,2024-06-27,C0428,Auriculares inalambricos,Audio,136.79,4.0,150.0,0.0,Comunitat Valenciana
T2024-04803,2024-07-11,C0532,Disco SSD 1 TB,Almacenamiento,89.35,1.0,0.0,3.53,Madrid
T2024-01417,2024-09-24,C0049,Movil gama media,Telefonia,348.84,,15.0,0.0,Andalucia
T2024-03066,2024-12-14,C0015,Movil gama media,Telefonia,344.05,1.0,20.0,0.0,Comunitat Valenciana
T2024-04066,2024-08-15,C0011,Tarjeta microSD 256 GB,Almacenamiento,36.81,1.0,0.0,6.29,Andalucia
T2024-04549,2024-12-22,C0242,Movil gama media,Telefonia,345.95,2.0,5.0,0.0,Comunitat Valenciana
T2024-04909,2024-05-15,C0099,Auriculares inalambricos,Audio,129.47,5.0,0.0,0.0,Madrid
T2024-01418,2024-03-15,C0217,Reloj inteligente,Vestible,206.45,4.0,,0.0,Comunitat Valenciana
T2024-01402,2024-04-08,C0096,Teclado mecanico,Perifericos,90.42,5.0,0.0,14.56,Canarias
T2024-02379,2024-06-17,C0300,Raton ergonomico,Perifericos,44.91,3.0,0.0,0.0,Cataluna
T2024-03320,2024-06-01,C0962,Altavoz bluetooth,Audio,78.66,1.0,0.0,6.86,Pais Vasco
T2024-02926,2024-04-19,C0858,Auriculares con cable,Perifericos,27.67,4.0,0.0,0.0,Madrid
T2024-02471,2024-12-02,C0490,Disco SSD 1 TB,Almacenamiento,104.21,4.0,0.0,0.0,Cataluna
T2024-00311,2024-09-03,C0005,Tarjeta microSD 256 GB,Almacenamiento,35.02,1.0,0.0,5.79,Andalucia
T2024-00523,2024-11-03,C0965,Reloj inteligente,Vestible,182.88,2.0,0.0,0.0,Cataluna
T2024-03978,2024-12-08,C0001,Barra de sonido,Audio,189.01,1.0,30.0,11.65,Canarias
T2024-D0029,2024-06-10,C0008,Altavoz bluetooth,Audio,86.35,5.0,-5.0,0.0,Madrid
T2024-01433,2024-02-04,C0724,Camara web 1080p,Perifericos,74.03,4.0,0.0,0.0,Galicia
T2024-01273,2024-07-26,C0445,Altavoz bluetooth,Audio,76.51,1.0,0.0,4.48,Comunitat Valenciana
T2024-03984,2024-12-28,C0019,Monitor 27 pulgadas,Informatica,258.96,1.0,0.0,0.0,Galicia
T2024-02300,2024-07-16,C0037,Pulsera de actividad,Vestible,64.9,1.0,20.0,4.39,Cataluna
T2024-02060,2024-07-14,C0539,Teclado mecanico,Perifericos,84.3,3.0,15.0,0.0,Cataluna
T2024-03634,2024-11-05,C0002,Altavoz bluetooth,Audio,79.44,2.0,5.0,0.0,Madrid
T2024-03470,2024-12-14,C0205,Barra de sonido,Audio,186.99,4.0,20.0,0.0,Madrid
T2024-03306,2024-02-09,C0002,Raton ergonomico,perifericos,43.99,2.0,0.0,4.46,Pais Vasco
T2024-00767,2024-10-05,C0291,Portatil 16 pulgadas,Informatica,1464.56,5.0,0.0,0.0,Andalucia
T2024-03449,2024-12-01,C0692,Tarjeta microSD 256 GB,Almacenamiento,37.09,1.0,20.0,3.89,Comunitat Valenciana
T2024-02205,2024-07-01,C0472,Auriculares inalambricos,Audio,124.61,1.0,10.0,0.0,Cataluna
T2024-00185,2024-10-08,C0317,Auriculares inalambricos,Audio,123.43,3.0,0.0,0.0,Comunitat Valenciana
T2024-03113,2024-11-21,C0021,Barra de sonido,Audio,206.45,1.0,0.0,0.0,Comunitat Valenciana
T2024-00118,2024-07-26,C0479,Teclado mecanico,Perifericos,83.51,3.0,10.0,0.0,Andalucia
T2024-01713,2024-11-20,C0013,Tarjeta microSD 256 GB,Almacenamiento,33.35,1.0,0.0,5.52,Comunitat Valenciana
T2024-02725,2024-11-17,C0463,Disco SSD 1 TB,Almacenamiento,91.78,4.0,0.0,0.0,Cataluna
T2024-00206,2024-07-15,C0026,Pulsera de actividad,Vestible,62.02,4.0,20.0,0.0,Cataluna
T2024-02415,2024-12-26,C0003,Pulsera de actividad,Vestible,62.32,1.0,25.0,12.46,Canarias
T2024-03067,2024-12-08,C0019,Raton ergonomico,Perifericos,44.83,3.0,0.0,0.0,Pais Vasco
T2024-02006,2024-10-18,C0021,Tarjeta microSD 256 GB,Almacenamiento,33.27,5.0,15.0,0.0,Andalucia
T2024-04083,2024-02-04,C0005,Tarjeta microSD 256 GB,Almacenamiento,33.99,5.0,5.0,0.0,Andalucia
T2024-01125,2024-01-03,C0014,Tarjeta microSD 256 GB,Almacenamiento,-32.84,4.0,10.0,0.0,Comunitat Valenciana
T2024-02107,2024-10-16,C0004,Auriculares con cable,Perifericos,26.89,2.0,30.0,5.33,Cataluna
T2024-02829,2024-01-15,C0002,Tablet 10 pulgadas,Telefonia,275.38,1.0,20.0,9.79,Canarias
T2024-04853,2024-03-02,C0450,Pulsera de actividad,Vestible,58.73,1.0,0.0,6.09,Madrid
T2024-00268,2024-10-05,C1105,Disco SSD 2 TB,Almacenamiento,155.54,3.0,20.0,0.0,Andalucia
T2024-01536,2024-11-18,C0614,Raton ergonomico,Perifericos,43.71,5.0,30.0,0.0,Cataluna
T2024-02220,2024-10-18,C0005,Disco SSD 2 TB,Almacenamiento,172.95,2.0,30.0,0.0,Cataluna
T2024-04206,2024-11-02,C1040,Auriculares con cable,Perifericos,28.65,2.0,0.0,4.48,Madrid
T2024-04056,2024-12-22,C0115,Raton ergonomico,Perifericos,45.04,1.0,0.0,6.11,Cataluna
T2024-04172,2024-04-12,C0220,Portatil 16 pulgadas,Informatica,1496.6,5.0,0.0,0.0,Madrid
T2024-03562,2024-12-30,C0007,Raton ergonomico,Perifericos,45.3,3.0,0.0,0.0,Andalucia
T2024-02020,2024-11-10,C0796,Portatil 14 pulgadas,Informatica,811.77,2.0,0.0,0.0,Pais Vasco
T2024-04652,2024-09-05,C0818,Tarjeta microSD 256 GB,Almacenamiento,36.44,1.0,25.0,3.3,Andalucia
T2024-04001,2024-11-17,C0860,Auriculares inalambricos,Audio,134.22,4.0,20.0,0.0,Andalucia
T2024-04464,2024-02-08,C0727,Disco SSD 1 TB,Almacenamiento,106.27,2.0,10.0,0.0,Madrid
T2024-02483,2024-12-26,C0054,Pulsera de actividad,Vestible,54.27,5.0,0.0,0.0,Cataluna
T2024-01157,2024-11-19,C0001,Altavoz bluetooth,Audio,78.17,1.0,0.0,6.73,Comunitat Valenciana
T2024-00849,2024-11-09,C0019,Auriculares con cable,Perifericos,30.23,2.0,25.0,6.49,Comunitat Valenciana
T2024-00880,2024-12-29,C0011,Monitor 27 pulgadas,Informatica,270.04,5.0,0.0,0.0,Cataluna
T2024-01863,2024-10-07,C0052,Movil gama alta,Telefonia,1103.08,2.0,0.0,0.0,Comunitat Valenciana
T2024-04215,2024-04-19,C0001,Pulsera de actividad,Vestible,62.37,1.0,0.0,10.73,Canarias
T2024-04317,2024-01-16,C0017,Disco SSD 1 TB,Almacenamiento,108.91,2.0,0.0,0.0,Comunitat Valenciana
T2024-01922,2024-05-11,C0010,Camara web 1080p,Perifericos,73.16,2.0,0.0,0.0,Comunitat Valenciana
T2024-03545,2024-10-27,C0636,Altavoz bluetooth,Audio,74.86,2.0,0.0,0.0,Comunitat Valenciana
T2024-02797,2024-09-21,C0033,Disco SSD 1 TB,Almacenamiento,87.32,1.0,0.0,5.33,Madrid
T2024-02876,2024-05-19,C0194,Auriculares con cable,Perifericos,30.13,2.0,0.0,3.05,Madrid
T2024-03342,2024-01-12,C1010,Pulsera de actividad,Vestible,54.53,3.0,0.0,0.0,Galicia
T2024-01930,2024-12-09,C0005,Monitor 27 pulgadas,Informatica,252.67,2.0,25.0,0.0,Comunitat Valenciana
T2024-00841,2024-09-10,C0010,Portatil 16 pulgadas,Informatica,1413.55,2.0,0.0,0.0,Pais Vasco
T2024-01914,2024-04-08,C0002,Camara web 1080p,Perifericos,70.49,2.0,0.0,0.0,Andalucia
T2024-00084,2024-10-07,C0038,Tarjeta microSD 256 GB,Almacenamiento,32.77,2.0,0.0,5.16,Pais Vasco
T2024-01313,2024-06-21,C0010,Monitor 27 pulgadas,Informatica,249.82,2.0,15.0,0.0,Andalucia
T2024-01367,2024-11-17,C0091,Auriculares con cable,perifericos,29.05,1.0,0.0,6.81,Madrid
T2024-04451,2024-07-12,C0678,Auriculares con cable,Perifericos,26.94,1.0,10.0,6.78,Cataluna
T2024-03778,2024-05-11,C0001,Altavoz bluetooth,Audio,87.46,5.0,10.0,0.0,Cataluna
T2024-04179,2024-07-28,C0027,Auriculares inalambricos,Audio,131.22,4.0,0.0,0.0,Cataluna
T2024-02207,2024-04-07,C0227,Raton ergonomico,Perifericos,46.6,1.0,30.0,4.15,Andalucia
T2024-03852,2024-04-18,C0290,Tarjeta microSD 256 GB,Almacenamiento,35.37,3.0,0.0,0.0,Cataluna
T2024-01781,2024-08-11,C0042,Pulsera de actividad,Vestible,63.54,5.0,0.0,0.0,Cataluna
T2024-02514,2024-04-27,C0785,Raton ergonomico,Perifericos,43.73,4.0,20.0,0.0,Pais Vasco
T2024-02502,2024-05-10,C1012,Teclado mecanico,Perifericos,92.32,1.0,0.0,5.71,Comunitat Valenciana
T2024-03764,2024-04-12,C0004,Monitor 27 pulgadas,Informatica,217.21,2.0,10.0,12.82,Canarias
T2024-00190,2024-06-02,C0018,Pulsera de actividad,Vestible,58.97,3.0,10.0,0.0,Comunitat Valenciana
T2024-00022,2024-06-08,C0076,Barra de sonido,Audio,177.35,3.0,0.0,0.0,Comunitat Valenciana
T2024-01799,2024-09-18,C0807,Barra de sonido,Audio,188.58,5.0,10.0,0.0,Comunitat Valenciana
T2024-00999,2024-06-30,C0482,Pulsera de actividad,Vestible,61.92,5.0,0.0,0.0,Madrid
T2024-04636,2024-11-14,C0280,Altavoz bluetooth,Audio,80.79,5.0,20.0,0.0,Madrid
T2024-01564,2024-07-27,C0269,Camara web 1080p,Perifericos,78.83,1.0,0.0,4.85,Comunitat Valenciana
T2024-03080,2024-12-25,C0415,Disco SSD 1 TB,Almacenamiento,109.92,1.0,0.0,0.0,Madrid
T2024-03483,2024-07-11,C0038,Auriculares con cable,Perifericos,31.44,2.0,0.0,3.43,Cataluna
T2024-01891,2024-11-04,C0005,Movil gama media,Telefonia,350.72,5.0,15.0,0.0,Galicia
T2024-00353,2024-04-24,C0414,Auriculares con cable,Perifericos,30.21,1.0,0.0,4.41,Madrid
T2024-01095,2024-12-28,C0173,Reloj inteligente,Vestible,179.17,2.0,20.0,0.0,Cataluna
T2024-01266,2024-12-09,C0003,Tarjeta microSD 256 GB,Almacenamiento,34.71,3.0,0.0,0.0,Andalucia
T2024-02939,2024-10-30,C0157,Teclado mecanico,Perifericos,96.45,1.0,0.0,6.45,Andalucia
T2024-03301,2024-02-01,C0001,Portatil 16 pulgadas,Informatica,1481.16,1.0,0.0,0.0,Cataluna
T2024-03687,2024-03-04,C0004,Tablet 10 pulgadas,Telefonia,291.8,2.0,15.0,0.0,Comunitat Valenciana
T2024-00433,2024-12-12,C0846,Camara web 1080p,Perifericos,65.53,4.0,0.0,0.0,Comunitat Valenciana
T2024-D0051,2024-12-15,C0004,Camara web 1080p,Perifericos,74.78,1.0,0.0,4.81,Comunitat Valenciana
T2024-01108,2024-10-02,C0004,Auriculares con cable,Perifericos,26.67,1.0,0.0,3.15,Comunitat Valenciana
T2024-04607,2024-08-28,C0820,Pulsera de actividad,Vestible,60.82,1.0,10.0,3.62,Comunitat Valenciana
T2024-01300,2024-01-27,C0001,Tarjeta microSD 256 GB,Almacenamiento,35.54,1.0,0.0,4.3,Cataluna
T2024-04691,2024-11-11,C0017,Barra de sonido,Audio,211.92,2.0,20.0,0.0,Comunitat Valenciana
T2024-04470,2024-09-08,C0095,Portatil 14 pulgadas,INFORMATICA,914.55,1.0,,0.0,Comunitat Valenciana
T2024-04309,2024-12-04,C0422,Raton ergonomico,Perifericos,46.58,5.0,0.0,0.0,Andalucia
T2024-02657,2024-03-16,C0020,Altavoz bluetooth,Audio,75.74,1.0,0.0,3.97,Madrid
T2024-01146,2024-09-02,C0004,Auriculares con cable,Perifericos,27.47,1.0,0.0,4.85,Comunitat Valenciana
T2024-03322,2024-10-30,C0185,Movil gama media,Telefonia,314.68,5.0,0.0,0.0,Comunitat Valenciana
T2024-03083,2024-06-30,C0405,Tarjeta microSD 256 GB,Almacenamiento,33.87,1.0,0.0,6.7,Pais Vasco
T2024-02157,2024-01-30,C0001,Portatil 14 pulgadas,Informatica,879.55,1.0,5.0,0.0,Madrid
T2024-01450,2024-10-13,C0360,Auriculares inalambricos,Audio,122.3,2.0,0.0,0.0,Pais Vasco
T2024-D0012,2024-02-14,C0555,Reloj inteligente,Vestible,182.03,3.0,0.0,0.0,Comunitat Valenciana
T2024-03631,2024-11-15,C0108,Teclado mecanico,perifericos,90.52,3.0,0.0,0.0,Galicia
T2024-03617,2024-08-31,C0220,Tarjeta microSD 256 GB,Almacenamiento,-33.92,1.0,0.0,5.15,Cataluna
T2024-01971,2024-01-08,C0256,Camara web 1080p,Perifericos,70.87,4.0,0.0,0.0,Comunitat Valenciana
T2024-04277,2024-03-16,C0009,Monitor 27 pulgadas,Informatica,248.59,1.0,,0.0,Galicia
T2024-02583,2024-07-15,C0235,Tarjeta microSD 256 GB,Almacenamiento,35.98,2.0,,4.85,Comunitat Valenciana
T2024-01784,2024-03-31,C0200,Reloj inteligente,Vestible,182.34,3.0,0.0,0.0,Madrid
T2024-D0024,2024-12-24,C0286,Auriculares con cable,Perifericos,33.27,3.0,0.0,4.28,Andalucia
T2024-03030,2024-12-21,C0101,Disco SSD 1 TB,Almacenamiento,94.24,1.0,0.0,3.96,Cataluna
T2024-00726,2024-12-16,C0018,Reloj inteligente,Vestible,174.58,4.0,0.0,0.0,Cataluna
T2024-00986,2024-10-14,C0083,Auriculares inalambricos,Audio,125.89,4.0,20.0,0.0,Galicia
T2024-02767,2024-04-02,C0020,Raton ergonomico,Perifericos,48.43,3.0,0.0,0.0,Cataluna
T2024-01600,2024-06-24,C0545,Disco SSD 1 TB,Almacenamiento,99.92,1.0,0.0,5.5,Cataluna
T2024-03251,2024-09-06,C0100,Tarjeta microSD 256 GB,Almacenamiento,32.17,2.0,25.0,5.51,Comunitat Valenciana
T2024-02912,2024-08-24,C0106,Raton ergonomico,Perifericos,45.92,1.0,0.0,4.72,Madrid
T2024-01361,2024-07-23,C0005,Disco SSD 2 TB,Almacenamiento,168.13,2.0,0.0,0.0,Madrid
T2024-04845,2024-02-24,C0180,Reloj inteligente,Vestible,211.27,2.0,5.0,13.33,Canarias
T2024-02288,2024-03-01,C0149,Altavoz bluetooth,Audio,67.01,2.0,10.0,0.0,Cataluna
T2024-01332,2024-06-22,C0001,Disco SSD 1 TB,Almacenamiento,104.26,1.0,0.0,0.0,Madrid
T2024-03933,2024-04-16,C0055,Barra de sonido,Audio,195.85,1.0,,0.0,Andalucia
T2024-01758,2024-04-07,C0603,Barra de sonido,Audio,193.43,1.0,0.0,0.0,Comunitat Valenciana
T2024-01565,2024-02-01,C0023,Disco SSD 1 TB,Almacenamiento,98.92,5.0,0.0,0.0,Comunitat Valenciana
T2024-02214,2024-05-26,C0178,Tablet 10 pulgadas,Telefonia,284.84,1.0,0.0,0.0,Galicia
T2024-01566,2024-10-12,C0300,Pulsera de actividad,Vestible,63.37,1.0,15.0,2.98,Cataluna
T2024-02989,2024-11-11,C0023,Camara web 1080p,Perifericos,70.79,3.0,0.0,0.0,Cataluna
T2024-04502,2024-11-04,C0189,Movil gama alta,Telefonia,982.74,2.0,20.0,0.0,Andalucia
T2024-D0050,2024-12-14,C0650,Movil gama media,Telefonia,332.46,5.0,10.0,0.0,Cataluna
T2024-02994,2024-09-29,C0186,Auriculares inalambricos,Audio,121.57,2.0,20.0,0.0,Cataluna
T2024-04119,2024-04-11,C0187,Disco SSD 1 TB,Almacenamiento,95.71,2.0,0.0,0.0,Andalucia
T2024-00779,2024-12-16,C0628,Tablet 10 pulgadas,Telefonia,281.25,2.0,0.0,0.0,Madrid
T2024-02661,2024-12-19,C0016,Pulsera de actividad,Vestible,63.66,4.0,0.0,0.0,Madrid
T2024-02488,2024-11-21,C0004,Auriculares con cable,Perifericos,30.5,,0.0,13.41,Canarias
T2024-01806,2024-09-29,C0003,Tablet 10 pulgadas,Telefonia,266.86,2.0,10.0,0.0,Cataluna
T2024-02029,2024-12-13,C0011,Tarjeta microSD 256 GB,Almacenamiento,34.02,1.0,0.0,6.29,Andalucia
T2024-03915,2024-08-26,C0122,Auriculares con cable,Perifericos,29.62,1.0,30.0,5.45,Andalucia
T2024-03308,2024-11-03,C0407,Tarjeta microSD 256 GB,Almacenamiento,38.63,1.0,0.0,6.06,Madrid
T2024-03808,2024-02-16,C0886,Camara web 1080p,Perifericos,64.82,4.0,0.0,0.0,Cataluna
T2024-04869,2024-07-05,C0096,Movil gama media,Telefonia,355.44,3.0,10.0,0.0,Pais Vasco
T2024-02842,2024-03-02,C0140,Movil gama media,Telefonia,335.28,3.0,25.0,0.0,Madrid
T2024-03164,2024-12-11,C0126,Pulsera de actividad,Vestible,61.4,2.0,10.0,0.0,Comunitat Valenciana
T2024-01928,2024-05-27,C0111,Disco SSD 1 TB,Almacenamiento,95.42,4.0,0.0,0.0,Pais Vasco
T2024-04201,2024-10-20,C1130,Tarjeta microSD 256 GB,Almacenamiento,35.93,4.0,0.0,0.0,Comunitat Valenciana
T2024-03876,2024-10-11,C0025,Disco SSD 1 TB,Almacenamiento,104.99,2.0,0.0,0.0,Comunitat Valenciana
T2024-03737,2024-11-22,C0626,Disco SSD 1 TB,Almacenamiento,98.16,1.0,0.0,6.69,Galicia
T2024-00257,2024-08-01,C0012,Pulsera de actividad,Vestible,63.25,3.0,0.0,13.31,Canarias
T2024-00620,2024-01-31,C0601,Altavoz bluetooth,Audio,84.86,2.0,10.0,10.76,Canarias
T2024-04373,2024-05-06,C0360,Reloj inteligente,Vestible,171.71,1.0,0.0,0.0,Pais Vasco
T2024-00151,2024-11-25,C0009,Pulsera de actividad,Vestible,58.37,1.0,0.0,4.41,Pais Vasco
T2024-04654,2024-04-06,C0001,Disco SSD 1 TB,Almacenamiento,103.81,1.0,0.0,0.0,Pais Vasco
T2024-04453,2024-01-30,C0120,Auriculares inalambricos,Audio,115.6,3.0,10.0,0.0,Andalucia
T2024-03311,2024-06-09,C0213,Camara web 1080p,Perifericos,72.86,3.0,0.0,0.0,Madrid
T2024-04452,2024-12-18,C0011,Tablet 10 pulgadas,Telefonia,289.13,,0.0,0.0,Galicia
T2024-00686,2024-06-18,C0355,Movil gama media,Telefonia,347.89,1.0,0.0,0.0,Comunitat Valenciana
T2024-03708,2024-11-16,C0283,Teclado mecanico,Perifericos,102.64,5.0,0.0,0.0,Galicia
T2024-03993,2024-03-27,C0002,Movil gama media,Telefonia,348.62,1.0,30.0,0.0,Cataluna
T2024-01265,2024-12-13,C1177,Barra de sonido,Audio,218.04,1.0,15.0,0.0,Madrid
T2024-03365,2024-03-09,C0065,Pulsera de actividad,Vestible,54.07,1.0,30.0,6.73,Madrid
T2024-00963,2024-01-02,C0011,Movil gama alta,Telefonia,1006.33,2.0,,0.0,Andalucia
T2024-02042,2024-07-04,C0044,Portatil 14 pulgadas,INFORMATICA,820.84,5.0,5.0,0.0,Comunitat Valenciana
T2024-01377,2024-05-07,C0407,Camara web 1080p,Perifericos,69.0,3.0,5.0,0.0,Pais Vasco
T2024-00167,2024-03-17,C0013,Auriculares con cable,Perifericos,29.52,2.0,0.0,6.2,Andalucia
T2024-03060,2024-02-23,C0015,Reloj inteligente,Vestible,176.83,1.0,0.0,0.0,Galicia
T2024-03244,2024-12-07,C0001,Altavoz bluetooth, Audio ,69.91,2.0,15.0,0.0,Andalucia
T2024-01718,2024-11-12,C0004,Portatil 14 pulgadas,Informatica,868.47,4.0,0.0,0.0,Cataluna
T2024-00712,2024-12-03,C0041,Raton ergonomico,Perifericos,45.03,2.0,30.0,4.2,Comunitat Valenciana
T2024-00810,2024-03-31,C0012,Auriculares con cable,Perifericos,31.65,2.0,,3.18,Andalucia
T2024-04039,2024-12-12,C0552,Altavoz bluetooth,Audio,74.24,3.0,0.0,0.0,Madrid
T2024-03612,2024-01-17,C0003,Disco SSD 2 TB,Almacenamiento,153.45,1.0,0.0,0.0,Galicia
T2024-01099,2024-11-11,C0460,Raton ergonomico,Perifericos,44.87,4.0,0.0,0.0,Comunitat Valenciana
T2024-03047,2024-01-22,C0142,Tarjeta microSD 256 GB,Almacenamiento,33.37,1.0,0.0,3.35,Cataluna
T2024-01023,2024-05-07,C0726,Auriculares inalambricos,Audio,135.03,2.0,0.0,0.0,Andalucia
T2024-04617,2024-01-10,C0010,Auriculares inalambricos,Audio,125.67,1.0,5.0,0.0,Comunitat Valenciana
T2024-00793,2024-12-03,C0004,Pulsera de actividad,Vestible,65.16,2.0,25.0,0.0,Cataluna
T2024-03072,2024-10-05,C0048,Barra de sonido,Audio,166.2,1.0,10.0,0.0,Comunitat Valenciana
T2024-04444,2024-12-15,C0461,Auriculares inalambricos,Audio,121.91,4.0,10.0,0.0,Pais Vasco
T2024-02357,2024-06-25,C0701,Tablet 10 pulgadas,Telefonia,265.03,5.0,0.0,0.0,Comunitat Valenciana
T2024-02860,2024-12-18,C0750,Movil gama media,Telefonia,324.28,1.0,,0.0,Galicia
T2024-04316,2024-11-14,C0454,Barra de sonido,Audio,209.25,3.0,10.0,0.0,Andalucia
T2024-04871,2024-10-05,C0022,Disco SSD 1 TB,Almacenamiento,105.62,1.0,,0.0,Galicia
T2024-00489,2024-12-11,C0185,Tarjeta microSD 256 GB,Almacenamiento,33.47,2.0,10.0,5.17,Cataluna
T2024-02999,2024-12-26,C0014,Pulsera de actividad,Vestible,57.41,1.0,10.0,5.36,Comunitat Valenciana
T2024-02019,2024-06-23,C0018,Tablet 10 pulgadas,Telefonia,251.03,2.0,0.0,14.78,Canarias
T2024-00104,2024-01-01,C0661,Camara web 1080p,Perifericos,76.36,1.0,5.0,4.94,Cataluna
T2024-D0004,2024-03-10,C0869,Raton ergonomico,Perifericos,44.11,1.0,25.0,5.75,Galicia
T2024-02932,2024-10-10,C0663,Disco SSD 1 TB,Almacenamiento,88.77,4.0,30.0,0.0,Galicia
T2024-00888,2024-11-16,C0139,Altavoz bluetooth, Audio ,75.1,1.0,,6.41,Cataluna
T2024-01655,2024-02-19,C0046,Movil gama media,Telefonia,348.77,3.0,0.0,0.0,Comunitat Valenciana
T2024-02306,2024-02-28,C0249,Movil gama media,Telefonia,347.18,4.0,0.0,0.0,Madrid
T2024-01862,2024-12-07,C0102,Auriculares inalambricos,Audio,137.09,5.0,20.0,0.0,Pais Vasco
T2024-02998,2024-11-29,C0003,Altavoz bluetooth,Audio,83.08,1.0,25.0,6.24,Cataluna
T2024-00397,2024-11-14,C0731,Altavoz bluetooth,Audio,73.49,1.0,15.0,5.82,Comunitat Valenciana
T2024-02619,2024-11-06,C0609,Tarjeta microSD 256 GB,Almacenamiento,35.81,1.0,0.0,6.25,Comunitat Valenciana
T2024-02223,2024-11-10,C0005,Movil gama media,Telefonia,339.67,2.0,0.0,0.0,Madrid
T2024-04419,2024-04-14,C0624,Pulsera de actividad,Vestible,60.3,1.0,0.0,4.53,Andalucia
T2024-01473,2024-07-06,C0034,Tarjeta microSD 256 GB,Almacenamiento,33.48,1.0,20.0,4.51,Madrid
T2024-00287,2024-12-14,C0049,Tarjeta microSD 256 GB,Almacenamiento,36.51,5.0,20.0,0.0,Madrid
T2024-04667,2024-03-12,C0001,Disco SSD 2 TB,Almacenamiento,171.99,1.0,0.0,0.0,Pais Vasco
T2024-04859,2024-02-08,C0160,Raton ergonomico,Perifericos,40.21,1.0,30.0,3.13,Comunitat Valenciana
T2024-02189,2024-04-23,C0150,Auriculares con cable,Perifericos,29.05,2.0,,4.2,Comunitat Valenciana
T2024-02975,2024-05-01,C0002,Teclado mecanico,Perifericos,82.5,2.0,10.0,0.0,Andalucia
T2024-00825,2024-08-11,C0210,Monitor 27 pulgadas,Informatica,253.93,3.0,0.0,0.0,Andalucia
T2024-04081,2024-08-09,C0137,Raton ergonomico,Perifericos,42.14,2.0,0.0,5.48,Madrid
T2024-04545,2024-11-24,C0002,Barra de sonido,Audio,224.14,5.0,10.0,0.0,Madrid
T2024-02434,2024-04-16,C0025,Teclado mecanico,Perifericos,90.23,3.0,0.0,0.0,Madrid
T2024-04568,2024-05-11,C0217,Barra de sonido,Audio,206.43,5.0,0.0,0.0,Comunitat Valenciana
T2024-04656,2024-09-20,C0533,Teclado mecanico,Perifericos,88.81,1.0,0.0,6.63,Cataluna
T2024-03831,2024-11-09,C0218,Tablet 10 pulgadas,Telefonia,292.04,2.0,0.0,0.0,Pais Vasco
T2024-02948,2024-10-29,C0008,Disco SSD 1 TB,Almacenamiento,95.05,3.0,0.0,0.0,Madrid
T2024-01976,2024-06-23,C0086,Monitor 27 pulgadas,Informatica,265.21,4.0,0.0,0.0,Cataluna
T2024-04380,2024-01-31,C0005,Barra de sonido,Audio,205.28,2.0,0.0,0.0,Andalucia
T2024-01488,2024-11-04,C0127,Pulsera de actividad,Vestible,54.92,2.0,0.0,0.0,Comunitat Valenciana
T2024-01964,2024-04-28,C0002,Teclado mecanico,Perifericos,101.63,2.0,30.0,0.0,Galicia
T2024-00794,2024-12-13,C0031,Auriculares inalambricos,Audio,130.17,4.0,10.0,0.0,Madrid
T2024-00591,2024-11-04,C0430,Camara web 1080p,Perifericos,76.97,2.0,0.0,0.0,Madrid
T2024-00413,2024-04-11,C0873,Tarjeta microSD 256 GB,Almacenamiento,33.03,4.0,0.0,0.0,Comunitat Valenciana
T2024-04813,2024-04-03,C0302,Auriculares inalambricos,Audio,122.65,1.0,20.0,0.0,Andalucia
T2024-00445,2024-06-12,C0003,Auriculares con cable,Perifericos,30.54,1.0,10.0,3.4,Madrid
T2024-00913,2024-06-25,C0317,Portatil 14 pulgadas,Informatica,1014.58,1.0,0.0,0.0,Madrid
T2024-03116,2024-06-20,C0257,Pulsera de actividad,Vestible,53.17,1.0,15.0,5.72,Andalucia
T2024-03148,2024-01-04,C0352,Movil gama media,Telefonia,357.09,4.0,5.0,0.0,Comunitat Valenciana
T2024-01307,2024-10-31,C0520,Altavoz bluetooth,Audio,82.56,4.0,0.0,0.0,Madrid
T2024-00748,2024-02-18,C0009,Altavoz bluetooth,Audio,77.33,4.0,0.0,0.0,Cataluna
T2024-04880,2024-11-14,C0089,Auriculares con cable,Perifericos,29.39,4.0,5.0,0.0,Madrid
T2024-02083,2024-05-15,C0906,Raton ergonomico,Perifericos,47.25,1.0,0.0,6.41,Comunitat Valenciana
T2024-04943,2024-07-01,C0001,Camara web 1080p,Perifericos,69.73,5.0,0.0,0.0,Comunitat Valenciana
T2024-01542,2024-02-24,C0013,Altavoz bluetooth,Audio,71.89,1.0,10.0,3.15,Galicia
T2024-00809,2024-12-08,C0297,Portatil 16 pulgadas,Informatica,1574.78,5.0,0.0,11.68,Canarias
T2024-01005,2024-01-02,C1117,Monitor 27 pulgadas,Informatica,249.4,5.0,10.0,0.0,Andalucia
T2024-03763,2024-04-19,C0001,Camara web 1080p,Perifericos,61.56,1.0,0.0,3.12,Andalucia
T2024-02245,2024-12-03,C0067,Pulsera de actividad,Vestible,61.45,2.0,10.0,0.0,Cataluna
T2024-04895,2024-07-19,C1146,Portatil 16 pulgadas,Informatica,1448.24,1.0,25.0,0.0,Andalucia
T2024-03519,2024-12-11,C0977,Monitor 27 pulgadas,Informatica,230.87,5.0,30.0,0.0,Cataluna
T2024-03790,2024-02-12,C0033,Monitor 27 pulgadas,Informatica,256.58,1.0,0.0,0.0,Galicia
T2024-03962,2024-05-03,C0039,Camara web 1080p,Perifericos,63.71,1.0,0.0,5.0,Cataluna
T2024-03613,2024-06-02,C0072,Pulsera de actividad,Vestible,61.52,4.0,5.0,0.0,Madrid
T2024-01303,2024-06-24,C0003,Teclado mecanico,Perifericos,91.56,5.0,0.0,0.0,Comunitat Valenciana
T2024-00197,2024-05-18,C0068,Disco SSD 1 TB,Almacenamiento,109.09,2.0,0.0,0.0,Madrid
T2024-00690,2024-09-12,C0004,Tarjeta microSD 256 GB,Almacenamiento,35.49,4.0,0.0,0.0,Pais Vasco
T2024-04278,2024-02-17,C0001,Tarjeta microSD 256 GB,Almacenamiento,36.16,3.0,0.0,0.0,Madrid
T2024-01720,2024-10-13,C0863,Pulsera de actividad,Vestible,59.81,1.0,0.0,5.98,Galicia
T2024-02819,2024-12-07,C1002,Teclado mecanico,Perifericos,95.06,2.0,0.0,0.0,Madrid
T2024-02524,2024-12-28,C0057,Auriculares con cable,Perifericos,28.91,2.0,0.0,6.33,Andalucia
T2024-02995,2024-02-08,C0868,Altavoz bluetooth,Audio,73.19,2.0,0.0,0.0,Comunitat Valenciana
T2024-03263,2024-09-04,C0003,Reloj inteligente,Vestible,189.57,3.0,0.0,0.0,Pais Vasco
T2024-03566,2024-11-06,C0003,Auriculares con cable,Perifericos,26.6,4.0,0.0,0.0,Madrid
T2024-03550,2024-01-06,C0014,Teclado mecanico,Perifericos,87.07,2.0,0.0,0.0,Andalucia
T2024-00214,2024-11-13,C0723,Disco SSD 1 TB,Almacenamiento,95.16,1.0,0.0,5.25,Comunitat Valenciana
T2024-04917,2024-05-03,C0171,Portatil 14 pulgadas,INFORMATICA,889.69,1.0,10.0,0.0,Madrid
T2024-01096,2024-11-13,C0059,Disco SSD 1 TB,Almacenamiento,100.6,1.0,0.0,0.0,Galicia
T2024-02294,2024-12-20,C0812,Barra de sonido, Audio ,200.65,1.0,10.0,0.0,Comunitat Valenciana
T2024-01032,2024-04-07,C0322,Raton ergonomico,Perifericos,41.45,1.0,10.0,3.11,Comunitat Valenciana
T2024-01447,2024-01-21,C0051,Raton ergonomico,Perifericos,46.5,2.0,0.0,6.74,Pais Vasco
T2024-04228,2024-02-28,C0016,Disco SSD 1 TB,Almacenamiento,92.78,3.0,5.0,0.0,Comunitat Valenciana
T2024-00165,2024-12-29,C0928,Pulsera de actividad,Vestible,58.3,2.0,15.0,0.0,Andalucia
T2024-03326,2024-02-03,C0949,Raton ergonomico,Perifericos,46.03,5.0,10.0,0.0,Madrid
T2024-04328,2024-06-29,C0230,Tarjeta microSD 256 GB,Almacenamiento,31.51,1.0,0.0,14.25,Canarias
T2024-00070,2024-11-08,C0019,Auriculares inalambricos,Audio,113.72,1.0,0.0,0.0,Cataluna
T2024-00275,2024-12-25,C0034,Portatil 14 pulgadas,INFORMATICA,925.03,2.0,20.0,0.0,Comunitat Valenciana
T2024-01939,2024-03-20,C1067,Movil gama media,Telefonia,359.01,2.0,30.0,0.0,Pais Vasco
T2024-00768,2024-12-26,C1024,Disco SSD 1 TB,Almacenamiento,104.27,1.0,0.0,0.0,Madrid
T2024-02461,2024-05-12,C0691,Tarjeta microSD 256 GB,Almacenamiento,33.51,1.0,0.0,4.6,Cataluna
T2024-01045,2024-09-04,C0003,Raton ergonomico,perifericos,45.94,4.0,0.0,0.0,Andalucia
T2024-04475,2024-04-07,C0185,Auriculares con cable,Perifericos,27.11,3.0,0.0,3.62,Comunitat Valenciana
T2024-03646,2024-04-06,C0001,Disco SSD 1 TB,Almacenamiento,98.49,4.0,0.0,0.0,Comunitat Valenciana
T2024-00619,2024-07-02,C0963,Teclado mecanico,Perifericos,85.84,5.0,20.0,0.0,Comunitat Valenciana
T2024-03233,2024-11-11,C0271,Tarjeta microSD 256 GB,Almacenamiento,34.8,2.0,20.0,6.41,Comunitat Valenciana
T2024-03730,2024-12-14,C0487,Pulsera de actividad,Vestible,52.98,1.0,0.0,5.04,Madrid
T2024-04113,2024-05-17,C0040,Movil gama alta,Telefonia,893.41,5.0,20.0,0.0,Comunitat Valenciana
T2024-00534,2024-02-18,C0106,Teclado mecanico,Perifericos,85.53,1.0,0.0,5.47,Comunitat Valenciana
T2024-01568,2024-03-05,C0099,Raton ergonomico,Perifericos,45.6,5.0,0.0,0.0,Madrid
T2024-01270,2024-06-18,C0033,Pulsera de actividad,Vestible,56.15,1.0,0.0,4.75,Cataluna
T2024-01894,2024-04-04,C0292,Tarjeta microSD 256 GB,Almacenamiento,33.51,3.0,0.0,0.0,Comunitat Valenciana
T2024-01353,2024-07-02,C0022,Auriculares con cable,Perifericos,30.16,2.0,0.0,3.7,Comunitat Valenciana
T2024-04090,2024-06-12,C1155,Teclado mecanico,Perifericos,88.04,4.0,0.0,0.0,Galicia
T2024-00457,2024-05-01,C0005,Disco SSD 2 TB,Almacenamiento,170.23,1.0,15.0,0.0,Madrid
T2024-03269,2024-09-29,C0007,Altavoz bluetooth,Audio,81.83,1.0,10.0,9.79,Canarias
T2024-03382,2024-12-28,C0384,Disco SSD 2 TB,Almacenamiento,171.77,3.0,0.0,0.0,Andalucia
T2024-01309,2024-06-18,C0002,Teclado mecanico,Perifericos,89.99,1.0,0.0,6.6,Cataluna
T2024-01036,2024-02-22,C0269,Tablet 10 pulgadas,Telefonia,323.42,5.0,0.0,0.0,Madrid
T2024-00435,2024-10-11,C0685,Tarjeta microSD 256 GB,Almacenamiento,33.64,1.0,25.0,6.84,Cataluna
T2024-03414,2024-01-26,C0578,Auriculares con cable,Perifericos,28.71,2.0,0.0,3.29,Andalucia
T2024-01854,2024-09-04,C0908,Tablet 10 pulgadas,Telefonia,284.33,1.0,0.0,0.0,Cataluna
T2024-00558,2024-04-20,C0019,Tarjeta microSD 256 GB,Almacenamiento,30.51,3.0,0.0,4.09,Comunitat Valenciana
T2024-04616,2024-12-07,C0561,Altavoz bluetooth,Audio,84.13,5.0,10.0,0.0,Galicia
T2024-03297,2024-05-25,C0012,Disco SSD 2 TB,Almacenamiento,155.43,1.0,30.0,0.0,Comunitat Valenciana
T2024-02099,2024-05-25,C0534,Disco SSD 2 TB,Almacenamiento,142.09,2.0,30.0,0.0,Madrid
T2024-03409,2024-01-06,C1151,Tarjeta microSD 256 GB,Almacenamiento,35.53,5.0,0.0,0.0,Pais Vasco
T2024-03576,2024-11-13,C0281,Reloj inteligente,Vestible,202.85,4.0,0.0,0.0,Pais Vasco
T2024-01421,2024-11-03,C0132,Movil gama media,Telefonia,381.5,1.0,0.0,0.0,Cataluna
T2024-00065,2024-01-13,C1072,Raton ergonomico,Perifericos,49.86,3.0,10.0,0.0,Comunitat Valenciana
T2024-02916,2024-02-03,C0156,Tablet 10 pulgadas,Telefonia,294.85,3.0,10.0,0.0,Madrid
T2024-01811,2024-04-21,C0016,Teclado mecanico,Perifericos,96.81,1.0,0.0,9.67,Canarias
T2024-00329,2024-12-30,C0591,Barra de sonido,Audio,208.96,3.0,0.0,0.0,Cataluna
T2024-02120,2024-07-25,C0078,Barra de sonido,Audio,199.38,5.0,25.0,0.0,Comunitat Valenciana
T2024-03499,2024-11-20,C0044,Teclado mecanico,Perifericos,97.02,4.0,10.0,0.0,Comunitat Valenciana
T2024-00103,2024-11-17,C0938,Camara web 1080p,Perifericos,69.74,1.0,0.0,5.26,Comunitat Valenciana
T2024-03208,2024-12-22,C0929,Portatil 16 pulgadas,Informatica,1460.84,2.0,0.0,0.0,Cataluna
T2024-00934,2024-10-12,C0017,Disco SSD 2 TB,Almacenamiento,174.78,1.0,0.0,0.0,Andalucia
T2024-02451,2024-12-30,C0088,Raton ergonomico,Perifericos,46.19,3.0,0.0,0.0,Cataluna
T2024-02346,2024-12-27,C0001,Auriculares con cable,Perifericos,28.81,3.0,0.0,3.71,Madrid
T2024-02689,2024-11-07,C0004,Pulsera de actividad,Vestible,58.41,2.0,0.0,0.0,Andalucia
T2024-04817,2024-11-19,C0008,Movil gama alta,Telefonia,969.02,2.0,0.0,0.0,Andalucia
T2024-00383,2024-10-04,C0772,Auriculares con cable,Perifericos,30.13,1.0,0.0,6.08,Comunitat Valenciana
T2024-03031,2024-07-13,C1078,Reloj inteligente,Vestible,180.95,1.0,30.0,0.0,Pais Vasco
T2024-01769,2024-12-12,C0015,Disco SSD 1 TB,Almacenamiento,106.36,4.0,0.0,0.0,Galicia
T2024-03551,2024-01-01,C0671,Camara web 1080p,Perifericos,70.9,4.0,0.0,0.0,Madrid
T2024-04633,2024-12-08,C0020,Auriculares con cable,Perifericos,28.84,2.0,0.0,3.24,Andalucia
T2024-03419,2024-11-03,C0008,Auriculares inalambricos,Audio,121.88,1.0,20.0,0.0,Comunitat Valenciana
T2024-01466,2024-01-11,C0556,Movil gama media,Telefonia,355.84,1.0,0.0,12.13,Canarias
T2024-01339,2024-09-30,C0001,Auriculares con cable,Perifericos,31.67,1.0,0.0,8.36,Canarias
T2024-02105,2024-11-25,C0166,Raton ergonomico,Perifericos,42.97,2.0,0.0,4.19,Andalucia
T2024-02555,2024-10-19,C0139,Tarjeta microSD 256 GB,Almacenamiento,30.56,4.0,0.0,0.0,Pais Vasco
T2024-00134,2024-09-18,C0025,Camara web 1080p,Perifericos,71.93,5.0,10.0,13.18,Canarias
T2024-00347,2024-11-30,C0761,Tarjeta microSD 256 GB,Almacenamiento,32.11,2.0,0.0,3.12,Comunitat Valenciana
T2024-04809,2024-06-18,C0005,Teclado mecanico,Perifericos,86.17,4.0,5.0,0.0,Comunitat Valenciana
T2024-00564,2024-04-02,C0022,Raton ergonomico,Perifericos,47.17,5.0,0.0,0.0,Madrid
T2024-04407,2024-11-16,C0004,Tarjeta microSD 256 GB,Almacenamiento,31.36,1.0,0.0,5.61,Pais Vasco
T2024-04355,2024-05-01,C0273,Auriculares con cable,Perifericos,25.44,4.0,0.0,0.0,Madrid
T2024-00392,2024-12-23,C0229,Pulsera de actividad,Vestible,60.2,4.0,25.0,0.0,Madrid
T2024-02106,2024-11-30,C0009,Disco SSD 2 TB,Almacenamiento,172.51,1.0,25.0,0.0,Madrid
T2024-02631,2024-09-17,C0640,Auriculares inalambricos, Audio ,143.93,5.0,5.0,0.0,Cataluna
T2024-03279,2024-04-10,C0291,Reloj inteligente,Vestible,183.57,1.0,0.0,0.0,Comunitat Valenciana
T2024-01702,2024-04-26,C0008,Altavoz bluetooth,Audio,83.7,5.0,0.0,0.0,Cataluna
T2024-03520,2024-09-10,C0156,Tarjeta microSD 256 GB,Almacenamiento,32.47,2.0,5.0,5.42,Madrid
T2024-02396,2024-11-10,C0012,Camara web 1080p,Perifericos,70.33,4.0,15.0,0.0,Cataluna
T2024-02429,2024-01-09,C1119,Camara web 1080p,Perifericos,67.87,3.0,0.0,0.0,Pais Vasco
T2024-03919,2024-10-19,C0340,Tarjeta microSD 256 GB,Almacenamiento,30.81,2.0,10.0,6.23,Madrid
T2024-02184,2024-12-15,C0194,Disco SSD 2 TB,Almacenamiento,185.19,2.0,0.0,0.0,Galicia
T2024-01371,2024-10-04,C0009,Barra de sonido,Audio,201.7,1.0,40.0,0.0,Comunitat Valenciana
T2024-02185,2024-05-27,C0161,Disco SSD 1 TB,Almacenamiento,105.19,5.0,0.0,0.0,Comunitat Valenciana
T2024-01834,2024-02-27,C0085,Camara web 1080p,Perifericos,65.82,1.0,0.0,3.14,Galicia
T2024-01965,2024-06-20,C0368,Pulsera de actividad,Vestible,60.12,2.0,0.0,0.0,Pais Vasco
T2024-04590,2024-04-28,C0041,Auriculares inalambricos,Audio,130.57,1.0,10.0,0.0,Cataluna
T2024-00971,2024-09-30,C0933,Altavoz bluetooth,Audio,85.12,1.0,10.0,6.93,Galicia
T2024-00812,2024-12-02,C0180,Pulsera de actividad,Vestible,60.0,4.0,0.0,0.0,Andalucia
T2024-04995,2024-02-23,C0393,Barra de sonido,Audio,188.89,1.0,0.0,0.0,Andalucia
T2024-01885,2024-11-11,C0077,Auriculares con cable,Perifericos,30.41,3.0,20.0,10.37,Canarias
T2024-03621,2024-09-13,C0527,Auriculares inalambricos,Audio,129.46,5.0,20.0,0.0,Comunitat Valenciana
T2024-00764,2024-06-27,C0178,Pulsera de actividad,Vestible,63.44,4.0,,0.0,Cataluna
T2024-00771,2024-02-18,C0001,Monitor 27 pulgadas,INFORMATICA,240.53,4.0,0.0,0.0,Pais Vasco
T2024-02144,2024-11-01,C0439,Pulsera de actividad,Vestible,60.28,2.0,0.0,0.0,Comunitat Valenciana
T2024-00528,2024-11-13,C0840,Monitor 27 pulgadas,Informatica,237.48,2.0,20.0,0.0,Cataluna
T2024-00919,2024-03-17,C0902,Camara web 1080p,Perifericos,70.63,2.0,5.0,0.0,Madrid
T2024-01446,2024-10-27,C0519,Altavoz bluetooth,Audio,86.22,1.0,10.0,3.82,Comunitat Valenciana
T2024-02204,2024-11-09,C0297,Auriculares con cable,Perifericos,28.89,1.0,,5.99,Comunitat Valenciana
T2024-03206,2024-09-08,C0027,Barra de sonido,Audio,208.41,2.0,10.0,0.0,Madrid
T2024-03404,2024-01-10,C0090,Auriculares inalambricos,Audio,134.37,1.0,35.0,0.0,Comunitat Valenciana
T2024-04446,2024-01-09,C1042,Movil gama media,Telefonia,337.63,2.0,,13.6,
T2024-00204,2024-08-28,C0031,Monitor 27 pulgadas,Informatica,263.3,5.0,0.0,0.0,Comunitat Valenciana
T2024-02906,2024-04-24,C0003,Disco SSD 2 TB,Almacenamiento,177.09,4.0,0.0,0.0,Cataluna
T2024-00384,2024-06-07,C1174,Portatil 16 pulgadas,Informatica,1594.32,4.0,25.0,0.0,Cataluna
T2024-03299,2024-02-10,C0200,Barra de sonido,Audio,195.44,5.0,20.0,0.0,Cataluna
T2024-01618,2024-12-30,C0002,Movil gama media,Telefonia,328.21,5.0,0.0,0.0,Madrid
T2024-03585,2024-05-21,C0051,Auriculares con cable,Perifericos,31.15,1.0,5.0,4.88,Cataluna
T2024-04600,2024-12-21,C0001,Camara web 1080p,Perifericos,71.21,1.0,15.0,5.52,Comunitat Valenciana
T2024-01404,2024-12-06,C0015,Auriculares con cable,Perifericos,27.56,1.0,5.0,3.87,Comunitat Valenciana
T2024-02573,2024-12-18,C0043,Pulsera de actividad,Vestible,56.18,2.0,0.0,0.0,Cataluna
T2024-02256,2024-10-29,C0005,Disco SSD 2 TB,Almacenamiento,171.54,2.0,15.0,9.01,Canarias
T2024-00660,2024-12-12,C0073,Disco SSD 2 TB,Almacenamiento,166.21,1.0,0.0,0.0,Comunitat Valenciana
T2024-02834,2024-01-03,C0183,Reloj inteligente,Vestible,185.66,2.0,0.0,0.0,Pais Vasco
T2024-01544,2024-07-28,C0160,Altavoz bluetooth,Audio,86.11,5.0,0.0,0.0,Madrid
T2024-02368,2024-12-26,C0210,Tablet 10 pulgadas,Telefonia,270.71,1.0,20.0,0.0,Galicia
T2024-00033,2024-06-10,C0225,Tarjeta microSD 256 GB,Almacenamiento,33.67,1.0,0.0,4.75,Galicia
T2024-02598,2024-12-06,C0047,Reloj inteligente,Vestible,203.04,2.0,0.0,0.0,Comunitat Valenciana
T2024-01136,2024-05-02,C0788,Raton ergonomico,Perifericos,46.01,5.0,0.0,0.0,Cataluna
T2024-02701,2024-12-19,C0651,Raton ergonomico,Perifericos,44.81,1.0,0.0,6.62,Comunitat Valenciana
T2024-01959,2024-07-19,C0759,Portatil 14 pulgadas,Informatica,954.77,3.0,0.0,0.0,Comunitat Valenciana
T2024-02535,2024-12-21,C0745,Auriculares con cable,Perifericos,30.47,1.0,0.0,6.7,Comunitat Valenciana
T2024-04904,2024-06-07,C0038,Disco SSD 1 TB,Almacenamiento,100.3,1.0,0.0,0.0,Andalucia
T2024-01934,2024-05-25,C0127,Monitor 27 pulgadas,Informatica,247.07,1.0,5.0,0.0,Galicia
T2024-01199,2024-05-29,C0068,Disco SSD 1 TB,Almacenamiento,91.71,2.0,,0.0,Cataluna
T2024-03250,2024-02-04,C0698,Pulsera de actividad,Vestible,57.83,2.0,10.0,0.0,Cataluna
T2024-01517,2024-07-05,C0373,Tarjeta microSD 256 GB,Almacenamiento,36.65,2.0,25.0,5.81,Galicia
T2024-02351,2024-12-20,C0001,Pulsera de actividad,Vestible,64.27,2.0,0.0,0.0,Andalucia
T2024-00818,2024-11-30,C0283,Barra de sonido,Audio,211.73,1.0,0.0,0.0,Pais Vasco
T2024-00757,2024-07-26,C0704,Pulsera de actividad,Vestible,61.74,1.0,0.0,2.98,Comunitat Valenciana
T2024-00665,2024-04-07,C0065,Camara web 1080p,Perifericos,70.87,1.0,0.0,3.31,Cataluna
T2024-00580,2024-01-26,C0506,Tarjeta microSD 256 GB,Almacenamiento,35.18,2.0,30.0,6.69,Pais Vasco
T2024-00058,2024-11-16,C0498,Portatil 14 pulgadas,Informatica,898.15,1.0,0.0,0.0,Andalucia
T2024-01537,2024-03-10,C0098,Auriculares con cable,Perifericos,28.61,1.0,0.0,5.36,Pais Vasco
T2024-03668,2024-10-09,C0271,Monitor 27 pulgadas,Informatica,256.77,5.0,0.0,0.0,Andalucia
T2024-00655,2024-02-05,C0001,Movil gama media,Telefonia,379.23,4.0,0.0,0.0,Comunitat Valenciana
T2024-04651,2024-03-17,C0491,Portatil 14 pulgadas,Informatica,953.41,1.0,0.0,0.0,Galicia
T2024-04856,2024-07-27,C0014,Auriculares con cable,Perifericos,27.38,5.0,0.0,11.15,Canarias
T2024-01393,2024-12-13,C0012,Camara web 1080p,Perifericos,65.7,4.0,0.0,0.0,Comunitat Valenciana
T2024-00280,2024-01-23,C0617,Raton ergonomico,Perifericos,45.93,2.0,5.0,6.34,Madrid
T2024-00379,2024-12-19,C0904,Tarjeta microSD 256 GB,Almacenamiento,34.85,3.0,0.0,0.0,Comunitat Valenciana
T2024-03552,2024-05-07,C0681,Pulsera de actividad,Vestible,58.3,4.0,25.0,0.0,Comunitat Valenciana
T2024-02558,2024-04-06,C1031,Auriculares con cable,Perifericos,29.41,1.0,25.0,6.19,Andalucia
T2024-04571,2024-04-01,C0018,Reloj inteligente,Vestible,188.65,1.0,,0.0,Cataluna
T2024-04644,2024-11-16,C0049,Auriculares inalambricos,Audio,138.12,4.0,0.0,0.0,Cataluna
T2024-01850,2024-10-11,C0009,Reloj inteligente,Vestible,182.66,3.0,15.0,0.0,Cataluna
T2024-03682,2024-11-25,C0006,Barra de sonido,Audio,197.61,2.0,0.0,14.28,Canarias
T2024-D0058,2024-12-21,C0159,Monitor 27 pulgadas,Informatica,266.28,4.0,0.0,0.0,Madrid
T2024-01980,2024-12-21,C0004,Raton ergonomico,Perifericos,44.28,2.0,0.0,5.79,Pais Vasco
T2024-02323,2024-07-24,C0634,Tarjeta microSD 256 GB,Almacenamiento,32.59,1.0,20.0,5.19,Madrid
T2024-04883,2024-12-10,C0723,Tablet 10 pulgadas,Telefonia,257.47,5.0,0.0,0.0,Cataluna
T2024-00677,2024-11-28,C0035,Tablet 10 pulgadas,Telefonia,289.11,4.0,25.0,0.0,Comunitat Valenciana
T2024-01064,2024-01-11,C0018,Tarjeta microSD 256 GB,Almacenamiento,35.4,5.0,0.0,0.0,Comunitat Valenciana
T2024-02967,2024-11-21,C0152,Raton ergonomico,Perifericos,46.17,2.0,0.0,6.45,Andalucia
T2024-00496,2024-06-02,C0011,Disco SSD 1 TB,Almacenamiento,91.69,3.0,0.0,0.0,Galicia
T2024-01464,2024-11-28,C0355,Altavoz bluetooth,Audio,79.01,2.0,0.0,14.04,Canarias
T2024-00017,2024-05-16,C0067,Reloj inteligente,Vestible,184.5,4.0,0.0,0.0,Andalucia
T2024-04198,2024-03-08,C0024,Tarjeta microSD 256 GB,Almacenamiento,32.84,1.0,20.0,4.36,Cataluna
T2024-02422,2024-10-27,C0087,Auriculares con cable,Perifericos,30.2,1.0,0.0,5.51,Cataluna
T2024-02753,2024-09-19,C0001,Auriculares con cable,Perifericos,26.45,2.0,20.0,2.99,Pais Vasco
T2024-03958,2024-03-12,C0298,Auriculares inalambricos,Audio,135.59,1.0,0.0,0.0,Andalucia
T2024-03224,2024-02-11,C0051,Auriculares inalambricos,Audio,121.81,1.0,25.0,0.0,Pais Vasco
T2024-03741,2024-09-08,C0045,Disco SSD 1 TB,Almacenamiento,99.83,2.0,15.0,0.0,Galicia
T2024-02348,2024-10-08,C0017,Barra de sonido,Audio,201.43,2.0,0.0,0.0,Galicia
T2024-03043,2024-01-15,C0619,Tarjeta microSD 256 GB,Almacenamiento,35.94,5.0,0.0,0.0,Comunitat Valenciana
T2024-01388,2024-08-06,C0755,Tarjeta microSD 256 GB,Almacenamiento,32.95,1.0,0.0,4.8,Andalucia
T2024-02418,2024-03-27,C0170,Pulsera de actividad,Vestible,57.56,4.0,0.0,0.0,Comunitat Valenciana
T2024-02441,2024-12-31,C0196,Barra de sonido,Audio,196.2,1.0,0.0,0.0,Madrid
T2024-03242,2024-05-20,C0001,Altavoz bluetooth,Audio,75.73,1.0,0.0,5.25,Comunitat Valenciana
T2024-02720,2024-02-19,C0036,Raton ergonomico,Perifericos,41.65,4.0,5.0,0.0,Andalucia
T2024-03752,2024-02-12,C0376,Movil gama media,Telefonia,350.54,1.0,5.0,0.0,Madrid
T2024-02786,2024-12-09,C0291,Portatil 14 pulgadas,Informatica,935.83,5.0,0.0,0.0,Andalucia
T2024-02394,2024-10-27,C0046,Auriculares inalambricos,Audio,121.86,2.0,0.0,0.0,Pais Vasco
T2024-01575,2024-12-05,C0081,Raton ergonomico,Perifericos,44.67,3.0,5.0,0.0,Cataluna
T2024-00974,2024-06-14,C0087,Auriculares inalambricos,Audio,127.73,5.0,10.0,0.0,Galicia
T2024-00901,2024-12-09,C0417,Barra de sonido,Audio,203.99,5.0,25.0,0.0,Madrid
T2024-03111,2024-12-15,C0601,Pulsera de actividad,Vestible,59.67,2.0,10.0,0.0,Madrid
T2024-04390,2024-01-03,C0085,Pulsera de actividad,Vestible,59.96,2.0,,9.83,Canarias
T2024-03838,2024-07-21,C0137,Pulsera de actividad,Vestible,60.23,4.0,0.0,0.0,Madrid
T2024-04181,2024-07-16,C0001,Monitor 27 pulgadas,Informatica,223.88,2.0,15.0,0.0,Galicia
T2024-02250,2024-12-20,C0523,Pulsera de actividad,Vestible,55.47,5.0,0.0,0.0,Comunitat Valenciana
T2024-01735,2024-03-03,C0484,Barra de sonido,Audio,201.39,1.0,25.0,0.0,Cataluna
T2024-01722,2024-09-28,C0024,Barra de sonido,Audio,199.6,4.0,0.0,0.0,Cataluna
T2024-03954,2024-10-29,C0096,Camara web 1080p,Perifericos,64.58,1.0,0.0,6.32,Madrid
T2024-02623,2024-10-11,C0777,Tablet 10 pulgadas,Telefonia,267.26,1.0,0.0,0.0,Madrid
T2024-04558,2024-03-17,C0425,Raton ergonomico,Perifericos,44.66,4.0,0.0,0.0,Comunitat Valenciana
T2024-02579,2024-01-21,C0564,Reloj inteligente,Vestible,210.48,3.0,0.0,0.0,Comunitat Valenciana
T2024-03104,2024-06-16,C0092,Pulsera de actividad,Vestible,61.64,4.0,10.0,0.0,Madrid
T2024-00138,2024-08-02,C0055,Raton ergonomico,Perifericos,43.93,3.0,,0.0,Madrid
T2024-01968,2024-04-03,C0021,Movil gama alta,Telefonia,1019.27,1.0,0.0,0.0,Madrid
T2024-00937,2024-06-20,C0369,Portatil 14 pulgadas,INFORMATICA,959.4,1.0,0.0,0.0,Cataluna
T2024-02951,2024-10-12,C0575,Reloj inteligente,Vestible,201.74,,10.0,0.0,Andalucia
T2024-01904,2024-04-27,C0037,Movil gama media,Telefonia,335.73,1.0,5.0,0.0,Comunitat Valenciana
T2024-01581,2024-12-19,C0253,Camara web 1080p,Perifericos,64.23,2.0,5.0,0.0,Cataluna
T2024-01906,2024-11-24,C0597,Tarjeta microSD 256 GB,Almacenamiento,33.51,2.0,0.0,4.42,Madrid
T2024-02447,2024-11-25,C0010,Pulsera de actividad,Vestible,56.6,1.0,0.0,4.77,Comunitat Valenciana
T2024-04441,2024-12-23,C1169,Auriculares con cable,Perifericos,27.68,2.0,0.0,5.13,Andalucia
T2024-00554,2024-12-22,C0045,Disco SSD 1 TB,Almacenamiento,111.16,4.0,0.0,0.0,Madrid
T2024-02740,2024-07-25,C0023,Tablet 10 pulgadas,Telefonia,259.46,1.0,30.0,0.0,Madrid
T2024-02556,2024-05-26,C0038,Raton ergonomico,Perifericos,46.77,2.0,5.0,3.65,Cataluna
T2024-01369,2024-06-08,C0354,Camara web 1080p,Perifericos,68.53,2.0,0.0,0.0,Madrid
T2024-00470,2024-01-10,C0176,Portatil 14 pulgadas,Informatica,850.75,1.0,15.0,0.0,Comunitat Valenciana
T2024-00630,2024-03-08,C0728,Disco SSD 2 TB,Almacenamiento,172.18,2.0,0.0,0.0,Cataluna
T2024-04224,2024-01-14,C0014,Auriculares con cable,Perifericos,27.21,2.0,20.0,3.18,Galicia
T2024-04831,2024-10-13,C0005,Tablet 10 pulgadas,Telefonia,272.6,3.0,0.0,0.0,Cataluna
T2024-00641,2024-05-11,C1010,Pulsera de actividad,Vestible,54.25,4.0,0.0,0.0,Madrid
T2024-04646,2024-10-21,C0922,Tarjeta microSD 256 GB,Almacenamiento,34.22,1.0,0.0,4.5,Comunitat Valenciana
T2024-04710,2024-11-02,C0002,Raton ergonomico,Perifericos,47.73,3.0,0.0,0.0,Comunitat Valenciana
T2024-04739,2024-07-29,C0043,Auriculares con cable,Perifericos,29.35,1.0,20.0,4.11,Pais Vasco
T2024-03843,2024-03-30,C0070,Auriculares inalambricos,Audio,132.33,2.0,0.0,0.0,Comunitat Valenciana
T2024-02596,2024-01-09,C0003,Camara web 1080p,Perifericos,61.66,2.0,0.0,0.0,Cataluna
T2024-04575,2024-03-27,C0211,Teclado mecanico,Perifericos,96.82,4.0,0.0,0.0,Madrid
T2024-02568,2024-05-09,C0362,Raton ergonomico,Perifericos,45.66,1.0,0.0,5.66,Pais Vasco
T2024-02898,2024-08-07,C0013,Pulsera de actividad,Vestible,58.73,1.0,15.0,4.39,Comunitat Valenciana
T2024-00965,2024-12-22,C0765,Teclado mecanico,Perifericos,90.53,2.0,0.0,0.0,Comunitat Valenciana
T2024-01406,2024-03-02,C0296,Disco SSD 1 TB,Almacenamiento,102.65,2.0,0.0,0.0,Cataluna
T2024-01424,2024-06-22,C0005,Tarjeta microSD 256 GB,Almacenamiento,33.52,3.0,0.0,0.0,Cataluna
T2024-04029,2024-05-11,C0237,Raton ergonomico,Perifericos,46.24,2.0,0.0,5.46,Cataluna
T2024-04593,2024-11-01,C0151,Reloj inteligente,Vestible,179.67,5.0,0.0,13.93,Canarias
T2024-02962,2024-11-03,C0107,Pulsera de actividad,Vestible,50.33,2.0,10.0,0.0,Cataluna
T2024-02452,2024-07-27,C0003,Pulsera de actividad,Vestible,57.35,4.0,0.0,0.0,Galicia
T2024-00495,2024-11-23,C0369,Disco SSD 2 TB,Almacenamiento,166.94,2.0,0.0,0.0,Cataluna
T2024-00669,2024-01-16,C0035,Auriculares inalambricos,Audio,133.36,2.0,20.0,0.0,Galicia
T2024-02208,2024-12-01,C0882,Tarjeta microSD 256 GB,Almacenamiento,35.04,1.0,0.0,5.84,Cataluna
T2024-01262,2024-11-12,C0246,Auriculares con cable,Perifericos,27.66,3.0,25.0,4.55,Madrid
T2024-04539,2024-02-13,C0406,Raton ergonomico,Perifericos,39.84,1.0,0.0,5.75,Cataluna
T2024-03271,2024-01-08,C0068,Movil gama media,Telefonia,346.04,2.0,0.0,0.0,Comunitat Valenciana
T2024-04048,2024-05-02,C0041,Reloj inteligente,Vestible,197.78,4.0,20.0,0.0,Comunitat Valenciana
T2024-01790,2024-11-03,C0414,Auriculares inalambricos,Audio,120.65,1.0,,0.0,Cataluna
T2024-02110,2024-07-21,C0026,Reloj inteligente,Vestible,174.59,4.0,15.0,0.0,Cataluna
T2024-03154,2024-02-15,C0674,Movil gama media,Telefonia,344.0,1.0,0.0,0.0,Pais Vasco
T2024-02561,2024-05-01,C0001,Disco SSD 1 TB,Almacenamiento,95.85,2.0,30.0,0.0,Andalucia
T2024-00254,2024-10-02,C0050,Tarjeta microSD 256 GB,Almacenamiento,32.38,3.0,10.0,3.21,Comunitat Valenciana
T2024-04685,2024-02-27,C0154,Auriculares con cable,Perifericos,29.34,1.0,0.0,4.59,Andalucia
T2024-02273,2024-10-15,C0017,Disco SSD 2 TB,Almacenamiento,154.64,4.0,20.0,0.0,Andalucia
T2024-02090,2024-05-25,C0349,Pulsera de actividad,Vestible,59.05,2.0,25.0,0.0,Madrid
T2024-03298,2024-05-22,C0581,Disco SSD 1 TB,Almacenamiento,89.36,5.0,15.0,0.0,Galicia
T2024-02163,2024-11-08,C0762,Movil gama media,Telefonia,338.35,3.0,15.0,0.0,Comunitat Valenciana
T2024-04393,2024-04-06,C0971,Tarjeta microSD 256 GB,Almacenamiento,33.14,3.0,0.0,3.05,Andalucia
T2024-02703,2024-03-03,C0133,Altavoz bluetooth,Audio,72.04,4.0,10.0,0.0,Comunitat Valenciana
T2024-01178,2024-12-29,C0257,Movil gama media,Telefonia,348.1,2.0,10.0,0.0,Galicia
T2024-D0013,2024-07-23,C0025,Auriculares inalambricos,Audio,122.23,1.0,0.0,0.0,Pais Vasco
T2024-02814,2024-12-21,C0159,Monitor 27 pulgadas,Informatica,266.28,4.0,0.0,0.0,Madrid
T2024-00294,2024-09-28,C0055,Altavoz bluetooth,Audio,75.06,2.0,,0.0,Andalucia
T2024-02702,2024-12-14,C0742,Pulsera de actividad,Vestible,53.02,1.0,0.0,4.07,Pais Vasco
T2024-04141,2024-02-28,C0046,Portatil 16 pulgadas,INFORMATICA,1374.84,1.0,20.0,0.0,Andalucia
T2024-04526,2024-02-24,C0058,Camara web 1080p,Perifericos,68.12,5.0,0.0,0.0,Comunitat Valenciana
T2024-00389,2024-04-23,C0019,Disco SSD 2 TB,Almacenamiento,161.62,1.0,0.0,0.0,Cataluna
T2024-00956,2024-10-19,C0060,Monitor 27 pulgadas,Informatica,217.07,1.0,0.0,0.0,Cataluna
T2024-02757,2024-01-29,C0282,Raton ergonomico,Perifericos,46.05,4.0,0.0,0.0,Comunitat Valenciana
T2024-04779,2024-07-29,C0627,Disco SSD 1 TB,Almacenamiento,101.48,2.0,0.0,0.0,Cataluna
T2024-00615,2024-04-25,C0096,Altavoz bluetooth,Audio,76.28,4.0,0.0,0.0,Cataluna
T2024-02889,2024-08-29,C0102,Pulsera de actividad,Vestible,61.85,1.0,0.0,5.67,Galicia
T2024-00396,2024-04-07,C0022,Camara web 1080p,Perifericos,71.79,2.0,10.0,0.0,Madrid
T2024-03276,2024-04-29,C0070,Movil gama alta,Telefonia,1033.81,1.0,0.0,0.0,Andalucia
T2024-04504,2024-07-20,C0003,Teclado mecanico,Perifericos,79.59,1.0,5.0,6.26,Andalucia
T2024-01638,2024-08-27,C0004,Raton ergonomico,Perifericos,44.03,3.0,0.0,0.0,Cataluna
T2024-00542,2024-05-02,C0084,Disco SSD 2 TB,Almacenamiento,163.08,3.0,10.0,0.0,Andalucia
T2024-01652,2024-10-30,C0792,Disco SSD 1 TB,Almacenamiento,100.67,1.0,0.0,0.0,Pais Vasco
T2024-02034,2024-01-19,C0065,Auriculares inalambricos,Audio,139.66,2.0,,0.0,Comunitat Valenciana
T2024-04349,2024-03-22,C0936,Auriculares con cable,perifericos,30.24,1.0,0.0,10.88,Canarias
T2024-02490,2024-11-12,C0224,Auriculares inalambricos,Audio,141.12,5.0,10.0,0.0,Madrid
T2024-03822,2024-11-09,C0059,Tarjeta microSD 256 GB,Almacenamiento,34.39,1.0,0.0,4.26,Comunitat Valenciana
T2024-04985,2024-02-04,C0033,Disco SSD 2 TB,Almacenamiento,164.92,1.0,0.0,0.0,Comunitat Valenciana
T2024-03366,2024-10-19,C0008,Altavoz bluetooth,Audio,78.97,3.0,0.0,0.0,Comunitat Valenciana
T2024-01743,2024-12-27,C0105,Camara web 1080p,Perifericos,68.53,3.0,0.0,0.0,Andalucia
T2024-00577,2024-06-03,C0004,Auriculares con cable,perifericos,29.45,2.0,0.0,4.24,Comunitat Valenciana
T2024-00570,2024-06-01,C0474,Altavoz bluetooth,Audio,78.72,,0.0,4.27,Andalucia
T2024-04544,2024-06-24,C0093,Tarjeta microSD 256 GB,Almacenamiento,30.79,1.0,0.0,5.8,Andalucia
T2024-04546,2024-10-16,C0123,Tarjeta microSD 256 GB,Almacenamiento,30.52,,10.0,8.04,Canarias
T2024-00821,2024-03-02,C0003,Disco SSD 2 TB,Almacenamiento,173.55,1.0,25.0,10.11,Canarias
T2024-03929,2024-07-06,C0076,Movil gama media,Telefonia,334.39,2.0,0.0,0.0,Cataluna
T2024-04367,2024-11-28,C0419,Disco SSD 1 TB,Almacenamiento,86.74,1.0,0.0,5.95,Andalucia
T2024-01547,2024-11-19,C0916,Raton ergonomico,Perifericos,47.22,4.0,10.0,0.0,Andalucia
T2024-04323,2024-12-04,C0016,Teclado mecanico,Perifericos,97.5,1.0,0.0,6.12,Andalucia
T2024-03091,2024-03-20,C0024,Portatil 14 pulgadas,Informatica,943.44,1.0,0.0,0.0,Andalucia
T2024-01454,2024-03-10,C0025,Teclado mecanico,Perifericos,84.77,2.0,30.0,0.0,Andalucia
T2024-01460,2024-12-06,C0513,Reloj inteligente,Vestible,-198.17,3.0,,0.0,Cataluna
T2024-03186,2024-08-21,C1197,Altavoz bluetooth,Audio,77.71,,15.0,6.11,Galicia
T2024-01356,2024-06-23,C1098,Disco SSD 1 TB,Almacenamiento,105.9,1.0,0.0,0.0,Cataluna
T2024-00220,2024-01-16,C0289,Disco SSD 1 TB,Almacenamiento,102.39,,5.0,0.0,Galicia
T2024-03950,2024-12-12,C1006,Movil gama media,Telefonia,342.11,2.0,0.0,0.0,Galicia
T2024-02465,2024-09-08,C0047,Tarjeta microSD 256 GB,Almacenamiento,34.66,1.0,5.0,5.81,Madrid
T2024-03533,2024-09-19,C0035,Portatil 14 pulgadas,Informatica,826.63,1.0,25.0,0.0,Madrid
T2024-02743,2024-09-28,C0502,Tarjeta microSD 256 GB,Almacenamiento,33.06,3.0,10.0,6.83,Comunitat Valenciana
T2024-03353,2024-06-13,C0070,Camara web 1080p,Perifericos,72.04,2.0,0.0,0.0,Comunitat Valenciana
T2024-01615,2024-08-31,C0738,Altavoz bluetooth,Audio,74.18,1.0,0.0,6.45,Andalucia
T2024-03305,2024-05-26,C0040,Barra de sonido,Audio,204.54,2.0,35.0,0.0,Andalucia
T2024-00075,2024-07-07,C0002,Auriculares con cable,Perifericos,30.88,2.0,0.0,3.14,Comunitat Valenciana
T2024-04531,2024-08-19,C0451,Auriculares inalambricos,Audio,117.7,1.0,0.0,0.0,Andalucia
T2024-04486,2024-01-02,C0033,Disco SSD 1 TB,Almacenamiento,101.03,1.0,0.0,0.0,Comunitat Valenciana
T2024-03841,2024-03-01,C0001,Pulsera de actividad,Vestible,58.58,1.0,0.0,4.93,Pais Vasco
T2024-00566,2024-09-15,C0118,Tablet 10 pulgadas,Telefonia,292.27,4.0,0.0,0.0,Madrid
T2024-03496,2024-07-05,C0004,Movil gama media,Telefonia,381.42,2.0,0.0,0.0,Cataluna
T2024-01639,2024-04-26,C0002,Barra de sonido,Audio,208.51,2.0,15.0,0.0,Madrid
T2024-04402,2024-10-28,C0098,Raton ergonomico,Perifericos,46.75,2.0,25.0,4.25,Cataluna
T2024-01650,2024-11-10,C0674,Tarjeta microSD 256 GB,Almacenamiento,35.3,1.0,10.0,5.48,Comunitat Valenciana
T2024-04818,2024-11-23,C0264,Disco SSD 1 TB,Almacenamiento,93.72,1.0,0.0,5.02,Comunitat Valenciana
T2024-02476,2024-08-12,C0110,Auriculares con cable,Perifericos,29.5,1.0,15.0,6.15,
T2024-00298,2024-02-22,C0097,Disco SSD 2 TB,Almacenamiento,156.68,2.0,0.0,0.0,Cataluna
T2024-02718,2024-02-02,C0323,Auriculares con cable,Perifericos,29.18,3.0,5.0,3.31,Galicia
T2024-04508,2024-03-01,C0163,Tablet 10 pulgadas,Telefonia,293.44,2.0,0.0,0.0,Comunitat Valenciana
T2024-02592,2024-03-08,C0198,Disco SSD 2 TB,Almacenamiento,172.63,3.0,30.0,0.0,Madrid
T2024-02655,2024-10-21,C0075,Disco SSD 2 TB,Almacenamiento,172.02,4.0,5.0,0.0,Madrid
T2024-03090,2024-07-02,C0544,Tablet 10 pulgadas,Telefonia,261.34,4.0,10.0,0.0,Comunitat Valenciana
T2024-02739,2024-05-13,C0361,Teclado mecanico,Perifericos,98.47,2.0,5.0,9.2,Canarias
T2024-03777,2024-01-21,C0565,Disco SSD 1 TB,Almacenamiento,108.33,3.0,10.0,0.0,Cataluna
T2024-04907,2024-12-31,C1100,Pulsera de actividad,Vestible,51.89,3.0,0.0,0.0,Pais Vasco
T2024-02910,2024-06-08,C0817,Disco SSD 2 TB,Almacenamiento,178.03,2.0,0.0,0.0,Cataluna
T2024-03488,2024-11-19,C0004,Tarjeta microSD 256 GB,Almacenamiento,32.56,1.0,0.0,3.49,Comunitat Valenciana
T2024-00642,2024-12-06,C0045,Disco SSD 1 TB,Almacenamiento,103.14,2.0,0.0,0.0,Pais Vasco
T2024-00488,2024-04-13,C0583,Disco SSD 2 TB,Almacenamiento,144.58,1.0,0.0,0.0,Comunitat Valenciana
T2024-02874,2024-01-08,C0788,Movil gama media,Telefonia,310.26,4.0,15.0,0.0,Galicia
T2024-02018,2024-06-06,C0056,Auriculares con cable,Perifericos,28.05,2.0,0.0,5.83,Comunitat Valenciana
T2024-01787,2024-12-02,C1049,Teclado mecanico,Perifericos,91.62,1.0,10.0,3.4,Galicia
T2024-02808,2024-01-22,C0743,Altavoz bluetooth,Audio,75.67,1.0,0.0,3.21,Cataluna
T2024-03942,2024-02-20,C0075,Camara web 1080p,Perifericos,73.55,3.0,0.0,0.0,Pais Vasco
T2024-01355,2024-07-19,C0132,Camara web 1080p,Perifericos,70.24,1.0,0.0,4.83,Comunitat Valenciana
T2024-02996,2024-11-22,C0067,Camara web 1080p,Perifericos,67.35,2.0,10.0,0.0,Madrid
T2024-03650,2024-07-30,C0845,Teclado mecanico,Perifericos,89.92,2.0,0.0,0.0,Andalucia
T2024-02609,2024-02-10,C0010,Disco SSD 2 TB,Almacenamiento,183.16,1.0,0.0,0.0,Comunitat Valenciana
T2024-02850,2024-04-21,C0032,Disco SSD 2 TB,Almacenamiento,168.22,2.0,0.0,0.0,Madrid
T2024-01597,2024-08-10,C0906,Raton ergonomico,perifericos,47.81,1.0,0.0,4.84,Pais Vasco
T2024-00036,2024-12-22,C1144,Auriculares con cable,Perifericos,31.44,4.0,0.0,0.0,Comunitat Valenciana
T2024-00447,2024-06-03,C0011,Disco SSD 1 TB,Almacenamiento,99.61,2.0,0.0,0.0,Madrid
T2024-01828,2024-11-21,C0093,Altavoz bluetooth,Audio,79.36,4.0,10.0,0.0,Madrid
T2024-00045,2024-07-21,C1063,Reloj inteligente,Vestible,177.13,2.0,0.0,0.0,Cataluna
T2024-00432,2024-12-04,C0008,Disco SSD 1 TB,Almacenamiento,105.71,2.0,0.0,0.0,Cataluna
T2024-02637,2024-05-15,C0396,Disco SSD 2 TB,Almacenamiento,169.01,1.0,30.0,0.0,Andalucia
T2024-04361,2024-03-26,C0112,Pulsera de actividad,Vestible,57.79,1.0,0.0,5.01,Andalucia
T2024-00747,2024-07-20,C0056,Auriculares inalambricos,Audio,127.31,2.0,0.0,0.0,Madrid
T2024-02162,2024-06-02,C0052,Pulsera de actividad,Vestible,50.58,5.0,30.0,0.0,Madrid
T2024-01707,2024-02-06,C0238,Portatil 14 pulgadas,Informatica,933.46,1.0,,0.0,Comunitat Valenciana
T2024-D0033,2024-10-13,C0814,Camara web 1080p,Perifericos,64.32,1.0,,6.38,Comunitat Valenciana
T2024-02170,2024-12-21,C1163,Monitor 27 pulgadas,Informatica,249.64,2.0,0.0,0.0,Cataluna
T2024-00001,2024-05-23,C0533,Auriculares con cable,Perifericos,28.91,5.0,30.0,0.0,
T2024-03554,2024-12-19,C0200,Raton ergonomico,Perifericos,44.85,3.0,0.0,0.0,Andalucia
T2024-01572,2024-08-01,C0001,Raton ergonomico,Perifericos,40.38,3.0,0.0,0.0,Comunitat Valenciana
T2024-04197,2024-03-01,C0358,Auriculares con cable,Perifericos,28.44,1.0,30.0,3.29,Comunitat Valenciana
T2024-01554,2024-12-15,C0546,Teclado mecanico,Perifericos,90.81,3.0,,0.0,Andalucia
T2024-02909,2024-07-28,C0167,Pulsera de actividad,Vestible,63.78,2.0,0.0,0.0,Comunitat Valenciana
T2024-02639,2024-04-27,C0060,Barra de sonido,Audio,215.06,5.0,25.0,0.0,Andalucia
T2024-02424,2024-09-10,C0248,Auriculares con cable,perifericos,27.72,1.0,0.0,4.89,Pais Vasco
T2024-03009,2024-01-28,C0001,Movil gama media,Telefonia,354.96,2.0,0.0,0.0,Andalucia
T2024-00706,2024-11-14,C0036,Raton ergonomico,perifericos,38.95,1.0,15.0,5.62,Madrid
T2024-03040,2024-03-16,C0001,Disco SSD 1 TB,Almacenamiento,105.85,1.0,0.0,0.0,Andalucia
T2024-00883,2024-07-10,C0042,Camara web 1080p,Perifericos,70.26,2.0,0.0,0.0,Madrid
T2024-01159,2024-03-12,C0255,Disco SSD 1 TB,Almacenamiento,94.79,1.0,0.0,6.29,Cataluna
T2024-02746,2024-11-10,C0002,Auriculares con cable,Perifericos,27.28,4.0,0.0,0.0,Comunitat Valenciana
T2024-02625,2024-12-03,C0055,Tarjeta microSD 256 GB,Almacenamiento,34.29,2.0,30.0,3.81,Andalucia
T2024-04443,2024-04-20,C0003,Disco SSD 2 TB,Almacenamiento,164.54,1.0,0.0,0.0,Madrid
T2024-04638,2024-11-23,C0898,Auriculares con cable,Perifericos,29.86,1.0,0.0,6.41,Cataluna
T2024-01666,2024-02-11,C0555,Camara web 1080p,Perifericos,66.77,1.0,,6.16,Cataluna
T2024-01177,2024-05-02,C0018,Altavoz bluetooth,Audio,78.27,4.0,0.0,0.0,Madrid
T2024-04738,2024-12-15,C0003,Pulsera de actividad,Vestible,62.23,1.0,0.0,4.15,Comunitat Valenciana
T2024-02885,2024-05-23,C0779,Pulsera de actividad,Vestible,53.44,3.0,30.0,0.0,Comunitat Valenciana
T2024-03400,2024-09-25,C0006,Raton ergonomico,Perifericos,44.24,3.0,30.0,0.0,Madrid
T2024-00269,2024-08-10,C0290,Auriculares con cable,Perifericos,28.9,1.0,10.0,4.26,Cataluna
T2024-00550,2024-01-11,C0110,Disco SSD 1 TB,Almacenamiento,105.27,3.0,10.0,0.0,Comunitat Valenciana
T2024-03595,2024-12-13,C0143,Camara web 1080p,Perifericos,61.12,1.0,0.0,6.19,Comunitat Valenciana
T2024-02380,2024-11-28,C0002,Altavoz bluetooth,Audio,80.51,1.0,0.0,6.52,Cataluna
T2024-D0002,2024-07-29,C0417,Auriculares inalambricos,Audio,126.51,3.0,40.0,0.0,Madrid
T2024-02804,2024-12-06,C0030,Teclado mecanico,Perifericos,100.51,2.0,0.0,0.0,Andalucia
T2024-01768,2024-07-06,C0006,Auriculares inalambricos,Audio,133.52,2.0,0.0,0.0,Andalucia
T2024-00935,2024-02-11,C0474,Teclado mecanico,Perifericos,-95.36,3.0,0.0,10.3,Canarias
T2024-01822,2024-09-29,C0002,Pulsera de actividad,Vestible,57.07,1.0,0.0,3.25,Comunitat Valenciana
T2024-00136,2024-03-19,C0369,Monitor 27 pulgadas,Informatica,245.47,5.0,0.0,0.0,Galicia
T2024-02268,2024-10-22,C0090,Barra de sonido,Audio,194.65,,10.0,0.0,Andalucia
T2024-04829,2024-02-09,C0001,Tarjeta microSD 256 GB,Almacenamiento,30.07,1.0,0.0,3.23,Galicia
T2024-04190,2024-07-06,C0001,Portatil 16 pulgadas,Informatica,1608.67,1.0,5.0,0.0,Andalucia
T2024-01721,2024-01-10,C0030,Movil gama media,Telefonia,360.6,2.0,,0.0,Madrid
T2024-00086,2024-03-21,C0024,Disco SSD 1 TB,Almacenamiento,107.34,4.0,0.0,0.0,Cataluna
T2024-04958,2024-05-04,C0033,Tarjeta microSD 256 GB,Almacenamiento,36.32,4.0,10.0,0.0,Comunitat Valenciana
T2024-00158,2024-11-16,C0115,Teclado mecanico,Perifericos,88.77,2.0,0.0,0.0,Madrid
T2024-03021,2024-04-19,C0918,Disco SSD 2 TB,Almacenamiento,164.14,1.0,0.0,0.0,Cataluna
T2024-04340,2024-08-24,C0957,Disco SSD 1 TB,Almacenamiento,92.27,1.0,30.0,3.5,Comunitat Valenciana
T2024-02296,2024-07-26,C0569,Auriculares con cable,Perifericos,31.62,1.0,0.0,3.1,Cataluna
T2024-00510,2024-12-07,C0009,Tarjeta microSD 256 GB,Almacenamiento,33.76,1.0,20.0,4.82,Comunitat Valenciana
T2024-04862,2024-04-04,C0007,Tablet 10 pulgadas,Telefonia,293.14,2.0,5.0,0.0,Cataluna
T2024-00178,2024-06-10,C0009,Portatil 14 pulgadas,Informatica,850.22,1.0,30.0,0.0,Madrid
T2024-04036,2024-04-10,C0003,Pulsera de actividad,Vestible,56.93,2.0,0.0,0.0,Galicia
T2024-00813,2024-01-18,C0057,Auriculares con cable,Perifericos,27.43,5.0,0.0,0.0,Comunitat Valenciana
T2024-03964,2024-12-08,C0002,Movil gama media,Telefonia,377.02,1.0,5.0,0.0,Comunitat Valenciana
T2024-04420,2024-11-21,C0221,Pulsera de actividad,Vestible,61.78,4.0,0.0,0.0,Andalucia
T2024-04193,2024-11-05,C0056,Movil gama media,Telefonia,329.88,1.0,25.0,0.0,Cataluna
T2024-00057,2024-12-08,C1186,Tarjeta microSD 256 GB,Almacenamiento,33.86,2.0,0.0,8.91,Canarias
T2024-04242,2024-11-24,C0864,Auriculares con cable,Perifericos,31.7,5.0,0.0,0.0,Madrid
T2024-01255,2024-04-27,C0342,Raton ergonomico,Perifericos,43.63,1.0,0.0,8.01,Canarias
T2024-03121,2024-08-27,C0083,Pulsera de actividad,Vestible,55.3,3.0,0.0,0.0,Comunitat Valenciana
T2024-03867,2024-02-26,C0015,Barra de sonido,Audio,213.81,5.0,20.0,0.0,Madrid
T2024-01668,2024-11-13,C0484,Disco SSD 2 TB,Almacenamiento,169.97,1.0,0.0,0.0,Comunitat Valenciana
T2024-03865,2024-03-10,C0074,Reloj inteligente,Vestible,192.06,1.0,5.0,0.0,Cataluna
T2024-03254,2024-04-16,C0145,Teclado mecanico,Perifericos,95.59,4.0,0.0,0.0,Comunitat Valenciana
T2024-04307,2024-12-29,C0014,Pulsera de actividad,Vestible,54.16,1.0,5.0,3.49,Cataluna
T2024-02072,2024-12-07,C0677,Auriculares con cable,Perifericos,29.38,3.0,,6.72,Cataluna
T2024-03925,2024-02-21,C0002,Disco SSD 1 TB,Almacenamiento,107.25,1.0,25.0,0.0,Pais Vasco
T2024-02845,2024-11-30,C0068,Portatil 14 pulgadas,Informatica,940.81,2.0,0.0,0.0,Comunitat Valenciana
T2024-00183,2024-12-05,C0035,Auriculares con cable,Perifericos,30.72,1.0,30.0,6.53,Madrid
T2024-04795,2024-04-20,C0096,Camara web 1080p,Perifericos,66.65,1.0,0.0,5.86,Galicia
T2024-01373,2024-12-05,C0086,Raton ergonomico,Perifericos,42.33,2.0,25.0,3.34,Madrid
T2024-03939,2024-04-14,C0444,Disco SSD 1 TB,Almacenamiento,100.59,3.0,0.0,0.0,Pais Vasco
T2024-03871,2024-12-01,C0003,Camara web 1080p,Perifericos,73.24,1.0,20.0,4.18,Comunitat Valenciana
T2024-00611,2024-05-04,C0107,Teclado mecanico,Perifericos,91.31,1.0,5.0,3.97,Madrid
T2024-02172,2024-04-29,C0575,Barra de sonido,Audio,190.63,2.0,0.0,0.0,Andalucia
T2024-04996,2024-03-23,C0076,Reloj inteligente,Vestible,157.21,4.0,0.0,0.0,Pais Vasco
T2024-01210,2024-11-16,C1196,Tarjeta microSD 256 GB,Almacenamiento,32.74,1.0,0.0,6.71,Cataluna
T2024-00005,2024-04-19,C0110,Auriculares inalambricos,Audio,128.16,5.0,0.0,0.0,Pais Vasco
T2024-00647,2024-09-11,C0006,Tablet 10 pulgadas,Telefonia,290.24,3.0,20.0,0.0,Comunitat Valenciana
T2024-02112,2024-03-03,C0519,Disco SSD 1 TB,Almacenamiento,99.23,1.0,0.0,4.97,Andalucia
T2024-02384,2024-11-29,C0958,Disco SSD 1 TB,Almacenamiento,103.53,2.0,0.0,0.0,Comunitat Valenciana
T2024-00859,2024-11-02,C0002,Pulsera de actividad,Vestible,60.35,1.0,5.0,3.91,Galicia
T2024-00526,2024-12-15,C0011,Tarjeta microSD 256 GB,Almacenamiento,32.48,5.0,0.0,0.0,Andalucia
T2024-02062,2024-01-11,C0577,Teclado mecanico,Perifericos,92.57,4.0,,0.0,Cataluna
T2024-04683,2024-04-06,C0023,Disco SSD 2 TB,Almacenamiento,164.84,2.0,0.0,0.0,Comunitat Valenciana
T2024-00933,2024-03-09,C0686,Auriculares inalambricos,Audio,131.28,1.0,0.0,0.0,Andalucia
T2024-02391,2024-10-13,C0814,Camara web 1080p,Perifericos,64.32,1.0,,6.38,Comunitat Valenciana
T2024-02303,2024-02-11,C0959,Raton ergonomico,Perifericos,41.66,1.0,25.0,5.61,Andalucia
T2024-00969,2024-12-10,C0003,Auriculares con cable,Perifericos,30.55,2.0,0.0,3.31,Andalucia
T2024-01181,2024-01-16,C0767,Auriculares con cable,Perifericos,28.09,2.0,30.0,8.58,Canarias
T2024-04828,2024-02-04,C0017,Pulsera de actividad,Vestible,63.06,2.0,25.0,0.0,Comunitat Valenciana
T2024-D0027,2024-04-12,C0628,Reloj inteligente,Vestible,172.12,1.0,0.0,0.0,Comunitat Valenciana
T2024-01751,2024-09-25,C0001,Reloj inteligente,Vestible,191.63,3.0,0.0,0.0,Andalucia
T2024-00491,2024-09-06,C0152,Disco SSD 1 TB,Almacenamiento,99.55,2.0,10.0,0.0,
T2024-02082,2024-07-15,C0762,Auriculares con cable,Perifericos,30.5,1.0,0.0,5.46,Andalucia
T2024-01207,2024-06-16,C0389,Camara web 1080p,Perifericos,74.77,2.0,15.0,0.0,Cataluna
T2024-04033,2024-02-03,C0001,Altavoz bluetooth,Audio,75.69,4.0,10.0,0.0,Comunitat Valenciana
T2024-01461,2024-12-30,C0018,Barra de sonido,Audio,187.32,1.0,25.0,0.0,Comunitat Valenciana
T2024-00881,2024-12-20,C0038,Tarjeta microSD 256 GB,Almacenamiento,35.86,1.0,0.0,2.98,Madrid
T2024-04505,2024-11-28,C0859,Auriculares con cable,Perifericos,24.78,3.0,25.0,3.8,Comunitat Valenciana
T2024-04472,2024-02-02,C0038,Tarjeta microSD 256 GB,Almacenamiento,31.94,2.0,0.0,3.54,Comunitat Valenciana
T2024-02668,2024-10-19,C0139,Raton ergonomico,Perifericos,45.3,1.0,20.0,4.3,Comunitat Valenciana
T2024-04487,2024-12-10,C0073,Reloj inteligente,Vestible,206.41,5.0,15.0,0.0,Cataluna
T2024-02317,2024-10-01,C0176,Movil gama media,Telefonia,335.26,3.0,25.0,0.0,Comunitat Valenciana
T2024-01578,2024-12-04,C0865,Monitor 27 pulgadas,Informatica,240.37,2.0,0.0,0.0,Cataluna
T2024-01189,2024-10-19,C1138,Movil gama alta,Telefonia,961.39,2.0,20.0,0.0,Cataluna
T2024-04059,2024-12-29,C0049,Tarjeta microSD 256 GB,Almacenamiento,39.01,1.0,0.0,3.43,Galicia
T2024-03932,2024-07-24,C0033,Disco SSD 2 TB,Almacenamiento,173.7,2.0,15.0,0.0,Comunitat Valenciana
T2024-04424,2024-11-22,C1007,Pulsera de actividad,Vestible,57.84,2.0,0.0,0.0,Comunitat Valenciana
T2024-04783,2024-12-04,C0933,Camara web 1080p,Perifericos,71.06,1.0,15.0,4.59,Andalucia
T2024-01990,2024-03-26,C0014,Camara web 1080p,Perifericos,70.48,1.0,0.0,4.41,Pais Vasco
T2024-03346,2024-09-01,C0381,Auriculares con cable,Perifericos,29.48,5.0,30.0,0.0,Pais Vasco
T2024-00861,2024-09-04,C0414,Monitor 27 pulgadas,INFORMATICA,256.76,1.0,25.0,0.0,Madrid
T2024-00076,2024-09-09,C0307,Reloj inteligente,Vestible,185.17,1.0,15.0,14.29,Canarias
T2024-02156,2024-05-27,C0165,Auriculares con cable,Perifericos,28.7,1.0,10.0,6.82,Madrid
T2024-00775,2024-12-08,C0006,Auriculares inalambricos,Audio,132.68,2.0,30.0,0.0,Madrid
T2024-03213,2024-05-26,C0326,Altavoz bluetooth,Audio,82.79,1.0,25.0,5.25,Madrid
T2024-01150,2024-03-10,C0869,Raton ergonomico,Perifericos,44.11,1.0,25.0,5.75,Galicia
T2024-01482,2024-10-17,C0045,Tarjeta microSD 256 GB,Almacenamiento,33.12,1.0,0.0,4.08,Andalucia
T2024-04246,2024-08-24,C0585,Raton ergonomico,Perifericos,44.58,3.0,30.0,13.98,Canarias
T2024-04013,2024-04-01,C0011,Disco SSD 2 TB,Almacenamiento,165.39,3.0,10.0,0.0,Comunitat Valenciana
T2024-00751,2024-10-31,C0004,Disco SSD 1 TB,Almacenamiento,95.85,3.0,30.0,0.0,Pais Vasco
T2024-01876,2024-01-29,C0001,Disco SSD 1 TB,Almacenamiento,105.08,1.0,25.0,0.0,Cataluna
T2024-03198,2024-02-18,C1106,Auriculares inalambricos,Audio,133.32,1.0,5.0,0.0,Cataluna
T2024-00073,2024-10-20,C0152,Camara web 1080p,Perifericos,72.37,3.0,25.0,0.0,Andalucia
T2024-03746,2024-06-27,C0083,Tablet 10 pulgadas,Telefonia,284.13,1.0,0.0,0.0,Comunitat Valenciana
T2024-01601,2024-06-23,C0210,Tarjeta microSD 256 GB,Almacenamiento,35.31,3.0,10.0,0.0,Cataluna
T2024-01982,2024-01-13,C0102,Tarjeta microSD 256 GB,Almacenamiento,33.62,1.0,0.0,6.48,Madrid
T2024-00456,2024-04-30,C0042,Portatil 14 pulgadas,Informatica,864.82,1.0,0.0,0.0,Madrid
T2024-03628,2024-11-01,C0560,Teclado mecanico,Perifericos,86.81,2.0,,0.0,Andalucia
T2024-02811,2024-04-27,C0006,Tablet 10 pulgadas,Telefonia,282.05,3.0,0.0,0.0,Galicia
T2024-03351,2024-03-31,C0202,Tarjeta microSD 256 GB,Almacenamiento,34.88,2.0,0.0,3.29,Comunitat Valenciana
T2024-01129,2024-09-05,C0413,Pulsera de actividad,Vestible,65.31,3.0,0.0,0.0,Andalucia
T2024-01759,2024-02-20,C0001,Movil gama media,Telefonía,335.59,5.0,25.0,0.0,Galicia
T2024-00725,2024-04-25,C0001,Teclado mecanico,Perifericos,87.06,5.0,0.0,0.0,Galicia
T2024-00848,2024-12-07,C0003,Tarjeta microSD 256 GB,Almacenamiento,34.86,3.0,25.0,0.0,Madrid
T2024-04221,2024-07-14,C0004,Teclado mecanico,Perifericos,92.55,1.0,0.0,5.87,Andalucia
T2024-02750,2024-11-04,C0016,Tablet 10 pulgadas,Telefonia,295.43,4.0,0.0,0.0,Comunitat Valenciana
T2024-04936,2024-01-28,C0045,Pulsera de actividad,Vestible,56.43,2.0,0.0,0.0,Comunitat Valenciana
T2024-03771,2024-07-21,C0141,Camara web 1080p,Perifericos,69.77,5.0,0.0,0.0,Pais Vasco
T2024-02236,2024-02-01,C0004,Auriculares con cable,Perifericos,33.52,1.0,0.0,5.58,Madrid
T2024-03548,2024-01-22,C0788,Portatil 14 pulgadas,INFORMATICA,861.9,1.0,15.0,13.32,Canarias
T2024-03005,2024-05-31,C0031,Reloj inteligente,Vestible,181.08,3.0,20.0,0.0,Pais Vasco
T2024-04857,2024-03-14,C0011,Monitor 27 pulgadas,INFORMATICA,239.14,2.0,0.0,0.0,Madrid
T2024-03089,2024-12-20,C0080,Disco SSD 1 TB,Almacenamiento,108.71,4.0,0.0,0.0,Cataluna
T2024-02711,2024-01-28,C0031,Raton ergonomico,Perifericos,41.48,2.0,0.0,6.5,Cataluna
T2024-00230,2024-08-29,C0615,Altavoz bluetooth,Audio,84.34,3.0,0.0,0.0,Galicia
T2024-00621,2024-09-02,C0127,Raton ergonomico,Perifericos,42.69,2.0,0.0,2.98,Comunitat Valenciana
T2024-01786,2024-01-25,C0075,Altavoz bluetooth,Audio,78.27,4.0,0.0,12.17,Canarias
T2024-03879,2024-10-05,C0006,Barra de sonido,Audio,199.91,3.0,0.0,9.53,Canarias
T2024-01143,2024-04-19,C0006,Teclado mecanico,Perifericos,85.62,1.0,0.0,5.68,Madrid
T2024-01276,2024-10-04,C0329,Pulsera de actividad,Vestible,57.89,5.0,15.0,0.0,Cataluna
T2024-01383,2024-09-09,C0051,Tablet 10 pulgadas,Telefonia,281.19,1.0,5.0,0.0,Madrid
T2024-02832,2024-05-20,C0009,Altavoz bluetooth,Audio,74.95,2.0,0.0,0.0,Andalucia
T2024-02936,2024-07-25,C0178,Raton ergonomico,Perifericos,44.34,1.0,15.0,3.56,Galicia
T2024-02016,2024-08-26,C0125,Tablet 10 pulgadas,Telefonia,296.68,2.0,0.0,0.0,Cataluna
T2024-02310,2024-05-16,C0008,Movil gama alta,Telefonia,912.89,4.0,0.0,12.61,Canarias
T2024-00004,2024-12-08,C1043,Tarjeta microSD 256 GB,Almacenamiento,35.13,5.0,0.0,0.0,Comunitat Valenciana
T2024-03709,2024-05-04,C0886,Teclado mecanico,Perifericos,78.94,4.0,30.0,0.0,Comunitat Valenciana
T2024-02694,2024-11-20,C0135,Movil gama media,Telefonia,373.8,3.0,25.0,0.0,Madrid
T2024-00695,2024-05-17,C0356,Camara web 1080p,Perifericos,72.66,4.0,0.0,0.0,Madrid
T2024-04171,2024-12-21,C0174,Teclado mecanico,Perifericos,86.38,999.0,30.0,0.0,Cataluna
T2024-00320,2024-01-31,C0245,Raton ergonomico,Perifericos,44.1,4.0,0.0,0.0,Madrid
T2024-03234,2024-11-30,C0985,Altavoz bluetooth,Audio,79.58,1.0,0.0,3.52,Comunitat Valenciana
T2024-00042,2024-02-06,C0101,Tarjeta microSD 256 GB,Almacenamiento,29.85,4.0,0.0,0.0,Andalucia
T2024-03745,2024-12-01,C0132,Teclado mecanico,Perifericos,-92.73,1.0,0.0,5.84,Cataluna
T2024-04625,2024-10-05,C0002,Camara web 1080p,Perifericos,74.01,5.0,0.0,0.0,Pais Vasco
T2024-01890,2024-11-28,C0869,Raton ergonomico,Perifericos,44.9,2.0,0.0,3.86,Andalucia
T2024-01763,2024-06-23,C0023,Tarjeta microSD 256 GB,Almacenamiento,33.21,2.0,0.0,4.85,Andalucia
T2024-02935,2024-11-25,C0231,Auriculares con cable,Perifericos,28.44,3.0,5.0,6.56,Pais Vasco
T2024-01253,2024-01-29,C0380,Disco SSD 2 TB,Almacenamiento,178.8,4.0,0.0,0.0,Madrid
T2024-01695,2024-11-18,C0073,Movil gama alta,Telefonia,985.18,2.0,5.0,0.0,Madrid
T2024-02454,2024-03-16,C0567,Raton ergonomico,Perifericos,47.71,1.0,25.0,5.98,Cataluna
T2024-01002,2024-09-10,C0016,Raton ergonomico,Perifericos,47.33,1.0,30.0,4.26,Andalucia
T2024-02659,2024-02-27,C0073,Reloj inteligente,Vestible,171.92,4.0,,0.0,Comunitat Valenciana
T2024-00957,2024-05-29,C0035,Tarjeta microSD 256 GB,Almacenamiento,32.77,2.0,5.0,4.23,Comunitat Valenciana
T2024-02628,2024-01-01,C0220,Barra de sonido,Audio,206.04,1.0,25.0,0.0,Andalucia
T2024-01750,2024-06-30,C0036,Barra de sonido,Audio,172.84,1.0,10.0,0.0,Cataluna
T2024-02547,2024-08-21,C0242,Teclado mecanico,Perifericos,-92.32,2.0,0.0,0.0,Cataluna
T2024-01516,2024-03-17,C0026,Portatil 16 pulgadas,Informatica,1434.7,2.0,0.0,0.0,Galicia
T2024-02211,2024-01-25,C0751,Altavoz bluetooth,Audio,84.06,1.0,0.0,5.27,Cataluna
T2024-02117,2024-07-12,C0005,Auriculares con cable,Perifericos,28.83,1.0,0.0,3.27,Madrid
T2024-03274,2024-08-30,C0011,Tarjeta microSD 256 GB,Almacenamiento,33.57,1.0,0.0,5.43,Madrid
T2024-04925,2024-10-12,C0466,Portatil 16 pulgadas,Informatica,1599.18,1.0,5.0,0.0,Comunitat Valenciana
T2024-03594,2024-09-03,C0140,Pulsera de actividad,Vestible,58.74,4.0,0.0,0.0,Pais Vasco
T2024-01651,2024-02-10,C0011,Auriculares con cable,Perifericos,31.36,1.0,30.0,4.73,Comunitat Valenciana
T2024-00149,2024-12-30,C0040,Raton ergonomico,Perifericos,49.63,1.0,20.0,6.38,Andalucia
T2024-04606,2024-12-08,C0004,Raton ergonomico,Perifericos,45.68,2.0,0.0,5.29,Madrid
T2024-03390,2024-11-30,C0006,Auriculares con cable,Perifericos,27.35,1.0,0.0,3.57,Cataluna
T2024-03270,2024-02-13,C0001,Disco SSD 1 TB,Almacenamiento,99.88,5.0,25.0,0.0,Cataluna
T2024-02239,2024-09-24,C0014,Altavoz bluetooth,Audio,78.77,2.0,10.0,0.0,Cataluna
T2024-04945,2024-08-07,C0629,Auriculares con cable,Perifericos,31.56,1.0,0.0,6.75,Galicia
T2024-D0010,2024-10-24,C0204,Auriculares con cable,Perifericos,29.03,5.0,0.0,0.0,Andalucia
T2024-03728,2024-07-15,C0248,Raton ergonomico,Perifericos,44.54,3.0,0.0,0.0,Galicia
T2024-01358,2024-11-18,C0002,Raton ergonomico,Perifericos,45.74,5.0,0.0,0.0,
T2024-04108,2024-10-06,C0446,Camara web 1080p,Perifericos,70.08,2.0,0.0,0.0,Andalucia
T2024-01659,2024-12-24,C0009,Auriculares con cable,Perifericos,31.13,4.0,5.0,8.14,Canarias
T2024-02590,2024-07-14,C0011,Monitor 27 pulgadas,Informatica,249.09,5.0,0.0,0.0,Madrid
T2024-00954,2024-12-11,C0021,Tablet 10 pulgadas,Telefonia,274.0,5.0,0.0,0.0,Galicia
T2024-04495,2024-11-19,C0294,Tarjeta microSD 256 GB,Almacenamiento,34.04,1.0,25.0,5.0,Comunitat Valenciana
T2024-03672,2024-05-12,C0065,Auriculares inalambricos,Audio,127.77,3.0,0.0,0.0,Comunitat Valenciana
T2024-01531,2024-11-23,C0003,Movil gama media,Telefonia,358.82,2.0,0.0,0.0,Cataluna
T2024-04582,2024-12-14,C0028,Auriculares inalambricos,Audio,113.24,1.0,10.0,0.0,Pais Vasco
T2024-01852,2024-01-10,C0001,Auriculares inalambricos,Audio,140.2,1.0,0.0,0.0,Andalucia
T2024-04071,2024-07-27,C0085,Movil gama media,Telefonia,339.3,2.0,0.0,0.0,Madrid
T2024-00450,2024-11-11,C0155,Portatil 14 pulgadas,Informatica,896.18,3.0,10.0,0.0,Pais Vasco
T2024-02061,2024-11-21,C0751,Pulsera de actividad,Vestible,62.42,2.0,0.0,0.0,Comunitat Valenciana
T2024-02226,2024-10-22,C0050,Disco SSD 2 TB,Almacenamiento,154.53,3.0,,0.0,Madrid
T2024-02166,2024-07-10,C0017,Movil gama media,Telefonia,345.57,4.0,0.0,0.0,Comunitat Valenciana
T2024-03986,2024-05-16,C0467,Raton ergonomico,Perifericos,44.46,2.0,15.0,5.38,Pais Vasco
T2024-00838,2024-12-10,C0017,Teclado mecanico,Perifericos,93.41,1.0,0.0,5.77,Madrid
T2024-00038,2024-11-07,C0882,Camara web 1080p,Perifericos,69.52,5.0,5.0,8.06,Canarias
T2024-03286,2024-10-01,C0842,Movil gama alta,Telefonia,1037.63,1.0,10.0,0.0,Madrid
T2024-02305,2024-07-27,C0514,Teclado mecanico,Perifericos,83.63,5.0,0.0,0.0,Pais Vasco
T2024-03775,2024-05-26,C0044,Camara web 1080p,Perifericos,68.18,3.0,0.0,0.0,Comunitat Valenciana
T2024-01117,2024-04-09,C0003,Disco SSD 2 TB,Almacenamiento,166.58,1.0,10.0,0.0,Madrid
T2024-02669,2024-12-27,C1014,Disco SSD 1 TB,Almacenamiento,105.53,2.0,0.0,0.0,Pais Vasco
T2024-00796,2024-07-21,C1030,Barra de sonido,Audio,199.44,1.0,20.0,0.0,Cataluna
T2024-00648,2024-09-04,C0006,Altavoz bluetooth,Audio,74.83,1.0,40.0,3.15,Comunitat Valenciana
T2024-02560,2024-09-04,C0284,Pulsera de actividad,Vestible,56.95,1.0,25.0,5.7,Comunitat Valenciana
T2024-01430,2024-04-09,C0932,Monitor 27 pulgadas,Informatica,276.72,4.0,5.0,0.0,Madrid
T2024-04177,2024-02-21,C0013,Teclado mecanico,Perifericos,93.92,2.0,0.0,10.17,Canarias
T2024-01414,2024-04-30,C0477,Disco SSD 1 TB,Almacenamiento,96.53,2.0,20.0,0.0,Andalucia
T2024-01732,2024-09-06,C0001,Tarjeta microSD 256 GB,Almacenamiento,32.33,2.0,,5.72,Cataluna
T2024-00415,2024-07-31,C0001,Reloj inteligente,Vestible,193.53,3.0,0.0,9.56,Canarias
T2024-01084,2024-02-10,C0109,Altavoz bluetooth,Audio,87.85,1.0,0.0,3.42,Cataluna
T2024-00857,2024-12-31,C0026,Raton ergonomico,Perifericos,40.57,1.0,15.0,4.38,Comunitat Valenciana
T2024-00088,2024-01-20,C0068,Tablet 10 pulgadas,Telefonia,276.83,3.0,0.0,0.0,Madrid
T2024-03832,2024-04-09,C0089,Raton ergonomico,Perifericos,42.42,1.0,0.0,6.92,Pais Vasco
T2024-01349,2024-04-30,C0260,Barra de sonido,Audio,189.61,1.0,40.0,0.0,Madrid
T2024-00975,2024-06-22,C0309,Tarjeta microSD 256 GB,Almacenamiento,36.55,5.0,0.0,0.0,Comunitat Valenciana
T2024-02455,2024-12-18,C1096,Auriculares con cable,Perifericos,29.78,2.0,0.0,5.15,Cataluna
T2024-04565,2024-11-04,C0361,Auriculares con cable,Perifericos,29.92,2.0,30.0,5.86,Madrid
T2024-01515,2024-10-17,C1049,Barra de sonido,Audio,185.4,2.0,15.0,0.0,Comunitat Valenciana
T2024-02517,2024-01-24,C0026,Auriculares con cable,Perifericos,26.46,1.0,0.0,4.21,Pais Vasco
T2024-03126,2024-10-02,C0591,Movil gama media,Telefonía,351.62,2.0,0.0,0.0,Comunitat Valenciana
T2024-03368,2024-12-19,C0440,Movil gama media,Telefonia,349.54,1.0,30.0,0.0,Comunitat Valenciana
T2024-03334,2024-05-25,C0001,Raton ergonomico,Perifericos,46.76,5.0,0.0,0.0,Cataluna
T2024-00182,2024-12-25,C0031,Raton ergonomico,Perifericos,44.31,3.0,20.0,0.0,Cataluna
T2024-04282,2024-09-06,C0628,Camara web 1080p,Perifericos,64.54,1.0,5.0,5.02,Comunitat Valenciana
T2024-04381,2024-12-19,C0884,Auriculares inalambricos,Audio,133.16,1.0,20.0,0.0,Madrid
T2024-04962,2024-12-18,C0016,Disco SSD 1 TB,Almacenamiento,101.82,1.0,0.0,0.0,Andalucia
T2024-04091,2024-11-10,C0094,Reloj inteligente,Vestible,196.26,1.0,10.0,0.0,Comunitat Valenciana
T2024-D0049,2024-04-09,C0006,Tarjeta microSD 256 GB,Almacenamiento,28.83,5.0,0.0,0.0,Comunitat Valenciana
T2024-04870,2024-03-13,C0020,Tarjeta microSD 256 GB,Almacenamiento,36.05,1.0,15.0,5.88,Cataluna
T2024-01343,2024-10-16,C1165,Camara web 1080p,Perifericos,69.49,1.0,,6.89,Pais Vasco
T2024-04120,2024-10-29,C0034,Tarjeta microSD 256 GB,Almacenamiento,35.7,5.0,0.0,0.0,Comunitat Valenciana
T2024-01390,2024-04-08,C0115,Disco SSD 1 TB,Almacenamiento,96.72,3.0,30.0,0.0,Comunitat Valenciana
T2024-00092,2024-12-09,C0026,Reloj inteligente,Vestible,183.14,5.0,0.0,0.0,Madrid
T2024-01437,2024-12-29,C0128,Raton ergonomico,Perifericos,46.47,1.0,5.0,6.38,Comunitat Valenciana
T2024-03505,2024-12-12,C0012,Auriculares inalambricos,Audio,116.63,1.0,10.0,0.0,Madrid
T2024-03587,2024-09-13,C0583,Pulsera de actividad,Vestible,55.25,1.0,20.0,5.27,Madrid
T2024-03999,2024-06-29,C0509,Raton ergonomico,Perifericos,48.09,2.0,0.0,3.62,Comunitat Valenciana
T2024-01114,2024-12-30,C0327,Movil gama alta,Telefonia,881.8,4.0,,0.0,Cataluna
T2024-01682,2024-12-01,C0276,Camara web 1080p,Perifericos,69.42,4.0,0.0,0.0,Comunitat Valenciana
T2024-00423,2024-12-02,C0078,Auriculares con cable,Perifericos,29.82,1.0,0.0,2.97,Madrid
T2024-01428,2024-10-25,C0018,Auriculares inalambricos,Audio,123.91,5.0,10.0,0.0,Comunitat Valenciana
T2024-03738,2024-10-05,C0023,Disco SSD 1 TB,Almacenamiento,95.62,5.0,10.0,9.2,Canarias
T2024-00449,2024-06-17,C0008,Raton ergonomico,Perifericos,51.16,1.0,0.0,6.16,Cataluna
T2024-03175,2024-01-30,C0120,Altavoz bluetooth,Audio,78.65,2.0,0.0,0.0,Cataluna
T2024-03549,2024-03-20,C0016,Tarjeta microSD 256 GB,Almacenamiento,31.6,1.0,0.0,3.39,Comunitat Valenciana
T2024-02620,2024-10-18,C0015,Auriculares con cable,Perifericos,29.77,3.0,0.0,6.2,Pais Vasco
T2024-01839,2024-06-04,C0274,Raton ergonomico,Perifericos,50.45,1.0,0.0,6.17,Cataluna
T2024-03265,2024-01-22,C0329,Teclado mecanico,Perifericos,92.42,4.0,0.0,0.0,Cataluna
T2024-01465,2024-11-19,C0638,Auriculares con cable,Perifericos,28.44,3.0,5.0,6.37,Comunitat Valenciana
T2024-00799,2024-12-23,C0021,Teclado mecanico,Perifericos,100.98,2.0,20.0,0.0,Pais Vasco
T2024-03293,2024-03-02,C0006,Disco SSD 1 TB,Almacenamiento,96.93,1.0,0.0,4.26,Andalucia
T2024-04489,2024-07-29,C0001,Teclado mecanico,Perifericos,91.28,,0.0,0.0,Madrid
T2024-00020,2024-05-15,C0026,Pulsera de actividad,Vestible,56.32,2.0,0.0,0.0,Comunitat Valenciana
T2024-01202,2024-01-27,C0397,Disco SSD 2 TB,Almacenamiento,153.99,4.0,0.0,0.0,Andalucia
T2024-03448,2024-12-13,C0044,Barra de sonido,Audio,179.61,1.0,0.0,0.0,Comunitat Valenciana
T2024-02123,2024-02-06,C0046,Disco SSD 2 TB,Almacenamiento,161.28,1.0,0.0,0.0,Pais Vasco
T2024-01396,2024-03-17,C0795,Camara web 1080p,Perifericos,66.94,1.0,5.0,3.76,Cataluna
T2024-02431,2024-05-29,C0002,Tarjeta microSD 256 GB,Almacenamiento,33.38,5.0,20.0,0.0,Pais Vasco
T2024-00236,2024-09-01,C0069,Monitor 27 pulgadas,Informatica,266.16,2.0,0.0,0.0,Comunitat Valenciana
T2024-03534,2024-01-14,C0562,Camara web 1080p,perifericos,68.52,2.0,0.0,13.6,Canarias
T2024-03094,2024-11-10,C0386,Disco SSD 1 TB,Almacenamiento,103.03,2.0,0.0,0.0,Comunitat Valenciana
T2024-04744,2024-06-30,C0323,Movil gama media,Telefonia,358.56,2.0,0.0,0.0,Madrid
T2024-03996,2024-11-05,C0185,Tarjeta microSD 256 GB,Almacenamiento,32.42,4.0,0.0,0.0,Pais Vasco
T2024-04319,2024-04-02,C0507,Auriculares inalambricos,Audio,126.7,2.0,20.0,0.0,Pais Vasco
T2024-00027,2024-03-09,C1061,Tarjeta microSD 256 GB,Almacenamiento,37.74,3.0,0.0,0.0,Comunitat Valenciana
T2024-04753,2024-03-09,C0117,Disco SSD 1 TB,Almacenamiento,101.26,1.0,0.0,8.85,Canarias
T2024-02616,2024-08-10,C0028,Auriculares con cable,Perifericos,31.32,2.0,5.0,14.86,Canarias
T2024-04543,2024-07-17,C0002,Tarjeta microSD 256 GB,Almacenamiento,35.32,1.0,0.0,11.49,Canarias
T2024-03433,2024-01-16,C0559,Auriculares con cable,Perifericos,29.34,4.0,15.0,0.0,Andalucia
T2024-04346,2024-04-01,C0059,Teclado mecanico,Perifericos,88.13,1.0,0.0,4.4,Pais Vasco
T2024-03912,2024-02-04,C0033,Tablet 10 pulgadas,Telefonía,277.7,5.0,25.0,0.0,Cataluna
T2024-02003,2024-04-24,C0054,Tablet 10 pulgadas,Telefonia,283.25,1.0,0.0,0.0,Comunitat Valenciana
T2024-04376,2024-07-10,C0903,Movil gama media,Telefonia,338.03,1.0,15.0,0.0,Andalucia
T2024-03884,2024-03-21,C0019,Auriculares con cable,Perifericos,28.81,1.0,0.0,3.41,Cataluna
T2024-04630,2024-01-06,C0025,Disco SSD 2 TB,Almacenamiento,180.1,4.0,15.0,0.0,Cataluna
T2024-02318,2024-12-25,C0002,Movil gama media,Telefonia,346.64,1.0,0.0,8.05,Canarias
T2024-01877,2024-12-28,C0159,Tarjeta microSD 256 GB,Almacenamiento,32.09,2.0,10.0,8.09,Canarias
T2024-04822,2024-07-27,C0218,Auriculares con cable,Perifericos,30.52,1.0,5.0,2.95,Comunitat Valenciana
T2024-04614,2024-10-28,C0154,Altavoz bluetooth, Audio ,79.5,1.0,5.0,3.72,Cataluna
T2024-00697,2024-04-18,C0002,Teclado mecanico,Perifericos,80.51,5.0,25.0,0.0,Comunitat Valenciana
T2024-03215,2024-04-22,C0012,Pulsera de actividad,Vestible,62.57,2.0,0.0,0.0,Galicia
T2024-03332,2024-10-29,C0007,Movil gama alta,Telefonia,923.81,1.0,0.0,0.0,Madrid
T2024-03641,2024-02-16,C0582,Altavoz bluetooth,Audio,88.94,1.0,0.0,6.39,Cataluna
T2024-04471,2024-01-09,C0021,Auriculares con cable,Perifericos,31.64,5.0,30.0,0.0,Galicia
T2024-04722,2024-11-08,C0388,Reloj inteligente,Vestible,187.24,2.0,15.0,0.0,Madrid
T2024-01009,2024-12-12,C0673,Auriculares con cable,Perifericos,28.2,2.0,30.0,5.65,Andalucia
T2024-D0025,2024-05-25,C0683,Tarjeta microSD 256 GB,Almacenamiento,35.97,4.0,0.0,0.0,Cataluna
T2024-00150,2024-08-01,C0232,Tablet 10 pulgadas,Telefonia,238.34,2.0,0.0,0.0,
T2024-00732,2024-03-13,C0385,Tarjeta microSD 256 GB,Almacenamiento,33.5,2.0,0.0,6.03,Comunitat Valenciana
T2024-04523,2024-09-27,C0967,Auriculares con cable,Perifericos,27.96,5.0,15.0,0.0,Andalucia
T2024-01069,2024-06-25,C0064,Barra de sonido, Audio ,210.25,4.0,0.0,0.0,Comunitat Valenciana
T2024-03655,2024-06-07,C0329,Camara web 1080p,Perifericos,-66.68,1.0,0.0,3.34,Madrid
T2024-04223,2024-01-23,C0799,Disco SSD 1 TB,Almacenamiento,104.81,1.0,0.0,0.0,Comunitat Valenciana
T2024-01170,2024-07-04,C0253,Altavoz bluetooth,Audio,83.75,2.0,0.0,14.84,Canarias
T2024-01283,2024-01-22,C0506,Raton ergonomico,Perifericos,47.35,1.0,15.0,4.24,Cataluna
T2024-02024,2024-04-25,C0208,Disco SSD 1 TB,Almacenamiento,101.0,3.0,30.0,0.0,Cataluna
T2024-02603,2024-09-22,C0252,Auriculares inalambricos,Audio,135.15,1.0,10.0,0.0,Andalucia
T2024-03889,2024-11-20,C0552,Disco SSD 2 TB,Almacenamiento,166.08,1.0,0.0,0.0,Pais Vasco
T2024-00514,2024-03-28,C0003,Altavoz bluetooth,Audio,75.14,5.0,0.0,0.0,Cataluna
T2024-03854,2024-11-14,C0211,Pulsera de actividad,Vestible,53.3,3.0,0.0,0.0,Madrid
T2024-00399,2024-06-11,C0673,Disco SSD 2 TB,Almacenamiento,168.73,2.0,0.0,14.25,Canarias
T2024-01527,2024-11-28,C1111,Auriculares con cable,Perifericos,28.99,3.0,0.0,6.65,Andalucia
T2024-03421,2024-11-10,C1105,Auriculares con cable,Perifericos,30.7,2.0,0.0,5.52,Comunitat Valenciana
T2024-01322,2024-04-13,C0001,Portatil 14 pulgadas,Informatica,943.08,1.0,0.0,0.0,Comunitat Valenciana
T2024-02210,2024-12-28,C0281,Camara web 1080p,Perifericos,62.35,2.0,0.0,0.0,Comunitat Valenciana
T2024-03288,2024-01-15,C0003,Barra de sonido,Audio,205.93,1.0,30.0,0.0,Madrid
T2024-04174,2024-09-20,C0310,Auriculares con cable,Perifericos,29.64,1.0,20.0,5.1,Andalucia
T2024-02084,2024-06-08,C0010,Pulsera de actividad,Vestible,53.53,3.0,0.0,0.0,Comunitat Valenciana
T2024-01865,2024-02-09,C0006,Tarjeta microSD 256 GB,Almacenamiento,35.83,5.0,0.0,9.83,Canarias
T2024-03679,2024-06-12,C0001,Pulsera de actividad,Vestible,58.81,2.0,25.0,0.0,Cataluna
T2024-03723,2024-12-12,C0897,Altavoz bluetooth,Audio,74.26,1.0,10.0,5.65,Comunitat Valenciana
T2024-03472,2024-11-27,C0561,Pulsera de actividad,Vestible,62.37,1.0,30.0,3.13,Cataluna
T2024-04485,2024-07-18,C0087,Pulsera de actividad,Vestible,60.74,5.0,0.0,0.0,Comunitat Valenciana
T2024-00082,2024-06-02,C0896,Auriculares con cable,Perifericos,25.24,3.0,25.0,3.06,Galicia
T2024-01954,2024-05-28,C0761,Auriculares inalambricos,Audio,140.87,2.0,25.0,0.0,Cataluna
T2024-04044,2024-04-09,C0252,Auriculares con cable,Perifericos,29.91,4.0,0.0,0.0,Andalucia
T2024-01063,2024-04-16,C0186,Raton ergonomico,Perifericos,-49.42,3.0,0.0,0.0,Pais Vasco
T2024-04506,2024-12-08,C0084,Raton ergonomico,Perifericos,47.68,2.0,0.0,6.91,Comunitat Valenciana
T2024-04785,2024-09-07,C0024,Teclado mecanico,Perifericos,87.53,2.0,0.0,0.0,Comunitat Valenciana
T2024-04187,2024-09-13,C0066,Tarjeta microSD 256 GB,Almacenamiento,30.32,1.0,-5.0,6.29,Madrid
T2024-00195,2024-04-21,C0662,Portatil 16 pulgadas,Informatica,1507.53,5.0,25.0,0.0,Comunitat Valenciana
T2024-D0031,2024-12-22,C0659,Auriculares inalambricos,Audio,134.21,3.0,10.0,0.0,Galicia
T2024-03786,2024-09-07,C0010,Disco SSD 2 TB,Almacenamiento,170.36,2.0,0.0,0.0,Andalucia
T2024-04076,2024-12-03,C0140,Barra de sonido,Audio,218.74,2.0,40.0,0.0,Cataluna
T2024-04384,2024-08-20,C0208,Tarjeta microSD 256 GB,Almacenamiento,36.74,5.0,0.0,0.0,Cataluna
T2024-00718,2024-01-11,C0127,Pulsera de actividad,Vestible,60.18,1.0,30.0,4.46,Galicia
T2024-02752,2024-03-25,C0003,Altavoz bluetooth,Audio,81.65,1.0,0.0,3.75,Cataluna
T2024-03447,2024-09-08,C0188,Auriculares inalambricos,Audio,123.84,2.0,,0.0,Cataluna
T2024-02501,2024-06-29,C1138,Disco SSD 2 TB,Almacenamiento,155.5,2.0,15.0,0.0,Madrid
T2024-04758,2024-08-20,C0002,Tarjeta microSD 256 GB,Almacenamiento,36.19,1.0,0.0,5.59,Madrid
T2024-02352,2024-07-09,C0496,Raton ergonomico,Perifericos,44.63,2.0,0.0,6.82,Comunitat Valenciana
T2024-00675,2024-06-04,C0022,Monitor 27 pulgadas,Informatica,259.1,2.0,10.0,0.0,Madrid
T2024-00506,2024-11-18,C0088,Raton ergonomico,Perifericos,42.45,2.0,0.0,5.69,Pais Vasco
T2024-00307,2024-12-21,C0463,Monitor 27 pulgadas,Informatica,226.42,2.0,20.0,0.0,Comunitat Valenciana
T2024-02852,2024-11-16,C0689,Portatil 14 pulgadas,Informatica,870.04,2.0,0.0,0.0,Cataluna
T2024-01030,2024-07-11,C0238,Tarjeta microSD 256 GB,Almacenamiento,35.44,1.0,0.0,6.0,Madrid
T2024-01391,2024-11-04,C0169,Movil gama media,Telefonía,353.68,5.0,0.0,0.0,Madrid
T2024-04921,2024-10-08,C0286,Disco SSD 1 TB,Almacenamiento,93.43,5.0,0.0,0.0,Comunitat Valenciana
T2024-00827,2024-07-16,C0262,Teclado mecanico,Perifericos,87.47,1.0,0.0,6.2,Galicia
T2024-04540,2024-03-03,C0137,Altavoz bluetooth,Audio,80.46,2.0,0.0,0.0,Cataluna
T2024-04797,2024-12-31,C1135,Auriculares inalambricos,Audio,135.88,1.0,0.0,0.0,Andalucia
T2024-00446,2024-06-08,C0906,Pulsera de actividad,Vestible,58.43,2.0,0.0,0.0,Madrid
T2024-02254,2024-10-21,C0149,Movil gama media,Telefonía,323.29,5.0,20.0,0.0,Andalucia
T2024-02398,2024-03-11,C0013,Auriculares inalambricos,Audio,143.22,1.0,0.0,0.0,Cataluna
T2024-04812,2024-05-31,C0001,Reloj inteligente,Vestible,186.1,2.0,25.0,0.0,Andalucia
T2024-03076,2024-12-15,C0066,Camara web 1080p,Perifericos,70.47,2.0,0.0,0.0,Pais Vasco
T2024-00946,2024-12-28,C1115,Auriculares inalambricos,Audio,123.74,4.0,0.0,0.0,Andalucia
T2024-00509,2024-03-25,C0213,Altavoz bluetooth,Audio,79.77,1.0,10.0,3.28,Comunitat Valenciana
T2024-04527,2024-04-27,C0366,Monitor 27 pulgadas,Informatica,240.47,4.0,0.0,0.0,Madrid
T2024-02257,2024-02-13,C0004,Pulsera de actividad,Vestible,56.49,2.0,0.0,0.0,Comunitat Valenciana
T2024-03799,2024-02-10,C0023,Auriculares con cable,Perifericos,30.38,2.0,0.0,4.61,Cataluna
T2024-03249,2024-01-28,C0072,Auriculares con cable,Perifericos,27.93,1.0,0.0,3.7,Comunitat Valenciana
T2024-04957,2024-11-03,C0094,Auriculares con cable,Perifericos,29.3,1.0,10.0,3.36,Comunitat Valenciana
T2024-02324,2024-09-24,C0203,Disco SSD 2 TB,Almacenamiento,171.81,5.0,,0.0,Madrid
T2024-01546,2024-10-15,C0038,Raton ergonomico,perifericos,44.35,5.0,0.0,14.64,Canarias
T2024-03278,2024-07-27,C0228,Auriculares con cable,Perifericos,29.09,4.0,20.0,0.0,Andalucia
T2024-04294,2024-07-22,C0068,Altavoz bluetooth,Audio,87.87,3.0,0.0,0.0,Andalucia
T2024-03042,2024-04-19,C0024,Raton ergonomico,Perifericos,43.11,1.0,,3.88,Comunitat Valenciana
T2024-02723,2024-11-02,C0002,Auriculares con cable,Perifericos,29.5,1.0,25.0,2.96,Madrid
T2024-03227,2024-12-18,C0442,Tarjeta microSD 256 GB,Almacenamiento,33.2,1.0,0.0,3.33,Cataluna
T2024-01477,2024-12-28,C0784,Auriculares con cable,Perifericos,28.0,4.0,0.0,0.0,Comunitat Valenciana
T2024-03398,2024-08-20,C0784,Reloj inteligente,Vestible,189.14,5.0,15.0,0.0,Cataluna
T2024-02086,2024-08-08,C0004,Reloj inteligente,Vestible,202.27,5.0,30.0,0.0,Galicia
T2024-04210,2024-01-21,C0002,Movil gama media,Telefonia,362.47,1.0,20.0,0.0,Madrid
T2024-00223,2024-06-11,C0235,Auriculares inalambricos,Audio,135.74,1.0,0.0,0.0,Madrid
T2024-01247,2024-01-17,C0956,Raton ergonomico,Perifericos,47.18,2.0,0.0,4.33,Andalucia
T2024-00463,2024-01-02,C0013,Tarjeta microSD 256 GB,Almacenamiento,31.31,4.0,30.0,0.0,Galicia
T2024-00233,2024-09-15,C0004,Auriculares con cable,Perifericos,30.98,1.0,0.0,4.59,Madrid
T2024-04823,2024-04-08,C0755,Barra de sonido,Audio,210.68,4.0,0.0,0.0,Andalucia
T2024-00012,2024-09-14,C0980,Tarjeta microSD 256 GB,Almacenamiento,36.26,1.0,0.0,6.23,Comunitat Valenciana
T2024-03057,2024-03-06,C0190,Barra de sonido,Audio,192.01,2.0,0.0,0.0,Andalucia
T2024-01479,2024-08-25,C0072,Disco SSD 2 TB,Almacenamiento,176.42,1.0,15.0,0.0,Madrid
T2024-02783,2024-01-18,C0001,Altavoz bluetooth,Audio,83.43,4.0,30.0,13.63,Canarias
T2024-03946,2024-01-20,C0094,Movil gama alta,Telefonia,970.59,2.0,15.0,0.0,Comunitat Valenciana
T2024-00990,2024-02-23,C1083,Pulsera de actividad,Vestible,60.76,1.0,0.0,5.16,Cataluna
T2024-03039,2024-05-08,C0250,Raton ergonomico,Perifericos,47.24,5.0,15.0,0.0,Galicia
T2024-03698,2024-12-14,C0268,Auriculares con cable,Perifericos,28.39,5.0,0.0,0.0,Andalucia
T2024-00264,2024-12-28,C0013,Auriculares con cable,Perifericos,29.83,4.0,0.0,0.0,Pais Vasco
T2024-04338,2024-10-02,C0070,Pulsera de actividad,Vestible,56.34,1.0,5.0,4.37,Madrid
T2024-00421,2024-12-11,C1042,Portatil 16 pulgadas,Informatica,1509.49,3.0,5.0,0.0,Andalucia
T2024-01204,2024-10-20,C0670,Barra de sonido,Audio,201.75,1.0,35.0,0.0,Comunitat Valenciana
T2024-01310,2024-10-19,C0059,Auriculares inalambricos,Audio,133.66,2.0,0.0,0.0,Andalucia
T2024-02611,2024-10-13,C0380,Monitor 27 pulgadas,Informatica,230.72,5.0,0.0,0.0,Andalucia
T2024-03374,2024-12-28,C0318,Portatil 16 pulgadas,Informatica,1526.16,4.0,0.0,0.0,Cataluna
T2024-03478,2024-09-02,C0064,Altavoz bluetooth,Audio,76.97,2.0,0.0,0.0,Madrid
T2024-03649,2024-11-28,C0170,Camara web 1080p,Perifericos,70.7,4.0,10.0,0.0,Galicia
T2024-00344,2024-11-11,C0066,Reloj inteligente,Vestible,184.33,4.0,25.0,0.0,Comunitat Valenciana
T2024-00605,2024-05-09,C0101,Portatil 16 pulgadas,Informatica,1601.65,2.0,,0.0,Madrid
T2024-04360,2024-03-28,C0893,Auriculares con cable,Perifericos,31.78,5.0,0.0,0.0,Comunitat Valenciana
T2024-00835,2024-10-23,C0074,Tarjeta microSD 256 GB,Almacenamiento,35.2,3.0,0.0,0.0,Madrid
T2024-03246,2024-12-13,C0006,Camara web 1080p,Perifericos,66.07,1.0,0.0,9.76,Canarias
T2024-03339,2024-09-03,C0007,Auriculares con cable,Perifericos,27.93,1.0,0.0,6.24,Madrid
T2024-03785,2024-09-27,C1103,Pulsera de actividad,Vestible,64.04,2.0,0.0,0.0,Pais Vasco
T2024-03494,2024-11-26,C0533,Altavoz bluetooth,Audio,82.72,1.0,5.0,4.67,Galicia
T2024-04220,2024-12-29,C0294,Tarjeta microSD 256 GB,Almacenamiento,33.4,2.0,20.0,6.0,Comunitat Valenciana
T2024-03643,2024-03-17,C0706,Barra de sonido,Audio,192.15,1.0,10.0,0.0,
T2024-03280,2024-05-15,C0126,Reloj inteligente,Vestible,193.68,1.0,5.0,0.0,Madrid
T2024-00169,2024-11-11,C0042,Movil gama alta,Telefonia,962.11,1.0,0.0,0.0,Madrid
T2024-00499,2024-10-27,C0004,Camara web 1080p,Perifericos,66.46,2.0,15.0,0.0,Comunitat Valenciana
T2024-04021,2024-09-11,C0592,Tarjeta microSD 256 GB,Almacenamiento,34.46,2.0,0.0,4.92,Madrid
T2024-02565,2024-12-14,C0063,Auriculares con cable,Perifericos,29.84,3.0,0.0,5.2,Comunitat Valenciana
T2024-01619,2024-11-14,C0002,Reloj inteligente,Vestible,196.8,1.0,0.0,10.24,Canarias
T2024-02627,2024-01-07,C0167,Disco SSD 2 TB,Almacenamiento,157.51,5.0,0.0,0.0,Comunitat Valenciana
T2024-00596,2024-09-22,C0002,Teclado mecanico,Perifericos,90.77,4.0,10.0,0.0,Comunitat Valenciana
T2024-03466,2024-04-28,C0043,Altavoz bluetooth,Audio,75.98,2.0,15.0,0.0,Andalucia
T2024-03013,2024-12-19,C0070,Pulsera de actividad,Vestible,50.97,1.0,0.0,8.17,Canarias
T2024-02875,2024-12-08,C0001,Barra de sonido,Audio,192.99,3.0,10.0,0.0,Madrid
T2024-03605,2024-04-07,C0256,Disco SSD 2 TB,Almacenamiento,154.32,2.0,0.0,0.0,
T2024-01185,2024-11-21,C0845,Tarjeta microSD 256 GB,Almacenamiento,36.8,4.0,25.0,0.0,Comunitat Valenciana
T2024-02151,2024-03-12,C0070,Teclado mecanico,Perifericos,85.1,1.0,0.0,3.96,Madrid
T2024-01905,2024-10-30,C0002,Teclado mecanico,Perifericos,88.14,4.0,0.0,0.0,Comunitat Valenciana
T2024-04815,2024-07-02,C0026,Movil gama media,Telefonia,327.5,3.0,0.0,0.0,Andalucia
T2024-02049,2024-01-16,C0275,Tarjeta microSD 256 GB,Almacenamiento,32.9,5.0,20.0,0.0,Madrid
T2024-00400,2024-12-12,C0516,Pulsera de actividad,Vestible,52.8,1.0,0.0,5.56,Andalucia
T2024-03108,2024-05-17,C0001,Pulsera de actividad,Vestible,60.61,2.0,0.0,0.0,Madrid
T2024-01645,2024-11-02,C0066,Raton ergonomico,Perifericos,49.75,5.0,5.0,0.0,Madrid
T2024-04589,2024-09-23,C0276,Tablet 10 pulgadas,Telefonia,262.51,3.0,25.0,0.0,Andalucia
T2024-02478,2024-05-04,C0016,Reloj inteligente,Vestible,190.92,2.0,10.0,0.0,Comunitat Valenciana
T2024-04528,2024-07-31,C0577,Tarjeta microSD 256 GB,Almacenamiento,34.34,3.0,20.0,0.0,Madrid
T2024-04336,2024-02-03,C1100,Tarjeta microSD 256 GB,Almacenamiento,33.34,4.0,0.0,0.0,Galicia
T2024-04055,2024-11-29,C0005,Reloj inteligente,Vestible,163.63,,0.0,0.0,Madrid
T2024-01670,2024-03-21,C0131,Auriculares con cable,Perifericos,28.98,5.0,10.0,0.0,Cataluna
T2024-00315,2024-08-25,C0486,Camara web 1080p,Perifericos,69.51,1.0,0.0,6.57,Madrid
T2024-00350,2024-10-15,C1098,Reloj inteligente,Vestible,177.08,1.0,10.0,0.0,Comunitat Valenciana
T2024-03412,2024-04-10,C0005,Portatil 16 pulgadas,Informatica,1381.87,1.0,25.0,0.0,Andalucia
T2024-04357,2024-11-04,C0005,Altavoz bluetooth,Audio,72.32,2.0,30.0,10.89,Canarias
T2024-01140,2024-10-10,C0792,Barra de sonido,Audio,180.49,1.0,15.0,0.0,Pais Vasco
T2024-02773,2024-12-26,C0054,Pulsera de actividad,Vestible,57.88,2.0,0.0,0.0,Comunitat Valenciana
T2024-03117,2024-03-18,C0041,Disco SSD 1 TB,Almacenamiento,102.48,2.0,0.0,0.0,Cataluna
T2024-01997,2024-11-19,C0396,Teclado mecanico,Perifericos,86.33,1.0,0.0,5.88,Madrid
T2024-01545,2024-06-01,C0061,Tablet 10 pulgadas,Telefonia,288.32,4.0,0.0,0.0,Madrid
T2024-01442,2024-07-29,C0094,Camara web 1080p,Perifericos,71.35,2.0,0.0,0.0,Andalucia
T2024-00271,2024-01-19,C0026,Barra de sonido,Audio,201.98,1.0,0.0,0.0,Cataluna
T2024-02798,2024-01-12,C0807,Pulsera de actividad,Vestible,59.3,4.0,5.0,0.0,Madrid
T2024-02272,2024-10-27,C0157,Disco SSD 1 TB,Almacenamiento,96.51,2.0,0.0,0.0,Madrid
T2024-01389,2024-06-14,C0263,Altavoz bluetooth,Audio,77.45,2.0,5.0,0.0,Madrid
T2024-04002,2024-01-14,C0324,Auriculares inalambricos,Audio,138.47,1.0,25.0,0.0,Galicia
T2024-03371,2024-09-01,C0162,Auriculares inalambricos,Audio,129.34,5.0,10.0,0.0,Comunitat Valenciana
T2024-04149,2024-12-04,C1053,Disco SSD 1 TB,Almacenamiento,98.95,4.0,0.0,0.0,Madrid
T2024-04548,2024-05-31,C0363,Tarjeta microSD 256 GB,Almacenamiento,31.22,3.0,10.0,6.55,Madrid
T2024-02630,2024-01-22,C0053,Tarjeta microSD 256 GB,Almacenamiento,34.58,5.0,0.0,0.0,Madrid
T2024-03248,2024-09-30,C0066,Reloj inteligente,Vestible,164.38,4.0,30.0,0.0,Andalucia
T2024-03209,2024-03-28,C0040,Monitor 27 pulgadas,Informatica,240.64,5.0,20.0,0.0,Comunitat Valenciana
T2024-01068,2024-11-25,C0001,Reloj inteligente,Vestible,208.55,5.0,20.0,0.0,Madrid
T2024-00832,2024-12-04,C0361,Disco SSD 1 TB,Almacenamiento,97.83,5.0,0.0,0.0,Madrid
T2024-00048,2024-01-03,C0035,Tablet 10 pulgadas,Telefonia,307.96,2.0,25.0,0.0,Cataluna
T2024-04262,2024-12-21,C0842,Pulsera de actividad,Vestible,63.95,4.0,0.0,0.0,Andalucia
T2024-04351,2024-06-09,C0042,Monitor 27 pulgadas,INFORMATICA,228.43,2.0,0.0,0.0,Andalucia
T2024-04613,2024-02-17,C0003,Auriculares inalambricos,Audio,128.79,2.0,15.0,0.0,Galicia
T2024-00117,2024-12-17,C0058,Portatil 16 pulgadas,Informatica,1470.9,4.0,20.0,0.0,Cataluna
T2024-04341,2024-05-27,C0183,Barra de sonido,Audio,173.52,2.0,10.0,0.0,Madrid
T2024-04411,2024-11-17,C0616,Tarjeta microSD 256 GB,Almacenamiento,35.83,5.0,0.0,0.0,Cataluna
T2024-00114,2024-06-27,C0001,Raton ergonomico,Perifericos,45.0,2.0,0.0,4.28,Cataluna
T2024-02161,2024-05-04,C0301,Auriculares con cable,Perifericos,27.91,1.0,0.0,3.25,Madrid
T2024-02489,2024-05-01,C0037,Teclado mecanico,Perifericos,82.58,2.0,0.0,0.0,Comunitat Valenciana
T2024-02108,2024-11-03,C1117,Tablet 10 pulgadas,Telefonia,270.59,3.0,0.0,0.0,Madrid
T2024-04140,2024-11-25,C0559,Movil gama alta,Telefonia,1018.62,2.0,0.0,0.0,Madrid
T2024-04019,2024-11-10,C0189,Reloj inteligente,Vestible,199.65,5.0,0.0,0.0,Galicia
T2024-01520,2024-09-16,C0238,Camara web 1080p,Perifericos,65.01,2.0,0.0,0.0,Cataluna
T2024-00616,2024-09-14,C0297,Auriculares con cable,Perifericos,31.93,1.0,5.0,6.11,Andalucia
T2024-00055,2024-02-10,C0825,Teclado mecanico,Perifericos,87.02,1.0,30.0,4.9,
T2024-02621,2024-01-06,C0052,Auriculares con cable,Perifericos,27.8,1.0,30.0,5.29,Madrid
T2024-01794,2024-05-26,C0196,Tarjeta microSD 256 GB,Almacenamiento,35.25,2.0,0.0,4.11,Comunitat Valenciana
T2024-02873,2024-11-07,C0051,Tarjeta microSD 256 GB,Almacenamiento,32.92,5.0,0.0,0.0,Pais Vasco
T2024-00819,2024-05-05,C0714,Disco SSD 2 TB,Almacenamiento,165.73,1.0,,0.0,Comunitat Valenciana
T2024-02066,2024-11-16,C0047,Auriculares con cable,Perifericos,27.63,5.0,0.0,0.0,Pais Vasco
T2024-04674,2024-07-22,C0044,Disco SSD 1 TB,Almacenamiento,107.99,1.0,0.0,0.0,Madrid
T2024-02566,2024-11-19,C0200,Teclado mecanico,Perifericos,89.13,1.0,,5.42,Cataluna
T2024-02325,2024-12-07,C0043,Tarjeta microSD 256 GB,Almacenamiento,32.61,2.0,15.0,6.02,Comunitat Valenciana
T2024-01562,2024-05-03,C0061,Pulsera de actividad,Vestible,55.42,3.0,0.0,11.88,Canarias
T2024-00539,2024-11-21,C0039,Tablet 10 pulgadas,Telefonia,279.65,2.0,0.0,0.0,Andalucia
T2024-03459,2024-03-02,C1054,Auriculares inalambricos,Audio,124.47,2.0,0.0,0.0,Comunitat Valenciana
T2024-04772,2024-12-07,C0144,Teclado mecanico,Perifericos,84.28,2.0,30.0,0.0,Andalucia
T2024-02159,2024-05-05,C0001,Auriculares inalambricos, Audio ,122.86,5.0,0.0,0.0,Comunitat Valenciana
T2024-02192,2024-05-14,C0078,Camara web 1080p,Perifericos,69.98,3.0,0.0,0.0,Madrid
T2024-03718,2024-12-30,C0391,Pulsera de actividad,Vestible,64.14,2.0,0.0,0.0,Cataluna
T2024-03476,2024-10-01,C0950,Auriculares inalambricos,Audio,128.44,1.0,0.0,10.93,Canarias
T2024-04770,2024-05-15,C0340,Teclado mecanico,Perifericos,70.23,1.0,0.0,5.89,Comunitat Valenciana
T2024-03539,2024-03-28,C0403,Pulsera de actividad,Vestible,60.26,5.0,0.0,0.0,Cataluna
T2024-02100,2024-12-09,C0003,Reloj inteligente,Vestible,189.44,5.0,0.0,0.0,Pais Vasco
T2024-00166,2024-05-15,C0548,Raton ergonomico,Perifericos,46.45,4.0,20.0,0.0,Comunitat Valenciana
T2024-04237,2024-11-17,C0342,Teclado mecanico,Perifericos,88.2,2.0,0.0,0.0,Andalucia
T2024-01558,2024-12-14,C0002,Altavoz bluetooth,Audio,85.32,3.0,0.0,0.0,Andalucia
T2024-03458,2024-01-27,C0008,Teclado mecanico,Perifericos,87.87,4.0,0.0,0.0,Comunitat Valenciana
T2024-04800,2024-02-09,C0083,Movil gama media,Telefonia,375.31,1.0,30.0,0.0,Andalucia
T2024-00905,2024-04-14,C0146,Portatil 14 pulgadas,Informatica,856.44,1.0,20.0,0.0,Pais Vasco
T2024-01498,2024-05-20,C0067,Auriculares con cable,Perifericos,27.99,4.0,10.0,0.0,Andalucia
T2024-00996,2024-03-11,C0774,Raton ergonomico,Perifericos,47.36,2.0,0.0,5.8,Madrid
T2024-03669,2024-09-27,C0358,Auriculares con cable,Perifericos,30.3,1.0,30.0,11.43,Canarias
T2024-02505,2024-11-24,C0182,Pulsera de actividad,Vestible,55.23,5.0,25.0,0.0,Madrid
T2024-03285,2024-04-09,C0020,Reloj inteligente,Vestible,180.23,1.0,0.0,0.0,Galicia
T2024-03389,2024-10-31,C0244,Raton ergonomico,Perifericos,42.8,2.0,0.0,5.22,Comunitat Valenciana
T2024-03453,2024-09-11,C0013,Disco SSD 1 TB,Almacenamiento,101.28,5.0,0.0,0.0,Madrid
T2024-01456,2024-05-01,C0118,Auriculares con cable,Perifericos,31.67,4.0,0.0,0.0,Comunitat Valenciana
T2024-04631,2024-02-12,C0047,Pulsera de actividad,Vestible,52.47,1.0,30.0,5.1,Madrid
T2024-00050,2024-05-07,C0008,Raton ergonomico,Perifericos,43.85,4.0,0.0,0.0,Cataluna
T2024-01748,2024-08-18,C0005,Monitor 27 pulgadas,Informatica,256.98,1.0,0.0,0.0,Madrid
T2024-01796,2024-12-17,C0967,Tarjeta microSD 256 GB,Almacenamiento,31.9,3.0,0.0,5.3,Galicia
T2024-00109,2024-10-31,C0384,Tablet 10 pulgadas,Telefonia,279.56,1.0,,0.0,Comunitat Valenciana
T2024-03868,2024-02-15,C0224,Tarjeta microSD 256 GB,Almacenamiento,34.21,1.0,25.0,5.25,Comunitat Valenciana
T2024-02674,2024-01-21,C0010,Pulsera de actividad,Vestible,61.96,1.0,0.0,6.78,Comunitat Valenciana
T2024-00474,2024-12-29,C0339,Movil gama alta,Telefonia,1066.18,2.0,0.0,0.0,Pais Vasco
T2024-03101,2024-04-22,C0468,Disco SSD 1 TB,Almacenamiento,101.3,2.0,5.0,0.0,Madrid
T2024-03122,2024-01-29,C0215,Altavoz bluetooth,Audio,85.57,2.0,0.0,0.0,Pais Vasco
T2024-00652,2024-11-27,C0160,Auriculares con cable,Perifericos,-28.35,2.0,0.0,6.39,Comunitat Valenciana
T2024-02194,2024-02-20,C0010,Auriculares con cable,Perifericos,29.91,2.0,0.0,6.14,Andalucia
T2024-01642,2024-12-05,C0395,Tarjeta microSD 256 GB,Almacenamiento,35.21,4.0,0.0,0.0,Cataluna
T2024-01133,2024-09-25,C0831,Tablet 10 pulgadas,Telefonia,256.7,1.0,0.0,0.0,Comunitat Valenciana
T2024-00139,2024-11-18,C0003,Tarjeta microSD 256 GB,Almacenamiento,33.88,1.0,0.0,4.58,Comunitat Valenciana
T2024-00140,2024-04-06,C0003,Tarjeta microSD 256 GB,Almacenamiento,35.36,4.0,15.0,0.0,Cataluna
T2024-00806,2024-06-20,C0113,Barra de sonido,Audio,214.46,1.0,10.0,0.0,Comunitat Valenciana
T2024-04964,2024-12-29,C0269,Movil gama media,Telefonia,373.15,3.0,30.0,0.0,Cataluna
T2024-00363,2024-08-06,C1000,Pulsera de actividad,Vestible,51.84,5.0,0.0,0.0,Galicia
T2024-02183,2024-12-19,C0112,Tarjeta microSD 256 GB,Almacenamiento,38.48,2.0,0.0,4.75,Madrid
T2024-00217,2024-05-25,C0004,Movil gama media,Telefonia,334.33,1.0,0.0,0.0,Comunitat Valenciana
T2024-01844,2024-05-18,C0074,Raton ergonomico,Perifericos,50.36,4.0,15.0,0.0,Comunitat Valenciana
T2024-03358,2024-01-03,C0274,Tarjeta microSD 256 GB,Almacenamiento,35.55,1.0,0.0,4.87,Madrid
T2024-00263,2024-09-19,C0066,Disco SSD 1 TB,Almacenamiento,100.59,1.0,15.0,0.0,Andalucia
T2024-03767,2024-01-09,C0467,Tarjeta microSD 256 GB,Almacenamiento,30.82,2.0,0.0,5.97,Comunitat Valenciana
T2024-04885,2024-10-03,C0299,Portatil 14 pulgadas,Informatica,806.17,2.0,0.0,0.0,Cataluna
T2024-01432,2024-11-05,C0232,Tablet 10 pulgadas,Telefonia,254.9,1.0,0.0,0.0,Pais Vasco
T2024-00477,2024-03-10,C0947,Disco SSD 2 TB,Almacenamiento,172.84,4.0,15.0,0.0,Comunitat Valenciana
T2024-03445,2024-12-08,C0774,Movil gama alta,Telefonia,997.37,5.0,0.0,0.0,Comunitat Valenciana
T2024-04045,2024-04-24,C0225,Camara web 1080p,Perifericos,63.7,3.0,5.0,0.0,Madrid
T2024-02913,2024-04-05,C0042,Disco SSD 2 TB,Almacenamiento,152.86,2.0,0.0,0.0,Comunitat Valenciana
T2024-01228,2024-04-26,C0597,Auriculares inalambricos,Audio,131.42,2.0,30.0,0.0,Andalucia
T2024-02299,2024-01-30,C0005,Pulsera de actividad,Vestible,66.14,3.0,0.0,0.0,Madrid
T2024-04626,2024-10-05,C0001,Auriculares con cable,Perifericos,26.35,1.0,30.0,3.46,Comunitat Valenciana
T2024-04331,2024-12-27,C0511,Pulsera de actividad,Vestible,59.57,3.0,15.0,0.0,Madrid
T2024-03508,2024-12-15,C0020,Teclado mecanico,Perifericos,90.32,2.0,25.0,9.27,Canarias
T2024-03791,2024-12-18,C0053,Monitor 27 pulgadas,Informatica,246.57,4.0,20.0,0.0,Cataluna
T2024-01947,2024-06-08,C0001,Raton ergonomico,Perifericos,44.13,5.0,0.0,0.0,Madrid
T2024-00984,2024-05-10,C0029,Pulsera de actividad,Vestible,54.0,1.0,25.0,4.24,Galicia
T2024-02343,2024-01-17,C0523,Altavoz bluetooth,Audio,87.48,5.0,25.0,0.0,Comunitat Valenciana
T2024-03360,2024-10-26,C0012,Pulsera de actividad,Vestible,56.52,1.0,0.0,3.25,Madrid
T2024-00820,2024-11-15,C0044,Altavoz bluetooth,Audio,79.1,3.0,10.0,0.0,Comunitat Valenciana
T2024-01551,2024-03-26,C0393,Auriculares con cable,Perifericos,29.98,3.0,25.0,3.52,Galicia
T2024-02632,2024-01-15,C0002,Auriculares inalambricos,Audio,132.0,1.0,0.0,0.0,Cataluna
T2024-03872,2024-11-20,C0717,Tarjeta microSD 256 GB,Almacenamiento,33.62,2.0,0.0,5.99,Madrid
T2024-04711,2024-12-04,C0005,Camara web 1080p,Perifericos,70.78,5.0,0.0,0.0,Madrid
T2024-02289,2024-05-18,C0011,Disco SSD 1 TB,Almacenamiento,101.69,2.0,0.0,0.0,Cataluna
T2024-02307,2024-02-14,C0005,Auriculares con cable,Perifericos,31.2,1.0,0.0,5.75,Comunitat Valenciana
T2024-03856,2024-12-08,C0105,Teclado mecanico,Perifericos,80.73,1.0,0.0,5.14,Cataluna
T2024-02534,2024-09-13,C0194,Raton ergonomico,Perifericos,45.06,3.0,0.0,0.0,Comunitat Valenciana
T2024-04814,2024-09-28,C0006,Reloj inteligente,Vestible,168.96,2.0,15.0,0.0,Comunitat Valenciana
T2024-04573,2024-04-27,C1002,Tablet 10 pulgadas,Telefonia,298.26,1.0,0.0,0.0,Cataluna
T2024-03176,2024-04-15,C0009,Auriculares con cable,Perifericos,27.36,1.0,15.0,13.51,Canarias
T2024-00952,2024-08-07,C0742,Reloj inteligente,Vestible,183.66,2.0,125.0,0.0,Andalucia
T2024-04269,2024-11-26,C0013,Movil gama alta,Telefonía,983.63,5.0,0.0,0.0,Cataluna
T2024-02500,2024-11-16,C0779,Auriculares con cable,Perifericos,28.43,1.0,15.0,6.88,Madrid
T2024-03974,2024-09-23,C0052,Disco SSD 2 TB,Almacenamiento,176.85,1.0,30.0,0.0,Pais Vasco
T2024-01258,2024-01-31,C0022,Pulsera de actividad,Vestible,63.56,5.0,0.0,0.0,Cataluna
T2024-03711,2024-06-01,C0615,Disco SSD 1 TB,Almacenamiento,94.37,1.0,0.0,8.8,Canarias
T2024-04257,2024-02-24,C0057,Auriculares con cable,Perifericos,28.69,1.0,10.0,4.6,Cataluna
T2024-02886,2024-07-28,C0090,Camara web 1080p,Perifericos,63.05,1.0,0.0,3.72,Comunitat Valenciana
T2024-01101,2024-04-30,C0046,Raton ergonomico,Perifericos,45.34,1.0,15.0,4.51,Comunitat Valenciana
T2024-03169,2024-08-10,C0167,Raton ergonomico,Perifericos,45.92,1.0,0.0,3.76,Comunitat Valenciana
T2024-04051,2024-11-16,C0007,Pulsera de actividad,Vestible,58.59,2.0,0.0,0.0,Comunitat Valenciana
T2024-02861,2024-04-28,C0001,Auriculares con cable,Perifericos,31.39,4.0,0.0,0.0,Pais Vasco
T2024-00485,2024-11-21,C0002,Portatil 14 pulgadas,Informatica,956.19,5.0,0.0,0.0,Cataluna
T2024-02715,2024-07-13,C0334,Altavoz bluetooth,Audio,81.29,1.0,0.0,3.91,Madrid
T2024-03103,2024-06-27,C0226,Camara web 1080p,Perifericos,71.18,4.0,0.0,0.0,Cataluna
T2024-04460,2024-02-08,C0088,Disco SSD 1 TB,Almacenamiento,98.72,1.0,0.0,6.29,Madrid
T2024-04693,2024-11-05,C0382,Altavoz bluetooth,Audio,84.08,2.0,0.0,0.0,Galicia
T2024-04868,2024-12-14,C0628,Tablet 10 pulgadas,Telefonia,253.3,1.0,0.0,0.0,Pais Vasco
T2024-04049,2024-11-02,C0519,Disco SSD 2 TB,Almacenamiento,168.26,4.0,5.0,11.19,Canarias
T2024-02093,2024-12-24,C0025,Teclado mecanico,Perifericos,87.02,1.0,0.0,6.06,Madrid
T2024-00108,2024-12-12,C0036,Tarjeta microSD 256 GB,Almacenamiento,36.27,4.0,0.0,10.64,Canarias
T2024-02265,2024-12-14,C0008,Auriculares con cable,Perifericos,29.83,2.0,-5.0,4.17,Comunitat Valenciana
T2024-02344,2024-05-16,C0131,Pulsera de actividad,Vestible,58.03,3.0,20.0,0.0,Comunitat Valenciana
T2024-01104,2024-02-19,C0001,Camara web 1080p,Perifericos,59.79,1.0,0.0,3.15,Cataluna
T2024-00097,2024-01-13,C0848,Reloj inteligente,Vestible,185.26,1.0,25.0,0.0,Andalucia
T2024-04875,2024-11-19,C0529,Auriculares con cable,Perifericos,29.51,2.0,0.0,6.67,Comunitat Valenciana
T2024-04891,2024-09-29,C0002,Pulsera de actividad,Vestible,62.91,3.0,25.0,0.0,Cataluna
T2024-02121,2024-12-24,C0581,Barra de sonido,Audio,181.34,5.0,10.0,0.0,Comunitat Valenciana
T2024-03970,2024-08-17,C0092,Disco SSD 1 TB,Almacenamiento,97.0,1.0,0.0,5.56,Cataluna
T2024-03675,2024-09-29,C0019,Tarjeta microSD 256 GB,Almacenamiento,33.1,2.0,0.0,5.11,Comunitat Valenciana
T2024-00932,2024-11-24,C1021,Barra de sonido,Audio,187.02,3.0,10.0,14.53,Canarias
T2024-01924,2024-04-07,C0002,Pulsera de actividad,Vestible,56.8,1.0,0.0,5.1,Comunitat Valenciana
T2024-01712,2024-12-16,C0717,Altavoz bluetooth,Audio,78.22,1.0,10.0,5.56,Cataluna
T2024-02654,2024-01-18,C0090,Pulsera de actividad,Vestible,65.74,5.0,15.0,0.0,Madrid
T2024-01686,2024-11-02,C0043,Raton ergonomico,Perifericos,48.38,4.0,0.0,0.0,Comunitat Valenciana
T2024-01119,2024-08-04,C0458,Movil gama alta,Telefonia,955.38,1.0,0.0,0.0,Pais Vasco
T2024-04678,2024-02-14,C0067,Disco SSD 1 TB,Almacenamiento,94.57,5.0,20.0,0.0,Cataluna
T2024-01937,2024-08-27,C0001,Disco SSD 2 TB,Almacenamiento,194.74,1.0,0.0,0.0,Andalucia
T2024-03835,2024-10-19,C1038,Pulsera de actividad,Vestible,63.99,1.0,0.0,4.68,Pais Vasco
T2024-04776,2024-08-30,C0098,Auriculares inalambricos,Audio,146.62,5.0,10.0,0.0,Comunitat Valenciana
T2024-03171,2024-09-14,C0103,Pulsera de actividad,Vestible,56.37,1.0,5.0,4.59,Madrid
T2024-01489,2024-09-01,C0946,Disco SSD 2 TB,Almacenamiento,161.73,1.0,0.0,0.0,Comunitat Valenciana
T2024-02532,2024-02-29,C0827,Monitor 27 pulgadas,Informatica,264.59,2.0,30.0,0.0,Andalucia
T2024-01323,2024-12-06,C1056,Pulsera de actividad,Vestible,58.49,3.0,10.0,0.0,Galicia
T2024-04911,2024-11-16,C0167,Movil gama media,Telefonia,342.95,2.0,30.0,0.0,Comunitat Valenciana
T2024-04608,2024-12-08,C0037,Teclado mecanico,Perifericos,89.27,3.0,0.0,9.38,Canarias
T2024-04706,2024-07-21,C0182,Auriculares con cable,Perifericos,30.61,2.0,30.0,4.23,Madrid
T2024-00512,2024-04-10,C0377,Disco SSD 1 TB,Almacenamiento,88.65,1.0,0.0,4.22,Madrid
T2024-03753,2024-05-03,C0882,Raton ergonomico,Perifericos,43.84,2.0,10.0,6.46,Galicia
T2024-00992,2024-11-07,C0593,Raton ergonomico,Perifericos,48.71,5.0,0.0,0.0,Cataluna
T2024-02764,2024-12-25,C0274,Portatil 16 pulgadas,Informatica,1335.1,4.0,0.0,0.0,Pais Vasco
T2024-01168,2024-10-11,C0006,Disco SSD 2 TB,Almacenamiento,165.78,3.0,,0.0,Comunitat Valenciana
T2024-01627,2024-01-26,C0072,Disco SSD 2 TB,Almacenamiento,173.11,1.0,10.0,0.0,
T2024-01963,2024-12-14,C0002,Tarjeta microSD 256 GB,Almacenamiento,31.69,3.0,0.0,5.68,Andalucia
T2024-03944,2024-02-07,C0867,Disco SSD 1 TB,Almacenamiento,95.44,1.0,20.0,3.62,Cataluna
T2024-02977,2024-11-29,C0832,Camara web 1080p,Perifericos,69.41,2.0,0.0,0.0,Andalucia
T2024-01580,2024-08-26,C0032,Pulsera de actividad,Vestible,53.82,1.0,0.0,8.73,Canarias
T2024-03241,2024-11-18,C0118,Altavoz bluetooth,Audio,76.88,1.0,10.0,3.43,Madrid
T2024-02492,2024-11-08,C0001,Camara web 1080p,Perifericos,64.39,2.0,0.0,0.0,Madrid
T2024-03744,2024-12-16,C0093,Disco SSD 2 TB,Almacenamiento,179.78,4.0,0.0,0.0,Comunitat Valenciana
T2024-02513,2024-04-30,C0415,Raton ergonomico,Perifericos,46.23,2.0,0.0,6.95,Galicia
T2024-03287,2024-10-14,C0001,Auriculares con cable,Perifericos,30.24,4.0,0.0,0.0,Comunitat Valenciana
T2024-02984,2024-12-02,C0027,Teclado mecanico,Perifericos,89.27,5.0,0.0,0.0,Cataluna
T2024-01302,2024-11-20,C0010,Teclado mecanico,Perifericos,95.13,1.0,25.0,6.88,Cataluna
T2024-00592,2024-02-11,C0276,Pulsera de actividad,Vestible,53.28,1.0,0.0,5.58,Comunitat Valenciana
T2024-03155,2024-03-27,C0693,Pulsera de actividad,Vestible,52.26,2.0,0.0,0.0,Cataluna
T2024-01749,2024-06-06,C0245,Raton ergonomico,Perifericos,41.42,2.0,15.0,5.35,Andalucia
T2024-02241,2024-12-03,C0198,Raton ergonomico,Perifericos,44.72,1.0,0.0,5.29,Pais Vasco
T2024-01429,2024-03-02,C0361,Camara web 1080p,Perifericos,67.53,5.0,,0.0,Cataluna
T2024-02696,2024-11-25,C0289,Pulsera de actividad,Vestible,60.41,1.0,0.0,4.77,Comunitat Valenciana
T2024-02278,2024-09-08,C0015,Tarjeta microSD 256 GB,Almacenamiento,33.46,2.0,15.0,4.79,Cataluna
T2024-02155,2024-09-22,C0066,Raton ergonomico,Perifericos,44.45,1.0,30.0,3.45,Madrid
T2024-02606,2024-12-30,C0001,Tarjeta microSD 256 GB,Almacenamiento,31.63,5.0,25.0,0.0,Cataluna
T2024-02884,2024-06-16,C0453,Teclado mecanico,Perifericos,95.69,2.0,0.0,0.0,Cataluna
T2024-01502,2024-04-29,C0896,Altavoz bluetooth,Audio,83.38,,30.0,0.0,Galicia
T2024-03495,2024-03-03,C0702,Pulsera de actividad,Vestible,55.61,1.0,0.0,5.67,Comunitat Valenciana
T2024-03899,2024-11-12,C0017,Barra de sonido,Audio,204.2,2.0,20.0,0.0,Comunitat Valenciana
T2024-04890,2024-02-08,C0253,Portatil 16 pulgadas,Informatica,1478.57,1.0,30.0,0.0,Madrid
T2024-01967,2024-12-29,C0006,Tablet 10 pulgadas,Telefonia,266.34,4.0,0.0,0.0,Madrid
T2024-03800,2024-03-29,C0018,Pulsera de actividad,Vestible,59.83,2.0,0.0,0.0,Andalucia
T2024-00448,2024-07-01,C0004,Reloj inteligente,Vestible,190.83,4.0,0.0,0.0,Andalucia
T2024-01526,2024-12-24,C0028,Pulsera de actividad,Vestible,57.9,1.0,15.0,6.07,Andalucia
T2024-01415,2024-06-22,C0786,Tablet 10 pulgadas,Telefonia,290.23,2.0,0.0,0.0,Andalucia
T2024-02915,2024-07-22,C0005,Raton ergonomico,Perifericos,43.48,1.0,0.0,6.92,Galicia
T2024-01180,2024-10-20,C0038,Barra de sonido,Audio,188.79,2.0,35.0,0.0,Cataluna
T2024-01405,2024-11-24,C0855,Teclado mecanico,Perifericos,83.37,2.0,5.0,0.0,Madrid
T2024-03923,2024-05-26,C0078,Altavoz bluetooth,Audio,87.33,3.0,0.0,0.0,Comunitat Valenciana
T2024-03229,2024-01-01,C0122,Raton ergonomico,perifericos,44.08,1.0,,5.37,Cataluna
T2024-00987,2024-07-09,C1195,Movil gama alta,Telefonia,932.15,1.0,0.0,0.0,Cataluna
T2024-04103,2024-06-30,C0039,Reloj inteligente,Vestible,182.49,4.0,20.0,0.0,Cataluna
T2024-03291,2024-03-25,C0030,Pulsera de actividad,Vestible,54.65,5.0,0.0,0.0,
T2024-04712,2024-03-05,C0008,Tarjeta microSD 256 GB,Almacenamiento,34.55,3.0,0.0,0.0,Cataluna
T2024-02414,2024-03-04,C0326,Camara web 1080p,Perifericos,66.55,2.0,15.0,0.0,Galicia
T2024-00430,2024-05-18,C0802,Tarjeta microSD 256 GB,Almacenamiento,33.44,1.0,0.0,6.77,Comunitat Valenciana
T2024-04314,2024-11-03,C0518,Auriculares con cable,Perifericos,30.83,1.0,0.0,5.67,Cataluna
T2024-03900,2024-09-15,C0737,Disco SSD 2 TB,Almacenamiento,158.03,1.0,20.0,0.0,Madrid
T2024-02149,2024-06-29,C0194,Tarjeta microSD 256 GB,Almacenamiento,34.16,5.0,0.0,0.0,Pais Vasco
T2024-02484,2024-01-09,C0046,Movil gama media,Telefonia,-358.22,2.0,0.0,0.0,Madrid
T2024-04212,2024-12-05,C0158,Barra de sonido, Audio ,209.21,2.0,10.0,0.0,Andalucia
T2024-00192,2024-12-08,C0199,Auriculares con cable,Perifericos,31.65,2.0,10.0,3.9,Pais Vasco
T2024-00331,2024-02-09,C0535,Tarjeta microSD 256 GB,Almacenamiento,38.35,1.0,15.0,3.5,Madrid
T2024-01236,2024-04-11,C0040,Movil gama media,Telefonia,366.2,1.0,0.0,0.0,Comunitat Valenciana
T2024-01593,2024-11-12,C0373,Camara web 1080p,Perifericos,74.98,4.0,10.0,0.0,Cataluna
T2024-01774,2024-10-28,C0002,Disco SSD 1 TB,Almacenamiento,95.59,1.0,0.0,4.72,Comunitat Valenciana
T2024-04670,2024-05-05,C0001,Tarjeta microSD 256 GB,Almacenamiento,33.49,1.0,0.0,5.31,Galicia
T2024-04480,2024-08-18,C0013,Reloj inteligente,Vestible,164.55,2.0,0.0,0.0,Cataluna
T2024-01296,2024-09-02,C0029,Altavoz bluetooth,Audio,77.58,3.0,0.0,0.0,Andalucia
T2024-00367,2024-06-13,C0183,Disco SSD 2 TB,Almacenamiento,183.15,1.0,0.0,0.0,Madrid
T2024-04329,2024-12-13,C1144,Teclado mecanico,Perifericos,82.01,1.0,0.0,4.04,Comunitat Valenciana
T2024-00708,2024-04-20,C0258,Pulsera de actividad,Vestible,57.14,4.0,0.0,0.0,Comunitat Valenciana
T2024-00436,2024-06-29,C0007,Tarjeta microSD 256 GB,Almacenamiento,34.77,1.0,25.0,3.97,Andalucia
T2024-00225,2024-11-02,C0140,Movil gama media,Telefonia,374.24,1.0,0.0,0.0,Madrid
T2024-00162,2024-01-07,C0021,Pulsera de actividad,Vestible,61.37,1.0,0.0,4.06,Pais Vasco
T2024-03977,2024-11-11,C0608,Camara web 1080p,Perifericos,69.81,1.0,0.0,5.65,Cataluna
T2024-04324,2024-11-12,C0003,Disco SSD 1 TB,Almacenamiento,106.34,5.0,10.0,0.0,Cataluna
T2024-01991,2024-06-08,C0309,Portatil 14 pulgadas,Informatica,855.22,1.0,0.0,0.0,Madrid
T2024-03881,2024-06-16,C0002,Auriculares inalambricos,Audio,121.16,1.0,20.0,0.0,Madrid
T2024-00101,2024-04-16,C0183,Camara web 1080p,Perifericos,67.39,3.0,0.0,0.0,Cataluna
T2024-03722,2024-12-29,C0002,Movil gama alta,Telefonia,967.67,1.0,15.0,0.0,Comunitat Valenciana
T2024-00053,2024-01-15,C0043,Disco SSD 1 TB,Almacenamiento,90.9,4.0,0.0,0.0,Comunitat Valenciana
T2024-02065,2024-03-10,C0056,Disco SSD 2 TB,Almacenamiento,203.38,2.0,30.0,0.0,Comunitat Valenciana
T2024-04821,2024-01-29,C0030,Tarjeta microSD 256 GB,Almacenamiento,34.32,5.0,0.0,0.0,Galicia
T2024-03304,2024-05-26,C0043,Altavoz bluetooth,Audio,76.5,4.0,0.0,0.0,Cataluna
T2024-00795,2024-11-02,C0003,Tarjeta microSD 256 GB,Almacenamiento,36.37,2.0,0.0,4.61,Pais Vasco
T2024-04511,2024-11-16,C0093,Pulsera de actividad,Vestible,57.79,2.0,,0.0,Andalucia
T2024-02672,2024-12-29,C0886,Auriculares con cable,Perifericos,28.04,1.0,5.0,4.44,Madrid
T2024-01161,2024-02-07,C0003,Pulsera de actividad,Vestible,59.67,2.0,0.0,0.0,Pais Vasco
T2024-02039,2024-04-30,C0837,Raton ergonomico,Perifericos,42.79,2.0,0.0,4.66,Comunitat Valenciana
T2024-03916,2024-10-03,C1154,Camara web 1080p,Perifericos,66.88,4.0,20.0,0.0,Comunitat Valenciana
T2024-01535,2024-02-12,C0006,Disco SSD 1 TB,Almacenamiento,102.92,1.0,5.0,0.0,Andalucia
T2024-04860,2024-09-05,C0510,Auriculares con cable,Perifericos,29.59,1.0,0.0,4.74,Madrid
T2024-01472,2024-01-27,C0009,Altavoz bluetooth,Audio,91.23,3.0,0.0,0.0,Comunitat Valenciana
T2024-01878,2024-09-25,C0005,Auriculares inalambricos,Audio,130.47,2.0,0.0,0.0,Pais Vasco
T2024-02836,2024-11-21,C1088,Raton ergonomico,Perifericos,45.19,2.0,15.0,3.53,Galicia
T2024-02777,2024-06-21,C0343,Tarjeta microSD 256 GB,Almacenamiento,33.8,1.0,25.0,5.6,Comunitat Valenciana
T2024-04014,2024-11-11,C0016,Tablet 10 pulgadas,Telefonía,274.03,5.0,0.0,0.0,Madrid
T2024-01867,2024-05-18,C0048,Disco SSD 1 TB,Almacenamiento,102.9,5.0,0.0,0.0,Madrid
T2024-01509,2024-11-01,C0036,Pulsera de actividad,Vestible,62.84,2.0,0.0,0.0,Madrid
T2024-03988,2024-08-12,C0002,Disco SSD 1 TB,Almacenamiento,89.92,5.0,30.0,0.0,Cataluna
T2024-02206,2024-09-23,C0011,Barra de sonido,Audio,183.44,5.0,10.0,0.0,Andalucia
T2024-01311,2024-12-19,C0012,Tablet 10 pulgadas,Telefonia,282.82,2.0,0.0,0.0,Madrid
T2024-02735,2024-06-15,C0802,Disco SSD 1 TB,Almacenamiento,106.06,5.0,0.0,0.0,Andalucia
T2024-03151,2024-11-01,C0001,Auriculares con cable,Perifericos,30.46,1.0,10.0,6.03,Cataluna
T2024-04477,2024-03-01,C0132,Altavoz bluetooth,Audio,80.77,1.0,30.0,4.14,Madrid
T2024-00749,2024-04-04,C0081,Reloj inteligente,Vestible,177.01,2.0,25.0,0.0,Pais Vasco
T2024-03187,2024-08-30,C0093,Tarjeta microSD 256 GB,Almacenamiento,32.95,1.0,,6.68,Cataluna
T2024-04854,2024-09-25,C0015,Auriculares inalambricos,Audio,138.16,1.0,0.0,0.0,Cataluna
T2024-02869,2024-03-03,C0015,Pulsera de actividad,Vestible,62.22,1.0,0.0,5.6,Cataluna
T2024-D0007,2024-02-28,C0249,Movil gama media,Telefonia,347.18,4.0,0.0,0.0,Madrid
T2024-03307,2024-07-20,C0138,Barra de sonido,Audio,184.47,1.0,30.0,0.0,Cataluna
T2024-00535,2024-09-07,C0014,Teclado mecanico,Perifericos,95.41,5.0,0.0,0.0,Comunitat Valenciana
T2024-01899,2024-05-13,C0729,Pulsera de actividad,Vestible,59.57,3.0,0.0,0.0,Andalucia
T2024-04598,2024-04-03,C0646,Camara web 1080p,Perifericos,68.59,1.0,5.0,5.35,Andalucia
T2024-00370,2024-03-20,C0005,Altavoz bluetooth,Audio,86.47,5.0,10.0,0.0,Madrid
T2024-03661,2024-11-03,C0507,Tarjeta microSD 256 GB,Almacenamiento,35.47,1.0,30.0,6.41,Madrid
T2024-02074,2024-06-08,C0037,Camara web 1080p,Perifericos,75.73,1.0,25.0,4.51,Madrid
T2024-04778,2024-10-05,C0003,Movil gama media,Telefonia,358.79,2.0,0.0,0.0,Madrid
T2024-03006,2024-12-25,C0002,Tablet 10 pulgadas,Telefonia,265.28,1.0,0.0,0.0,Andalucia
T2024-02594,2024-03-12,C0003,Tarjeta microSD 256 GB,Almacenamiento,32.76,2.0,0.0,5.06,Madrid
T2024-02683,2024-05-17,C0045,Raton ergonomico,perifericos,49.29,4.0,0.0,0.0,Pais Vasco
T2024-04618,2024-11-24,C0004,Altavoz bluetooth,Audio,80.2,1.0,25.0,5.33,Cataluna
T2024-00194,2024-12-07,C0001,Teclado mecanico,Perifericos,91.65,2.0,0.0,0.0,Comunitat Valenciana
T2024-01363,2024-11-13,C0034,Auriculares inalambricos,Audio,141.0,1.0,10.0,0.0,Comunitat Valenciana
T2024-04281,2024-09-06,C0627,Auriculares con cable,perifericos,31.18,1.0,15.0,6.36,Madrid
T2024-03673,2024-12-13,C0012,Altavoz bluetooth,Audio,76.71,2.0,35.0,0.0,Madrid
T2024-04698,2024-12-19,C1196,Monitor 27 pulgadas,Informatica,251.95,2.0,0.0,0.0,Madrid
T2024-01683,2024-12-16,C0801,Camara web 1080p,Perifericos,75.93,5.0,0.0,0.0,Comunitat Valenciana
T2024-04330,2024-12-28,C0490,Teclado mecanico,Perifericos,95.62,1.0,5.0,4.26,Cataluna
T2024-01042,2024-12-17,C0542,Altavoz bluetooth,Audio,73.47,1.0,0.0,6.76,Galicia
T2024-00484,2024-04-20,C1199,Barra de sonido,Audio,189.93,1.0,20.0,0.0,Andalucia
T2024-00253,2024-07-08,C0027,Portatil 14 pulgadas,Informatica,909.74,1.0,15.0,0.0,Comunitat Valenciana
T2024-02025,2024-05-11,C0049,Reloj inteligente,Vestible,196.64,5.0,0.0,0.0,Cataluna
T2024-03531,2024-08-14,C1129,Barra de sonido,Audio,219.61,4.0,10.0,0.0,Comunitat Valenciana
T2024-03058,2024-04-28,C0232,Disco SSD 1 TB,Almacenamiento,104.86,1.0,0.0,0.0,Madrid
T2024-04619,2024-09-07,C0204,Reloj inteligente,Vestible,188.47,3.0,30.0,0.0,Galicia
T2024-02897,2024-04-15,C0071,Tarjeta microSD 256 GB,Almacenamiento,30.98,2.0,0.0,6.93,Andalucia
T2024-00147,2024-06-12,C0003,Altavoz bluetooth,Audio,77.27,1.0,10.0,5.44,Cataluna
T2024-01693,2024-02-16,C0024,Tarjeta microSD 256 GB,Almacenamiento,36.07,3.0,0.0,0.0,Comunitat Valenciana
T2024-01380,2024-11-25,C0399,Disco SSD 2 TB,Almacenamiento,154.82,2.0,0.0,0.0,Comunitat Valenciana
T2024-02143,2024-02-03,C0692,Movil gama media,Telefonia,367.01,1.0,0.0,0.0,Comunitat Valenciana
T2024-02076,2024-05-13,C0760,Tarjeta microSD 256 GB,Almacenamiento,33.92,4.0,0.0,0.0,Pais Vasco
T2024-02064,2024-10-08,C0001,Teclado mecanico,Perifericos,79.46,2.0,0.0,0.0,Comunitat Valenciana
T2024-00437,2024-02-24,C0056,Auriculares inalambricos,Audio,140.93,1.0,10.0,0.0,Andalucia
T2024-00368,2024-08-10,C0264,Barra de sonido,Audio,181.2,2.0,5.0,0.0,Galicia
T2024-04253,2024-03-06,C0960,Disco SSD 1 TB,Almacenamiento,97.22,1.0,30.0,6.33,Galicia
T2024-04499,2024-08-26,C0001,Tarjeta microSD 256 GB,Almacenamiento,34.58,3.0,0.0,0.0,Madrid
T2024-01086,2024-09-17,C0151,Camara web 1080p,Perifericos,65.66,5.0,0.0,0.0,Madrid
T2024-03056,2024-11-23,C0521,Raton ergonomico,Perifericos,48.54,2.0,15.0,2.97,Comunitat Valenciana
T2024-04418,2024-04-11,C0037,Tablet 10 pulgadas,Telefonia,274.58,1.0,0.0,0.0,Comunitat Valenciana
T2024-03814,2024-11-19,C0054,Tablet 10 pulgadas,Telefonia,280.7,3.0,15.0,0.0,Galicia
T2024-00079,2024-10-23,C0003,Raton ergonomico,Perifericos,43.57,5.0,0.0,0.0,Galicia
T2024-00137,2024-06-21,C0040,Pulsera de actividad,Vestible,62.32,2.0,15.0,13.72,Canarias
T2024-01918,2024-03-12,C0002,Movil gama media,Telefonia,329.82,1.0,15.0,0.0,Andalucia
T2024-02438,2024-02-19,C0058,Auriculares con cable,Perifericos,30.17,1.0,0.0,5.02,Madrid
T2024-00993,2024-11-12,C0082,Movil gama alta,Telefonia,871.73,3.0,0.0,0.0,Comunitat Valenciana
T2024-03180,2024-08-21,C0107,Altavoz bluetooth,Audio,76.62,2.0,10.0,0.0,Comunitat Valenciana
T2024-01329,2024-01-09,C0732,Camara web 1080p,Perifericos,72.56,4.0,0.0,0.0,Comunitat Valenciana
T2024-00008,2024-12-08,C0318,Pulsera de actividad,Vestible,61.39,1.0,,5.25,Madrid
T2024-00724,2024-09-28,C0024,Camara web 1080p,Perifericos,67.53,5.0,0.0,0.0,Cataluna
T2024-01106,2024-12-07,C0095,Auriculares inalambricos,Audio,120.12,4.0,25.0,0.0,Pais Vasco
T2024-02927,2024-04-20,C0009,Raton ergonomico,Perifericos,44.23,1.0,0.0,4.6,Andalucia
T2024-04283,2024-03-10,C0002,Barra de sonido,Audio,203.65,1.0,0.0,0.0,Cataluna
T2024-03402,2024-01-12,C0014,Barra de sonido,Audio,231.36,2.0,0.0,0.0,Pais Vasco
T2024-01038,2024-12-29,C0823,Auriculares con cable,Perifericos,27.74,4.0,20.0,0.0,Pais Vasco
T2024-00765,2024-10-10,C0243,Auriculares con cable,Perifericos,30.04,1.0,5.0,4.34,Andalucia
T2024-03185,2024-08-23,C0005,Tablet 10 pulgadas,Telefonia,257.2,1.0,20.0,0.0,Madrid
T2024-02816,2024-12-11,C0150,Pulsera de actividad,Vestible,60.63,4.0,0.0,0.0,
T2024-04774,2024-06-29,C0002,Camara web 1080p,Perifericos,67.93,1.0,0.0,6.5,Andalucia
T2024-00994,2024-06-29,C0080,Teclado mecanico,Perifericos,89.09,4.0,,0.0,Pais Vasco
T2024-04287,2024-11-12,C0309,Disco SSD 1 TB,Almacenamiento,98.38,5.0,0.0,0.0,Andalucia
T2024-04335,2024-01-30,C0079,Disco SSD 1 TB,Almacenamiento,109.94,3.0,0.0,0.0,Madrid
T2024-02118,2024-01-13,C0019,Monitor 27 pulgadas,Informatica,258.23,1.0,,0.0,Madrid
T2024-01004,2024-12-04,C0109,Teclado mecanico,Perifericos,82.17,1.0,0.0,6.77,Madrid
T2024-03770,2024-04-13,C0008,Camara web 1080p,Perifericos,64.09,3.0,20.0,0.0,Comunitat Valenciana
T2024-02392,2024-06-02,C0001,Auriculares inalambricos,Audio,142.18,3.0,,0.0,Madrid
T2024-01235,2024-05-20,C0989,Portatil 16 pulgadas,Informatica,1480.02,2.0,0.0,0.0,Andalucia
T2024-03635,2024-01-11,C0257,Pulsera de actividad,Vestible,57.34,1.0,0.0,5.26,Pais Vasco
T2024-03784,2024-04-14,C0009,Reloj inteligente,Vestible,200.27,4.0,110.0,0.0,Cataluna
T2024-04436,2024-06-20,C0017,Tablet 10 pulgadas,Telefonia,270.54,2.0,30.0,0.0,Comunitat Valenciana
T2024-03325,2024-09-03,C0047,Disco SSD 1 TB,Almacenamiento,96.56,3.0,0.0,0.0,Cataluna
T2024-02448,2024-07-11,C0907,Auriculares con cable,Perifericos,29.62,3.0,0.0,3.72,Galicia
T2024-01035,2024-01-19,C0053,Disco SSD 1 TB,Almacenamiento,102.36,1.0,30.0,0.0,Comunitat Valenciana
T2024-04864,2024-03-26,C0177,Teclado mecanico,Perifericos,91.71,1.0,20.0,14.89,Canarias
T2024-01462,2024-12-05,C0219,Tarjeta microSD 256 GB,Almacenamiento,34.42,2.0,0.0,6.13,Cataluna
T2024-02000,2024-05-30,C0022,Disco SSD 1 TB,Almacenamiento,104.54,4.0,0.0,0.0,Madrid
T2024-04873,2024-03-29,C0045,Tarjeta microSD 256 GB,Almacenamiento,36.35,1.0,30.0,6.57,Comunitat Valenciana
T2024-02302,2024-12-02,C0064,Altavoz bluetooth,Audio,72.7,2.0,10.0,0.0,Madrid
T2024-01648,2024-03-14,C0945,Reloj inteligente,Vestible,182.22,2.0,0.0,0.0,Cataluna
T2024-00121,2024-12-15,C0336,Camara web 1080p,Perifericos,64.2,1.0,5.0,3.65,Cataluna
T2024-03888,2024-07-23,C0630,Camara web 1080p,Perifericos,65.37,1.0,30.0,4.62,Madrid
T2024-03702,2024-12-12,C0002,Pulsera de actividad,Vestible,61.16,2.0,0.0,0.0,Comunitat Valenciana
T2024-02494,2024-12-20,C0506,Disco SSD 1 TB,Almacenamiento,114.73,3.0,15.0,0.0,Andalucia
T2024-01553,2024-05-25,C0003,Altavoz bluetooth,Audio,80.3,4.0,0.0,0.0,Andalucia
T2024-01945,2024-07-31,C0003,Auriculares inalambricos,Audio,139.5,1.0,5.0,0.0,Madrid
T2024-03403,2024-07-10,C0006,Movil gama media,Telefonia,323.18,4.0,25.0,0.0,Comunitat Valenciana
T2024-02388,2024-10-06,C0118,Disco SSD 1 TB,Almacenamiento,99.48,2.0,0.0,0.0,Galicia
T2024-01019,2024-10-20,C0395,Barra de sonido,Audio,204.11,1.0,0.0,0.0,Andalucia
T2024-00014,2024-12-05,C0740,Reloj inteligente,Vestible,170.97,1.0,5.0,0.0,Galicia
T2024-01782,2024-05-15,C0536,Disco SSD 2 TB,Almacenamiento,168.64,5.0,30.0,0.0,Cataluna
T2024-00047,2024-03-09,C0083,Movil gama alta,Telefonia,974.16,2.0,0.0,0.0,Galicia
T2024-03861,2024-04-13,C0242,Raton ergonomico,Perifericos,41.3,1.0,0.0,6.45,Galicia
T2024-01240,2024-04-12,C0628,Reloj inteligente,Vestible,172.12,1.0,0.0,0.0,Comunitat Valenciana
T2024-04408,2024-10-17,C0021,Raton ergonomico,Perifericos,41.07,3.0,0.0,0.0,Andalucia
T2024-04216,2024-10-17,C0027,Raton ergonomico,Perifericos,44.86,1.0,30.0,3.28,Andalucia
T2024-02193,2024-09-05,C0594,Auriculares con cable,Perifericos,27.09,1.0,5.0,5.55,Madrid
T2024-00871,2024-12-01,C0448,Raton ergonomico,Perifericos,44.79,2.0,0.0,5.24,Comunitat Valenciana
T2024-02232,2024-12-23,C0011,Auriculares inalambricos,Audio,133.12,1.0,10.0,0.0,Cataluna
T2024-00833,2024-01-31,C0020,Reloj inteligente,Vestible,195.92,1.0,0.0,0.0,Madrid
T2024-02008,2024-12-13,C0042,Barra de sonido,Audio,202.15,5.0,30.0,0.0,Cataluna
T2024-D0016,2024-11-23,C0473,Camara web 1080p,Perifericos,68.87,3.0,0.0,0.0,Comunitat Valenciana
T2024-03812,2024-04-17,C0716,Auriculares con cable,Perifericos,27.1,2.0,20.0,3.92,Cataluna
T2024-01324,2024-03-09,C0070,Raton ergonomico,Perifericos,44.2,1.0,0.0,6.21,Comunitat Valenciana
T2024-01374,2024-05-02,C0082,Reloj inteligente,Vestible,185.69,1.0,25.0,0.0,Andalucia
T2024-03957,2024-03-23,C0001,Barra de sonido,Audio,198.53,2.0,0.0,0.0,
T2024-04595,2024-12-09,C1104,Pulsera de actividad,Vestible,63.65,1.0,0.0,8.38,Canarias
T2024-00572,2024-01-15,C0796,Auriculares inalambricos,Audio,-118.86,3.0,0.0,0.0,Comunitat Valenciana
T2024-03129,2024-11-17,C0423,Movil gama alta,Telefonia,1021.0,5.0,0.0,0.0,Comunitat Valenciana
T2024-00372,2024-06-30,C0764,Raton ergonomico,Perifericos,41.29,1.0,0.0,3.34,Madrid
T2024-00798,2024-01-08,C0190,Raton ergonomico,Perifericos,46.38,3.0,0.0,0.0,Madrid
T2024-03003,2024-09-09,C1005,Disco SSD 2 TB,Almacenamiento,164.74,2.0,20.0,0.0,Pais Vasco
T2024-03653,2024-12-24,C0009,Camara web 1080p,Perifericos,74.72,3.0,0.0,0.0,Andalucia
T2024-01761,2024-07-02,C0455,Auriculares con cable,Perifericos,28.99,3.0,110.0,5.87,Galicia
T2024-04647,2024-11-15,C0002,Auriculares con cable,Perifericos,28.3,1.0,25.0,6.28,Cataluna
T2024-01957,2024-09-08,C1178,Reloj inteligente,Vestible,179.67,1.0,10.0,0.0,Comunitat Valenciana
T2024-04675,2024-02-24,C0345,Auriculares con cable,Perifericos,29.86,2.0,0.0,12.86,Canarias
T2024-04326,2024-05-29,C0189,Tarjeta microSD 256 GB,Almacenamiento,34.17,5.0,0.0,0.0,Comunitat Valenciana
T2024-04312,2024-09-26,C0115,Auriculares inalambricos,Audio,118.84,3.0,20.0,0.0,Comunitat Valenciana
T2024-04707,2024-08-12,C0398,Tablet 10 pulgadas,Telefonia,261.11,1.0,0.0,0.0,Galicia
T2024-00670,2024-11-02,C0383,Teclado mecanico,Perifericos,94.13,5.0,0.0,0.0,Madrid
T2024-02986,2024-05-21,C0094,Disco SSD 1 TB,Almacenamiento,96.49,5.0,20.0,0.0,Comunitat Valenciana
T2024-01055,2024-11-03,C0127,Portatil 14 pulgadas,Informatica,908.78,4.0,30.0,0.0,Comunitat Valenciana
T2024-01342,2024-11-30,C0007,Auriculares inalambricos,Audio,136.41,1.0,20.0,0.0,Comunitat Valenciana
T2024-02481,2024-08-31,C0002,Movil gama media,Telefonia,301.91,1.0,0.0,0.0,Andalucia
T2024-02564,2024-10-26,C0193,Teclado mecanico,Perifericos,84.36,5.0,0.0,0.0,Comunitat Valenciana
T2024-02865,2024-04-27,C0772,Disco SSD 2 TB,Almacenamiento,177.01,2.0,30.0,0.0,Madrid
T2024-04550,2024-10-08,C0517,Disco SSD 2 TB,Almacenamiento,151.22,4.0,5.0,0.0,Comunitat Valenciana
T2024-01130,2024-09-10,C0046,Teclado mecanico,Perifericos,82.48,4.0,0.0,0.0,Madrid
T2024-03570,2024-10-23,C0049,Barra de sonido,Audio,185.13,1.0,,0.0,Madrid
T2024-02134,2024-08-23,C1027,Camara web 1080p,Perifericos,73.12,3.0,0.0,0.0,Pais Vasco
T2024-00276,2024-11-09,C0001,Auriculares inalambricos,Audio,130.65,3.0,20.0,0.0,Pais Vasco
T2024-00530,2024-12-20,C0006,Monitor 27 pulgadas,Informatica,261.51,1.0,15.0,0.0,Andalucia
T2024-D0057,2024-02-25,C0156,Pulsera de actividad,Vestible,55.66,1.0,15.0,5.25,Galicia
T2024-04264,2024-09-04,C0911,Camara web 1080p,Perifericos,68.37,3.0,0.0,0.0,Comunitat Valenciana
T2024-01791,2024-12-21,C0878,Disco SSD 2 TB,Almacenamiento,154.49,2.0,5.0,0.0,Comunitat Valenciana
T2024-01368,2024-03-22,C0027,Altavoz bluetooth,Audio,82.03,1.0,0.0,4.8,Madrid
T2024-04238,2024-11-27,C0117,Monitor 27 pulgadas,Informatica,220.31,2.0,30.0,0.0,Andalucia
T2024-04343,2024-12-02,C0029,Auriculares con cable,Perifericos,30.96,1.0,0.0,5.76,Comunitat Valenciana
T2024-02577,2024-01-19,C0001,Camara web 1080p,Perifericos,72.8,5.0,25.0,0.0,Andalucia
T2024-00285,2024-06-02,C0001,Raton ergonomico,Perifericos,46.95,1.0,30.0,5.72,Madrid
T2024-02709,2024-06-15,C0202,Monitor 27 pulgadas,Informatica,256.11,1.0,5.0,0.0,Madrid
T2024-01451,2024-02-11,C0026,Pulsera de actividad,Vestible,54.59,2.0,0.0,0.0,Madrid
T2024-02437,2024-12-29,C0010,Monitor 27 pulgadas,Informatica,-257.94,2.0,5.0,0.0,Andalucia
T2024-03017,2024-08-15,C0749,Movil gama media,Telefonia,355.63,5.0,0.0,0.0,Pais Vasco
T2024-01532,2024-11-02,C0002,Disco SSD 2 TB,Almacenamiento,176.99,5.0,0.0,0.0,Madrid
T2024-00478,2024-07-14,C0907,Pulsera de actividad,Vestible,56.33,1.0,30.0,6.3,Comunitat Valenciana
T2024-00856,2024-12-01,C0039,Portatil 16 pulgadas,Informatica,1404.04,5.0,0.0,0.0,Madrid
T2024-04395,2024-07-03,C0174,Portatil 14 pulgadas,Informatica,925.65,2.0,5.0,0.0,Pais Vasco
T2024-00024,2024-10-28,C1135,Auriculares con cable,Perifericos,30.35,5.0,0.0,0.0,Cataluna
T2024-02472,2024-02-02,C0085,Barra de sonido,Audio,228.29,4.0,10.0,0.0,Comunitat Valenciana
T2024-02730,2024-12-30,C0164,Tarjeta microSD 256 GB,Almacenamiento,35.68,2.0,20.0,5.52,Pais Vasco
T2024-02428,2024-06-28,C0817,Pulsera de actividad,Vestible,59.3,4.0,0.0,0.0,Andalucia
T2024-02510,2024-07-20,C0005,Tarjeta microSD 256 GB,Almacenamiento,32.71,1.0,25.0,3.72,Madrid
T2024-04288,2024-11-19,C0035,Raton ergonomico,Perifericos,48.06,2.0,30.0,6.44,
T2024-02371,2024-12-03,C0257,Disco SSD 1 TB,Almacenamiento,106.66,4.0,0.0,0.0,Andalucia
T2024-03928,2024-05-05,C0019,Auriculares inalambricos,Audio,139.27,3.0,,0.0,Andalucia
T2024-00763,2024-01-27,C0014,Auriculares con cable,Perifericos,25.47,3.0,30.0,3.46,Madrid
T2024-01100,2024-06-29,C1160,Altavoz bluetooth, Audio ,80.12,3.0,5.0,0.0,Comunitat Valenciana
T2024-00296,2024-06-23,C0303,Monitor 27 pulgadas,Informatica,281.72,1.0,10.0,0.0,Madrid
T2024-04263,2024-01-20,C0149,Tarjeta microSD 256 GB,Almacenamiento,37.2,2.0,,3.35,Comunitat Valenciana
T2024-03504,2024-01-25,C0096,Barra de sonido,Audio,194.41,1.0,30.0,0.0,Pais Vasco
T2024-04507,2024-06-25,C0075,Camara web 1080p,Perifericos,59.19,5.0,0.0,0.0,Andalucia
T2024-03338,2024-03-22,C0759,Reloj inteligente,Vestible,195.42,2.0,20.0,0.0,Madrid
T2024-00231,2024-08-13,C0537,Auriculares con cable,Perifericos,26.89,5.0,,14.71,Canarias
T2024-01570,2024-04-04,C0016,Raton ergonomico,Perifericos,45.86,1.0,20.0,4.34,Madrid
T2024-01469,2024-04-11,C0739,Disco SSD 1 TB,Almacenamiento,102.49,1.0,,0.0,Galicia
T2024-04578,2024-02-20,C0101,Tarjeta microSD 256 GB,Almacenamiento,34.65,1.0,15.0,3.82,Galicia
T2024-04191,2024-06-30,C0271,Auriculares con cable,Perifericos,29.61,4.0,10.0,0.0,Madrid
T2024-03201,2024-03-03,C0090,Auriculares inalambricos,Audio,116.33,3.0,20.0,0.0,Madrid
T2024-04492,2024-09-26,C0007,Auriculares con cable,Perifericos,28.33,1.0,0.0,6.21,Galicia
T2024-00618,2024-12-22,C0567,Pulsera de actividad,Vestible,60.6,1.0,,3.49,Andalucia
T2024-02012,2024-06-09,C0012,Portatil 14 pulgadas,INFORMATICA,900.64,3.0,0.0,0.0,Pais Vasco
T2024-04040,2024-06-17,C0352,Disco SSD 2 TB,Almacenamiento,163.73,2.0,15.0,0.0,Comunitat Valenciana
T2024-04599,2024-09-30,C0613,Reloj inteligente,Vestible,172.38,2.0,15.0,0.0,Cataluna
T2024-02670,2024-08-20,C0030,Movil gama alta,Telefonia,1090.02,1.0,0.0,0.0,Pais Vasco
T2024-01745,2024-06-01,C0631,Teclado mecanico,Perifericos,86.88,5.0,15.0,0.0,Andalucia
T2024-02330,2024-02-17,C0010,Barra de sonido,Audio,212.38,1.0,20.0,0.0,Madrid
T2024-02262,2024-05-22,C0011,Disco SSD 1 TB,Almacenamiento,99.96,1.0,0.0,5.61,Galicia
T2024-01081,2024-04-29,C0026,Auriculares con cable,Perifericos,29.17,1.0,5.0,6.48,Comunitat Valenciana
T2024-03727,2024-07-07,C0011,Pulsera de actividad,Vestible,58.68,1.0,0.0,3.37,Madrid
T2024-00145,2024-06-03,C0004,Auriculares con cable,Perifericos,28.97,4.0,0.0,0.0,Galicia
T2024-04766,2024-12-10,C0249,Altavoz bluetooth,Audio,81.67,1.0,0.0,5.91,Comunitat Valenciana
T2024-04747,2024-01-21,C0032,Auriculares con cable,Perifericos,30.52,5.0,0.0,0.0,Comunitat Valenciana
T2024-03516,2024-01-13,C0301,Tarjeta microSD 256 GB,Almacenamiento,34.22,1.0,0.0,5.62,Cataluna
T2024-01987,2024-06-25,C0348,Camara web 1080p,Perifericos,64.53,4.0,0.0,0.0,Madrid
T2024-04431,2024-12-15,C0177,Auriculares con cable,Perifericos,29.1,5.0,10.0,0.0,Cataluna
T2024-03683,2024-11-08,C0964,Monitor 27 pulgadas,INFORMATICA,240.14,1.0,0.0,0.0,Madrid
T2024-04650,2024-06-04,C0262,Disco SSD 1 TB,Almacenamiento,102.81,5.0,0.0,0.0,Andalucia
T2024-00633,2024-11-11,C0110,Raton ergonomico,Perifericos,47.91,2.0,0.0,9.87,Canarias
T2024-02541,2024-11-10,C0138,Auriculares inalambricos,Audio,137.16,2.0,25.0,0.0,Cataluna
T2024-01409,2024-05-07,C0180,Tablet 10 pulgadas,Telefonia,289.33,3.0,0.0,0.0,Comunitat Valenciana
T2024-04164,2024-09-15,C0718,Auriculares inalambricos,Audio,123.8,1.0,35.0,0.0,Galicia
T2024-03480,2024-04-18,C0255,Camara web 1080p,Perifericos,69.83,2.0,25.0,0.0,Comunitat Valenciana
T2024-00787,2024-11-21,C0697,Tarjeta microSD 256 GB,Almacenamiento,34.38,2.0,0.0,5.05,Galicia
T2024-04746,2024-06-01,C0339,Auriculares con cable,Perifericos,30.99,2.0,15.0,4.4,Andalucia
T2024-04092,2024-10-01,C0303,Pulsera de actividad,Vestible,64.04,1.0,10.0,5.09,Pais Vasco
T2024-02705,2024-11-17,C0412,Pulsera de actividad,Vestible,60.71,2.0,0.0,0.0,Andalucia
T2024-00587,2024-10-22,C0066,Camara web 1080p,Perifericos,63.36,3.0,20.0,0.0,Madrid
T2024-03525,2024-12-27,C0792,Raton ergonomico,Perifericos,43.98,5.0,10.0,0.0,Pais Vasco
T2024-00346,2024-07-07,C0050,Disco SSD 2 TB,Almacenamiento,179.04,1.0,0.0,0.0,Comunitat Valenciana
T2024-01754,2024-07-18,C0149,Barra de sonido,Audio,228.96,1.0,10.0,0.0,Madrid
T2024-01194,2024-08-04,C0001,Disco SSD 1 TB,Almacenamiento,97.37,1.0,0.0,5.98,Pais Vasco
T2024-03037,2024-12-02,C0001,Disco SSD 1 TB,Almacenamiento,98.13,2.0,20.0,0.0,Cataluna
T2024-03375,2024-01-23,C0769,Auriculares con cable,Perifericos,31.27,4.0,0.0,0.0,Galicia
T2024-01001,2024-04-03,C0003,Reloj inteligente,Vestible,184.08,5.0,0.0,0.0,
T2024-01756,2024-01-06,C0361,Raton ergonomico,Perifericos,47.53,2.0,10.0,4.61,Comunitat Valenciana
T2024-00402,2024-12-22,C0256,Tarjeta microSD 256 GB,Almacenamiento,33.28,2.0,0.0,4.91,Andalucia
T2024-02950,2024-12-16,C0015,Movil gama media,Telefonia,374.81,2.0,30.0,0.0,Cataluna
T2024-03691,2024-10-03,C0317,Portatil 14 pulgadas,Informatica,996.15,1.0,0.0,0.0,Andalucia
T2024-03639,2024-11-10,C0047,Portatil 16 pulgadas,Informatica,1518.23,2.0,20.0,0.0,Galicia
T2024-01684,2024-06-22,C1110,Monitor 27 pulgadas,Informatica,258.11,4.0,25.0,0.0,Cataluna
T2024-03018,2024-01-24,C0153,Tarjeta microSD 256 GB,Almacenamiento,34.65,2.0,0.0,3.61,Cataluna
T2024-04134,2024-01-28,C0003,Altavoz bluetooth,Audio,72.18,3.0,5.0,0.0,Cataluna
T2024-03995,2024-01-08,C0002,Tarjeta microSD 256 GB,Almacenamiento,32.8,1.0,0.0,5.59,Galicia
T2024-03860,2024-12-15,C0910,Raton ergonomico,Perifericos,49.16,2.0,15.0,5.32,Comunitat Valenciana
T2024-01775,2024-08-05,C0719,Disco SSD 1 TB,Almacenamiento,101.63,5.0,20.0,0.0,Andalucia
T2024-02741,2024-11-28,C0077,Tarjeta microSD 256 GB,Almacenamiento,39.13,2.0,0.0,6.27,Galicia
T2024-01552,2024-09-08,C0313,Tarjeta microSD 256 GB,Almacenamiento,33.16,3.0,0.0,6.92,Madrid
T2024-03245,2024-08-23,C0002,Movil gama media,Telefonia,325.95,1.0,0.0,0.0,Cataluna
T2024-02905,2024-10-17,C0927,Movil gama alta,Telefonia,984.67,5.0,0.0,0.0,Comunitat Valenciana
T2024-03604,2024-05-06,C0004,Tablet 10 pulgadas,Telefonia,291.76,2.0,,0.0,Cataluna
T2024-00532,2024-10-02,C0014,Altavoz bluetooth,Audio,78.32,1.0,5.0,6.34,Cataluna
T2024-00955,2024-01-29,C0998,Altavoz bluetooth,Audio,75.89,3.0,0.0,0.0,Comunitat Valenciana
T2024-01633,2024-04-13,C1189,Tarjeta microSD 256 GB,Almacenamiento,35.18,,0.0,4.83,Madrid
T2024-00769,2024-02-13,C0575,Barra de sonido,Audio,201.98,1.0,10.0,8.77,Canarias
T2024-00507,2024-04-25,C0092,Pulsera de actividad,Vestible,60.48,1.0,0.0,5.91,Cataluna
T2024-01209,2024-01-23,C0187,Portatil 16 pulgadas,Informatica,1604.14,2.0,0.0,0.0,Galicia
T2024-04687,2024-12-25,C0800,Tarjeta microSD 256 GB,Almacenamiento,32.89,2.0,0.0,3.06,Galicia
T2024-01151,2024-01-30,C0002,Barra de sonido,Audio,206.91,5.0,0.0,0.0,Comunitat Valenciana
T2024-01819,2024-12-12,C0119,Teclado mecanico,Perifericos,83.59,1.0,30.0,3.6,Comunitat Valenciana
T2024-02426,2024-08-18,C0468,Raton ergonomico,Perifericos,44.75,1.0,30.0,5.86,Andalucia
T2024-03858,2024-06-09,C0073,Pulsera de actividad,Vestible,52.76,2.0,0.0,0.0,Cataluna
T2024-00078,2024-12-01,C0151,Tarjeta microSD 256 GB,Almacenamiento,32.31,2.0,,3.36,Cataluna
T2024-01229,2024-01-20,C1162,Altavoz bluetooth,Audio,83.79,1.0,10.0,4.55,Cataluna
T2024-04534,2024-09-09,C0004,Raton ergonomico,Perifericos,43.84,2.0,0.0,2.97,Cataluna
T2024-01792,2024-07-06,C0348,Disco SSD 1 TB,Almacenamiento,97.21,4.0,0.0,0.0,Madrid
T2024-D0054,2024-12-07,C0144,Teclado mecanico,Perifericos,84.28,2.0,30.0,0.0,Andalucia
T2024-00110,2024-11-11,C0773,Tarjeta microSD 256 GB,Almacenamiento,33.41,1.0,10.0,3.75,Pais Vasco
T2024-00406,2024-12-22,C0487,Disco SSD 2 TB,Almacenamiento,186.54,1.0,30.0,0.0,Comunitat Valenciana
T2024-03583,2024-01-31,C0438,Teclado mecanico,Perifericos,80.64,5.0,0.0,0.0,Madrid
T2024-01623,2024-06-22,C0001,Barra de sonido,Audio,193.65,1.0,30.0,0.0,Cataluna
T2024-01279,2024-12-09,C0360,Raton ergonomico,Perifericos,45.42,4.0,0.0,0.0,Comunitat Valenciana
T2024-00424,2024-06-12,C0999,Auriculares con cable,Perifericos,31.18,3.0,0.0,5.98,Galicia
T2024-04205,2024-04-10,C0232,Auriculares con cable,Perifericos,29.39,2.0,5.0,4.11,Cataluna
T2024-01431,2024-11-08,C0275,Raton ergonomico,Perifericos,43.57,1.0,0.0,6.38,Andalucia
T2024-00546,2024-03-11,C0106,Raton ergonomico,Perifericos,46.43,1.0,30.0,13.05,Canarias
T2024-00251,2024-07-12,C0009,Monitor 27 pulgadas,Informatica,241.27,1.0,0.0,0.0,Andalucia
T2024-03783,2024-06-02,C0001,Barra de sonido,Audio,206.18,3.0,25.0,0.0,Andalucia
T2024-02624,2024-02-27,C0115,Portatil 14 pulgadas,Informatica,839.09,4.0,0.0,0.0,Cataluna
T2024-02304,2024-12-01,C0112,Auriculares con cable,Perifericos,27.85,3.0,0.0,6.03,Cataluna
T2024-01602,2024-08-07,C0010,Pulsera de actividad,Vestible,55.07,1.0,5.0,4.77,Pais Vasco
T2024-04098,2024-10-25,C0053,Altavoz bluetooth,Audio,75.77,1.0,0.0,3.47,Pais Vasco
T2024-00961,2024-10-09,C0376,Camara web 1080p,Perifericos,68.37,5.0,5.0,10.67,Canarias
T2024-02610,2024-12-25,C0728,Raton ergonomico,Perifericos,45.98,2.0,0.0,4.79,Comunitat Valenciana
T2024-00780,2024-12-09,C0466,Disco SSD 2 TB,Almacenamiento,163.75,3.0,0.0,0.0,Madrid
T2024-01949,2024-04-03,C1164,Barra de sonido,Audio,203.6,2.0,0.0,0.0,Andalucia
T2024-D0018,2024-04-11,C0187,Disco SSD 1 TB,Almacenamiento,95.71,2.0,0.0,0.0,Andalucia
T2024-01249,2024-10-26,C0039,Reloj inteligente,Vestible,189.89,5.0,20.0,0.0,Pais Vasco
T2024-04694,2024-07-28,C0003,Altavoz bluetooth,Audio,74.29,5.0,20.0,0.0,Comunitat Valenciana
T2024-02411,2024-07-01,C0008,Camara web 1080p,Perifericos,67.18,1.0,5.0,4.18,Galicia
T2024-03501,2024-03-05,C0810,Auriculares con cable,Perifericos,27.92,1.0,0.0,5.2,Pais Vasco
T2024-04271,2024-09-14,C0001,Movil gama media,Telefonia,375.53,1.0,0.0,0.0,Cataluna
T2024-00160,2024-11-09,C0271,Auriculares con cable,Perifericos,31.43,1.0,0.0,5.45,Cataluna
T2024-04721,2024-06-16,C0014,Pulsera de actividad,Vestible,65.4,5.0,0.0,8.62,Canarias
T2024-03733,2024-02-14,C0854,Raton ergonomico,Perifericos,46.27,1.0,0.0,3.47,Cataluna
T2024-03973,2024-03-03,C0212,Auriculares con cable,Perifericos,31.65,2.0,10.0,4.0,Cataluna
T2024-04908,2024-12-29,C0010,Barra de sonido,Audio,207.01,2.0,10.0,0.0,Cataluna
T2024-00465,2024-08-19,C0424,Teclado mecanico,Perifericos,84.7,1.0,0.0,5.76,Comunitat Valenciana
T2024-03642,2024-03-31,C0020,Tarjeta microSD 256 GB,Almacenamiento,31.88,4.0,0.0,0.0,Cataluna
T2024-03603,2024-11-26,C0043,Auriculares con cable,Perifericos,26.61,2.0,10.0,10.04,Canarias
T2024-01074,2024-12-24,C0006,Movil gama media,Telefonia,334.72,2.0,0.0,0.0,Comunitat Valenciana
T2024-03700,2024-01-28,C0502,Reloj inteligente,Vestible,194.32,1.0,0.0,0.0,Cataluna
T2024-04199,2024-11-14,C0966,Auriculares inalambricos,Audio,121.75,2.0,10.0,0.0,Comunitat Valenciana
T2024-04615,2024-04-07,C0001,Camara web 1080p,Perifericos,68.62,3.0,0.0,0.0,Pais Vasco
T2024-00942,2024-12-10,C0651,Tarjeta microSD 256 GB,Almacenamiento,32.0,5.0,0.0,0.0,Madrid
T2024-01504,2024-11-29,C0137,Raton ergonomico,Perifericos,46.73,1.0,15.0,4.28,Cataluna
T2024-00696,2024-02-14,C0114,Tarjeta microSD 256 GB,Almacenamiento,31.38,5.0,0.0,0.0,Andalucia
T2024-01263,2024-10-05,C0001,Tablet 10 pulgadas,Telefonia,271.93,1.0,30.0,0.0,Cataluna
T2024-00318,2024-09-18,C0001,Auriculares con cable,Perifericos,31.32,4.0,0.0,0.0,Madrid
T2024-02342,2024-05-18,C0027,Auriculares inalambricos,Audio,131.09,5.0,0.0,0.0,Andalucia
T2024-03349,2024-08-07,C0137,Auriculares con cable,Perifericos,28.81,5.0,0.0,0.0,Comunitat Valenciana
T2024-00373,2024-11-27,C0030,Camara web 1080p,Perifericos,66.39,1.0,0.0,4.83,Andalucia
T2024-02870,2024-08-31,C0015,Altavoz bluetooth,Audio,75.77,1.0,0.0,5.24,Comunitat Valenciana
T2024-02295,2024-11-18,C0108,Altavoz bluetooth,Audio,73.46,1.0,30.0,3.05,Cataluna
T2024-03243,2024-11-23,C0789,Auriculares con cable,Perifericos,29.3,5.0,0.0,0.0,Madrid
T2024-01658,2024-03-12,C0648,Raton ergonomico,Perifericos,46.42,4.0,5.0,0.0,Madrid
T2024-04514,2024-08-03,C1030,Tablet 10 pulgadas,Telefonia,294.49,1.0,0.0,0.0,Andalucia
T2024-02795,2024-06-28,C0243,Auriculares con cable,Perifericos,29.68,3.0,0.0,6.27,Cataluna
T2024-03982,2024-11-26,C0002,Disco SSD 2 TB,Almacenamiento,155.02,5.0,0.0,10.78,Canarias
T2024-00928,2024-03-16,C0007,Reloj inteligente,Vestible,201.87,5.0,0.0,0.0,Pais Vasco
T2024-00414,2024-12-17,C0018,Raton ergonomico,Perifericos,50.03,5.0,20.0,0.0,Andalucia
T2024-00948,2024-09-09,C0017,Auriculares inalambricos,Audio,117.8,3.0,10.0,0.0,Madrid
T2024-00482,2024-03-14,C0009,Altavoz bluetooth,Audio,74.3,2.0,10.0,0.0,Andalucia
T2024-01378,2024-12-31,C1038,Raton ergonomico,Perifericos,44.82,1.0,5.0,5.59,Comunitat Valenciana
T2024-04542,2024-10-25,C0927,Tarjeta microSD 256 GB,Almacenamiento,33.09,2.0,0.0,6.58,Comunitat Valenciana
T2024-04723,2024-07-26,C0389,Auriculares con cable,Perifericos,29.95,5.0,0.0,0.0,Cataluna
T2024-02710,2024-06-27,C0025,Pulsera de actividad,Vestible,61.66,1.0,20.0,4.8,Madrid
T2024-04353,2024-09-14,C1108,Pulsera de actividad,Vestible,59.43,3.0,0.0,0.0,Galicia
T2024-01616,2024-06-13,C0281,Auriculares con cable,Perifericos,28.07,3.0,0.0,5.6,Andalucia
T2024-04970,2024-09-08,C0062,Barra de sonido,Audio,210.13,2.0,0.0,0.0,Madrid
T2024-01836,2024-12-01,C0044,Tablet 10 pulgadas,Telefonia,296.47,2.0,0.0,0.0,Andalucia
T2024-01746,2024-04-03,C1064,Tablet 10 pulgadas,Telefonia,309.08,4.0,0.0,0.0,Andalucia
T2024-04541,2024-05-29,C0009,Auriculares con cable,Perifericos,29.69,2.0,0.0,3.09,Andalucia
T2024-01611,2024-04-09,C0247,Movil gama alta,Telefonia,1075.52,2.0,0.0,0.0,Comunitat Valenciana
T2024-02653,2024-01-06,C0016,Reloj inteligente,Vestible,196.82,5.0,10.0,0.0,Pais Vasco
T2024-03794,2024-04-22,C0096,Barra de sonido,Audio,191.56,4.0,0.0,0.0,Galicia
T2024-D0055,2024-11-07,C0024,Teclado mecanico,Perifericos,95.62,1.0,20.0,11.21,Canarias
T2024-03569,2024-07-17,C1157,Monitor 27 pulgadas,Informatica,262.14,2.0,15.0,0.0,Andalucia
T2024-01860,2024-09-29,C0649,Raton ergonomico,Perifericos,47.96,5.0,0.0,0.0,Comunitat Valenciana
T2024-03125,2024-04-14,C0004,Camara web 1080p,perifericos,67.19,5.0,0.0,0.0,Comunitat Valenciana
T2024-02650,2024-07-26,C0012,Raton ergonomico,Perifericos,44.93,2.0,0.0,3.68,Cataluna
T2024-03145,2024-08-18,C0446,Auriculares con cable,Perifericos,27.83,5.0,0.0,0.0,Comunitat Valenciana
T2024-04115,2024-08-08,C0128,Altavoz bluetooth,Audio,78.88,4.0,10.0,0.0,Comunitat Valenciana
T2024-04982,2024-12-12,C0076,Altavoz bluetooth,Audio,75.18,2.0,5.0,0.0,Comunitat Valenciana
T2024-01927,2024-11-03,C0193,Teclado mecanico,Perifericos,82.06,5.0,10.0,0.0,Andalucia
T2024-01467,2024-05-09,C0335,Tarjeta microSD 256 GB,Almacenamiento,37.92,5.0,0.0,0.0,Galicia
T2024-03751,2024-07-08,C0047,Raton ergonomico,Perifericos,46.78,2.0,5.0,5.31,Comunitat Valenciana
T2024-04666,2024-12-10,C0148,Auriculares con cable,Perifericos,30.09,3.0,5.0,5.15,Comunitat Valenciana
T2024-00487,2024-09-07,C0109,Pulsera de actividad,Vestible,62.66,4.0,5.0,0.0,Madrid
T2024-00099,2024-04-03,C0642,Barra de sonido,Audio,194.79,2.0,10.0,0.0,Cataluna
T2024-03707,2024-07-08,C0553,Pulsera de actividad,Vestible,58.45,1.0,0.0,4.85,Madrid
T2024-01590,2024-11-22,C0643,Tarjeta microSD 256 GB,Almacenamiento,32.65,3.0,0.0,4.76,Cataluna
T2024-01726,2024-01-07,C0049,Teclado mecanico,Perifericos,81.35,1.0,0.0,3.44,Comunitat Valenciana
T2024-03882,2024-02-10,C1157,Portatil 16 pulgadas,Informatica,1429.77,2.0,0.0,0.0,Andalucia
T2024-03467,2024-09-01,C0014,Altavoz bluetooth,Audio,79.14,4.0,0.0,0.0,Madrid
T2024-03081,2024-06-02,C0072,Tablet 10 pulgadas,Telefonia,267.63,1.0,30.0,0.0,Cataluna
T2024-03172,2024-11-11,C1194,Raton ergonomico,Perifericos,45.22,1.0,25.0,6.95,Comunitat Valenciana
T2024-02319,2024-12-07,C0882,Tarjeta microSD 256 GB,Almacenamiento,33.32,2.0,0.0,6.85,Cataluna
T2024-00926,2024-08-04,C0208,Altavoz bluetooth,Audio,79.93,1.0,15.0,5.19,Comunitat Valenciana
T2024-04751,2024-12-28,C0053,Tarjeta microSD 256 GB,Almacenamiento,37.47,1.0,0.0,5.65,Galicia
T2024-01512,2024-12-29,C0007,Pulsera de actividad,Vestible,63.98,3.0,0.0,13.76,Canarias
T2024-03259,2024-01-15,C1178,Reloj inteligente,Vestible,193.2,1.0,20.0,0.0,Madrid
T2024-03137,2024-12-23,C0274,Camara web 1080p,Perifericos,74.62,5.0,0.0,0.0,Madrid
T2024-01333,2024-03-31,C0071,Barra de sonido,Audio,184.95,4.0,10.0,0.0,Galicia
T2024-02920,2024-07-07,C0019,Altavoz bluetooth,Audio,79.9,1.0,0.0,14.32,Canarias
T2024-04385,2024-06-17,C0039,Pulsera de actividad,Vestible,60.96,4.0,0.0,0.0,Madrid
T2024-02405,2024-12-18,C0635,Camara web 1080p,Perifericos,70.21,3.0,0.0,0.0,Galicia
T2024-00792,2024-12-02,C0206,Raton ergonomico,Perifericos,38.66,5.0,0.0,0.0,Andalucia
T2024-00032,2024-08-05,C0746,Altavoz bluetooth,Audio,87.02,2.0,10.0,0.0,Madrid
T2024-03082,2024-04-20,C1036,Pulsera de actividad,Vestible,57.19,4.0,15.0,0.0,Cataluna
T2024-01007,2024-02-21,C0001,Disco SSD 1 TB,Almacenamiento,92.74,2.0,5.0,0.0,Madrid
T2024-01226,2024-10-08,C0047,Raton ergonomico,Perifericos,47.82,1.0,0.0,6.38,Galicia
T2024-03983,2024-09-20,C0157,Reloj inteligente,Vestible,180.24,2.0,0.0,0.0,Andalucia
T2024-03502,2024-04-05,C0601,Tarjeta microSD 256 GB,Almacenamiento,35.25,1.0,0.0,5.88,Galicia
T2024-02058,2024-12-17,C0001,Disco SSD 1 TB,Almacenamiento,94.73,5.0,0.0,0.0,Galicia
T2024-00872,2024-06-13,C0151,Disco SSD 2 TB,Almacenamiento,188.45,1.0,,0.0,Cataluna
T2024-03134,2024-12-09,C0329,Pulsera de actividad,Vestible,61.67,2.0,0.0,0.0,Galicia
T2024-04185,2024-09-03,C0201,Teclado mecanico,Perifericos,93.07,2.0,10.0,0.0,
T2024-03840,2024-12-18,C0582,Raton ergonomico,Perifericos,44.89,1.0,0.0,3.87,Madrid
T2024-01105,2024-06-13,C0001,Tarjeta microSD 256 GB,Almacenamiento,35.62,5.0,0.0,0.0,Cataluna
T2024-04479,2024-07-08,C1056,Reloj inteligente,Vestible,188.55,4.0,10.0,0.0,Cataluna
T2024-04689,2024-12-14,C0355,Barra de sonido,Audio,211.26,2.0,0.0,0.0,Cataluna
T2024-00959,2024-12-20,C0243,Auriculares con cable,Perifericos,28.38,3.0,15.0,4.01,Cataluna
T2024-02549,2024-12-30,C0114,Auriculares inalambricos,Audio,124.94,1.0,30.0,0.0,Andalucia
T2024-00629,2024-01-25,C0116,Raton ergonomico,Perifericos,45.34,3.0,0.0,12.22,Canarias
T2024-01089,2024-04-30,C1129,Monitor 27 pulgadas,Informatica,262.73,2.0,0.0,0.0,Pais Vasco
T2024-04835,2024-03-05,C0038,Monitor 27 pulgadas,Informatica,263.79,2.0,25.0,0.0,Galicia
T2024-04065,2024-02-08,C0023,Pulsera de actividad,Vestible,62.66,1.0,0.0,3.47,Cataluna
T2024-02587,2024-12-20,C0547,Monitor 27 pulgadas,Informatica,243.32,1.0,0.0,8.32,Canarias
T2024-04726,2024-01-28,C0222,Barra de sonido,Audio,194.69,4.0,0.0,0.0,Madrid
T2024-03192,2024-02-16,C0092,Auriculares inalambricos,Audio,126.9,2.0,10.0,0.0,Cataluna
T2024-03582,2024-10-07,C0037,Disco SSD 2 TB,Almacenamiento,194.83,3.0,,0.0,Comunitat Valenciana
T2024-03704,2024-02-23,C0003,Raton ergonomico,Perifericos,44.48,2.0,20.0,6.71,Comunitat Valenciana
T2024-04533,2024-09-21,C0001,Altavoz bluetooth,Audio,83.24,1.0,0.0,3.0,Comunitat Valenciana
T2024-04124,2024-02-03,C0438,Reloj inteligente,Vestible,181.46,1.0,0.0,0.0,Galicia
T2024-00059,2024-05-16,C0074,Tarjeta microSD 256 GB,Almacenamiento,33.15,1.0,0.0,3.79,Cataluna
T2024-03924,2024-07-14,C0958,Auriculares con cable,Perifericos,30.32,2.0,0.0,5.81,Cataluna
T2024-01345,2024-03-17,C0359,Tablet 10 pulgadas,Telefonia,257.41,3.0,0.0,0.0,Pais Vasco
T2024-02690,2024-11-21,C0306,Barra de sonido,Audio,189.53,5.0,0.0,0.0,Madrid
T2024-04855,2024-05-11,C0002,Auriculares con cable,Perifericos,28.46,1.0,0.0,6.54,Comunitat Valenciana
T2024-04362,2024-04-29,C0015,Tarjeta microSD 256 GB,Almacenamiento,34.51,1.0,10.0,3.99,Pais Vasco
T2024-04348,2024-11-06,C0355,Camara web 1080p,Perifericos,64.68,1.0,0.0,5.74,Comunitat Valenciana
T2024-02297,2024-12-12,C0012,Auriculares con cable,Perifericos,29.31,2.0,0.0,3.17,Andalucia
T2024-03188,2024-12-21,C0621,Pulsera de actividad,Vestible,58.66,1.0,25.0,6.14,Galicia
T2024-00011,2024-11-18,C1064,Altavoz bluetooth, Audio ,79.86,1.0,30.0,6.1,Madrid
T2024-02253,2024-12-31,C1132,Portatil 14 pulgadas,Informatica,904.0,2.0,15.0,0.0,Andalucia
T2024-02862,2024-12-09,C0233,Auriculares inalambricos,Audio,132.29,4.0,30.0,0.0,Galicia
T2024-02572,2024-06-24,C0001,Portatil 16 pulgadas,Informatica,1432.21,1.0,25.0,0.0,Andalucia
T2024-02098,2024-03-22,C0001,Pulsera de actividad,Vestible,63.41,2.0,0.0,0.0,Madrid
T2024-04176,2024-05-24,C0466,Disco SSD 2 TB,Almacenamiento,165.11,1.0,10.0,0.0,Comunitat Valenciana
T2024-02440,2024-12-06,C0971,Raton ergonomico,Perifericos,44.43,1.0,0.0,5.21,Comunitat Valenciana
T2024-00391,2024-01-07,C0023,Pulsera de actividad,Vestible,55.6,1.0,25.0,4.92,Cataluna
T2024-01630,2024-12-04,C1015,Altavoz bluetooth,Audio,82.7,4.0,0.0,0.0,Galicia
T2024-00828,2024-10-16,C0004,Teclado mecanico,Perifericos,80.99,2.0,0.0,0.0,Madrid
T2024-04203,2024-03-27,C0993,Altavoz bluetooth,Audio,82.63,1.0,0.0,4.31,Comunitat Valenciana
T2024-04344,2024-03-04,C0007,Monitor 27 pulgadas,Informatica,233.88,2.0,0.0,0.0,Comunitat Valenciana
T2024-00305,2024-07-04,C0141,Auriculares con cable,Perifericos,31.41,4.0,0.0,0.0,Pais Vasco
T2024-00265,2024-01-14,C1011,Auriculares inalambricos,Audio,137.94,2.0,25.0,10.69,Canarias
T2024-01701,2024-06-28,C0014,Pulsera de actividad,Vestible,56.76,1.0,30.0,6.65,Andalucia
T2024-02868,2024-05-27,C0743,Disco SSD 2 TB,Almacenamiento,159.51,5.0,0.0,0.0,Andalucia
T2024-03236,2024-12-16,C0170,Camara web 1080p,Perifericos,73.29,1.0,0.0,5.68,Pais Vasco
T2024-00228,2024-11-26,C0004,Portatil 16 pulgadas,Informatica,1548.49,5.0,0.0,0.0,Galicia
T2024-03623,2024-08-05,C0021,Barra de sonido,Audio,195.54,1.0,0.0,0.0,Galicia
T2024-02810,2024-12-08,C0367,Auriculares con cable,Perifericos,28.51,1.0,20.0,4.64,Madrid
T2024-00066,2024-07-22,C0956,Altavoz bluetooth,Audio,78.58,3.0,10.0,0.0,Andalucia
T2024-01298,2024-06-01,C0011,Reloj inteligente,Vestible,176.84,5.0,0.0,0.0,Madrid
T2024-02353,2024-11-29,C1180,Reloj inteligente,Vestible,182.09,1.0,10.0,0.0,Madrid
T2024-02780,2024-03-11,C0189,Barra de sonido,Audio,188.63,2.0,0.0,0.0,Madrid
T2024-00576,2024-03-14,C0564,Pulsera de actividad,Vestible,64.19,1.0,30.0,5.04,Comunitat Valenciana
T2024-01961,2024-12-21,C0006,Auriculares con cable,Perifericos,27.93,1.0,,3.95,Comunitat Valenciana
T2024-02048,2024-11-06,C0178,Barra de sonido,Audio,188.72,1.0,40.0,0.0,Comunitat Valenciana
T2024-04217,2024-06-12,C0012,Tarjeta microSD 256 GB,Almacenamiento,33.7,2.0,0.0,3.46,Madrid
T2024-01596,2024-01-24,C0737,Reloj inteligente,Vestible,192.82,4.0,0.0,0.0,Comunitat Valenciana
T2024-00175,2024-01-29,C0003,Teclado mecanico,Perifericos,85.82,2.0,30.0,0.0,Galicia
T2024-03264,2024-06-12,C0062,Camara web 1080p,Perifericos,65.28,2.0,15.0,0.0,Comunitat Valenciana
T2024-00239,2024-04-20,C0477,Camara web 1080p,Perifericos,68.16,2.0,0.0,0.0,Comunitat Valenciana
T2024-03133,2024-01-21,C0385,Altavoz bluetooth,Audio,78.14,1.0,20.0,5.51,Cataluna
T2024-01142,2024-12-24,C0016,Altavoz bluetooth,Audio,82.82,4.0,10.0,0.0,Galicia
T2024-03992,2024-06-01,C0012,Camara web 1080p,Perifericos,61.74,3.0,10.0,13.85,Canarias
T2024-03235,2024-03-30,C0605,Camara web 1080p,Perifericos,67.87,1.0,10.0,4.86,Comunitat Valenciana
T2024-04425,2024-02-10,C0663,Tablet 10 pulgadas,Telefonia,265.84,4.0,0.0,13.9,Canarias
T2024-01297,2024-12-06,C0029,Pulsera de actividad,Vestible,59.18,1.0,0.0,6.27,Cataluna
T2024-02812,2024-07-29,C0417,Auriculares inalambricos,Audio,126.51,3.0,40.0,0.0,Madrid
T2024-03546,2024-12-30,C0127,Movil gama media,Telefonia,352.26,4.0,20.0,0.0,Cataluna
T2024-03686,2024-06-13,C0058,Tarjeta microSD 256 GB,Almacenamiento,34.29,2.0,0.0,5.46,Galicia
T2024-04270,2024-11-22,C1012,Teclado mecanico,Perifericos,99.41,3.0,0.0,0.0,Andalucia
T2024-02853,2024-11-16,C0142,Tarjeta microSD 256 GB,Almacenamiento,39.06,2.0,25.0,6.1,Cataluna
T2024-04195,2024-05-17,C0046,Pulsera de actividad,Vestible,65.62,5.0,0.0,0.0,Comunitat Valenciana
T2024-01747,2024-09-22,C0104,Movil gama media,Telefonia,376.53,4.0,15.0,0.0,Pais Vasco
T2024-03846,2024-12-15,C0186,Pulsera de actividad,Vestible,55.04,5.0,0.0,0.0,Comunitat Valenciana
T2024-02727,2024-01-30,C1085,Monitor 27 pulgadas,Informatica,263.31,3.0,0.0,0.0,Cataluna
T2024-00681,2024-01-08,C0167,Disco SSD 2 TB,Almacenamiento,172.65,2.0,0.0,0.0,Pais Vasco
T2024-03837,2024-09-02,C0005,Teclado mecanico,Perifericos,94.0,1.0,,5.95,Andalucia
T2024-03542,2024-11-16,C0031,Portatil 14 pulgadas,Informatica,881.32,1.0,0.0,0.0,Galicia
T2024-04637,2024-06-01,C0018,Camara web 1080p,Perifericos,68.2,4.0,0.0,0.0,Cataluna
T2024-02089,2024-06-20,C1001,Reloj inteligente,Vestible,211.43,3.0,0.0,0.0,Galicia
T2024-02035,2024-06-16,C0365,Raton ergonomico,Perifericos,42.53,1.0,0.0,13.96,Canarias
T2024-02282,2024-03-17,C0002,Auriculares con cable,Perifericos,28.8,2.0,30.0,5.84,Madrid
T2024-01259,2024-10-01,C0326,Barra de sonido,Audio,206.39,5.0,0.0,0.0,Madrid
T2024-04756,2024-09-07,C0010,Barra de sonido,Audio,200.1,2.0,10.0,0.0,Galicia
T2024-04410,2024-09-19,C0003,Pulsera de actividad,Vestible,57.45,1.0,0.0,5.83,Cataluna
T2024-02770,2024-11-30,C0053,Tablet 10 pulgadas,Telefonia,251.37,1.0,0.0,0.0,Comunitat Valenciana
T2024-03222,2024-12-23,C0677,Disco SSD 1 TB,Almacenamiento,110.95,3.0,0.0,0.0,Galicia
T2024-03951,2024-11-22,C0001,Tablet 10 pulgadas,Telefonia,240.27,1.0,0.0,0.0,Pais Vasco
T2024-04718,2024-09-26,C0517,Auriculares inalambricos,Audio,132.85,2.0,25.0,0.0,Pais Vasco
T2024-03197,2024-11-17,C0268,Pulsera de actividad,Vestible,55.74,2.0,0.0,0.0,Cataluna
T2024-01883,2024-03-16,C0003,Auriculares inalambricos,Audio,142.44,2.0,0.0,0.0,Cataluna
T2024-03350,2024-05-01,C0031,Barra de sonido,Audio,207.4,1.0,35.0,0.0,Pais Vasco
T2024-04417,2024-10-06,C0005,Tarjeta microSD 256 GB,Almacenamiento,31.14,2.0,0.0,4.86,Andalucia
T2024-03651,2024-10-03,C0009,Portatil 16 pulgadas,Informatica,1452.23,3.0,5.0,0.0,Madrid
T2024-03007,2024-01-09,C0052,Disco SSD 1 TB,Almacenamiento,100.63,1.0,0.0,0.0,Cataluna
T2024-01233,2024-07-23,C0216,Auriculares con cable,Perifericos,25.84,1.0,0.0,3.22,Andalucia
T2024-02622,2024-04-22,C0961,Teclado mecanico,Perifericos,86.99,3.0,,0.0,Comunitat Valenciana
T2024-04768,2024-10-29,C0270,Disco SSD 1 TB,Almacenamiento,95.48,1.0,0.0,4.21,Galicia
T2024-01571,2024-08-16,C0212,Tarjeta microSD 256 GB,Almacenamiento,31.73,5.0,,0.0,Pais Vasco
T2024-03565,2024-03-22,C0151,Tarjeta microSD 256 GB,Almacenamiento,31.51,1.0,20.0,5.11,Andalucia
T2024-03387,2024-12-21,C0591,Raton ergonomico,Perifericos,47.3,1.0,30.0,4.82,Cataluna
T2024-04011,2024-05-15,C0779,Disco SSD 2 TB,Almacenamiento,178.57,1.0,0.0,0.0,Madrid
T2024-02940,2024-04-10,C0092,Movil gama media,Telefonia,352.76,2.0,0.0,0.0,Comunitat Valenciana
T2024-01972,2024-08-25,C0194,Auriculares con cable,Perifericos,30.11,1.0,30.0,5.9,Comunitat Valenciana
T2024-01731,2024-11-11,C0750,Raton ergonomico,Perifericos,42.31,1.0,5.0,6.71,Galicia
T2024-04295,2024-08-18,C0174,Tablet 10 pulgadas,Telefonia,293.77,2.0,0.0,0.0,Madrid
T2024-03530,2024-02-21,C0050,Raton ergonomico,Perifericos,41.41,1.0,0.0,3.65,Andalucia
T2024-03093,2024-11-17,C0007,Auriculares inalambricos,Audio,130.28,5.0,0.0,0.0,Madrid
T2024-01589,2024-12-03,C0011,Reloj inteligente,Vestible,188.12,4.0,0.0,0.0,Cataluna
T2024-02732,2024-12-17,C0707,Auriculares inalambricos,Audio,135.73,4.0,20.0,0.0,Comunitat Valenciana
T2024-02807,2024-08-31,C0298,Auriculares inalambricos,Audio,128.39,1.0,30.0,0.0,Comunitat Valenciana
T2024-01440,2024-05-18,C0873,Reloj inteligente,Vestible,191.74,5.0,5.0,0.0,Galicia
T2024-02980,2024-11-01,C0151,Disco SSD 2 TB,Almacenamiento,166.63,1.0,0.0,0.0,Galicia
T2024-D0042,2024-11-03,C1117,Tablet 10 pulgadas,Telefonia,270.59,3.0,0.0,0.0,Madrid
T2024-00653,2024-07-06,C0124,Tarjeta microSD 256 GB,Almacenamiento,33.07,4.0,0.0,0.0,Comunitat Valenciana
T2024-02301,2024-05-28,C0012,Movil gama alta,Telefonia,1032.29,1.0,5.0,0.0,Cataluna
T2024-03909,2024-11-09,C0004,Tarjeta microSD 256 GB,Almacenamiento,34.37,2.0,0.0,4.09,Comunitat Valenciana
T2024-04064,2024-11-05,C0023,Altavoz bluetooth,Audio,80.4,3.0,0.0,0.0,Cataluna
T2024-00916,2024-06-10,C0092,Reloj inteligente,Vestible,198.1,1.0,0.0,14.59,Canarias
T2024-04467,2024-11-08,C0109,Disco SSD 2 TB,Almacenamiento,184.03,2.0,0.0,0.0,Comunitat Valenciana
T2024-01164,2024-06-30,C0445,Raton ergonomico,Perifericos,46.6,4.0,0.0,0.0,Pais Vasco
T2024-02002,2024-12-15,C0057,Teclado mecanico,Perifericos,83.82,1.0,0.0,8.07,Canarias
T2024-01730,2024-07-06,C0096,Barra de sonido,Audio,225.31,2.0,5.0,0.0,Comunitat Valenciana
T2024-01073,2024-12-09,C0017,Barra de sonido,Audio,177.3,4.0,15.0,0.0,Comunitat Valenciana
T2024-03529,2024-06-14,C0666,Raton ergonomico,Perifericos,44.93,5.0,0.0,9.11,Canarias
T2024-04024,2024-01-22,C0724,Teclado mecanico,Perifericos,83.99,2.0,0.0,0.0,Andalucia
T2024-03356,2024-12-03,C0049,Disco SSD 1 TB,Almacenamiento,106.59,3.0,0.0,0.0,Comunitat Valenciana
T2024-02079,2024-12-10,C0849,Altavoz bluetooth,Audio,73.83,4.0,0.0,0.0,Galicia
T2024-01054,2024-11-01,C0020,Camara web 1080p,Perifericos,68.68,2.0,0.0,11.97,Canarias
T2024-03417,2024-07-23,C0847,Auriculares con cable,Perifericos,31.2,5.0,15.0,0.0,Comunitat Valenciana
T2024-03908,2024-12-30,C0046,Teclado mecanico,Perifericos,90.92,5.0,20.0,0.0,Madrid
T2024-02413,2024-12-16,C0633,Auriculares inalambricos,Audio,122.83,3.0,20.0,0.0,Cataluna
T2024-03850,2024-04-06,C0500,Tarjeta microSD 256 GB,Almacenamiento,37.76,4.0,5.0,0.0,Comunitat Valenciana
T2024-03761,2024-04-13,C0190,Auriculares con cable,Perifericos,27.88,2.0,25.0,8.45,Canarias
T2024-02902,2024-09-16,C0207,Raton ergonomico,Perifericos,45.8,4.0,5.0,0.0,Comunitat Valenciana
T2024-00632,2024-11-26,C0001,Disco SSD 1 TB,Almacenamiento,111.75,1.0,0.0,0.0,Cataluna
T2024-04948,2024-11-26,C0005,Pulsera de actividad,Vestible,59.74,1.0,25.0,6.84,Comunitat Valenciana
T2024-01049,2024-02-11,C0174,Auriculares con cable,Perifericos,29.07,4.0,0.0,0.0,Galicia
T2024-02138,2024-11-02,C0007,Teclado mecanico,Perifericos,89.14,5.0,0.0,0.0,Galicia
T2024-04919,2024-12-12,C0139,Monitor 27 pulgadas,Informatica,245.61,4.0,20.0,0.0,Comunitat Valenciana
T2024-01394,2024-10-04,C0898,Altavoz bluetooth,Audio,85.36,2.0,0.0,0.0,Galicia
T2024-00524,2024-02-10,C0050,Disco SSD 2 TB,Almacenamiento,170.26,2.0,20.0,0.0,Galicia
T2024-00646,2024-12-30,C0026,Auriculares con cable,Perifericos,27.93,2.0,0.0,6.52,Comunitat Valenciana
T2024-04214,2024-06-27,C0017,Raton ergonomico,Perifericos,45.85,1.0,20.0,4.58,Madrid
T2024-03742,2024-04-13,C0001,Tarjeta microSD 256 GB,Almacenamiento,36.71,1.0,10.0,6.11,Madrid
T2024-02071,2024-07-29,C0005,Auriculares con cable,Perifericos,27.46,2.0,0.0,5.33,Madrid
T2024-00650,2024-11-30,C0682,Auriculares con cable,Perifericos,27.36,3.0,20.0,5.22,Comunitat Valenciana
T2024-00811,2024-09-14,C0949,Teclado mecanico,Perifericos,85.71,1.0,0.0,3.53,Comunitat Valenciana
T2024-00354,2024-05-25,C0068,Movil gama media,Telefonia,321.2,3.0,20.0,0.0,Galicia
T2024-03788,2024-05-02,C0576,Monitor 27 pulgadas,Informatica,248.28,2.0,25.0,0.0,Galicia
T2024-04478,2024-05-18,C0536,Raton ergonomico,Perifericos,45.12,2.0,0.0,5.03,Andalucia
T2024-01056,2024-04-17,C0219,Monitor 27 pulgadas,Informatica,250.12,1.0,10.0,0.0,Cataluna
T2024-00342,2024-12-14,C0114,Monitor 27 pulgadas,Informatica,226.71,2.0,0.0,0.0,Andalucia
T2024-04449,2024-03-15,C0105,Movil gama alta,Telefonia,930.2,5.0,,0.0,Comunitat Valenciana
T2024-04612,2024-11-05,C0795,Altavoz bluetooth,Audio,84.9,1.0,0.0,5.27,Madrid
T2024-00689,2024-12-26,C0005,Altavoz bluetooth,Audio,79.94,3.0,30.0,0.0,Madrid
T2024-03720,2024-01-01,C0026,Pulsera de actividad,Vestible,56.38,5.0,0.0,0.0,Galicia
T2024-03159,2024-02-08,C0895,Monitor 27 pulgadas,Informatica,251.74,1.0,0.0,0.0,Galicia
T2024-03482,2024-10-02,C0257,Altavoz bluetooth,Audio,86.94,2.0,0.0,0.0,Galicia
T2024-00246,2024-12-05,C0042,Teclado mecanico,Perifericos,91.63,3.0,0.0,0.0,Galicia
T2024-03793,2024-11-13,C0652,Teclado mecanico,Perifericos,78.87,2.0,0.0,0.0,Madrid
T2024-01528,2024-07-28,C0021,Auriculares inalambricos,Audio,117.31,3.0,10.0,0.0,Andalucia
T2024-03061,2024-10-16,C0806,Barra de sonido,Audio,214.85,4.0,10.0,0.0,Andalucia
T2024-00692,2024-10-22,C1035,Teclado mecanico,Perifericos,98.31,4.0,15.0,0.0,Madrid
T2024-03705,2024-12-19,C0048,Tarjeta microSD 256 GB,Almacenamiento,33.5,3.0,15.0,0.0,Comunitat Valenciana
T2024-00559,2024-03-13,C0006,Auriculares inalambricos,Audio,123.18,2.0,15.0,0.0,Comunitat Valenciana
T2024-02199,2024-08-12,C0039,Barra de sonido,Audio,197.23,1.0,15.0,0.0,Comunitat Valenciana
T2024-04481,2024-01-05,C0234,Altavoz bluetooth,Audio,77.43,3.0,10.0,0.0,Madrid
T2024-02763,2024-07-19,C0016,Raton ergonomico,Perifericos,45.39,4.0,0.0,0.0,Andalucia
T2024-00931,2024-11-06,C0762,Altavoz bluetooth,Audio,78.43,5.0,0.0,0.0,Andalucia
T2024-02470,2024-07-25,C0008,Pulsera de actividad,Vestible,64.28,2.0,0.0,11.34,Canarias
T2024-01981,2024-03-17,C0004,Camara web 1080p,Perifericos,68.42,3.0,20.0,0.0,Madrid
T2024-04993,2024-03-29,C0292,Auriculares con cable,Perifericos,30.6,3.0,0.0,3.89,Madrid
T2024-04719,2024-01-18,C0892,Raton ergonomico,Perifericos,40.44,5.0,0.0,0.0,Andalucia
T2024-01160,2024-03-22,C0040,Teclado mecanico,Perifericos,91.79,2.0,0.0,0.0,Madrid
T2024-00850,2024-12-22,C0686,Camara web 1080p,Perifericos,68.38,1.0,0.0,13.17,Canarias
T2024-03077,2024-12-24,C0241,Raton ergonomico,Perifericos,49.73,1.0,0.0,3.67,Comunitat Valenciana
T2024-03218,2024-12-29,C0035,Tablet 10 pulgadas,Telefonía,274.79,5.0,0.0,0.0,Comunitat Valenciana
T2024-02574,2024-12-07,C0001,Reloj inteligente,Vestible,192.69,1.0,0.0,0.0,Comunitat Valenciana
T2024-02275,2024-12-09,C0535,Tarjeta microSD 256 GB,Almacenamiento,35.33,4.0,25.0,0.0,Madrid
T2024-03805,2024-10-14,C0086,Pulsera de actividad,Vestible,56.66,1.0,0.0,6.48,Pais Vasco
T2024-00631,2024-07-11,C0352,Tablet 10 pulgadas,Telefonia,288.14,1.0,,0.0,Andalucia
T2024-03413,2024-04-09,C0226,Monitor 27 pulgadas,Informatica,256.12,3.0,0.0,0.0,Comunitat Valenciana
T2024-02907,2024-01-16,C0541,Auriculares con cable,Perifericos,28.57,3.0,10.0,4.52,Andalucia
T2024-02190,2024-12-01,C0949,Raton ergonomico,Perifericos,40.49,4.0,30.0,13.21,Canarias
T2024-00459,2024-12-20,C0183,Reloj inteligente,Vestible,185.61,4.0,0.0,0.0,Comunitat Valenciana
T2024-04750,2024-12-14,C0048,Disco SSD 2 TB,Almacenamiento,165.34,1.0,0.0,0.0,Pais Vasco
T2024-02562,2024-04-09,C0247,Pulsera de actividad,Vestible,63.05,1.0,10.0,3.67,Madrid
T2024-00687,2024-12-25,C0530,Camara web 1080p,Perifericos,70.26,2.0,0.0,0.0,Cataluna
T2024-01008,2024-09-04,C0956,Camara web 1080p,Perifericos,71.73,2.0,0.0,0.0,Cataluna
T2024-00657,2024-05-17,C0850,Portatil 16 pulgadas,Informatica,1493.76,1.0,30.0,0.0,Cataluna
T2024-03194,2024-01-07,C0002,Tarjeta microSD 256 GB,Almacenamiento,31.39,2.0,0.0,4.42,Comunitat Valenciana
T2024-03497,2024-06-09,C0049,Monitor 27 pulgadas,Informatica,243.22,1.0,10.0,0.0,Andalucia
T2024-04459,2024-12-16,C0169,Monitor 27 pulgadas,Informatica,246.35,4.0,0.0,0.0,Andalucia
T2024-04791,2024-11-23,C0024,Raton ergonomico,Perifericos,39.26,5.0,0.0,0.0,Galicia
T2024-02355,2024-10-22,C0011,Camara web 1080p,Perifericos,67.3,2.0,0.0,0.0,Cataluna
T2024-04884,2024-02-20,C0002,Auriculares con cable,Perifericos,28.26,1.0,0.0,4.51,Galicia
T2024-03132,2024-11-19,C0444,Camara web 1080p,Perifericos,68.31,4.0,10.0,0.0,Cataluna
T2024-03547,2024-11-05,C1066,Auriculares con cable,Perifericos,30.44,1.0,0.0,3.73,Comunitat Valenciana
T2024-03789,2024-11-06,C0515,Altavoz bluetooth,Audio,80.13,2.0,0.0,0.0,Pais Vasco
T2024-03828,2024-01-28,C0062,Tarjeta microSD 256 GB,Almacenamiento,35.06,1.0,15.0,5.34,Comunitat Valenciana
T2024-01733,2024-09-23,C0520,Auriculares inalambricos,Audio,127.84,2.0,10.0,0.0,Andalucia
T2024-02333,2024-11-26,C0069,Altavoz bluetooth,Audio,85.88,2.0,0.0,0.0,Andalucia
T2024-04799,2024-04-19,C0771,Teclado mecanico,Perifericos,104.7,4.0,0.0,0.0,Madrid
T2024-04466,2024-11-09,C0344,Portatil 14 pulgadas,Informatica,893.56,4.0,0.0,13.09,Canarias
T2024-04249,2024-09-28,C0893,Altavoz bluetooth,Audio,86.8,2.0,0.0,0.0,Madrid
T2024-00308,2024-11-15,C0239,Raton ergonomico,Perifericos,42.26,1.0,0.0,4.16,Comunitat Valenciana
T2024-00258,2024-12-18,C0595,Auriculares con cable,Perifericos,30.35,2.0,0.0,4.67,Galicia
T2024-00873,2024-03-31,C0112,Tarjeta microSD 256 GB,Almacenamiento,31.95,5.0,0.0,0.0,Galicia
T2024-00920,2024-12-16,C0046,Teclado mecanico,Perifericos,83.14,1.0,0.0,3.43,Madrid
T2024-00770,2024-05-21,C0003,Teclado mecanico,Perifericos,87.65,3.0,0.0,0.0,Galicia
T2024-03693,2024-09-16,C0252,Altavoz bluetooth, Audio ,78.19,3.0,30.0,0.0,Cataluna
T2024-02480,2024-10-06,C1047,Pulsera de actividad,Vestible,61.42,4.0,10.0,0.0,Pais Vasco
T2024-02237,2024-09-01,C0002,Tarjeta microSD 256 GB,Almacenamiento,38.99,5.0,,0.0,Madrid
T2024-00700,2024-09-24,C0027,Reloj inteligente,Vestible,186.09,1.0,10.0,0.0,Cataluna
T2024-04928,2024-09-20,C0173,Tarjeta microSD 256 GB,Almacenamiento,37.22,4.0,0.0,0.0,Madrid
T2024-04591,2024-01-17,C0209,Altavoz bluetooth,Audio,79.39,999.0,10.0,0.0,Andalucia
T2024-04026,2024-07-26,C0009,Tablet 10 pulgadas,Telefonia,247.77,1.0,10.0,0.0,Comunitat Valenciana
T2024-02649,2024-11-29,C0226,Barra de sonido,Audio,186.12,4.0,,0.0,Comunitat Valenciana
T2024-02519,2024-12-04,C0726,Disco SSD 1 TB,Almacenamiento,95.12,1.0,0.0,3.31,Andalucia
T2024-04510,2024-10-04,C0036,Auriculares inalambricos,Audio,115.87,2.0,10.0,0.0,Galicia
T2024-02053,2024-12-06,C0613,Camara web 1080p,Perifericos,67.74,1.0,0.0,5.93,Madrid
T2024-01889,2024-06-22,C0286,Tarjeta microSD 256 GB,Almacenamiento,34.78,2.0,30.0,5.93,Madrid
T2024-01793,2024-07-06,C0009,Pulsera de actividad,Vestible,58.0,2.0,0.0,0.0,Cataluna
T2024-00168,2024-01-05,C0002,Disco SSD 1 TB,Almacenamiento,105.12,1.0,10.0,0.0,Comunitat Valenciana
T2024-01755,2024-04-11,C0740,Raton ergonomico,Perifericos,43.66,2.0,30.0,4.33,Galicia
T2024-02663,2024-09-15,C0107,Disco SSD 2 TB,Almacenamiento,150.18,2.0,0.0,13.45,Canarias
T2024-01166,2024-11-05,C0005,Auriculares con cable,Perifericos,31.05,1.0,20.0,4.96,Cataluna
T2024-03053,2024-02-15,C0003,Raton ergonomico,Perifericos,47.15,1.0,0.0,4.23,Pais Vasco
T2024-02658,2024-11-08,C0013,Tablet 10 pulgadas,Telefonia,273.64,1.0,0.0,0.0,Cataluna
T2024-02044,2024-08-10,C0887,Barra de sonido,Audio,210.3,4.0,25.0,0.0,Pais Vasco
T2024-01687,2024-11-10,C0005,Auriculares con cable,Perifericos,29.26,5.0,0.0,0.0,Comunitat Valenciana
T2024-01340,2024-11-17,C0293,Reloj inteligente,Vestible,190.71,1.0,,0.0,Comunitat Valenciana
T2024-01292,2024-12-31,C0396,Teclado mecanico,Perifericos,88.6,5.0,0.0,0.0,Andalucia
T2024-00348,2024-02-11,C0097,Altavoz bluetooth,Audio,76.58,1.0,25.0,4.81,Madrid
T2024-00341,2024-11-29,C0889,Auriculares inalambricos,Audio,128.12,2.0,10.0,11.82,Canarias
T2024-00938,2024-11-03,C0021,Movil gama alta,Telefonía,919.93,1.0,0.0,0.0,Andalucia
T2024-00193,2024-11-19,C0837,Tarjeta microSD 256 GB,Almacenamiento,37.35,1.0,30.0,5.97,Comunitat Valenciana
T2024-03936,2024-07-11,C0001,Auriculares con cable,Perifericos,30.02,2.0,0.0,3.6,Madrid
T2024-02336,2024-07-14,C0001,Auriculares con cable,Perifericos,27.4,2.0,5.0,5.82,Cataluna
T2024-00547,2024-09-24,C0017,Movil gama alta,Telefonia,956.93,1.0,5.0,0.0,Cataluna
T2024-02043,2024-11-09,C0178,Raton ergonomico,Perifericos,45.59,5.0,0.0,0.0,Pais Vasco
T2024-03160,2024-11-21,C0016,Teclado mecanico,Perifericos,89.04,5.0,,0.0,Andalucia
T2024-02799,2024-11-17,C0001,Disco SSD 2 TB,Almacenamiento,173.89,1.0,0.0,14.4,
T2024-02728,2024-08-27,C0193,Raton ergonomico,Perifericos,46.76,4.0,5.0,0.0,Comunitat Valenciana
T2024-03284,2024-09-26,C0533,Raton ergonomico,Perifericos,42.81,1.0,0.0,6.85,Andalucia
T2024-03518,2024-10-21,C0196,Auriculares con cable,Perifericos,27.08,1.0,0.0,5.98,Cataluna
T2024-00111,2024-08-08,C0844,Monitor 27 pulgadas,Informatica,232.25,4.0,5.0,0.0,Madrid
T2024-00678,2024-12-19,C0030,Barra de sonido,Audio,205.01,2.0,40.0,0.0,Andalucia
T2024-02150,2024-02-17,C0012,Tarjeta microSD 256 GB,Almacenamiento,31.51,4.0,0.0,0.0,Andalucia
T2024-04820,2024-05-20,C0293,Tarjeta microSD 256 GB,Almacenamiento,36.97,5.0,,0.0,Cataluna
T2024-00824,2024-11-04,C0006,Pulsera de actividad,Vestible,62.08,2.0,0.0,0.0,Galicia
T2024-04622,2024-06-17,C0214,Auriculares con cable,Perifericos,29.29,2.0,0.0,4.13,Cataluna
T2024-00319,2024-12-24,C0579,Reloj inteligente,Vestible,180.64,1.0,0.0,0.0,Comunitat Valenciana
T2024-01628,2024-02-14,C0034,Altavoz bluetooth,Audio,78.03,1.0,0.0,3.07,Cataluna
T2024-03781,2024-05-19,C0414,Movil gama alta,Telefonia,872.33,2.0,15.0,0.0,Andalucia
T2024-03383,2024-04-18,C0280,Altavoz bluetooth,Audio,83.43,1.0,,6.49,Madrid
T2024-00170,2024-06-05,C0116,Camara web 1080p,Perifericos,71.29,2.0,0.0,0.0,Comunitat Valenciana
T2024-04688,2024-03-03,C0002,Teclado mecanico,Perifericos,91.77,1.0,20.0,5.29,Comunitat Valenciana
T2024-00575,2024-11-19,C0990,Movil gama alta,Telefonia,996.77,1.0,10.0,0.0,Comunitat Valenciana
T2024-00283,2024-08-25,C0017,Disco SSD 2 TB,Almacenamiento,180.44,2.0,0.0,0.0,Madrid
T2024-04031,2024-04-22,C0023,Camara web 1080p,Perifericos,68.95,2.0,0.0,0.0,Pais Vasco
T2024-03535,2024-02-22,C0017,Camara web 1080p,Perifericos,64.75,1.0,0.0,4.52,Comunitat Valenciana
T2024-02045,2024-12-08,C0002,Tarjeta microSD 256 GB,Almacenamiento,29.51,1.0,0.0,6.8,Comunitat Valenciana
T2024-02830,2024-01-05,C0001,Altavoz bluetooth,Audio,80.84,1.0,25.0,5.49,Cataluna
T2024-02087,2024-01-01,C0175,Auriculares con cable,Perifericos,28.02,5.0,10.0,0.0,Andalucia
T2024-03135,2024-02-08,C0308,Disco SSD 2 TB,Almacenamiento,174.33,1.0,10.0,0.0,Comunitat Valenciana
T2024-04574,2024-12-20,C0060,Tablet 10 pulgadas,Telefonia,292.23,1.0,0.0,0.0,Pais Vasco
T2024-01910,2024-02-07,C0781,Disco SSD 1 TB,Almacenamiento,94.49,2.0,0.0,0.0,Andalucia
T2024-03523,2024-02-01,C0463,Raton ergonomico,Perifericos,46.58,4.0,25.0,0.0,Comunitat Valenciana
T2024-01264,2024-11-19,C0552,Disco SSD 2 TB,Almacenamiento,158.73,1.0,25.0,14.59,Canarias
T2024-02707,2024-11-21,C0338,Disco SSD 1 TB,Almacenamiento,94.59,1.0,30.0,4.39,Andalucia
T2024-04701,2024-11-09,C0070,Auriculares con cable,Perifericos,29.81,1.0,15.0,4.78,Madrid
T2024-00282,2024-02-24,C0190,Tarjeta microSD 256 GB,Almacenamiento,36.58,2.0,0.0,5.62,Comunitat Valenciana
T2024-00714,2024-10-03,C0002,Barra de sonido,Audio,179.27,2.0,0.0,0.0,Comunitat Valenciana
T2024-00355,2024-12-17,C0064,Camara web 1080p,Perifericos,66.54,1.0,,5.01,Comunitat Valenciana
T2024-03469,2024-10-16,C0152,Teclado mecanico,Perifericos,86.65,4.0,0.0,0.0,Cataluna
T2024-03489,2024-02-06,C0853,Disco SSD 1 TB,Almacenamiento,96.56,1.0,,3.48,Cataluna
T2024-01984,2024-10-09,C0019,Tarjeta microSD 256 GB,Almacenamiento,33.75,2.0,0.0,5.15,
T2024-04852,2024-05-24,C0016,Raton ergonomico,Perifericos,42.69,1.0,30.0,3.93,Cataluna
T2024-04903,2024-03-30,C0062,Raton ergonomico,Perifericos,41.28,1.0,10.0,5.83,Comunitat Valenciana
T2024-00643,2024-02-28,C0006,Barra de sonido,Audio,205.45,1.0,25.0,0.0,Galicia
T2024-02539,2024-07-12,C0010,Altavoz bluetooth,Audio,81.2,1.0,0.0,4.38,Madrid
T2024-D0009,2024-03-03,C0060,Monitor 27 pulgadas,Informatica,275.2,3.0,,0.0,Galicia
T2024-02685,2024-10-27,C0239,Reloj inteligente,Vestible,203.15,5.0,0.0,0.0,Galicia
T2024-03607,2024-01-06,C0031,Tarjeta microSD 256 GB,Almacenamiento,31.18,5.0,15.0,0.0,Comunitat Valenciana
T2024-02311,2024-11-03,C0067,Teclado mecanico,Perifericos,86.65,3.0,5.0,0.0,Pais Vasco
T2024-00146,2024-11-16,C0001,Teclado mecanico,Perifericos,95.14,5.0,20.0,0.0,Cataluna
T2024-00803,2024-08-02,C0226,Altavoz bluetooth,Audio,72.47,2.0,0.0,0.0,Andalucia
T2024-03658,2024-05-01,C0695,Altavoz bluetooth,Audio,86.04,2.0,10.0,0.0,Pais Vasco
T2024-00989,2024-11-07,C0024,Teclado mecanico,Perifericos,95.62,1.0,20.0,11.21,Canarias
T2024-01046,2024-11-05,C0141,Pulsera de actividad,Vestible,57.26,4.0,0.0,0.0,Pais Vasco
T2024-00122,2024-12-19,C0071,Auriculares inalambricos,Audio,134.72,1.0,25.0,0.0,Andalucia
T2024-02445,2024-06-30,C1051,Altavoz bluetooth,Audio,73.42,1.0,0.0,3.79,Cataluna
T2024-02046,2024-11-29,C0698,Raton ergonomico,Perifericos,45.01,5.0,0.0,0.0,Galicia
T2024-04358,2024-03-27,C0047,Pulsera de actividad,Vestible,51.83,3.0,0.0,0.0,Cataluna
T2024-00303,2024-07-24,C0412,Tarjeta microSD 256 GB,Almacenamiento,35.08,5.0,0.0,0.0,Cataluna
T2024-04097,2024-12-24,C0004,Reloj inteligente,Vestible,171.77,2.0,0.0,0.0,Cataluna
T2024-03731,2024-10-13,C0596,Disco SSD 2 TB,Almacenamiento,151.14,2.0,0.0,0.0,Comunitat Valenciana
T2024-02498,2024-12-24,C0894,Auriculares inalambricos,Audio,119.04,2.0,15.0,0.0,Comunitat Valenciana
T2024-02733,2024-06-01,C0013,Teclado mecanico,Perifericos,91.89,1.0,0.0,6.79,Cataluna
T2024-00968,2024-11-25,C0670,Altavoz bluetooth, Audio ,87.29,2.0,40.0,0.0,Cataluna
T2024-02209,2024-07-01,C0492,Movil gama media,Telefonia,303.75,1.0,0.0,0.0,Galicia
T2024-02057,2024-09-27,C0278,Reloj inteligente,Vestible,185.74,1.0,0.0,0.0,Cataluna
T2024-01644,2024-11-03,C0656,Auriculares con cable,Perifericos,29.77,1.0,15.0,5.49,Madrid
T2024-03690,2024-01-10,C0054,Tarjeta microSD 256 GB,Almacenamiento,36.44,1.0,0.0,4.33,Comunitat Valenciana
T2024-04251,2024-10-16,C0003,Tarjeta microSD 256 GB,Almacenamiento,38.63,1.0,0.0,9.33,Canarias
T2024-00791,2024-11-16,C0478,Auriculares con cable,Perifericos,30.39,3.0,0.0,4.21,Andalucia
T2024-02664,2024-03-12,C0079,Raton ergonomico,Perifericos,43.64,2.0,0.0,3.53,Andalucia
T2024-01605,2024-10-09,C0036,Portatil 16 pulgadas,Informatica,1558.92,2.0,0.0,0.0,Comunitat Valenciana
T2024-00719,2024-10-27,C0052,Auriculares con cable,Perifericos,30.7,1.0,20.0,3.91,Pais Vasco
T2024-02754,2024-11-14,C0720,Disco SSD 1 TB,Almacenamiento,97.95,1.0,25.0,4.95,Andalucia
T2024-03099,2024-10-04,C0005,Barra de sonido,Audio,192.01,4.0,0.0,0.0,Madrid
T2024-02878,2024-07-16,C0081,Monitor 27 pulgadas,Informatica,241.54,2.0,0.0,10.71,Canarias
T2024-03376,2024-11-13,C0023,Auriculares inalambricos,Audio,130.47,1.0,15.0,0.0,Cataluna
T2024-03648,2024-11-06,C0277,Auriculares con cable,Perifericos,29.3,3.0,0.0,6.19,Madrid
T2024-02013,2024-12-07,C0348,Disco SSD 1 TB,Almacenamiento,105.3,1.0,20.0,0.0,Madrid
T2024-02233,2024-01-07,C0019,Camara web 1080p,Perifericos,69.88,3.0,5.0,0.0,Cataluna
T2024-01245,2024-12-27,C0271,Pulsera de actividad,Vestible,51.42,4.0,0.0,0.0,Andalucia
T2024-02974,2024-06-14,C0984,Raton ergonomico,Perifericos,41.09,1.0,5.0,10.27,Canarias
T2024-01933,2024-11-26,C0002,Auriculares inalambricos,Audio,125.5,2.0,30.0,0.0,Cataluna
T2024-04736,2024-11-20,C0823,Auriculares con cable,Perifericos,30.65,1.0,0.0,4.46,Cataluna
T2024-01522,2024-08-15,C0083,Camara web 1080p,Perifericos,58.71,5.0,0.0,0.0,Comunitat Valenciana
T2024-00627,2024-12-28,C0099,Tarjeta microSD 256 GB,Almacenamiento,33.0,4.0,0.0,0.0,Madrid
T2024-04847,2024-06-30,C0279,Teclado mecanico,Perifericos,94.03,2.0,0.0,0.0,Pais Vasco
T2024-04434,2024-11-04,C0005,Movil gama media,Telefonia,354.91,2.0,30.0,0.0,Madrid
T2024-00758,2024-12-22,C0878,Portatil 14 pulgadas,Informatica,959.92,3.0,30.0,0.0,Galicia
T2024-02453,2024-11-16,C0695,Pulsera de actividad,Vestible,61.5,5.0,0.0,0.0,Madrid
T2024-04999,2024-12-26,C0005,Auriculares con cable,Perifericos,33.16,1.0,0.0,5.63,Pais Vasco
T2024-01929,2024-05-06,C0223,Auriculares con cable,Perifericos,26.73,1.0,0.0,5.77,Madrid
T2024-03706,2024-12-04,C0116,Monitor 27 pulgadas,INFORMATICA,280.86,2.0,0.0,0.0,Galicia
T2024-03138,2024-01-29,C0014,Disco SSD 2 TB,Almacenamiento,180.76,1.0,0.0,0.0,Comunitat Valenciana
T2024-03228,2024-11-08,C0021,Tablet 10 pulgadas,Telefonía,278.57,,0.0,0.0,Madrid
T2024-02103,2024-12-14,C0005,Tarjeta microSD 256 GB,Almacenamiento,32.0,2.0,0.0,6.07,Comunitat Valenciana
T2024-04156,2024-11-28,C0021,Barra de sonido,Audio,209.99,1.0,25.0,0.0,Comunitat Valenciana
T2024-03345,2024-12-28,C0174,Altavoz bluetooth,Audio,75.89,4.0,0.0,0.0,Madrid
T2024-04311,2024-12-11,C0314,Camara web 1080p,Perifericos,65.32,1.0,0.0,6.53,Cataluna
T2024-01471,2024-02-15,C0002,Reloj inteligente,Vestible,181.33,3.0,0.0,0.0,Madrid
T2024-02097,2024-03-11,C0193,Auriculares con cable,Perifericos,28.01,1.0,0.0,4.43,Andalucia
T2024-01785,2024-01-03,C0338,Altavoz bluetooth,Audio,80.82,1.0,0.0,3.22,Cataluna
T2024-03460,2024-02-06,C0768,Auriculares con cable,Perifericos,27.95,1.0,15.0,3.09,Madrid
T2024-04363,2024-11-09,C0996,Tablet 10 pulgadas,Telefonia,297.48,3.0,30.0,0.0,Madrid
T2024-02407,2024-03-19,C0653,Tarjeta microSD 256 GB,Almacenamiento,33.51,2.0,0.0,3.87,Andalucia
T2024-04052,2024-06-05,C0004,Pulsera de actividad,Vestible,55.65,2.0,0.0,0.0,Cataluna
T2024-01985,2024-04-20,C0001,Disco SSD 1 TB,Almacenamiento,110.68,1.0,0.0,0.0,Cataluna
T2024-04648,2024-12-23,C0122,Auriculares con cable,Perifericos,27.0,1.0,0.0,4.7,Pais Vasco
T2024-01158,2024-10-29,C0247,Auriculares con cable,Perifericos,29.28,1.0,5.0,6.0,Comunitat Valenciana
T2024-01737,2024-12-22,C0101,Auriculares inalambricos,Audio,123.88,5.0,0.0,0.0,Galicia
T2024-03289,2024-11-25,C0007,Pulsera de actividad,Vestible,58.62,3.0,0.0,0.0,Comunitat Valenciana
T2024-04352,2024-02-10,C0057,Portatil 14 pulgadas,Informatica,971.78,2.0,,0.0,Madrid
T2024-03611,2024-10-06,C0499,Movil gama media,Telefonia,352.18,2.0,0.0,0.0,Cataluna
T2024-00380,2024-09-30,C0447,Tarjeta microSD 256 GB,Almacenamiento,37.09,1.0,0.0,5.6,Cataluna
T2024-04649,2024-06-09,C0431,Reloj inteligente,Vestible,165.8,4.0,15.0,0.0,Andalucia
T2024-00837,2024-10-14,C0007,Raton ergonomico,Perifericos,45.33,2.0,0.0,13.85,Canarias
T2024-04517,2024-02-18,C0002,Tarjeta microSD 256 GB,Almacenamiento,35.25,4.0,0.0,0.0,Cataluna
T2024-01379,2024-02-07,C0171,Disco SSD 2 TB,Almacenamiento,173.22,2.0,0.0,0.0,Galicia
T2024-04364,2024-10-16,C0534,Movil gama alta,Telefonia,987.12,3.0,0.0,0.0,Andalucia
T2024-01115,2024-10-13,C0089,Tablet 10 pulgadas,Telefonia,267.16,3.0,20.0,0.0,Cataluna
T2024-04679,2024-11-18,C0458,Auriculares con cable,Perifericos,28.95,2.0,150.0,4.43,Pais Vasco
T2024-03026,2024-07-27,C0384,Teclado mecanico,Perifericos,87.87,1.0,0.0,4.1,Andalucia
T2024-03446,2024-07-17,C0014,Tarjeta microSD 256 GB,Almacenamiento,33.76,4.0,25.0,0.0,Comunitat Valenciana
T2024-00112,2024-10-01,C0030,Barra de sonido,Audio,191.67,1.0,20.0,0.0,Comunitat Valenciana
T2024-04969,2024-05-12,C0005,Pulsera de actividad,Vestible,65.79,1.0,30.0,5.31,Andalucia
T2024-01584,2024-01-08,C0042,Tablet 10 pulgadas,Telefonía,277.75,4.0,,0.0,Galicia
T2024-01818,2024-12-08,C0452,Reloj inteligente,Vestible,205.14,3.0,20.0,0.0,Madrid
T2024-00116,2024-12-30,C0910,Raton ergonomico,Perifericos,43.89,2.0,0.0,5.89,
T2024-02200,2024-07-10,C0044,Tarjeta microSD 256 GB,Almacenamiento,35.74,3.0,15.0,0.0,Cataluna
T2024-02477,2024-07-28,C0021,Portatil 14 pulgadas,INFORMATICA,1003.75,5.0,5.0,0.0,Galicia
T2024-03441,2024-07-13,C0844,Camara web 1080p,Perifericos,64.55,2.0,0.0,0.0,Madrid
T2024-01018,2024-12-13,C0286,Reloj inteligente,Vestible,196.44,4.0,0.0,0.0,Andalucia
T2024-02246,2024-06-29,C0699,Camara web 1080p,Perifericos,74.83,1.0,0.0,6.76,Cataluna
T2024-01419,2024-02-04,C0879,Auriculares inalambricos,Audio,121.56,2.0,0.0,0.0,Comunitat Valenciana
T2024-02091,2024-12-03,C0076,Tablet 10 pulgadas,Telefonia,266.92,1.0,0.0,0.0,Comunitat Valenciana
T2024-02390,2024-05-27,C0044,Tablet 10 pulgadas,Telefonia,271.72,4.0,20.0,0.0,Comunitat Valenciana
T2024-01076,2024-06-12,C0009,Altavoz bluetooth,Audio,81.67,1.0,0.0,3.03,Madrid
T2024-03811,2024-03-29,C0050,Auriculares con cable,Perifericos,28.14,1.0,20.0,6.55,Andalucia
T2024-00398,2024-09-16,C0174,Teclado mecanico,Perifericos,93.49,1.0,0.0,6.56,Andalucia
T2024-03787,2024-01-01,C0071,Raton ergonomico,Perifericos,45.03,1.0,0.0,3.98,Cataluna
T2024-03821,2024-11-25,C0118,Auriculares con cable,Perifericos,28.27,1.0,5.0,6.16,Comunitat Valenciana
T2024-D0052,2024-07-28,C0090,Camara web 1080p,Perifericos,63.05,1.0,0.0,3.72,Comunitat Valenciana
T2024-01857,2024-04-13,C0014,Disco SSD 1 TB,Almacenamiento,92.57,1.0,0.0,4.58,Madrid
T2024-02487,2024-12-22,C0043,Camara web 1080p,Perifericos,74.81,2.0,5.0,0.0,Madrid
T2024-03139,2024-11-11,C0150,Altavoz bluetooth,Audio,75.75,3.0,0.0,0.0,Andalucia
T2024-00262,2024-07-03,C0273,Pulsera de actividad,Vestible,61.56,3.0,0.0,0.0,Andalucia
T2024-03543,2024-12-19,C0003,Auriculares inalambricos,Audio,139.02,2.0,0.0,0.0,Galicia
T2024-01549,2024-09-07,C0071,Raton ergonomico,Perifericos,47.65,3.0,0.0,0.0,Galicia
T2024-02081,2024-12-07,C0021,Auriculares con cable,Perifericos,28.33,,0.0,0.0,Comunitat Valenciana
T2024-02731,2024-11-10,C0008,Reloj inteligente,Vestible,189.03,4.0,25.0,0.0,Madrid
T2024-04252,2024-11-06,C0001,Disco SSD 2 TB,Almacenamiento,149.55,1.0,0.0,0.0,Andalucia
T2024-03844,2024-01-22,C0001,Auriculares inalambricos,Audio,133.38,1.0,5.0,0.0,Pais Vasco
T2024-00051,2024-11-27,C0154,Reloj inteligente,Vestible,184.09,4.0,0.0,0.0,Madrid
T2024-02321,2024-07-19,C0138,Teclado mecanico,Perifericos,81.48,1.0,10.0,5.64,Pais Vasco
T2024-03002,2024-10-18,C0240,Auriculares inalambricos,Audio,124.12,1.0,20.0,0.0,Madrid
T2024-03517,2024-03-06,C0509,Raton ergonomico,Perifericos,46.31,3.0,0.0,0.0,Comunitat Valenciana
T2024-03484,2024-12-21,C0006,Raton ergonomico,Perifericos,45.57,5.0,0.0,0.0,Pais Vasco
T2024-00120,2024-12-23,C0162,Tarjeta microSD 256 GB,Almacenamiento,35.81,1.0,0.0,4.98,Galicia
T2024-00029,2024-06-27,C0538,Auriculares con cable,Perifericos,27.45,2.0,0.0,3.14,Madrid
T2024-01548,2024-02-02,C0002,Teclado mecanico,Perifericos,87.73,4.0,0.0,11.91,Canarias
T2024-01681,2024-12-20,C0001,Raton ergonomico,Perifericos,44.9,3.0,0.0,0.0,Pais Vasco
T2024-02022,2024-12-02,C0314,Disco SSD 2 TB,Almacenamiento,170.65,1.0,30.0,0.0,Pais Vasco
T2024-03086,2024-05-04,C0001,Reloj inteligente,Vestible,195.16,1.0,15.0,0.0,Comunitat Valenciana
T2024-00746,2024-12-06,C0005,Movil gama media,Telefonía,331.2,4.0,0.0,9.59,Canarias
T2024-01127,2024-12-26,C0502,Raton ergonomico,Perifericos,45.58,1.0,10.0,5.02,Comunitat Valenciana
T2024-01680,2024-12-17,C0906,Monitor 27 pulgadas,Informatica,252.69,2.0,0.0,0.0,Andalucia
T2024-01294,2024-12-26,C0988,Tarjeta microSD 256 GB,Almacenamiento,34.55,3.0,10.0,0.0,Andalucia
T2024-01375,2024-01-28,C0147,Disco SSD 1 TB,Almacenamiento,104.87,1.0,0.0,0.0,Madrid
T2024-02080,2024-01-13,C0233,Pulsera de actividad,Vestible,55.35,2.0,0.0,0.0,Comunitat Valenciana
T2024-01327,2024-11-13,C0066,Tarjeta microSD 256 GB,Almacenamiento,35.15,1.0,0.0,3.63,Comunitat Valenciana
T2024-02552,2024-02-24,C0027,Auriculares inalambricos,Audio,143.91,3.0,15.0,0.0,Madrid
T2024-03577,2024-07-17,C0101,Tarjeta microSD 256 GB,Almacenamiento,33.05,4.0,20.0,9.41,Canarias
T2024-01128,2024-04-24,C0005,Altavoz bluetooth,Audio,89.18,2.0,10.0,0.0,Madrid
T2024-00777,2024-09-24,C0021,Disco SSD 1 TB,Almacenamiento,97.98,1.0,30.0,4.04,Madrid
T2024-04133,2024-11-03,C1045,Reloj inteligente,Vestible,187.85,5.0,0.0,0.0,Comunitat Valenciana
T2024-03063,2024-08-23,C0066,Altavoz bluetooth,Audio,77.78,2.0,20.0,0.0,Cataluna
T2024-02781,2024-07-09,C0169,Auriculares inalambricos,Audio,117.44,,0.0,0.0,Pais Vasco
T2024-03296,2024-01-29,C0007,Auriculares inalambricos,Audio,114.19,3.0,10.0,0.0,Cataluna
T2024-01851,2024-10-10,C0202,Portatil 14 pulgadas,Informatica,975.04,2.0,0.0,0.0,Comunitat Valenciana
T2024-03123,2024-07-10,C0234,Pulsera de actividad,Vestible,60.06,1.0,15.0,6.43,Comunitat Valenciana
T2024-00026,2024-07-08,C0010,Altavoz bluetooth,Audio,66.37,5.0,5.0,0.0,Andalucia
T2024-04347,2024-02-06,C0684,Altavoz bluetooth,Audio,76.64,1.0,15.0,4.33,Comunitat Valenciana
T2024-03670,2024-11-25,C0015,Auriculares con cable,Perifericos,27.97,2.0,5.0,6.83,Madrid
T2024-03971,2024-04-07,C0034,Movil gama media,Telefonía,323.79,5.0,0.0,0.0,Comunitat Valenciana
T2024-02251,2024-01-24,C0326,Tarjeta microSD 256 GB,Almacenamiento,30.83,1.0,0.0,5.0,Comunitat Valenciana
T2024-02600,2024-07-29,C0793,Auriculares inalambricos,Audio,125.32,5.0,25.0,0.0,Cataluna
T2024-01629,2024-05-18,C0037,Auriculares inalambricos,Audio,124.91,2.0,10.0,0.0,Andalucia
T2024-04356,2024-11-17,C0270,Camara web 1080p,Perifericos,67.03,2.0,0.0,0.0,Andalucia
T2024-00201,2024-11-27,C0001,Tablet 10 pulgadas,Telefonía,287.83,1.0,20.0,0.0,Comunitat Valenciana
T2024-03405,2024-12-27,C0018,Raton ergonomico,Perifericos,46.5,2.0,0.0,5.73,Madrid
T2024-04887,2024-07-19,C1140,Auriculares inalambricos,Audio,130.86,3.0,10.0,0.0,Comunitat Valenciana
T2024-03736,2024-12-13,C0054,Barra de sonido,Audio,202.48,1.0,0.0,0.0,Comunitat Valenciana
T2024-03424,2024-10-24,C0503,Monitor 27 pulgadas,Informatica,241.86,4.0,5.0,0.0,Madrid
T2024-02052,2024-06-16,C0013,Monitor 27 pulgadas,Informatica,222.12,2.0,0.0,0.0,Andalucia
T2024-04148,2024-12-26,C0015,Teclado mecanico,Perifericos,93.88,1.0,10.0,6.35,Andalucia
T2024-04009,2024-12-31,C0028,Altavoz bluetooth,Audio,79.77,1.0,30.0,4.22,Andalucia
T2024-04848,2024-11-17,C0618,Tarjeta microSD 256 GB,Almacenamiento,32.11,1.0,0.0,6.29,Andalucia
T2024-02943,2024-04-01,C0016,Raton ergonomico,Perifericos,40.43,4.0,30.0,0.0,Comunitat Valenciana
T2024-00752,2024-12-14,C0061,Tablet 10 pulgadas,Telefonia,281.45,2.0,30.0,0.0,Madrid
T2024-02523,2024-12-01,C0036,Auriculares con cable,Perifericos,29.06,1.0,15.0,8.67,Canarias
T2024-01582,2024-05-11,C1141,Raton ergonomico,Perifericos,46.33,1.0,0.0,5.67,Galicia
T2024-01676,2024-01-06,C0477,Tablet 10 pulgadas,Telefonia,288.26,2.0,5.0,0.0,Andalucia
T2024-02067,2024-03-12,C0003,Raton ergonomico,Perifericos,39.75,1.0,0.0,4.55,Madrid
T2024-03055,2024-01-20,C0030,Portatil 14 pulgadas,Informatica,858.97,1.0,30.0,0.0,Galicia
T2024-03574,2024-10-01,C0002,Raton ergonomico,Perifericos,46.85,4.0,0.0,0.0,Comunitat Valenciana
T2024-02697,2024-03-30,C0067,Teclado mecanico,Perifericos,97.99,2.0,0.0,0.0,Madrid
T2024-02601,2024-05-22,C0007,Disco SSD 1 TB,Almacenamiento,96.3,1.0,20.0,5.86,Galicia
T2024-01387,2024-03-09,C0039,Raton ergonomico,Perifericos,46.27,1.0,0.0,6.62,Cataluna
T2024-04230,2024-05-12,C0039,Barra de sonido,Audio,208.78,1.0,20.0,0.0,Cataluna
T2024-03258,2024-01-03,C0176,Tarjeta microSD 256 GB,Almacenamiento,30.55,3.0,25.0,5.87,Galicia
T2024-03762,2024-03-01,C0033,Altavoz bluetooth,Audio,73.45,1.0,15.0,4.89,Madrid
T2024-02177,2024-07-25,C0246,Portatil 14 pulgadas,Informatica,829.1,4.0,0.0,0.0,Comunitat Valenciana
T2024-01912,2024-12-08,C0014,Auriculares con cable,Perifericos,29.3,2.0,0.0,5.12,Comunitat Valenciana
T2024-04078,2024-12-24,C0027,Disco SSD 2 TB,Almacenamiento,156.1,4.0,0.0,12.01,
T2024-00123,2024-12-27,C0001,Auriculares con cable,Perifericos,23.99,4.0,0.0,4.22,Andalucia
T2024-03961,2024-12-21,C0168,Tablet 10 pulgadas,Telefonia,256.52,1.0,0.0,0.0,Cataluna
T2024-01337,2024-12-17,C0559,Camara web 1080p,Perifericos,69.28,2.0,0.0,0.0,Galicia
T2024-04863,2024-12-07,C0822,Auriculares con cable,Perifericos,26.74,4.0,0.0,0.0,Comunitat Valenciana
T2024-01736,2024-11-16,C0989,Raton ergonomico,Perifericos,42.28,1.0,20.0,3.4,Madrid
T2024-00517,2024-04-01,C0001,Tarjeta microSD 256 GB,Almacenamiento,34.25,1.0,0.0,5.39,Comunitat Valenciana
T2024-02970,2024-07-20,C0908,Reloj inteligente,Vestible,185.16,5.0,5.0,0.0,Comunitat Valenciana
T2024-02056,2024-06-23,C0264,Monitor 27 pulgadas,Informatica,243.39,2.0,5.0,0.0,Madrid
T2024-03498,2024-05-30,C0093,Raton ergonomico,Perifericos,45.67,5.0,15.0,0.0,Cataluna
T2024-03378,2024-07-04,C0020,Disco SSD 1 TB,Almacenamiento,101.62,1.0,0.0,0.0,Pais Vasco
T2024-01956,2024-08-03,C0018,Movil gama media,Telefonia,354.1,5.0,10.0,0.0,Pais Vasco
T2024-03189,2024-07-22,C0034,Tarjeta microSD 256 GB,Almacenamiento,32.6,5.0,5.0,0.0,Comunitat Valenciana
T2024-04401,2024-11-27,C0003,Disco SSD 2 TB,Almacenamiento,168.77,2.0,0.0,0.0,Comunitat Valenciana
T2024-02191,2024-12-14,C0650,Movil gama media,Telefonia,332.46,5.0,10.0,0.0,Cataluna
T2024-01724,2024-12-25,C0086,Disco SSD 2 TB,Almacenamiento,164.63,3.0,0.0,0.0,Cataluna
T2024-02550,2024-01-26,C1158,Reloj inteligente,Vestible,182.55,1.0,15.0,0.0,Comunitat Valenciana
T2024-02896,2024-12-15,C0002,Reloj inteligente,Vestible,182.38,1.0,0.0,0.0,Madrid
T2024-01803,2024-12-16,C0050,Pulsera de actividad,Vestible,56.93,5.0,0.0,0.0,Comunitat Valenciana
T2024-04669,2024-05-19,C0168,Teclado mecanico,Perifericos,90.85,1.0,0.0,6.95,Andalucia
T2024-03199,2024-05-09,C0012,Camara web 1080p,Perifericos,64.99,2.0,5.0,0.0,Cataluna
T2024-03106,2024-03-13,C0001,Altavoz bluetooth,Audio,79.41,2.0,0.0,10.19,Canarias
T2024-04089,2024-12-15,C0928,Tarjeta microSD 256 GB,Almacenamiento,33.87,1.0,0.0,6.81,Cataluna
T2024-D0047,2024-04-08,C0096,Teclado mecanico,Perifericos,90.42,5.0,0.0,14.56,Canarias
T2024-04556,2024-04-11,C0006,Camara web 1080p,Perifericos,66.81,5.0,0.0,0.0,Galicia
T2024-04102,2024-04-06,C0076,Teclado mecanico,Perifericos,92.64,5.0,0.0,0.0,Comunitat Valenciana
T2024-01717,2024-01-26,C0002,Disco SSD 2 TB,Almacenamiento,160.89,2.0,30.0,0.0,Andalucia
T2024-03364,2024-04-04,C0029,Auriculares inalambricos,Audio,118.35,3.0,0.0,0.0,Pais Vasco
T2024-03678,2024-12-14,C0008,Disco SSD 1 TB,Almacenamiento,102.82,5.0,5.0,9.34,Canarias
T2024-00330,2024-08-07,C0228,Tarjeta microSD 256 GB,Almacenamiento,31.03,1.0,0.0,4.47,Andalucia
T2024-00676,2024-01-01,C0001,Teclado mecanico,Perifericos,90.76,1.0,0.0,3.26,Madrid
T2024-03190,2024-08-25,C0019,Camara web 1080p,Perifericos,77.09,2.0,0.0,0.0,Comunitat Valenciana
T2024-02255,2024-10-12,C0803,Movil gama media,Telefonia,332.4,2.0,15.0,0.0,Andalucia
T2024-04974,2024-05-06,C0001,Pulsera de actividad,Vestible,54.91,2.0,0.0,0.0,Galicia
T2024-04448,2024-07-30,C0006,Camara web 1080p,Perifericos,68.89,1.0,0.0,5.08,Andalucia
T2024-00829,2024-12-21,C0032,Auriculares con cable,Perifericos,29.13,1.0,25.0,5.2,Madrid
T2024-00461,2024-02-14,C0555,Reloj inteligente,Vestible,182.03,3.0,0.0,0.0,Comunitat Valenciana
T2024-00565,2024-02-15,C0641,Auriculares con cable,Perifericos,28.63,3.0,25.0,4.67,Cataluna
T2024-01497,2024-07-09,C1095,Disco SSD 1 TB,Almacenamiento,98.75,2.0,,0.0,Cataluna
T2024-03666,2024-08-18,C0503,Tarjeta microSD 256 GB,Almacenamiento,33.29,2.0,5.0,4.27,Comunitat Valenciana
T2024-03001,2024-05-06,C0146,Raton ergonomico,Perifericos,43.58,2.0,0.0,4.11,Comunitat Valenciana
T2024-02806,2024-11-19,C0251,Raton ergonomico,Perifericos,47.79,2.0,0.0,3.9,Comunitat Valenciana
T2024-02824,2024-01-21,C0752,Altavoz bluetooth,Audio,84.88,2.0,0.0,0.0,Comunitat Valenciana
T2024-01285,2024-10-30,C0001,Teclado mecanico,Perifericos,96.44,5.0,0.0,0.0,Comunitat Valenciana
T2024-00335,2024-05-05,C0347,Auriculares inalambricos,Audio,135.28,1.0,10.0,0.0,Andalucia
T2024-01772,2024-04-14,C0003,Disco SSD 1 TB,Almacenamiento,107.59,1.0,15.0,0.0,Andalucia
T2024-00418,2024-04-09,C0207,Barra de sonido,Audio,180.34,4.0,30.0,8.02,Canarias
T2024-03580,2024-04-29,C0001,Altavoz bluetooth,Audio,79.04,2.0,0.0,0.0,Madrid
T2024-02859,2024-11-21,C0944,Disco SSD 2 TB,Almacenamiento,159.85,2.0,10.0,0.0,Comunitat Valenciana
T2024-02839,2024-03-19,C1133,Movil gama media,Telefonia,349.94,1.0,0.0,0.0,Cataluna
T2024-03193,2024-12-23,C0012,Raton ergonomico,perifericos,46.43,1.0,20.0,4.29,Madrid
T2024-03726,2024-04-02,C0102,Tarjeta microSD 256 GB,Almacenamiento,32.96,5.0,0.0,0.0,Madrid
T2024-04147,2024-07-21,C1015,Auriculares con cable,Perifericos,28.21,4.0,0.0,0.0,Pais Vasco
T2024-01588,2024-12-08,C0016,Tablet 10 pulgadas,Telefonia,289.87,5.0,10.0,0.0,Comunitat Valenciana
T2024-02332,2024-11-21,C0983,Camara web 1080p,Perifericos,60.0,1.0,0.0,4.74,Comunitat Valenciana
T2024-00736,2024-08-20,C0642,Tablet 10 pulgadas,Telefonia,296.66,2.0,25.0,0.0,Cataluna
T2024-00981,2024-05-09,C0624,Tarjeta microSD 256 GB,Almacenamiento,34.52,1.0,0.0,14.87,Canarias
T2024-02408,2024-06-05,C0701,Raton ergonomico,Perifericos,45.69,1.0,0.0,4.83,Andalucia
T2024-00823,2024-02-07,C0099,Camara web 1080p,Perifericos,67.15,3.0,10.0,0.0,Pais Vasco
T2024-03240,2024-01-27,C0256,Raton ergonomico,Perifericos,48.12,2.0,0.0,5.4,Andalucia
T2024-02567,2024-12-30,C0099,Auriculares inalambricos,Audio,141.32,2.0,0.0,0.0,Comunitat Valenciana
T2024-00688,2024-05-07,C0060,Raton ergonomico,Perifericos,39.9,2.0,15.0,4.5,Madrid
T2024-03862,2024-12-05,C0477,Raton ergonomico,Perifericos,48.85,3.0,0.0,0.0,Andalucia
T2024-00016,2024-11-27,C0001,Auriculares con cable,Perifericos,30.5,1.0,0.0,3.15,Cataluna
T2024-01829,2024-04-30,C0232,Teclado mecanico,Perifericos,94.07,4.0,0.0,0.0,Comunitat Valenciana
T2024-04640,2024-02-19,C0225,Disco SSD 1 TB,Almacenamiento,100.94,4.0,30.0,0.0,Madrid
T2024-02527,2024-11-30,C0684,Auriculares inalambricos,Audio,129.79,5.0,0.0,0.0,Galicia
T2024-03602,2024-05-02,C0369,Auriculares con cable,Perifericos,25.84,1.0,30.0,4.91,Andalucia
T2024-01436,2024-11-23,C0031,Altavoz bluetooth,Audio,79.64,1.0,15.0,6.27,Madrid
T2024-00479,2024-11-28,C0001,Reloj inteligente,Vestible,198.41,2.0,10.0,0.0,Pais Vasco
T2024-02997,2024-06-11,C0426,Pulsera de actividad,Vestible,64.44,2.0,0.0,0.0,Comunitat Valenciana
T2024-01097,2024-11-19,C0953,Camara web 1080p,Perifericos,66.74,1.0,0.0,4.71,Cataluna
T2024-01172,2024-05-26,C0143,Disco SSD 1 TB,Almacenamiento,95.3,1.0,,3.73,Madrid
T2024-00635,2024-10-28,C0527,Barra de sonido,Audio,183.92,3.0,0.0,0.0,Comunitat Valenciana
T2024-04152,2024-10-09,C0119,Auriculares inalambricos,Audio,148.65,5.0,10.0,0.0,Cataluna
T2024-04990,2024-08-02,C0691,Altavoz bluetooth,Audio,83.02,4.0,20.0,0.0,Galicia
T2024-03684,2024-06-23,C0543,Camara web 1080p,Perifericos,70.36,5.0,0.0,0.0,Comunitat Valenciana
T2024-03863,2024-11-08,C0002,Auriculares con cable,Perifericos,28.43,2.0,5.0,4.21,Madrid
T2024-01868,2024-01-02,C0992,Auriculares con cable,Perifericos,30.11,2.0,5.0,5.56,Cataluna
T2024-00007,2024-12-30,C0002,Tarjeta microSD 256 GB,Almacenamiento,32.51,5.0,20.0,0.0,Comunitat Valenciana
T2024-02491,2024-12-01,C0462,Disco SSD 1 TB,Almacenamiento,98.57,2.0,10.0,0.0,Cataluna
T2024-03575,2024-04-03,C0703,Pulsera de actividad,Vestible,58.75,3.0,30.0,0.0,Madrid
T2024-02423,2024-07-28,C0038,Disco SSD 1 TB,Almacenamiento,93.72,2.0,0.0,0.0,Cataluna
T2024-01155,2024-12-21,C0009,Teclado mecanico,Perifericos,80.58,1.0,20.0,10.44,Canarias
T2024-04681,2024-11-12,C0428,Pulsera de actividad,Vestible,62.56,4.0,0.0,0.0,Madrid
T2024-01251,2024-07-27,C0918,Movil gama alta,Telefonia,1069.75,2.0,20.0,0.0,Comunitat Valenciana
T2024-04042,2024-10-31,C0341,Disco SSD 1 TB,Almacenamiento,104.21,4.0,0.0,0.0,Cataluna
T2024-01881,2024-11-09,C0111,Auriculares inalambricos, Audio ,133.3,1.0,25.0,0.0,Comunitat Valenciana
T2024-03361,2024-11-05,C0781,Altavoz bluetooth,Audio,78.11,2.0,0.0,0.0,Madrid
T2024-01183,2024-08-10,C0333,Reloj inteligente,Vestible,208.49,1.0,0.0,0.0,Madrid
T2024-04236,2024-07-15,C1179,Teclado mecanico,Perifericos,80.84,5.0,0.0,0.0,Cataluna
T2024-02129,2024-04-01,C0712,Raton ergonomico,Perifericos,40.78,1.0,0.0,3.13,Galicia
T2024-02365,2024-12-29,C0001,Raton ergonomico,Perifericos,45.03,1.0,20.0,4.63,Cataluna
T2024-04569,2024-07-20,C0369,Tarjeta microSD 256 GB,Almacenamiento,32.15,2.0,0.0,3.93,Comunitat Valenciana
T2024-00623,2024-11-14,C0002,Raton ergonomico,Perifericos,44.27,4.0,0.0,0.0,Comunitat Valenciana
T2024-02409,2024-06-19,C0050,Altavoz bluetooth, Audio ,89.51,2.0,0.0,0.0,Comunitat Valenciana
T2024-02518,2024-12-09,C0096,Teclado mecanico,Perifericos,94.53,3.0,0.0,0.0,Pais Vasco
T2024-02153,2024-03-09,C0387,Auriculares con cable,Perifericos,27.74,2.0,30.0,4.38,Madrid
T2024-01637,2024-12-12,C0600,Tarjeta microSD 256 GB,Almacenamiento,37.59,1.0,30.0,5.88,Cataluna
T2024-00569,2024-08-02,C0022,Portatil 14 pulgadas,Informatica,991.9,1.0,,12.54,Canarias
T2024-02147,2024-12-30,C0927,Raton ergonomico,Perifericos,48.28,1.0,5.0,5.87,Cataluna
T2024-00469,2024-12-07,C0106,Barra de sonido,Audio,195.08,1.0,0.0,0.0,Comunitat Valenciana
T2024-D0008,2024-01-29,C0003,Teclado mecanico,Perifericos,85.82,2.0,30.0,0.0,Galicia
T2024-04183,2024-04-26,C0389,Altavoz bluetooth,Audio,78.55,1.0,,6.46,Andalucia
T2024-00884,2024-08-29,C1177,Disco SSD 1 TB,Almacenamiento,99.15,2.0,30.0,0.0,Galicia
T2024-03553,2024-11-08,C1095,Pulsera de actividad,Vestible,54.57,1.0,0.0,6.03,Andalucia
T2024-00025,2024-05-10,C0002,Raton ergonomico,Perifericos,39.16,1.0,25.0,3.57,Cataluna
T2024-04226,2024-12-22,C0047,Camara web 1080p,Perifericos,70.86,1.0,5.0,3.41,Comunitat Valenciana
T2024-03143,2024-03-21,C0298,Movil gama media,Telefonia,340.61,1.0,0.0,0.0,Madrid
T2024-03656,2024-04-12,C0712,Altavoz bluetooth,Audio,73.5,1.0,0.0,6.01,Madrid
T2024-01201,2024-04-12,C0979,Raton ergonomico,Perifericos,47.71,2.0,0.0,5.64,Andalucia
T2024-01020,2024-10-11,C1152,Movil gama media,Telefonia,333.72,2.0,10.0,0.0,Cataluna
T2024-03859,2024-10-14,C0042,Auriculares inalambricos,Audio,115.86,2.0,20.0,0.0,Pais Vasco
T2024-01188,2024-11-18,C0640,Auriculares con cable,Perifericos,34.34,2.0,30.0,4.29,Cataluna
T2024-04313,2024-01-10,C0011,Auriculares con cable,Perifericos,31.14,1.0,5.0,4.44,Cataluna
T2024-00313,2024-02-11,C0041,Raton ergonomico,Perifericos,46.48,1.0,30.0,3.45,Cataluna
T2024-02286,2024-03-23,C0146,Raton ergonomico,Perifericos,42.33,4.0,0.0,0.0,Cataluna
T2024-00927,2024-03-19,C0003,Reloj inteligente,Vestible,196.52,2.0,0.0,0.0,Comunitat Valenciana
T2024-01688,2024-03-13,C0027,Movil gama alta,Telefonia,944.18,3.0,0.0,0.0,Cataluna
T2024-03636,2024-06-24,C0017,Tarjeta microSD 256 GB,Almacenamiento,33.13,2.0,0.0,3.5,Comunitat Valenciana
T2024-00553,2024-05-21,C0220,Teclado mecanico,Perifericos,85.77,4.0,20.0,0.0,Comunitat Valenciana
T2024-03401,2024-04-21,C0025,Movil gama media,Telefonia,346.75,2.0,0.0,0.0,Cataluna
T2024-03743,2024-07-26,C0152,Tablet 10 pulgadas,Telefonia,261.54,1.0,10.0,0.0,Comunitat Valenciana
T2024-02092,2024-09-25,C0002,Raton ergonomico,Perifericos,49.83,3.0,15.0,0.0,Comunitat Valenciana
T2024-02270,2024-07-07,C0487,Pulsera de actividad,Vestible,57.19,1.0,20.0,4.17,Comunitat Valenciana
T2024-02651,2024-06-03,C0007,Disco SSD 2 TB,Almacenamiento,163.64,2.0,0.0,0.0,Andalucia
T2024-04087,2024-07-20,C0107,Movil gama alta,Telefonia,971.43,3.0,0.0,0.0,Andalucia
T2024-01815,2024-12-05,C0254,Camara web 1080p,Perifericos,69.49,2.0,0.0,0.0,Comunitat Valenciana
T2024-00511,2024-10-01,C0031,Disco SSD 1 TB,Almacenamiento,94.51,1.0,20.0,9.0,Canarias
T2024-00249,2024-02-21,C0292,Disco SSD 2 TB,Almacenamiento,179.64,3.0,0.0,0.0,Andalucia
T2024-01510,2024-02-27,C0176,Reloj inteligente,Vestible,185.05,2.0,0.0,0.0,Comunitat Valenciana
T2024-04529,2024-11-22,C0651,Altavoz bluetooth,Audio,83.82,3.0,,0.0,Comunitat Valenciana
T2024-02751,2024-04-26,C1073,Tablet 10 pulgadas,Telefonia,227.39,2.0,25.0,0.0,Andalucia
T2024-01817,2024-10-15,C0005,Auriculares con cable,Perifericos,28.05,5.0,0.0,0.0,Andalucia
T2024-02347,2024-10-02,C0657,Tarjeta microSD 256 GB,Almacenamiento,32.44,3.0,15.0,4.06,Madrid
T2024-02258,2024-11-19,C0290,Tarjeta microSD 256 GB,Almacenamiento,35.77,3.0,0.0,12.04,Canarias
T2024-04509,2024-11-23,C1008,Altavoz bluetooth,Audio,77.59,3.0,10.0,0.0,Madrid
T2024-00742,2024-02-20,C0054,Disco SSD 1 TB,Almacenamiento,86.17,1.0,0.0,5.41,Cataluna
T2024-00107,2024-08-05,C0234,Altavoz bluetooth,Audio,68.89,2.0,0.0,0.0,Comunitat Valenciana
T2024-01239,2024-12-15,C0038,Auriculares con cable,Perifericos,26.37,1.0,0.0,3.61,Comunitat Valenciana
T2024-04107,2024-12-18,C0158,Pulsera de actividad,Vestible,64.47,4.0,0.0,0.0,Comunitat Valenciana
T2024-03397,2024-02-06,C0537,Camara web 1080p,Perifericos,71.89,4.0,20.0,0.0,Madrid
T2024-03328,2024-05-14,C0062,Portatil 16 pulgadas,Informatica,1518.91,1.0,0.0,0.0,
T2024-01242,2024-03-08,C0178,Disco SSD 1 TB,Almacenamiento,110.27,2.0,0.0,0.0,Pais Vasco
T2024-02373,2024-08-12,C0111,Altavoz bluetooth,Audio,81.01,1.0,0.0,4.21,Comunitat Valenciana
T2024-00497,2024-01-25,C0026,Tarjeta microSD 256 GB,Almacenamiento,33.2,1.0,20.0,3.82,Galicia
T2024-02446,2024-07-02,C0260,Teclado mecanico,Perifericos,85.59,2.0,0.0,0.0,Comunitat Valenciana
T2024-02387,2024-07-27,C0065,Auriculares con cable,Perifericos,31.8,1.0,0.0,5.96,Pais Vasco
T2024-04168,2024-02-17,C0039,Teclado mecanico,Perifericos,81.19,3.0,0.0,0.0,Andalucia
T2024-04563,2024-01-08,C0012,Pulsera de actividad,Vestible,55.13,3.0,0.0,0.0,Comunitat Valenciana
T2024-03955,2024-05-25,C0034,Auriculares con cable,Perifericos,28.23,4.0,0.0,0.0,Andalucia
T2024-00460,2024-03-28,C0006,Reloj inteligente,Vestible,203.1,2.0,5.0,0.0,Comunitat Valenciana
T2024-00945,2024-10-14,C0001,Teclado mecanico,Perifericos,90.44,2.0,10.0,0.0,Andalucia
T2024-02919,2024-08-12,C0161,Auriculares inalambricos,Audio,123.62,4.0,10.0,0.0,Andalucia
T2024-00054,2024-03-29,C0885,Movil gama media,Telefonía,374.5,2.0,0.0,0.0,Cataluna
T2024-04010,2024-12-22,C0039,Portatil 14 pulgadas,Informatica,916.12,1.0,5.0,0.0,Comunitat Valenciana
T2024-04422,2024-09-28,C0995,Tarjeta microSD 256 GB,Almacenamiento,32.95,2.0,30.0,3.05,Andalucia
T2024-00738,2024-10-20,C0001,Barra de sonido,Audio,215.83,3.0,30.0,0.0,Cataluna
T2024-00699,2024-03-31,C0188,Barra de sonido,Audio,216.63,1.0,0.0,0.0,Galicia
T2024-01370,2024-12-27,C0021,Raton ergonomico,Perifericos,42.53,2.0,0.0,5.21,Pais Vasco
T2024-02789,2024-12-11,C0009,Pulsera de actividad,Vestible,58.36,2.0,0.0,0.0,Galicia
T2024-03049,2024-04-23,C0261,Auriculares con cable,perifericos,29.81,3.0,25.0,3.68,Comunitat Valenciana
T2024-00240,2024-06-25,C0027,Altavoz bluetooth,Audio,83.13,5.0,0.0,0.0,
T2024-04377,2024-11-21,C0286,Altavoz bluetooth, Audio ,74.64,1.0,30.0,2.99,Comunitat Valenciana
T2024-01198,2024-07-25,C0002,Auriculares inalambricos,Audio,126.47,2.0,25.0,0.0,Cataluna
T2024-01163,2024-11-30,C0002,Altavoz bluetooth,Audio,82.71,3.0,0.0,0.0,Andalucia
T2024-01797,2024-09-15,C0200,Camara web 1080p,Perifericos,61.06,2.0,0.0,0.0,Cataluna
T2024-04684,2024-07-12,C0377,Barra de sonido,Audio,183.3,3.0,25.0,0.0,Cataluna
T2024-02041,2024-11-16,C0005,Movil gama alta,Telefonia,994.69,2.0,30.0,0.0,Galicia
T2024-03774,2024-06-30,C0680,Portatil 14 pulgadas,Informatica,898.5,1.0,0.0,0.0,Comunitat Valenciana
T2024-03618,2024-03-14,C0077,Teclado mecanico,Perifericos,94.43,1.0,0.0,6.87,Cataluna
T2024-00785,2024-11-22,C0059,Auriculares inalambricos,Audio,133.14,5.0,35.0,0.0,Madrid
T2024-04292,2024-10-02,C0960,Portatil 16 pulgadas,Informatica,1513.16,5.0,0.0,0.0,Andalucia
T2024-04259,2024-12-29,C0062,Tarjeta microSD 256 GB,Almacenamiento,38.07,4.0,0.0,0.0,Madrid
T2024-02456,2024-10-28,C0003,Movil gama media,Telefonia,345.53,1.0,25.0,0.0,Comunitat Valenciana
T2024-02526,2024-10-26,C1019,Barra de sonido,Audio,187.56,1.0,25.0,0.0,Andalucia
T2024-02136,2024-11-22,C0629,Auriculares con cable,Perifericos,30.28,3.0,0.0,6.78,Madrid
T2024-02432,2024-03-25,C0060,Pulsera de actividad,Vestible,54.64,1.0,0.0,4.68,Galicia
T2024-03275,2024-09-26,C0001,Disco SSD 2 TB,Almacenamiento,180.72,2.0,,0.0,Cataluna
T2024-04881,2024-05-25,C0648,Movil gama alta,Telefonia,939.91,1.0,0.0,0.0,Galicia
T2024-00468,2024-11-16,C0798,Movil gama media,Telefonia,343.78,1.0,0.0,0.0,Andalucia
T2024-01047,2024-06-05,C0700,Auriculares con cable,Perifericos,30.48,3.0,0.0,3.88,Pais Vasco
T2024-00425,2024-09-21,C0016,Monitor 27 pulgadas,Informatica,234.36,1.0,10.0,0.0,Madrid
T2024-01776,2024-04-10,C0109,Tarjeta microSD 256 GB,Almacenamiento,32.97,2.0,10.0,4.06,Madrid
T2024-01900,2024-04-24,C0095,Tarjeta microSD 256 GB,Almacenamiento,33.5,1.0,10.0,3.62,Madrid
T2024-03109,2024-11-16,C0728,Barra de sonido,Audio,199.08,4.0,10.0,0.0,Madrid
T2024-01561,2024-11-14,C0008,Auriculares con cable,Perifericos,28.9,1.0,20.0,5.96,Madrid
T2024-01974,2024-12-06,C0275,Tablet 10 pulgadas,Telefonia,269.43,1.0,0.0,0.0,Galicia
T2024-00361,2024-05-09,C0916,Pulsera de actividad,Vestible,58.4,1.0,0.0,3.91,Andalucia
T2024-04604,2024-06-15,C0002,Camara web 1080p,Perifericos,71.36,5.0,0.0,0.0,Andalucia
T2024-03247,2024-01-16,C0014,Movil gama alta,Telefonía,1059.56,1.0,30.0,0.0,Andalucia
T2024-04043,2024-12-02,C0197,Auriculares con cable,Perifericos,27.14,5.0,0.0,0.0,Comunitat Valenciana
T2024-01941,2024-01-28,C0253,Tarjeta microSD 256 GB,Almacenamiento,33.64,5.0,0.0,0.0,Andalucia
T2024-03747,2024-10-05,C0033,Camara web 1080p,Perifericos,65.57,5.0,0.0,0.0,Madrid
T2024-02187,2024-12-17,C0442,Altavoz bluetooth,Audio,78.06,5.0,10.0,0.0,Andalucia
T2024-01641,2024-03-02,C0047,Auriculares inalambricos,Audio,122.76,5.0,15.0,0.0,Comunitat Valenciana
T2024-02360,2024-05-02,C0531,Tablet 10 pulgadas,Telefonia,260.48,1.0,0.0,0.0,Comunitat Valenciana
T2024-03370,2024-02-28,C0693,Movil gama media,Telefonia,321.4,2.0,0.0,0.0,Andalucia
T2024-00639,2024-09-04,C0178,Pulsera de actividad,Vestible,60.66,1.0,0.0,4.96,Comunitat Valenciana
T2024-04399,2024-12-20,C0003,Auriculares inalambricos, Audio ,138.68,3.0,0.0,0.0,Andalucia
T2024-02028,2024-08-28,C0518,Monitor 27 pulgadas,Informatica,268.14,2.0,,14.25,Canarias
T2024-00902,2024-01-13,C0925,Auriculares inalambricos,Audio,137.33,2.0,25.0,0.0,Comunitat Valenciana
T2024-03842,2024-12-22,C0403,Teclado mecanico,Perifericos,96.12,1.0,0.0,5.85,Pais Vasco
T2024-00498,2024-11-11,C0164,Camara web 1080p,Perifericos,65.51,4.0,,0.0,Comunitat Valenciana
T2024-02748,2024-10-15,C0097,Auriculares con cable,Perifericos,25.72,5.0,5.0,0.0,Comunitat Valenciana
T2024-02678,2024-11-06,C0346,Auriculares inalambricos,Audio,122.42,1.0,15.0,0.0,Madrid
T2024-01679,2024-10-14,C0094,Auriculares inalambricos,Audio,145.39,1.0,0.0,0.0,Comunitat Valenciana
T2024-02571,2024-04-28,C0706,Camara web 1080p,Perifericos,70.71,2.0,15.0,0.0,Pais Vasco
T2024-04754,2024-12-08,C0433,Auriculares con cable,Perifericos,28.6,1.0,0.0,5.23,Cataluna
T2024-04771,2024-02-09,C0307,Movil gama media,Telefonia,338.84,1.0,30.0,0.0,Comunitat Valenciana
T2024-04386,2024-12-10,C0581,Monitor 27 pulgadas,Informatica,243.84,2.0,0.0,0.0,Pais Vasco
T2024-D0015,2024-12-30,C0391,Pulsera de actividad,Vestible,64.14,2.0,0.0,0.0,Cataluna
T2024-00062,2024-07-01,C0034,Raton ergonomico,Perifericos,46.82,3.0,0.0,0.0,Cataluna
T2024-01988,2024-11-09,C0074,Auriculares con cable,Perifericos,28.05,2.0,0.0,5.05,Comunitat Valenciana
T2024-03890,2024-07-12,C0012,Reloj inteligente,Vestible,190.16,1.0,0.0,0.0,Madrid
T2024-04602,2024-12-03,C0012,Raton ergonomico,Perifericos,44.81,5.0,20.0,0.0,Pais Vasco
T2024-00860,2024-11-02,C1103,Tarjeta microSD 256 GB,Almacenamiento,35.62,4.0,0.0,0.0,Andalucia
T2024-03477,2024-08-28,C0033,Reloj inteligente,Vestible,181.99,2.0,30.0,0.0,Madrid
T2024-03377,2024-03-28,C0005,Raton ergonomico,Perifericos,42.19,1.0,15.0,5.12,Comunitat Valenciana
T2024-00755,2024-11-28,C0046,Monitor 27 pulgadas,Informatica,247.61,1.0,0.0,0.0,Galicia
T2024-00557,2024-12-24,C0101,Altavoz bluetooth,Audio,76.26,1.0,0.0,5.89,Comunitat Valenciana
T2024-02945,2024-10-21,C0122,Monitor 27 pulgadas,Informatica,260.48,1.0,0.0,0.0,Andalucia
T2024-00597,2024-07-07,C0258,Pulsera de actividad,Vestible,61.37,1.0,0.0,3.17,Comunitat Valenciana
T2024-04709,2024-06-11,C0576,Disco SSD 1 TB,Almacenamiento,105.06,1.0,10.0,0.0,Comunitat Valenciana
T2024-03813,2024-04-19,C0676,Auriculares inalambricos,Audio,124.7,2.0,30.0,0.0,Andalucia
T2024-04731,2024-01-28,C0086,Disco SSD 2 TB,Almacenamiento,173.04,1.0,15.0,0.0,Pais Vasco
T2024-00536,2024-10-17,C0014,Auriculares con cable,Perifericos,28.67,3.0,0.0,3.67,Cataluna
T2024-00095,2024-10-25,C0023,Tablet 10 pulgadas,Telefonia,287.89,3.0,0.0,0.0,Comunitat Valenciana
T2024-04976,2024-04-21,C0136,Disco SSD 1 TB,Almacenamiento,105.16,1.0,15.0,0.0,Comunitat Valenciana
T2024-01514,2024-02-09,C0621,Auriculares con cable,Perifericos,30.01,1.0,0.0,5.51,Comunitat Valenciana
T2024-01041,2024-06-18,C0265,Raton ergonomico,Perifericos,44.53,4.0,20.0,0.0,Comunitat Valenciana
T2024-03930,2024-12-04,C1069,Disco SSD 2 TB,Almacenamiento,155.44,4.0,10.0,0.0,Pais Vasco
T2024-03386,2024-12-31,C0317,Raton ergonomico,Perifericos,42.75,2.0,0.0,5.17,Andalucia
T2024-04192,2024-01-26,C0676,Disco SSD 2 TB,Almacenamiento,174.17,2.0,0.0,0.0,Andalucia
T2024-02331,2024-05-05,C0001,Camara web 1080p,Perifericos,69.93,1.0,0.0,5.14,Madrid
T2024-04143,2024-02-25,C0152,Camara web 1080p,Perifericos,73.59,5.0,0.0,0.0,Galicia
T2024-03119,2024-09-13,C0100,Auriculares inalambricos,Audio,134.86,1.0,40.0,0.0,Cataluna
T2024-00588,2024-04-08,C0436,Teclado mecanico,Perifericos,91.69,3.0,0.0,0.0,Cataluna
T2024-03657,2024-04-13,C0645,Movil gama media,Telefonia,375.17,2.0,0.0,0.0,Madrid
T2024-00911,2024-12-22,C0212,Tarjeta microSD 256 GB,Almacenamiento,34.79,2.0,0.0,4.1,Andalucia
T2024-00876,2024-09-20,C0057,Tarjeta microSD 256 GB,Almacenamiento,33.74,4.0,0.0,0.0,Madrid
T2024-02843,2024-01-29,C0003,Altavoz bluetooth,Audio,81.11,1.0,10.0,3.14,Cataluna
T2024-00807,2024-12-02,C0484,Auriculares con cable,Perifericos,28.95,1.0,20.0,6.72,Madrid
T2024-04371,2024-12-15,C0240,Portatil 14 pulgadas,Informatica,836.93,2.0,0.0,0.0,Madrid
T2024-04244,2024-01-06,C0347,Teclado mecanico,Perifericos,89.15,4.0,25.0,0.0,Madrid
T2024-01893,2024-10-28,C0530,Auriculares con cable,Perifericos,31.47,2.0,25.0,6.5,Galicia
T2024-03630,2024-11-16,C0745,Pulsera de actividad,Vestible,55.84,1.0,,8.55,Canarias
T2024-04145,2024-06-10,C0607,Raton ergonomico,Perifericos,39.94,3.0,0.0,0.0,Cataluna
T2024-04050,2024-02-07,C0111,Pulsera de actividad,Vestible,61.12,1.0,10.0,5.41,Comunitat Valenciana
T2024-02145,2024-12-17,C0847,Reloj inteligente,Vestible,200.26,3.0,0.0,0.0,Madrid
T2024-01521,2024-12-29,C0287,Tarjeta microSD 256 GB,Almacenamiento,30.82,1.0,0.0,6.85,Cataluna
T2024-01677,2024-07-25,C0003,Auriculares con cable,Perifericos,28.4,1.0,10.0,5.53,Cataluna
T2024-01556,2024-04-10,C0071,Reloj inteligente,Vestible,198.49,2.0,0.0,0.0,Cataluna
T2024-01138,2024-12-26,C0129,Raton ergonomico,Perifericos,40.7,2.0,0.0,5.58,Comunitat Valenciana
T2024-04512,2024-07-22,C0007,Pulsera de actividad,Vestible,58.35,4.0,10.0,0.0,Andalucia
T2024-04729,2024-02-01,C0207,Pulsera de actividad,Vestible,56.85,5.0,0.0,0.0,Cataluna
T2024-00693,2024-07-14,C0001,Barra de sonido,Audio,200.09,2.0,30.0,0.0,Cataluna
T2024-01966,2024-04-23,C0821,Altavoz bluetooth,Audio,82.06,2.0,5.0,0.0,Madrid
T2024-00852,2024-01-16,C0253,Auriculares con cable,Perifericos,30.43,,0.0,4.18,Madrid
T2024-03769,2024-07-22,C0001,Camara web 1080p,Perifericos,73.58,1.0,0.0,5.53,Comunitat Valenciana
T2024-02284,2024-10-27,C0016,Barra de sonido,Audio,201.42,5.0,10.0,0.0,Comunitat Valenciana
T2024-02179,2024-06-16,C0033,Auriculares con cable,Perifericos,28.38,4.0,0.0,0.0,Pais Vasco
T2024-01770,2024-12-15,C0004,Disco SSD 1 TB,Almacenamiento,99.35,1.0,0.0,6.59,Galicia
T2024-03966,2024-01-11,C0319,Camara web 1080p,Perifericos,70.67,1.0,20.0,5.72,Madrid
T2024-04811,2024-12-29,C0001,Reloj inteligente,Vestible,194.09,2.0,0.0,0.0,Comunitat Valenciana
T2024-02169,2024-01-20,C0456,Tarjeta microSD 256 GB,Almacenamiento,35.16,2.0,0.0,4.25,Comunitat Valenciana
T2024-02744,2024-11-24,C0093,Disco SSD 2 TB,Almacenamiento,170.75,2.0,0.0,11.68,Canarias
T2024-03313,2024-05-03,C0473,Teclado mecanico,Perifericos,95.13,1.0,5.0,4.32,Cataluna
T2024-D0030,2024-01-10,C0011,Auriculares con cable,Perifericos,31.14,1.0,5.0,4.44,Cataluna
T2024-02219,2024-02-01,C0015,Portatil 16 pulgadas,Informatica,1571.7,4.0,10.0,0.0,Comunitat Valenciana
T2024-00291,2024-03-19,C0035,Pulsera de actividad,Vestible,59.5,1.0,10.0,3.59,Madrid
T2024-02835,2024-12-19,C0533,Tarjeta microSD 256 GB,Almacenamiento,33.75,4.0,,0.0,Comunitat Valenciana
T2024-00604,2024-08-19,C1142,Pulsera de actividad,Vestible,62.28,1.0,10.0,5.81,Madrid
T2024-00323,2024-12-22,C1166,Pulsera de actividad,Vestible,62.12,4.0,0.0,0.0,Andalucia
T2024-02202,2024-11-07,C0049,Movil gama media,Telefonia,335.89,4.0,25.0,0.0,Galicia
T2024-01764,2024-07-19,C0293,Pulsera de actividad,Vestible,60.92,1.0,0.0,6.57,Andalucia
T2024-04567,2024-07-01,C0676,Reloj inteligente,Vestible,183.29,3.0,0.0,0.0,Comunitat Valenciana
T2024-00072,2024-12-22,C0003,Raton ergonomico,Perifericos,43.96,2.0,0.0,3.83,Pais Vasco
T2024-03667,2024-11-05,C0103,Barra de sonido,Audio,220.66,2.0,15.0,0.0,Andalucia
T2024-03716,2024-10-13,C0437,Disco SSD 1 TB,Almacenamiento,88.06,1.0,0.0,3.47,Comunitat Valenciana
T2024-02708,2024-09-01,C0016,Auriculares con cable,Perifericos,31.26,4.0,,0.0,Cataluna
T2024-04099,2024-04-19,C1177,Tarjeta microSD 256 GB,Almacenamiento,36.36,2.0,30.0,3.49,Madrid
T2024-01434,2024-05-21,C0003,Tarjeta microSD 256 GB,Almacenamiento,36.21,2.0,5.0,6.07,Madrid
T2024-00784,2024-03-19,C0004,Camara web 1080p,Perifericos,62.45,5.0,0.0,0.0,Comunitat Valenciana
T2024-02760,2024-11-06,C0004,Camara web 1080p,Perifericos,61.88,1.0,5.0,3.22,Cataluna
T2024-01848,2024-07-03,C0806,Pulsera de actividad,Vestible,56.72,1.0,25.0,3.42,Comunitat Valenciana
T2024-00493,2024-03-05,C0543,Pulsera de actividad,Vestible,60.97,2.0,25.0,0.0,Andalucia
T2024-02017,2024-12-07,C0121,Camara web 1080p,Perifericos,75.42,2.0,0.0,0.0,Madrid
T2024-01078,2024-01-12,C0024,Camara web 1080p,perifericos,75.26,4.0,0.0,0.0,Comunitat Valenciana
T2024-04365,2024-04-07,C0003,Tarjeta microSD 256 GB,Almacenamiento,32.51,1.0,5.0,6.17,Madrid
T2024-02726,2024-08-27,C0004,Movil gama alta,Telefonia,1057.61,2.0,0.0,0.0,Galicia
T2024-02337,2024-01-30,C0153,Teclado mecanico,Perifericos,83.02,1.0,0.0,4.1,Comunitat Valenciana
T2024-01040,2024-11-13,C0005,Disco SSD 2 TB,Almacenamiento,168.61,1.0,0.0,0.0,Andalucia
T2024-03920,2024-01-05,C0149,Raton ergonomico,Perifericos,41.31,4.0,0.0,0.0,Andalucia
T2024-02416,2024-10-20,C0976,Barra de sonido,Audio,210.27,2.0,0.0,0.0,Cataluna
T2024-03456,2024-10-29,C0001,Portatil 14 pulgadas,Informatica,1004.46,3.0,0.0,0.0,Andalucia
T2024-03035,2024-12-26,C0005,Raton ergonomico,Perifericos,43.0,2.0,0.0,4.74,Madrid
T2024-03952,2024-01-25,C0258,Camara web 1080p,Perifericos,64.74,1.0,0.0,4.85,Andalucia
T2024-01110,2024-07-06,C0047,Reloj inteligente,Vestible,182.88,2.0,0.0,0.0,Andalucia
T2024-02212,2024-12-19,C0197,Disco SSD 2 TB,Almacenamiento,168.36,3.0,0.0,0.0,Andalucia
T2024-03987,2024-06-17,C0595,Auriculares con cable,Perifericos,27.86,1.0,0.0,6.77,Comunitat Valenciana
T2024-03809,2024-11-07,C0556,Disco SSD 2 TB,Almacenamiento,163.67,1.0,10.0,0.0,Madrid
T2024-02401,2024-07-28,C1068,Monitor 27 pulgadas,Informatica,279.45,2.0,0.0,0.0,Andalucia
T2024-00131,2024-11-25,C0344,Teclado mecanico,Perifericos,95.64,2.0,0.0,0.0,Cataluna
T2024-03803,2024-07-07,C0009,Portatil 16 pulgadas,Informatica,1428.33,1.0,0.0,0.0,Andalucia
T2024-01620,2024-12-04,C0138,Teclado mecanico,Perifericos,93.73,1.0,0.0,5.54,Pais Vasco
T2024-03980,2024-09-01,C0024,Portatil 14 pulgadas,Informatica,876.37,5.0,15.0,0.0,Comunitat Valenciana
T2024-02641,2024-11-27,C0201,Pulsera de actividad,Vestible,65.06,3.0,25.0,0.0,Comunitat Valenciana
T2024-00343,2024-06-29,C0042,Tarjeta microSD 256 GB,Almacenamiento,35.74,1.0,20.0,4.37,Comunitat Valenciana
T2024-03874,2024-04-26,C0177,Disco SSD 1 TB,Almacenamiento,103.35,1.0,0.0,0.0,Andalucia
T2024-03975,2024-10-06,C0243,Tablet 10 pulgadas,Telefonia,264.75,2.0,5.0,0.0,Cataluna
T2024-01165,2024-07-23,C1193,Portatil 14 pulgadas,Informatica,878.19,2.0,20.0,0.0,Madrid
T2024-03697,2024-03-20,C0777,Portatil 14 pulgadas,Informatica,920.3,1.0,30.0,0.0,Andalucia
T2024-04708,2024-07-14,C0031,Pulsera de actividad,Vestible,56.66,1.0,0.0,5.3,Comunitat Valenciana
T2024-01800,2024-09-27,C0021,Auriculares con cable,Perifericos,29.25,2.0,5.0,4.42,Madrid
T2024-01872,2024-10-24,C0857,Movil gama media,Telefonia,385.26,2.0,,0.0,Comunitat Valenciana
T2024-03102,2024-11-27,C0010,Portatil 14 pulgadas,INFORMATICA,858.51,2.0,0.0,0.0,Madrid
T2024-01014,2024-10-11,C0001,Disco SSD 2 TB,Almacenamiento,168.31,1.0,25.0,0.0,Madrid
T2024-04663,2024-06-16,C0004,Tarjeta microSD 256 GB,Almacenamiento,34.79,2.0,0.0,4.5,Madrid
T2024-03913,2024-12-06,C0001,Altavoz bluetooth,Audio,77.29,4.0,25.0,0.0,Comunitat Valenciana
T2024-02312,2024-08-17,C0335,Tarjeta microSD 256 GB,Almacenamiento,33.95,4.0,0.0,0.0,Madrid
T2024-01075,2024-02-03,C0053,Movil gama media,Telefonia,374.67,2.0,10.0,0.0,Andalucia
T2024-04146,2024-02-19,C0076,Auriculares con cable,Perifericos,31.62,4.0,30.0,0.0,Madrid
T2024-00753,2024-01-07,C0247,Barra de sonido,Audio,215.57,1.0,0.0,0.0,Comunitat Valenciana
T2024-01492,2024-05-31,C0515,Barra de sonido,Audio,200.2,3.0,0.0,0.0,Cataluna
T2024-04987,2024-11-09,C0276,Monitor 27 pulgadas,Informatica,221.32,1.0,30.0,0.0,Comunitat Valenciana
T2024-01441,2024-10-19,C0011,Tarjeta microSD 256 GB,Almacenamiento,31.06,2.0,5.0,13.58,Canarias
T2024-02747,2024-04-22,C0002,Movil gama media,Telefonia,389.74,1.0,0.0,0.0,Madrid
T2024-04088,2024-05-14,C0005,Teclado mecanico,Perifericos,99.35,1.0,10.0,3.52,Andalucia
T2024-04905,2024-11-18,C0457,Tarjeta microSD 256 GB,Almacenamiento,35.35,3.0,0.0,0.0,Comunitat Valenciana
T2024-03212,2024-01-09,C0015,Barra de sonido,Audio,213.13,1.0,0.0,0.0,Madrid
T2024-03046,2024-03-26,C0127,Movil gama media,Telefonia,350.85,5.0,15.0,0.0,Cataluna
T2024-01034,2024-12-19,C0614,Barra de sonido,Audio,188.84,4.0,10.0,0.0,Cataluna
T2024-02559,2024-03-03,C0005,Pulsera de actividad,Vestible,59.32,2.0,25.0,0.0,Comunitat Valenciana
T2024-01569,2024-06-09,C0001,Movil gama media,Telefonia,331.03,1.0,25.0,9.85,Canarias
T2024-04899,2024-01-17,C0626,Movil gama media,Telefonia,350.69,3.0,0.0,0.0,Andalucia
T2024-04106,2024-08-14,C0875,Auriculares con cable,Perifericos,30.36,1.0,0.0,4.58,Cataluna
T2024-04272,2024-04-24,C0071,Altavoz bluetooth,Audio,76.16,5.0,15.0,0.0,Comunitat Valenciana
T2024-00440,2024-05-08,C0456,Portatil 14 pulgadas,Informatica,888.24,4.0,10.0,0.0,Madrid
T2024-00250,2024-12-03,C1169,Teclado mecanico,Perifericos,95.45,1.0,20.0,4.88,Madrid
T2024-01147,2024-05-22,C0073,Barra de sonido,Audio,188.48,5.0,40.0,0.0,Madrid
T2024-00381,2024-12-30,C1076,Disco SSD 2 TB,Almacenamiento,149.03,2.0,0.0,8.28,Canarias
T2024-04427,2024-12-07,C0064,Altavoz bluetooth,Audio,82.99,2.0,30.0,0.0,Comunitat Valenciana
T2024-04913,2024-10-12,C0549,Raton ergonomico,Perifericos,44.21,1.0,0.0,6.24,Pais Vasco
T2024-02051,2024-01-04,C0056,Portatil 16 pulgadas,Informatica,1535.19,5.0,0.0,0.0,Andalucia
T2024-04742,2024-03-10,C0061,Altavoz bluetooth,Audio,86.44,4.0,,0.0,Cataluna
T2024-01132,2024-11-10,C0106,Reloj inteligente,Vestible,179.04,2.0,10.0,0.0,Madrid
T2024-00337,2024-12-09,C0052,Auriculares con cable,Perifericos,27.68,5.0,30.0,0.0,Comunitat Valenciana
T2024-04022,2024-05-30,C0079,Portatil 16 pulgadas,Informatica,1508.92,5.0,30.0,0.0,Andalucia
T2024-03818,2024-09-15,C0361,Teclado mecanico,Perifericos,79.67,2.0,10.0,0.0,Pais Vasco
T2024-04018,2024-01-27,C0073,Auriculares inalambricos,Audio,120.29,4.0,0.0,0.0,Andalucia
T2024-02528,2024-01-13,C0001,Raton ergonomico,Perifericos,46.31,1.0,0.0,4.66,Pais Vasco
T2024-01507,2024-12-22,C0335,Raton ergonomico,Perifericos,51.47,2.0,5.0,0.0,Comunitat Valenciana
T2024-04397,2024-01-09,C0021,Raton ergonomico,Perifericos,44.67,2.0,0.0,6.5,Comunitat Valenciana
T2024-02608,2024-02-11,C0239,Monitor 27 pulgadas,Informatica,244.11,3.0,0.0,0.0,Comunitat Valenciana
T2024-00667,2024-04-29,C0001,Auriculares con cable,Perifericos,27.03,1.0,25.0,3.95,
T2024-04025,2024-08-18,C0004,Movil gama media,Telefonia,357.49,2.0,0.0,0.0,Galicia
T2024-02931,2024-07-23,C0430,Raton ergonomico,Perifericos,43.17,2.0,20.0,5.85,Andalucia
T2024-02778,2024-03-30,C0055,Teclado mecanico,Perifericos,93.33,2.0,0.0,0.0,Cataluna
T2024-00936,2024-05-20,C0121,Auriculares inalambricos,Audio,118.94,2.0,0.0,0.0,Cataluna
T2024-03522,2024-08-07,C0008,Tablet 10 pulgadas,Telefonia,284.06,2.0,10.0,0.0,Pais Vasco
T2024-01011,2024-11-28,C1153,Auriculares con cable,Perifericos,26.51,5.0,5.0,0.0,Comunitat Valenciana
T2024-04490,2024-10-02,C0235,Barra de sonido,Audio,157.77,2.0,0.0,0.0,Madrid
T2024-01439,2024-11-20,C0064,Tarjeta microSD 256 GB,Almacenamiento,37.36,3.0,15.0,0.0,Andalucia
T2024-04007,2024-12-01,C0965,Reloj inteligente,Vestible,196.62,3.0,0.0,0.0,Comunitat Valenciana
T2024-03406,2024-12-12,C0224,Reloj inteligente,Vestible,171.17,5.0,0.0,0.0,Pais Vasco
T2024-04749,2024-12-18,C0250,Altavoz bluetooth,Audio,77.19,1.0,20.0,6.16,Madrid
T2024-04761,2024-12-05,C0005,Disco SSD 1 TB,Almacenamiento,100.93,5.0,30.0,0.0,Cataluna
T2024-00115,2024-12-25,C0175,Teclado mecanico,Perifericos,95.9,1.0,20.0,6.23,Andalucia
T2024-01013,2024-10-16,C0001,Tarjeta microSD 256 GB,Almacenamiento,36.81,2.0,30.0,4.51,Comunitat Valenciana
T2024-00868,2024-12-07,C0380,Reloj inteligente,Vestible,196.81,3.0,0.0,0.0,Galicia
T2024-02479,2024-06-01,C0591,Barra de sonido,Audio,183.05,2.0,25.0,0.0,Cataluna
T2024-01301,2024-03-30,C1146,Disco SSD 2 TB,Almacenamiento,180.76,1.0,20.0,0.0,Comunitat Valenciana
T2024-01643,2024-12-25,C0012,Auriculares inalambricos,Audio,125.39,4.0,0.0,0.0,Pais Vasco
T2024-04116,2024-11-19,C0167,Movil gama alta,Telefonia,1039.78,1.0,10.0,0.0,Comunitat Valenciana
T2024-02771,2024-01-07,C0014,Auriculares con cable,Perifericos,31.25,1.0,30.0,3.56,Comunitat Valenciana
T2024-03032,2024-11-09,C0014,Barra de sonido,Audio,175.19,5.0,10.0,0.0,Andalucia
T2024-02358,2024-06-24,C0047,Pulsera de actividad,Vestible,56.43,1.0,0.0,5.06,Cataluna
T2024-04440,2024-11-17,C0847,Pulsera de actividad,Vestible,63.52,3.0,15.0,9.19,Canarias
T2024-00733,2024-11-19,C0537,Monitor 27 pulgadas,Informatica,207.78,1.0,0.0,0.0,Comunitat Valenciana
T2024-02516,2024-05-05,C0436,Raton ergonomico,Perifericos,49.94,3.0,0.0,12.01,Canarias
T2024-03257,2024-09-03,C0877,Movil gama media,Telefonia,377.05,4.0,0.0,0.0,Cataluna
T2024-04655,2024-12-03,C0903,Disco SSD 1 TB,Almacenamiento,97.37,1.0,0.0,6.68,Cataluna
T2024-00869,2024-11-08,C0030,Camara web 1080p,Perifericos,68.33,2.0,20.0,0.0,Pais Vasco
T2024-04977,2024-12-24,C0273,Auriculares con cable,Perifericos,29.54,5.0,0.0,0.0,Madrid
T2024-02613,2024-08-30,C0094,Disco SSD 2 TB,Almacenamiento,165.16,5.0,20.0,0.0,Cataluna
T2024-03327,2024-05-05,C0128,Pulsera de actividad,Vestible,59.94,4.0,0.0,0.0,Andalucia
T2024-00378,2024-12-01,C0318,Tablet 10 pulgadas,Telefonia,277.94,5.0,20.0,0.0,Madrid
T2024-01952,2024-08-02,C0856,Teclado mecanico,Perifericos,92.75,2.0,25.0,0.0,Cataluna
T2024-02221,2024-08-14,C0442,Tablet 10 pulgadas,Telefonia,272.45,1.0,0.0,0.0,Comunitat Valenciana
T2024-03573,2024-11-01,C0048,Altavoz bluetooth,Audio,79.66,3.0,5.0,0.0,Madrid
T2024-04956,2024-12-29,C0006,Portatil 16 pulgadas,Informatica,1484.06,1.0,,0.0,Comunitat Valenciana
T2024-00773,2024-07-06,C0120,Camara web 1080p,perifericos,69.1,4.0,0.0,0.0,Madrid
T2024-02140,2024-06-11,C0390,Disco SSD 1 TB,Almacenamiento,105.82,2.0,0.0,0.0,Madrid
T2024-03896,2024-06-17,C0128,Teclado mecanico,Perifericos,86.97,4.0,0.0,0.0,Cataluna
T2024-01175,2024-05-19,C0470,Tarjeta microSD 256 GB,Almacenamiento,34.69,3.0,25.0,0.0,Comunitat Valenciana
T2024-03355,2024-09-01,C0053,Disco SSD 1 TB,Almacenamiento,98.85,2.0,0.0,0.0,Pais Vasco
T2024-00683,2024-12-03,C0387,Auriculares inalambricos,Audio,-121.15,1.0,10.0,0.0,Cataluna
T2024-00582,2024-01-05,C0333,Altavoz bluetooth,Audio,80.87,1.0,15.0,5.67,Cataluna
T2024-03772,2024-05-25,C0004,Auriculares con cable,Perifericos,27.57,1.0,15.0,4.38,Comunitat Valenciana
T2024-02173,2024-09-01,C0014,Raton ergonomico,Perifericos,44.54,3.0,0.0,0.0,Comunitat Valenciana
T2024-03075,2024-12-23,C0509,Tablet 10 pulgadas,Telefonia,255.93,2.0,0.0,0.0,Madrid
T2024-03128,2024-10-23,C0011,Disco SSD 2 TB,Almacenamiento,152.5,1.0,0.0,0.0,Madrid
T2024-00018,2024-12-12,C0004,Tablet 10 pulgadas,Telefonia,268.67,1.0,0.0,0.0,Comunitat Valenciana
T2024-02038,2024-10-13,C0005,Tarjeta microSD 256 GB,Almacenamiento,31.49,1.0,0.0,4.76,Cataluna
T2024-03536,2024-10-10,C0067,Disco SSD 2 TB,Almacenamiento,187.41,2.0,30.0,0.0,Andalucia
T2024-01519,2024-01-25,C0821,Camara web 1080p,Perifericos,75.88,4.0,0.0,0.0,Galicia
T2024-01495,2024-05-19,C0894,Auriculares inalambricos,Audio,124.94,4.0,10.0,0.0,Pais Vasco
T2024-01173,2024-11-13,C0402,Camara web 1080p,Perifericos,70.0,1.0,0.0,6.57,Andalucia
T2024-02660,2024-06-28,C0003,Raton ergonomico,Perifericos,46.44,2.0,25.0,4.66,Comunitat Valenciana
T2024-01699,2024-05-01,C0277,Camara web 1080p,Perifericos,66.86,1.0,10.0,3.42,Comunitat Valenciana
T2024-01354,2024-06-22,C0003,Raton ergonomico,Perifericos,46.7,5.0,0.0,0.0,Cataluna
T2024-02924,2024-01-28,C0338,Movil gama alta,Telefonia,1036.17,2.0,0.0,0.0,Comunitat Valenciana
T2024-02088,2024-07-27,C0059,Portatil 14 pulgadas,Informatica,888.98,1.0,0.0,0.0,Madrid
T2024-03556,2024-04-07,C0390,Teclado mecanico,Perifericos,84.29,1.0,30.0,3.65,Cataluna
T2024-04062,2024-11-16,C0010,Altavoz bluetooth,Audio,79.05,1.0,30.0,6.64,Pais Vasco
T2024-00680,2024-07-21,C0057,Portatil 16 pulgadas,Informatica,1552.2,3.0,0.0,0.0,Madrid
T2024-01232,2024-06-06,C0139,Portatil 14 pulgadas,INFORMATICA,840.69,4.0,,0.0,Cataluna
T2024-04810,2024-07-28,C0561,Monitor 27 pulgadas,Informatica,240.64,1.0,15.0,0.0,Madrid
T2024-03660,2024-01-10,C0177,Raton ergonomico,Perifericos,42.06,1.0,15.0,5.53,Cataluna
T2024-04142,2024-03-28,C0472,Barra de sonido,Audio,174.07,1.0,10.0,0.0,Cataluna
T2024-01222,2024-06-04,C0001,Tablet 10 pulgadas,Telefonia,276.94,1.0,0.0,0.0,Cataluna
T2024-02671,2024-11-15,C0024,Teclado mecanico,Perifericos,101.78,5.0,0.0,0.0,Comunitat Valenciana
T2024-01476,2024-02-24,C0040,Camara web 1080p,Perifericos,79.78,2.0,10.0,0.0,Andalucia
T2024-00338,2024-04-15,C1052,Camara web 1080p,Perifericos,66.93,2.0,0.0,0.0,Andalucia
T2024-00163,2024-12-28,C0002,Auriculares con cable,Perifericos,33.46,5.0,25.0,0.0,Cataluna
T2024-02687,2024-09-07,C0045,Disco SSD 2 TB,Almacenamiento,171.13,1.0,0.0,0.0,Andalucia
T2024-01856,2024-01-16,C0025,Disco SSD 2 TB,Almacenamiento,157.29,1.0,5.0,0.0,Galicia
T2024-02588,2024-10-27,C0370,Disco SSD 2 TB,Almacenamiento,160.11,2.0,0.0,0.0,Comunitat Valenciana
T2024-01484,2024-12-29,C0421,Auriculares inalambricos,Audio,131.55,5.0,30.0,0.0,Andalucia
T2024-04762,2024-04-30,C0123,Tarjeta microSD 256 GB,Almacenamiento,33.7,1.0,0.0,6.48,Andalucia
T2024-00422,2024-06-05,C0495,Disco SSD 1 TB,Almacenamiento,96.74,3.0,15.0,0.0,Madrid
T2024-01496,2024-03-23,C0326,Movil gama media,Telefonia,355.41,2.0,10.0,0.0,Cataluna
T2024-04072,2024-10-02,C0201,Pulsera de actividad,Vestible,63.16,1.0,0.0,4.57,Madrid
T2024-03395,2024-07-27,C0686,Movil gama alta,Telefonia,882.09,2.0,0.0,0.0,Cataluna
T2024-00244,2024-11-17,C0001,Barra de sonido,Audio,183.79,5.0,0.0,0.0,Comunitat Valenciana
T2024-00030,2024-07-23,C0025,Auriculares inalambricos, Audio ,122.23,1.0,0.0,0.0,Pais Vasco
T2024-04483,2024-10-28,C0119,Altavoz bluetooth,Audio,77.09,2.0,0.0,0.0,Madrid
T2024-04522,2024-03-27,C0001,Disco SSD 1 TB,Almacenamiento,103.83,2.0,0.0,0.0,Comunitat Valenciana
T2024-03541,2024-02-18,C0454,Raton ergonomico,Perifericos,45.89,2.0,0.0,3.76,Madrid
T2024-00324,2024-03-25,C0079,Teclado mecanico,Perifericos,93.28,1.0,10.0,5.77,Pais Vasco
T2024-01919,2024-01-16,C0001,Barra de sonido,Audio,195.57,1.0,10.0,0.0,Comunitat Valenciana
T2024-02469,2024-12-19,C0373,Monitor 27 pulgadas,Informatica,255.83,5.0,0.0,0.0,Pais Vasco
T2024-01121,2024-06-19,C0028,Reloj inteligente,Vestible,206.75,2.0,0.0,0.0,Comunitat Valenciana
T2024-01179,2024-03-26,C0001,Altavoz bluetooth,Audio,76.81,5.0,10.0,0.0,Andalucia
T2024-00376,2024-12-29,C0793,Pulsera de actividad,Vestible,57.46,1.0,0.0,4.15,Comunitat Valenciana
T2024-02849,2024-10-25,C0305,Pulsera de actividad,Vestible,54.07,4.0,10.0,0.0,Pais Vasco
T2024-03309,2024-11-23,C0473,Camara web 1080p,Perifericos,68.87,3.0,0.0,0.0,Comunitat Valenciana
T2024-00208,2024-11-16,C0071,Raton ergonomico,Perifericos,43.46,5.0,0.0,0.0,Galicia
T2024-00943,2024-06-20,C0712,Pulsera de actividad,Vestible,59.42,4.0,15.0,0.0,Galicia
T2024-01044,2024-07-25,C0006,Auriculares inalambricos, Audio ,132.38,1.0,10.0,0.0,Galicia
T2024-03902,2024-08-02,C0271,Disco SSD 1 TB,Almacenamiento,92.67,2.0,0.0,0.0,Andalucia
T2024-02937,2024-07-24,C0771,Altavoz bluetooth,Audio,73.92,1.0,0.0,5.91,Comunitat Valenciana
T2024-02756,2024-12-01,C0100,Auriculares con cable,Perifericos,29.74,1.0,0.0,5.58,Pais Vasco
T2024-02645,2024-12-26,C0620,Raton ergonomico,Perifericos,45.83,1.0,0.0,6.39,Cataluna
T2024-04159,2024-10-06,C0032,Movil gama media,Telefonia,349.44,3.0,0.0,0.0,Cataluna
T2024-00364,2024-12-18,C0005,Auriculares con cable,Perifericos,32.05,3.0,0.0,4.35,Andalucia
T2024-00483,2024-10-06,C0029,Disco SSD 2 TB,Almacenamiento,170.82,1.0,0.0,0.0,Madrid
T2024-03540,2024-12-14,C0359,Auriculares con cable,Perifericos,27.96,2.0,0.0,4.03,Andalucia
T2024-00006,2024-04-11,C0002,Pulsera de actividad,Vestible,54.48,1.0,0.0,3.99,Pais Vasco
T2024-03633,2024-07-20,C0345,Raton ergonomico,Perifericos,48.6,2.0,0.0,6.55,Cataluna
T2024-01664,2024-07-21,C0031,Disco SSD 1 TB,Almacenamiento,102.03,1.0,0.0,0.0,Comunitat Valenciana
T2024-01830,2024-01-28,C0001,Auriculares con cable,Perifericos,29.37,2.0,0.0,4.57,Madrid
T2024-03620,2024-11-01,C0587,Disco SSD 1 TB,Almacenamiento,84.47,5.0,0.0,0.0,Madrid
T2024-00691,2024-05-30,C0450,Teclado mecanico,Perifericos,85.72,1.0,5.0,3.45,Madrid
T2024-01613,2024-05-16,C0888,Camara web 1080p,Perifericos,70.74,2.0,0.0,0.0,Madrid
T2024-01214,2024-01-05,C0123,Camara web 1080p,Perifericos,76.07,2.0,0.0,0.0,Andalucia
T2024-00607,2024-12-25,C0551,Raton ergonomico,Perifericos,43.34,2.0,30.0,5.8,Galicia
T2024-02473,2024-07-05,C0799,Barra de sonido,Audio,205.41,1.0,0.0,0.0,Comunitat Valenciana
T2024-03766,2024-10-27,C0035,Tablet 10 pulgadas,Telefonia,301.07,3.0,0.0,0.0,Comunitat Valenciana
T2024-00128,2024-12-18,C0082,Tablet 10 pulgadas,Telefonia,273.49,4.0,0.0,14.65,Canarias
T2024-04073,2024-08-03,C0547,Tarjeta microSD 256 GB,Almacenamiento,33.9,1.0,0.0,3.91,Cataluna
T2024-04775,2024-11-14,C0199,Reloj inteligente,Vestible,190.96,1.0,25.0,0.0,Comunitat Valenciana
T2024-01898,2024-04-18,C0090,Teclado mecanico,Perifericos,81.97,5.0,15.0,0.0,Comunitat Valenciana
T2024-03479,2024-07-07,C0038,Teclado mecanico,Perifericos,96.82,1.0,10.0,4.98,Andalucia
T2024-00602,2024-02-17,C0070,Monitor 27 pulgadas,INFORMATICA,245.99,3.0,5.0,0.0,Madrid
T2024-01921,2024-06-14,C0945,Disco SSD 2 TB,Almacenamiento,162.77,,0.0,0.0,Andalucia
T2024-00939,2024-09-22,C0003,Teclado mecanico,Perifericos,78.65,3.0,,0.0,Andalucia
T2024-04068,2024-12-21,C0001,Disco SSD 1 TB,Almacenamiento,99.82,4.0,25.0,0.0,Madrid
T2024-00441,2024-03-13,C0202,Teclado mecanico,Perifericos,89.56,3.0,0.0,0.0,Andalucia
T2024-02737,2024-07-07,C0751,Altavoz bluetooth,Audio,85.47,1.0,5.0,3.37,Madrid
T2024-02077,2024-11-08,C0060,Barra de sonido,Audio,205.11,3.0,0.0,0.0,Comunitat Valenciana
T2024-01137,2024-09-09,C0183,Barra de sonido,Audio,183.02,3.0,15.0,0.0,Pais Vasco
T2024-04265,2024-06-25,C0006,Disco SSD 1 TB,Almacenamiento,99.87,2.0,20.0,0.0,Pais Vasco
T2024-01753,2024-06-03,C0005,Altavoz bluetooth, Audio ,76.33,1.0,0.0,5.96,Cataluna
T2024-03166,2024-08-23,C0015,Disco SSD 1 TB,Almacenamiento,93.7,,15.0,6.1,Comunitat Valenciana
T2024-00656,2024-12-19,C0045,Barra de sonido,Audio,211.11,2.0,30.0,0.0,Comunitat Valenciana
T2024-02328,2024-06-12,C0595,Tarjeta microSD 256 GB,Almacenamiento,35.38,2.0,0.0,2.96,Comunitat Valenciana
T2024-00129,2024-06-08,C0006,Tarjeta microSD 256 GB,Almacenamiento,33.6,5.0,0.0,13.99,Canarias
T2024-04587,2024-12-15,C0001,Camara web 1080p,Perifericos,67.9,4.0,5.0,0.0,Comunitat Valenciana
T2024-03253,2024-03-15,C0213,Pulsera de actividad,Vestible,55.95,5.0,,0.0,Comunitat Valenciana
T2024-04038,2024-01-08,C0114,Monitor 27 pulgadas,Informatica,243.83,4.0,25.0,0.0,Madrid
T2024-02279,2024-11-16,C0108,Pulsera de actividad,Vestible,63.69,3.0,0.0,0.0,Cataluna
T2024-04239,2024-07-30,C0327,Portatil 16 pulgadas,Informatica,1436.35,4.0,15.0,0.0,Comunitat Valenciana
T2024-01351,2024-12-15,C0117,Tarjeta microSD 256 GB,Almacenamiento,32.46,1.0,0.0,5.29,Comunitat Valenciana
T2024-00851,2024-10-18,C0301,Auriculares inalambricos,Audio,123.33,4.0,40.0,0.0,Pais Vasco
T2024-04596,2024-11-01,C0005,Reloj inteligente,Vestible,175.92,1.0,0.0,0.0,Cataluna
T2024-03205,2024-02-19,C0020,Camara web 1080p,Perifericos,68.18,4.0,0.0,0.0,Andalucia
T2024-04620,2024-03-26,C0004,Movil gama alta,Telefonia,941.62,4.0,0.0,0.0,Madrid
T2024-01220,2024-04-14,C0101,Auriculares con cable,Perifericos,32.86,2.0,0.0,3.41,Galicia
T2024-03853,2024-01-06,C0450,Disco SSD 1 TB,Almacenamiento,96.99,5.0,0.0,0.0,Cataluna
T2024-03765,2024-05-01,C0005,Reloj inteligente,Vestible,192.86,2.0,0.0,0.0,Madrid
T2024-03627,2024-01-29,C0839,Auriculares inalambricos,Audio,138.06,5.0,0.0,0.0,Andalucia
T2024-00578,2024-03-17,C0023,Disco SSD 1 TB,Almacenamiento,94.01,1.0,30.0,3.92,Andalucia
T2024-02531,2024-01-06,C1167,Altavoz bluetooth,Audio,69.19,4.0,15.0,9.99,Canarias
T2024-01052,2024-03-01,C0277,Camara web 1080p,Perifericos,72.73,3.0,30.0,13.37,Canarias
T2024-00593,2024-07-24,C0377,Monitor 27 pulgadas,Informatica,243.52,2.0,0.0,0.0,Madrid
T2024-03624,2024-07-02,C0134,Altavoz bluetooth,Audio,74.39,1.0,10.0,4.63,Comunitat Valenciana
T2024-03331,2024-08-18,C0143,Camara web 1080p,Perifericos,69.47,1.0,0.0,6.42,Andalucia
T2024-02918,2024-01-28,C0001,Pulsera de actividad,Vestible,61.25,1.0,25.0,6.17,Comunitat Valenciana
T2024-03796,2024-11-08,C0003,Tablet 10 pulgadas,Telefonia,266.47,1.0,20.0,0.0,Madrid
T2024-04170,2024-06-07,C0414,Disco SSD 2 TB,Almacenamiento,165.19,4.0,0.0,0.0,Comunitat Valenciana
T2024-01821,2024-07-27,C0403,Movil gama alta,Telefonia,1056.54,1.0,20.0,0.0,Madrid
T2024-04412,2024-03-29,C0020,Teclado mecanico,Perifericos,86.43,1.0,10.0,3.07,Galicia
T2024-02992,2024-04-21,C0009,Barra de sonido,Audio,187.61,2.0,10.0,0.0,Comunitat Valenciana
T2024-03124,2024-10-22,C0935,Tarjeta microSD 256 GB,Almacenamiento,33.36,2.0,10.0,3.7,Madrid
T2024-00132,2024-09-26,C0811,Portatil 14 pulgadas,Informatica,905.63,1.0,0.0,0.0,Comunitat Valenciana
T2024-04966,2024-01-24,C0728,Camara web 1080p,Perifericos,71.17,3.0,0.0,0.0,Andalucia
T2024-03260,2024-11-03,C0096,Reloj inteligente,Vestible,192.44,5.0,0.0,0.0,Andalucia
T2024-03095,2024-03-09,C0396,Camara web 1080p,Perifericos,69.08,2.0,0.0,0.0,Andalucia
T2024-00894,2024-01-05,C0017,Auriculares con cable,Perifericos,28.79,1.0,0.0,4.13,Madrid
T2024-02482,2024-12-31,C0238,Auriculares con cable,Perifericos,28.31,3.0,25.0,3.3,Comunitat Valenciana
T2024-04673,2024-04-29,C0134,Auriculares con cable,Perifericos,31.15,1.0,5.0,5.69,Comunitat Valenciana
T2024-00504,2024-11-26,C0637,Raton ergonomico,Perifericos,47.93,1.0,25.0,5.01,Galicia
T2024-01795,2024-05-24,C0941,Portatil 14 pulgadas,Informatica,1004.25,1.0,5.0,0.0,Pais Vasco
T2024-01913,2024-03-16,C0023,Auriculares inalambricos,Audio,140.48,1.0,30.0,0.0,Comunitat Valenciana
T2024-02316,2024-11-13,C0013,Raton ergonomico,Perifericos,41.49,5.0,20.0,0.0,Madrid
T2024-00944,2024-02-28,C0019,Teclado mecanico,Perifericos,89.76,4.0,,0.0,Cataluna
T2024-04030,2024-11-22,C0005,Tarjeta microSD 256 GB,Almacenamiento,37.53,1.0,0.0,4.09,Cataluna
T2024-03282,2024-11-28,C0002,Teclado mecanico,Perifericos,84.95,1.0,20.0,6.52,Galicia
T2024-04268,2024-06-26,C0087,Reloj inteligente,Vestible,198.37,3.0,0.0,0.0,Andalucia
T2024-02229,2024-11-23,C0007,Movil gama media,Telefonia,347.29,1.0,5.0,0.0,Pais Vasco
T2024-01325,2024-01-17,C0709,Teclado mecanico,Perifericos,84.76,1.0,0.0,3.19,Comunitat Valenciana
T2024-04788,2024-09-30,C0041,Teclado mecanico,Perifericos,92.65,3.0,110.0,0.0,Andalucia
T2024-00845,2024-07-05,C0061,Reloj inteligente,Vestible,184.33,5.0,0.0,0.0,Cataluna
T2024-01384,2024-07-20,C0778,Reloj inteligente,Vestible,181.28,4.0,0.0,0.0,Madrid
T2024-01499,2024-11-12,C1143,Auriculares con cable,Perifericos,29.7,2.0,0.0,5.3,Comunitat Valenciana
T2024-01481,2024-08-02,C0362,Tarjeta microSD 256 GB,Almacenamiento,32.8,1.0,0.0,3.76,Comunitat Valenciana
T2024-00266,2024-04-27,C0001,Pulsera de actividad,Vestible,55.39,2.0,0.0,0.0,Cataluna
T2024-01427,2024-05-14,C0203,Portatil 16 pulgadas,Informatica,1584.2,1.0,0.0,0.0,Comunitat Valenciana
T2024-01197,2024-07-08,C0033,Tarjeta microSD 256 GB,Almacenamiento,32.66,1.0,0.0,5.48,Madrid
T2024-03998,2024-11-09,C0159,Tarjeta microSD 256 GB,Almacenamiento,33.58,1.0,0.0,5.98,Madrid
T2024-04243,2024-10-25,C0240,Auriculares inalambricos,Audio,118.91,1.0,15.0,0.0,Andalucia
T2024-D0045,2024-09-09,C0137,Camara web 1080p,Perifericos,64.99,2.0,,0.0,Comunitat Valenciana
T2024-D0017,2024-01-31,C0020,Reloj inteligente,Vestible,195.92,1.0,0.0,0.0,Madrid
T2024-02890,2024-11-22,C1094,Tarjeta microSD 256 GB,Almacenamiento,32.8,2.0,15.0,5.25,Comunitat Valenciana
T2024-03991,2024-05-09,C0040,Movil gama alta,Telefonia,968.32,3.0,30.0,0.0,Madrid
T2024-03041,2024-09-05,C0026,Camara web 1080p,Perifericos,73.78,4.0,0.0,0.0,Madrid
T2024-01948,2024-08-04,C0002,Camara web 1080p,Perifericos,70.66,1.0,0.0,6.06,Madrid
T2024-02466,2024-10-02,C0493,Disco SSD 2 TB,Almacenamiento,159.31,1.0,30.0,0.0,Comunitat Valenciana
T2024-02227,2024-05-31,C0005,Altavoz bluetooth,Audio,84.19,1.0,0.0,5.72,Pais Vasco
T2024-04816,2024-07-07,C0375,Auriculares inalambricos,Audio,132.78,4.0,0.0,0.0,Cataluna
T2024-03408,2024-12-28,C0932,Pulsera de actividad,Vestible,58.21,2.0,0.0,0.0,Comunitat Valenciana
T2024-02037,2024-10-24,C0011,Raton ergonomico,Perifericos,44.84,3.0,0.0,0.0,Comunitat Valenciana
T2024-02503,2024-11-28,C0032,Auriculares con cable,Perifericos,26.51,1.0,0.0,6.72,Pais Vasco
T2024-01017,2024-03-31,C0008,Auriculares con cable,Perifericos,26.28,1.0,0.0,4.36,Comunitat Valenciana
T2024-04465,2024-07-28,C0062,Camara web 1080p,Perifericos,74.07,2.0,0.0,0.0,Galicia
T2024-00804,2024-09-29,C0337,Camara web 1080p,Perifericos,73.43,3.0,0.0,0.0,Pais Vasco
T2024-00543,2024-05-09,C0916,Tarjeta microSD 256 GB,Almacenamiento,30.67,1.0,0.0,5.05,Andalucia
T2024-03979,2024-01-31,C0053,Pulsera de actividad,Vestible,57.9,4.0,10.0,0.0,Cataluna
T2024-04308,2024-12-16,C0917,Raton ergonomico,Perifericos,40.55,2.0,0.0,4.56,Comunitat Valenciana
T2024-01238,2024-12-01,C0065,Auriculares inalambricos,Audio,126.05,2.0,0.0,0.0,Galicia
T2024-02580,2024-04-20,C0731,Auriculares con cable,Perifericos,29.28,2.0,30.0,3.55,Pais Vasco
T2024-00908,2024-10-20,C0326,Raton ergonomico,Perifericos,45.4,2.0,,5.05,Andalucia
T2024-00527,2024-04-20,C0247,Tablet 10 pulgadas,Telefonia,292.46,2.0,,0.0,Cataluna
T2024-01962,2024-11-11,C0107,Raton ergonomico,Perifericos,50.5,1.0,0.0,4.46,Cataluna
T2024-01709,2024-10-25,C0006,Disco SSD 2 TB,Almacenamiento,179.08,2.0,20.0,0.0,Comunitat Valenciana
T2024-00921,2024-11-04,C0003,Raton ergonomico,Perifericos,45.77,2.0,0.0,6.05,Madrid
T2024-02073,2024-03-06,C0012,Movil gama media,Telefonia,353.64,2.0,0.0,0.0,Pais Vasco
T2024-00904,2024-12-27,C1056,Monitor 27 pulgadas,INFORMATICA,222.88,4.0,0.0,0.0,Pais Vasco
T2024-02578,2024-12-11,C0001,Teclado mecanico,Perifericos,92.57,2.0,0.0,0.0,Pais Vasco
T2024-04126,2024-08-11,C0019,Raton ergonomico,Perifericos,48.18,4.0,0.0,0.0,Comunitat Valenciana
T2024-03972,2024-12-29,C0001,Portatil 16 pulgadas,Informatica,1498.27,5.0,0.0,0.0,Cataluna
T2024-01212,2024-03-04,C0347,Disco SSD 1 TB,Almacenamiento,100.19,4.0,5.0,0.0,Cataluna
T2024-02231,2024-07-23,C0107,Auriculares con cable,Perifericos,30.38,1.0,10.0,6.49,Comunitat Valenciana
T2024-03481,2024-08-01,C0986,Disco SSD 2 TB,Almacenamiento,171.29,1.0,0.0,0.0,Comunitat Valenciana
T2024-04061,2024-11-12,C0207,Disco SSD 1 TB,Almacenamiento,95.41,2.0,0.0,12.06,Canarias
T2024-04740,2024-04-21,C0489,Camara web 1080p,Perifericos,69.4,1.0,0.0,10.3,Canarias
T2024-01261,2024-10-14,C0098,Pulsera de actividad,Vestible,57.87,1.0,20.0,4.43,Andalucia
T2024-00715,2024-01-07,C0062,Altavoz bluetooth, Audio ,80.52,1.0,0.0,3.31,Cataluna
T2024-04497,2024-01-02,C0002,Pulsera de actividad,Vestible,57.97,2.0,25.0,0.0,Cataluna
T2024-01031,2024-11-21,C0006,Auriculares inalambricos,Audio,140.09,2.0,10.0,0.0,
T2024-00594,2024-11-01,C0278,Tarjeta microSD 256 GB,Almacenamiento,31.52,3.0,0.0,5.79,Comunitat Valenciana
T2024-01814,2024-11-12,C0122,Pulsera de actividad,Vestible,66.43,2.0,20.0,0.0,Cataluna
T2024-02929,2024-04-07,C0069,Tarjeta microSD 256 GB,Almacenamiento,38.78,2.0,20.0,5.91,Comunitat Valenciana
T2024-00858,2024-11-09,C0042,Barra de sonido,Audio,197.9,3.0,0.0,0.0,Andalucia
T2024-01317,2024-04-08,C1179,Camara web 1080p,Perifericos,68.71,1.0,0.0,3.63,Comunitat Valenciana
T2024-00473,2024-02-10,C0010,Tarjeta microSD 256 GB,Almacenamiento,33.85,5.0,0.0,0.0,Andalucia
T2024-02402,2024-05-13,C0858,Reloj inteligente,Vestible,187.88,1.0,0.0,0.0,Galicia
T2024-01336,2024-12-23,C0253,Altavoz bluetooth,Audio,80.72,4.0,0.0,0.0,Comunitat Valenciana
T2024-00816,2024-12-03,C0297,Teclado mecanico,Perifericos,84.08,3.0,0.0,0.0,Pais Vasco
T2024-03558,2024-12-28,C0040,Tablet 10 pulgadas,Telefonia,292.58,1.0,25.0,0.0,Madrid
T2024-02188,2024-12-31,C0002,Tarjeta microSD 256 GB,Almacenamiento,29.63,5.0,20.0,0.0,Pais Vasco
T2024-00538,2024-11-07,C0529,Raton ergonomico,Perifericos,47.51,4.0,0.0,0.0,Cataluna
T2024-01256,2024-11-14,C0023,Pulsera de actividad,Vestible,57.38,4.0,0.0,0.0,Andalucia
T2024-00930,2024-04-07,C0159,Monitor 27 pulgadas,Informatica,230.67,2.0,0.0,0.0,Andalucia
T2024-04227,2024-04-06,C0012,Camara web 1080p,Perifericos,62.44,2.0,20.0,0.0,Cataluna
T2024-00444,2024-02-18,C0448,Auriculares inalambricos,Audio,121.91,3.0,0.0,0.0,Andalucia
T2024-02094,2024-02-19,C0001,Tablet 10 pulgadas,Telefonia,257.71,1.0,0.0,0.0,Madrid
T2024-01448,2024-02-20,C0999,Movil gama alta,Telefonia,943.3,2.0,0.0,0.0,Madrid
T2024-03118,2024-10-14,C0003,Teclado mecanico,Perifericos,81.54,5.0,0.0,0.0,Comunitat Valenciana
T2024-00847,2024-08-01,C0939,Pulsera de actividad,Vestible,57.02,1.0,0.0,5.13,Comunitat Valenciana
T2024-02892,2024-09-01,C0047,Tarjeta microSD 256 GB,Almacenamiento,33.82,1.0,0.0,3.92,Andalucia
T2024-03750,2024-04-04,C0045,Portatil 16 pulgadas,INFORMATICA,1532.97,1.0,0.0,0.0,Pais Vasco
T2024-02969,2024-09-04,C0575,Auriculares con cable,Perifericos,31.6,2.0,0.0,4.89,Comunitat Valenciana
T2024-02788,2024-05-11,C0287,Raton ergonomico,Perifericos,45.97,3.0,0.0,0.0,Andalucia
T2024-00156,2024-04-30,C0095,Altavoz bluetooth,Audio,74.06,3.0,0.0,0.0,Pais Vasco
T2024-01779,2024-08-22,C0693,Teclado mecanico,Perifericos,85.87,2.0,30.0,0.0,Madrid
T2024-00155,2024-01-28,C0571,Barra de sonido,Audio,213.97,2.0,0.0,0.0,Galicia
T2024-02738,2024-03-16,C0161,Monitor 27 pulgadas,Informatica,230.02,1.0,0.0,0.0,Madrid
T2024-00842,2024-12-31,C0026,Auriculares inalambricos,Audio,122.2,3.0,15.0,0.0,Madrid
T2024-00034,2024-12-18,C0051,Movil gama media,Telefonia,331.27,2.0,0.0,0.0,Andalucia
T2024-04581,2024-03-06,C0268,Disco SSD 1 TB,Almacenamiento,85.83,1.0,0.0,6.56,Andalucia
T2024-00958,2024-12-22,C0035,Portatil 16 pulgadas,INFORMATICA,1448.29,1.0,15.0,0.0,Cataluna
T2024-04296,2024-11-28,C0570,Tarjeta microSD 256 GB,Almacenamiento,32.49,1.0,0.0,5.56,Comunitat Valenciana
T2024-02766,2024-02-21,C0466,Barra de sonido,Audio,207.97,2.0,0.0,0.0,Comunitat Valenciana
T2024-00839,2024-12-02,C0003,Tarjeta microSD 256 GB,Almacenamiento,36.6,4.0,25.0,0.0,Pais Vasco
T2024-01048,2024-12-21,C0674,Barra de sonido,Audio,205.42,2.0,0.0,0.0,Cataluna
T2024-03917,2024-08-11,C0534,Barra de sonido,Audio,215.66,5.0,20.0,0.0,Comunitat Valenciana
T2024-03073,2024-11-17,C0858,Disco SSD 2 TB,Almacenamiento,169.13,5.0,0.0,0.0,Comunitat Valenciana
T2024-03797,2024-07-30,C0151,Auriculares con cable,Perifericos,29.87,3.0,0.0,4.38,Cataluna
T2024-02961,2024-01-31,C0001,Disco SSD 2 TB,Almacenamiento,165.93,1.0,0.0,0.0,Madrid
T2024-04732,2024-10-31,C0101,Portatil 16 pulgadas,Informatica,1416.19,1.0,10.0,0.0,Cataluna
T2024-02010,2024-01-13,C0001,Camara web 1080p,Perifericos,68.93,2.0,0.0,0.0,Comunitat Valenciana
T2024-01403,2024-10-20,C0036,Tablet 10 pulgadas,Telefonia,274.84,5.0,15.0,0.0,Comunitat Valenciana
T2024-00327,2024-12-22,C0006,Portatil 16 pulgadas,Informatica,1365.5,3.0,5.0,0.0,Comunitat Valenciana
T2024-00141,2024-07-21,C0004,Raton ergonomico,Perifericos,45.02,3.0,15.0,0.0,Madrid
T2024-00613,2024-06-25,C0004,Pulsera de actividad,Vestible,58.68,2.0,0.0,0.0,Comunitat Valenciana
T2024-02993,2024-06-18,C0010,Auriculares inalambricos,Audio,124.61,2.0,0.0,0.0,Cataluna
T2024-04256,2024-11-05,C0873,Barra de sonido,Audio,222.24,1.0,25.0,0.0,Cataluna
T2024-00087,2024-11-09,C0319,Camara web 1080p,Perifericos,68.61,4.0,0.0,0.0,Andalucia
T2024-04586,2024-05-20,C0001,Movil gama media,Telefonia,326.34,4.0,0.0,0.0,Andalucia
T2024-03147,2024-11-23,C0032,Disco SSD 1 TB,Almacenamiento,95.14,1.0,0.0,3.67,Comunitat Valenciana
T2024-01911,2024-07-28,C0525,Teclado mecanico,Perifericos,90.08,5.0,,0.0,Comunitat Valenciana
T2024-03277,2024-04-04,C0322,Disco SSD 1 TB,Almacenamiento,95.53,5.0,0.0,0.0,Comunitat Valenciana
T2024-04063,2024-12-29,C0839,Auriculares con cable,Perifericos,29.59,1.0,30.0,5.26,Pais Vasco
T2024-02005,2024-12-04,C1114,Altavoz bluetooth,Audio,84.24,2.0,0.0,0.0,Pais Vasco
T2024-00454,2024-10-11,C0024,Disco SSD 1 TB,Almacenamiento,101.15,3.0,0.0,0.0,Madrid
T2024-00278,2024-12-18,C0340,Pulsera de actividad,Vestible,58.23,4.0,30.0,0.0,Galicia
T2024-02386,2024-11-29,C0011,Reloj inteligente,Vestible,188.39,3.0,0.0,0.0,Comunitat Valenciana
T2024-00332,2024-05-30,C0292,Disco SSD 1 TB,Almacenamiento,95.79,1.0,0.0,4.97,Pais Vasco
T2024-02293,2024-01-23,C0096,Teclado mecanico,Perifericos,95.94,1.0,0.0,3.72,Andalucia
T2024-03237,2024-11-28,C0720,Altavoz bluetooth,Audio,75.59,1.0,15.0,5.85,Galicia
T2024-03561,2024-03-24,C0313,Disco SSD 2 TB,Almacenamiento,171.57,2.0,20.0,0.0,Comunitat Valenciana
T2024-02495,2024-06-05,C0039,Auriculares con cable,Perifericos,28.85,4.0,25.0,0.0,Andalucia
T2024-01000,2024-06-13,C0082,Teclado mecanico,Perifericos,93.16,2.0,5.0,0.0,Andalucia
T2024-02486,2024-09-21,C1123,Pulsera de actividad,Vestible,59.42,1.0,30.0,5.51,Comunitat Valenciana
T2024-01837,2024-09-15,C1139,Disco SSD 2 TB,Almacenamiento,194.27,3.0,0.0,0.0,Madrid
T2024-03590,2024-11-16,C0873,Altavoz bluetooth,Audio,75.39,5.0,15.0,0.0,Comunitat Valenciana
T2024-00843,2024-07-23,C0087,Reloj inteligente,Vestible,176.1,2.0,0.0,0.0,Comunitat Valenciana
T2024-01882,2024-02-11,C0375,Reloj inteligente,Vestible,199.57,1.0,0.0,0.0,Madrid
T2024-00694,2024-10-16,C0065,Auriculares con cable,Perifericos,29.76,1.0,25.0,5.87,Cataluna
T2024-00518,2024-10-18,C0028,Auriculares con cable,Perifericos,32.05,2.0,0.0,4.26,Cataluna
T2024-02614,2024-06-18,C0183,Disco SSD 2 TB,Almacenamiento,165.44,2.0,0.0,0.0,Pais Vasco
T2024-04992,2024-07-12,C0141,Tarjeta microSD 256 GB,Almacenamiento,34.51,1.0,5.0,6.84,Comunitat Valenciana
T2024-00289,2024-01-03,C0065,Tarjeta microSD 256 GB,Almacenamiento,25.66,2.0,0.0,3.04,Cataluna
T2024-04935,2024-11-29,C0144,Tarjeta microSD 256 GB,Almacenamiento,34.86,4.0,,0.0,Cataluna
T2024-04597,2024-05-22,C0078,Raton ergonomico,Perifericos,48.51,5.0,0.0,0.0,Cataluna
T2024-00762,2024-01-22,C0057,Disco SSD 1 TB,Almacenamiento,85.28,5.0,0.0,0.0,Madrid
T2024-01271,2024-04-03,C0082,Tablet 10 pulgadas,Telefonia,302.96,1.0,0.0,0.0,Pais Vasco
T2024-01915,2024-04-03,C0031,Disco SSD 2 TB,Almacenamiento,158.9,1.0,0.0,14.38,Canarias
T2024-01653,2024-11-22,C0002,Auriculares con cable,Perifericos,31.8,2.0,0.0,5.08,Madrid
T2024-02762,2024-11-30,C0537,Tarjeta microSD 256 GB,Almacenamiento,32.7,2.0,15.0,6.8,Madrid
T2024-03833,2024-11-14,C0026,Tarjeta microSD 256 GB,Almacenamiento,35.74,2.0,,3.55,Cataluna
T2024-03755,2024-11-25,C0214,Movil gama media,Telefonia,321.64,2.0,10.0,0.0,Andalucia
T2024-00976,2024-12-22,C0003,Auriculares con cable,Perifericos,30.34,1.0,25.0,3.05,Madrid
T2024-02761,2024-07-18,C0056,Altavoz bluetooth,Audio,79.43,5.0,10.0,0.0,Cataluna
T2024-04975,2024-10-30,C0025,Teclado mecanico,Perifericos,93.38,1.0,5.0,5.04,Comunitat Valenciana
T2024-02576,2024-12-10,C0050,Tarjeta microSD 256 GB,Almacenamiento,33.33,1.0,,9.18,Canarias
T2024-04682,2024-04-19,C0166,Tarjeta microSD 256 GB,Almacenamiento,35.3,1.0,0.0,6.59,Madrid
T2024-00322,2024-11-14,C0798,Disco SSD 2 TB,Almacenamiento,178.76,1.0,30.0,0.0,Comunitat Valenciana
T2024-04939,2024-02-17,C0061,Raton ergonomico,Perifericos,41.26,1.0,25.0,6.69,Madrid
T2024-02691,2024-03-11,C0019,Raton ergonomico,perifericos,46.66,2.0,0.0,3.24,Galicia
T2024-00176,2024-03-01,C0201,Auriculares con cable,Perifericos,30.94,1.0,15.0,4.87,Cataluna
T2024-01805,2024-12-10,C0389,Disco SSD 1 TB,Almacenamiento,94.82,1.0,0.0,4.68,Andalucia
T2024-03015,2024-08-22,C0036,Disco SSD 1 TB,Almacenamiento,102.1,2.0,0.0,0.0,Comunitat Valenciana
T2024-02667,2024-04-15,C0188,Pulsera de actividad,Vestible,61.78,2.0,30.0,0.0,Madrid
T2024-04391,2024-12-10,C1151,Movil gama media,Telefonía,348.15,1.0,0.0,0.0,Comunitat Valenciana
T2024-02174,2024-09-26,C0020,Monitor 27 pulgadas,Informatica,257.66,4.0,0.0,0.0,Andalucia
T2024-04949,2024-05-01,C0006,Monitor 27 pulgadas,Informatica,250.66,4.0,5.0,0.0,Comunitat Valenciana
T2024-01211,2024-11-21,C0257,Raton ergonomico,perifericos,46.86,2.0,30.0,3.99,Pais Vasco
T2024-04926,2024-05-12,C0158,Auriculares con cable,Perifericos,26.88,1.0,0.0,3.97,Andalucia
T2024-04219,2024-03-09,C0020,Disco SSD 1 TB,Almacenamiento,86.71,3.0,0.0,0.0,Andalucia
T2024-04240,2024-04-14,C0078,Raton ergonomico,Perifericos,43.88,1.0,0.0,5.05,Comunitat Valenciana
T2024-00464,2024-11-27,C0004,Auriculares con cable,Perifericos,28.1,3.0,0.0,6.04,Madrid
T2024-02988,2024-03-23,C0074,Teclado mecanico,Perifericos,85.85,2.0,0.0,0.0,Galicia
T2024-03029,2024-01-24,C0632,Altavoz bluetooth,Audio,77.13,1.0,0.0,5.94,Madrid
T2024-03068,2024-08-23,C0065,Tarjeta microSD 256 GB,Almacenamiento,38.25,4.0,0.0,0.0,Comunitat Valenciana
T2024-00135,2024-12-23,C0384,Tablet 10 pulgadas,Telefonia,259.81,1.0,0.0,0.0,Cataluna
T2024-02420,2024-12-05,C0607,Camara web 1080p,Perifericos,69.51,5.0,0.0,0.0,Galicia
T2024-04733,2024-08-30,C0215,Tarjeta microSD 256 GB,Almacenamiento,33.06,1.0,15.0,4.29,Pais Vasco
T2024-03062,2024-11-08,C0007,Tarjeta microSD 256 GB,Almacenamiento,33.55,3.0,30.0,0.0,Madrid
T2024-02589,2024-08-02,C0023,Altavoz bluetooth,Audio,81.62,2.0,0.0,0.0,Galicia
T2024-03894,2024-12-30,C0002,Tarjeta microSD 256 GB,Almacenamiento,33.7,1.0,5.0,4.6,Comunitat Valenciana
T2024-01607,2024-11-21,C0175,Tablet 10 pulgadas,Telefonia,296.35,3.0,0.0,0.0,Andalucia
T2024-03226,2024-04-02,C0459,Disco SSD 1 TB,Almacenamiento,95.89,500.0,0.0,0.0,Madrid
T2024-00608,2024-03-15,C0217,Pulsera de actividad,Vestible,58.73,4.0,5.0,0.0,Cataluna
T2024-02604,2024-12-30,C0187,Auriculares con cable,Perifericos,28.96,4.0,0.0,0.0,Madrid
T2024-03922,2024-09-11,C0005,Auriculares inalambricos,Audio,124.74,1.0,0.0,0.0,Cataluna
T2024-01917,2024-12-15,C0148,Altavoz bluetooth,Audio,79.36,5.0,10.0,0.0,Comunitat Valenciana
T2024-00682,2024-03-23,C0016,Disco SSD 2 TB,Almacenamiento,165.7,2.0,0.0,0.0,Madrid
T2024-00800,2024-01-13,C0090,Raton ergonomico,Perifericos,44.46,1.0,15.0,5.49,Madrid
T2024-00374,2024-03-18,C0349,Tarjeta microSD 256 GB,Almacenamiento,31.53,3.0,0.0,13.29,Canarias
T2024-01257,2024-03-20,C0004,Raton ergonomico,Perifericos,46.13,2.0,30.0,3.48,Comunitat Valenciana
T2024-02165,2024-09-07,C0027,Tablet 10 pulgadas,Telefonia,280.56,4.0,30.0,0.0,Cataluna
T2024-02785,2024-01-06,C0388,Camara web 1080p,Perifericos,61.41,2.0,25.0,0.0,Cataluna
T2024-04834,2024-09-21,C0517,Tablet 10 pulgadas,Telefonia,283.47,4.0,0.0,0.0,Cataluna
T2024-00362,2024-12-21,C0366,Altavoz bluetooth,Audio,81.28,1.0,0.0,5.74,Cataluna
T2024-01560,2024-12-26,C0103,Camara web 1080p,Perifericos,71.78,4.0,5.0,0.0,Andalucia
T2024-01254,2024-06-19,C0002,Movil gama alta,Telefonia,1010.98,4.0,0.0,0.0,Andalucia
T2024-04161,2024-01-02,C0187,Camara web 1080p,Perifericos,66.79,2.0,0.0,0.0,Comunitat Valenciana
T2024-03107,2024-11-29,C0005,Camara web 1080p,Perifericos,66.35,5.0,0.0,0.0,Cataluna
T2024-00638,2024-08-24,C0075,Tarjeta microSD 256 GB,Almacenamiento,31.36,2.0,5.0,6.89,Comunitat Valenciana
T2024-02533,2024-02-26,C0139,Pulsera de actividad,Vestible,65.13,1.0,0.0,3.96,Andalucia
T2024-02946,2024-11-15,C0556,Disco SSD 1 TB,Almacenamiento,98.98,3.0,0.0,0.0,Comunitat Valenciana
T2024-00152,2024-10-04,C0006,Barra de sonido,Audio,192.37,1.0,,0.0,Madrid
T2024-01059,2024-07-26,C0523,Pulsera de actividad,Vestible,65.24,1.0,25.0,8.8,Canarias
T2024-04094,2024-12-09,C1121,Altavoz bluetooth,Audio,82.56,2.0,15.0,0.0,Andalucia
T2024-03407,2024-11-14,C0133,Tarjeta microSD 256 GB,Almacenamiento,30.89,3.0,0.0,6.34,Cataluna
T2024-00783,2024-11-10,C0025,Reloj inteligente,Vestible,207.69,1.0,0.0,0.0,Comunitat Valenciana
T2024-01167,2024-07-04,C0029,Tarjeta microSD 256 GB,Almacenamiento,32.59,1.0,,3.72,Comunitat Valenciana
T2024-01767,2024-06-27,C0348,Movil gama media,Telefonia,378.07,4.0,15.0,0.0,Pais Vasco
T2024-04359,2024-09-01,C0051,Camara web 1080p,Perifericos,71.24,1.0,5.0,5.49,Cataluna
T2024-02934,2024-01-18,C0015,Pulsera de actividad,Vestible,63.2,3.0,10.0,0.0,Comunitat Valenciana
T2024-00126,2024-02-09,C0039,Disco SSD 2 TB,Almacenamiento,170.08,1.0,0.0,0.0,Madrid
T2024-02676,2024-04-14,C0001,Movil gama alta,Telefonia,1022.95,3.0,0.0,0.0,Madrid
T2024-02581,2024-11-14,C0926,Disco SSD 2 TB,Almacenamiento,157.78,2.0,10.0,0.0,Comunitat Valenciana
T2024-04468,2024-03-10,C0984,Pulsera de actividad,Vestible,59.88,4.0,15.0,0.0,Comunitat Valenciana
T2024-01364,2024-12-09,C0631,Monitor 27 pulgadas,Informatica,246.15,4.0,0.0,0.0,Comunitat Valenciana
T2024-04601,2024-01-29,C0525,Teclado mecanico,Perifericos,86.51,5.0,5.0,0.0,Pais Vasco
T2024-00290,2024-11-18,C0435,Teclado mecanico,Perifericos,86.55,1.0,0.0,3.24,Andalucia
T2024-04716,2024-08-03,C0011,Tarjeta microSD 256 GB,Almacenamiento,30.31,5.0,0.0,0.0,Comunitat Valenciana
T2024-02222,2024-07-16,C0027,Movil gama alta,Telefonia,1007.75,1.0,0.0,0.0,Madrid
T2024-04447,2024-01-01,C0152,Auriculares con cable,Perifericos,31.1,1.0,15.0,5.94,Andalucia
T2024-01647,2024-11-25,C0072,Pulsera de actividad,Vestible,64.04,3.0,30.0,0.0,Comunitat Valenciana
T2024-03461,2024-10-12,C0068,Auriculares con cable,Perifericos,25.69,5.0,0.0,0.0,Andalucia
T2024-01315,2024-12-29,C0901,Pulsera de actividad,Vestible,61.69,1.0,10.0,6.38,Madrid
T2024-03300,2024-04-28,C0298,Portatil 14 pulgadas,Informatica,837.45,1.0,0.0,0.0,Madrid
T2024-04266,2024-12-16,C0049,Raton ergonomico,Perifericos,45.78,1.0,0.0,3.97,Cataluna
T2024-04375,2024-05-15,C0243,Pulsera de actividad,Vestible,57.89,1.0,0.0,4.56,Comunitat Valenciana
T2024-D0041,2024-06-17,C0352,Disco SSD 2 TB,Almacenamiento,163.73,2.0,15.0,0.0,Comunitat Valenciana
T2024-04163,2024-10-27,C0007,Disco SSD 2 TB,Almacenamiento,166.46,2.0,0.0,0.0,Cataluna
T2024-01604,2024-12-27,C0081,Reloj inteligente,Vestible,173.0,1.0,5.0,0.0,Madrid
T2024-04058,2024-05-29,C0085,Portatil 16 pulgadas,Informatica,1550.54,1.0,0.0,0.0,Comunitat Valenciana
T2024-04254,2024-10-20,C0041,Reloj inteligente,Vestible,170.2,1.0,20.0,0.0,Madrid
T2024-04416,2024-04-08,C0027,Raton ergonomico,Perifericos,46.52,1.0,0.0,5.6,Comunitat Valenciana
T2024-02171,2024-11-02,C0306,Camara web 1080p,Perifericos,67.96,3.0,0.0,0.0,Pais Vasco
T2024-03948,2024-04-20,C0826,Auriculares con cable,Perifericos,31.76,1.0,0.0,6.77,Madrid
T2024-00830,2024-04-14,C0001,Altavoz bluetooth,Audio,85.28,4.0,15.0,0.0,Galicia
T2024-01635,2024-09-05,C0737,Monitor 27 pulgadas,Informatica,241.0,5.0,0.0,0.0,Pais Vasco
T2024-00671,2024-06-02,C0038,Auriculares con cable,Perifericos,28.98,1.0,0.0,5.55,Madrid
T2024-01398,2024-12-21,C0248,Portatil 16 pulgadas,Informatica,1370.14,1.0,20.0,0.0,Galicia
T2024-02276,2024-11-08,C1110,Pulsera de actividad,Vestible,58.75,1.0,0.0,5.98,Cataluna
T2024-04455,2024-04-17,C0002,Auriculares inalambricos,Audio,121.14,3.0,0.0,0.0,Madrid
T2024-03085,2024-10-12,C0047,Tarjeta microSD 256 GB,Almacenamiento,33.64,4.0,15.0,0.0,Pais Vasco
T2024-04469,2024-11-04,C0758,Auriculares con cable,Perifericos,28.61,2.0,0.0,3.82,Comunitat Valenciana
T2024-00925,2024-03-24,C0099,Auriculares con cable,Perifericos,33.01,2.0,5.0,4.07,Cataluna
T2024-01156,2024-10-12,C0393,Tarjeta microSD 256 GB,Almacenamiento,35.41,1.0,0.0,6.43,Madrid
T2024-02758,2024-02-09,C0009,Auriculares con cable,Perifericos,29.47,1.0,0.0,5.6,Comunitat Valenciana
T2024-01831,2024-01-28,C1011,Teclado mecanico,Perifericos,90.42,3.0,0.0,0.0,Galicia
T2024-01318,2024-06-07,C0068,Disco SSD 2 TB,Almacenamiento,176.57,5.0,0.0,0.0,Madrid
T2024-01953,2024-11-29,C0173,Disco SSD 2 TB,Almacenamiento,168.71,1.0,5.0,0.0,Cataluna
T2024-02269,2024-08-03,C0048,Pulsera de actividad,Vestible,58.24,3.0,0.0,0.0,Comunitat Valenciana
T2024-00405,2024-01-01,C0631,Auriculares con cable,Perifericos,27.07,5.0,0.0,0.0,Comunitat Valenciana
T2024-03680,2024-01-22,C0014,Auriculares con cable,Perifericos,32.93,1.0,25.0,5.57,Comunitat Valenciana
T2024-00113,2024-12-28,C0004,Raton ergonomico,Perifericos,45.45,4.0,,0.0,Comunitat Valenciana
T2024-02203,2024-05-20,C0036,Barra de sonido,Audio,188.19,4.0,10.0,0.0,Madrid
T2024-04983,2024-03-06,C0511,Reloj inteligente,Vestible,194.97,4.0,10.0,0.0,Madrid
T2024-04886,2024-09-20,C0347,Portatil 14 pulgadas,Informatica,878.31,4.0,0.0,0.0,Andalucia
T2024-00940,2024-11-29,C0635,Teclado mecanico,Perifericos,83.11,4.0,0.0,0.0,Cataluna
T2024-04629,2024-12-23,C0019,Portatil 16 pulgadas,Informatica,1556.19,2.0,0.0,0.0,Cataluna
T2024-01942,2024-07-26,C0593,Tarjeta microSD 256 GB,Almacenamiento,32.92,1.0,30.0,3.46,Galicia
T2024-04603,2024-01-06,C0001,Barra de sonido,Audio,189.15,2.0,,0.0,Andalucia
T2024-01003,2024-01-31,C0111,Disco SSD 1 TB,Almacenamiento,101.8,3.0,0.0,0.0,Madrid
T2024-04114,2024-11-02,C0003,Auriculares inalambricos,Audio,123.41,2.0,0.0,0.0,Andalucia
T2024-00698,2024-09-10,C0081,Auriculares inalambricos,Audio,117.03,2.0,10.0,0.0,Madrid
T2024-03511,2024-03-08,C0001,Portatil 16 pulgadas,Informatica,1468.28,1.0,0.0,0.0,Madrid
T2024-04232,2024-10-06,C0024,Portatil 16 pulgadas,Informatica,1502.75,1.0,0.0,0.0,Madrid
T2024-D0026,2024-10-11,C0013,Teclado mecanico,Perifericos,95.61,1.0,,3.79,Cataluna
T2024-01385,2024-12-16,C0070,Camara web 1080p,Perifericos,69.92,1.0,0.0,3.57,Madrid
T2024-03252,2024-06-23,C0025,Camara web 1080p,Perifericos,66.54,2.0,0.0,0.0,Galicia
T2024-02947,2024-01-14,C0176,Altavoz bluetooth,Audio,83.86,2.0,5.0,0.0,Comunitat Valenciana
T2024-00720,2024-03-23,C0469,Disco SSD 2 TB,Almacenamiento,160.08,1.0,0.0,0.0,Galicia
T2024-02586,2024-11-02,C0187,Tarjeta microSD 256 GB,Almacenamiento,31.22,1.0,,5.83,Comunitat Valenciana
T2024-00797,2024-07-04,C0990,Auriculares con cable,Perifericos,29.16,1.0,20.0,5.45,Andalucia
T2024-00664,2024-04-12,C0497,Altavoz bluetooth,Audio,71.05,2.0,10.0,0.0,Pais Vasco
T2024-03572,2024-12-09,C0002,Raton ergonomico,Perifericos,46.61,3.0,0.0,0.0,Madrid
T2024-02686,2024-09-21,C0025,Teclado mecanico,Perifericos,88.56,3.0,10.0,0.0,Cataluna
T2024-00288,2024-11-25,C0191,Altavoz bluetooth,Audio,79.47,1.0,0.0,5.7,Comunitat Valenciana
T2024-01067,2024-07-18,C0001,Camara web 1080p,Perifericos,68.52,5.0,0.0,0.0,Andalucia
T2024-01268,2024-05-30,C0479,Tarjeta microSD 256 GB,Almacenamiento,37.34,1.0,0.0,3.93,Comunitat Valenciana
T2024-04409,2024-11-04,C0761,Tablet 10 pulgadas,Telefonia,269.3,4.0,25.0,0.0,Madrid
T2024-04521,2024-08-20,C0906,Altavoz bluetooth,Audio,78.34,1.0,0.0,4.97,Galicia
T2024-04233,2024-05-14,C0002,Raton ergonomico,Perifericos,46.32,3.0,0.0,0.0,Pais Vasco
T2024-03567,2024-09-03,C0007,Auriculares inalambricos,Audio,132.76,3.0,0.0,0.0,Cataluna
T2024-02497,2024-07-13,C0001,Auriculares con cable,Perifericos,28.04,2.0,20.0,6.16,Comunitat Valenciana
T2024-04276,2024-06-15,C0031,Reloj inteligente,Vestible,179.29,1.0,20.0,0.0,Cataluna
T2024-04160,2024-09-07,C0316,Disco SSD 1 TB,Almacenamiento,108.22,5.0,0.0,0.0,Cataluna
T2024-00056,2024-05-09,C1000,Disco SSD 1 TB,Almacenamiento,108.88,2.0,,0.0,Comunitat Valenciana
T2024-02137,2024-05-07,C0112,Raton ergonomico,Perifericos,44.22,1.0,10.0,3.38,Comunitat Valenciana
T2024-00221,2024-11-16,C0052,Altavoz bluetooth,Audio,72.08,5.0,0.0,0.0,Madrid
T2024-03115,2024-07-17,C0001,Raton ergonomico,Perifericos,48.3,4.0,10.0,0.0,Pais Vasco
T2024-03847,2024-08-03,C0027,Teclado mecanico,Perifericos,79.94,1.0,20.0,3.92,
T2024-00590,2024-12-07,C0919,Portatil 16 pulgadas,Informatica,1610.64,2.0,0.0,0.0,Pais Vasco
T2024-02433,2024-02-12,C0020,Disco SSD 2 TB,Almacenamiento,169.18,4.0,20.0,0.0,Madrid
T2024-04476,2024-04-22,C1029,Auriculares con cable,Perifericos,29.85,1.0,0.0,6.39,Cataluna
T2024-02791,2024-07-18,C0543,Auriculares con cable,Perifericos,28.27,1.0,0.0,4.29,Madrid
T2024-00159,2024-08-04,C0278,Teclado mecanico,Perifericos,85.9,1.0,30.0,6.81,Comunitat Valenciana
T2024-00716,2024-05-18,C0144,Disco SSD 1 TB,Almacenamiento,99.76,1.0,0.0,4.14,Andalucia
T2024-03692,2024-05-06,C0456,Disco SSD 2 TB,Almacenamiento,160.26,1.0,15.0,0.0,Madrid
T2024-01983,2024-06-23,C0104,Auriculares con cable,Perifericos,28.86,999.0,0.0,3.95,Madrid
T2024-03434,2024-05-28,C0622,Tarjeta microSD 256 GB,Almacenamiento,33.9,1.0,0.0,4.85,Comunitat Valenciana
T2024-D0046,2024-12-24,C0009,Auriculares con cable,Perifericos,31.13,4.0,5.0,8.14,Canarias
T2024-04524,2024-11-25,C0202,Barra de sonido,Audio,196.4,2.0,0.0,0.0,Comunitat Valenciana
T2024-01043,2024-12-24,C0011,Reloj inteligente,Vestible,192.33,3.0,0.0,0.0,Comunitat Valenciana
T2024-00453,2024-01-10,C0001,Tarjeta microSD 256 GB,Almacenamiento,36.69,3.0,0.0,0.0,Madrid
T2024-01362,2024-12-04,C0101,Barra de sonido,Audio,181.92,5.0,25.0,0.0,Andalucia
T2024-00668,2024-12-30,C0002,Altavoz bluetooth, Audio ,87.63,1.0,10.0,5.97,Comunitat Valenciana
T2024-04132,2024-03-22,C0586,Auriculares con cable,Perifericos,27.48,1.0,15.0,6.1,Pais Vasco
T2024-02280,2024-02-10,C0003,Reloj inteligente,Vestible,189.17,3.0,0.0,0.0,Madrid
T2024-04901,2024-04-28,C0105,Teclado mecanico,Perifericos,87.37,1.0,25.0,5.24,Comunitat Valenciana
T2024-00260,2024-05-09,C0304,Disco SSD 1 TB,Almacenamiento,102.5,1.0,5.0,0.0,Comunitat Valenciana
T2024-00273,2024-12-24,C0286,Auriculares con cable,Perifericos,33.27,3.0,0.0,4.28,Andalucia
T2024-04968,2024-12-09,C0256,Auriculares con cable,Perifericos,28.14,3.0,0.0,14.84,Canarias
T2024-04592,2024-04-22,C0967,Camara web 1080p,perifericos,74.23,3.0,0.0,0.0,Madrid
T2024-01606,2024-04-21,C0022,Disco SSD 2 TB,Almacenamiento,164.49,2.0,0.0,0.0,Andalucia
T2024-02215,2024-11-24,C0014,Camara web 1080p,Perifericos,68.15,3.0,5.0,0.0,Galicia
T2024-03146,2024-12-31,C0011,Camara web 1080p,Perifericos,65.05,1.0,0.0,3.51,
T2024-01061,2024-09-27,C0001,Tarjeta microSD 256 GB,Almacenamiento,30.78,1.0,0.0,5.28,Pais Vasco
T2024-02436,2024-11-17,C0064,Disco SSD 2 TB,Almacenamiento,178.46,1.0,10.0,0.0,Pais Vasco
T2024-04643,2024-12-07,C0018,Altavoz bluetooth,Audio,80.96,3.0,10.0,0.0,Comunitat Valenciana
T2024-02096,2024-12-20,C0003,Tablet 10 pulgadas,Telefonia,274.85,1.0,0.0,0.0,Cataluna
T2024-04657,2024-11-26,C0001,Movil gama media,Telefonia,377.7,1.0,0.0,0.0,Madrid
T2024-00279,2024-06-16,C0026,Disco SSD 2 TB,Almacenamiento,159.86,1.0,0.0,11.47,Canarias
T2024-04547,2024-09-10,C0068,Altavoz bluetooth,Audio,82.03,5.0,10.0,0.0,Comunitat Valenciana
T2024-02474,2024-08-10,C0285,Portatil 14 pulgadas,Informatica,820.39,5.0,30.0,13.58,Canarias
T2024-02857,2024-08-29,C0085,Auriculares inalambricos,Audio,118.2,2.0,35.0,0.0,Cataluna
T2024-02070,2024-12-02,C0644,Disco SSD 1 TB,Almacenamiento,103.86,4.0,0.0,0.0,Andalucia
T2024-01533,2024-11-22,C0093,Disco SSD 2 TB,Almacenamiento,156.51,1.0,0.0,13.84,Canarias
T2024-04121,2024-11-14,C0050,Tarjeta microSD 256 GB,Almacenamiento,35.07,3.0,10.0,0.0,Galicia
T2024-00212,2024-11-16,C0686,Disco SSD 1 TB,Almacenamiento,103.98,3.0,25.0,0.0,Galicia
T2024-00522,2024-04-07,C0370,Raton ergonomico,Perifericos,42.83,5.0,,0.0,Galicia
T2024-03429,2024-10-19,C0232,Tarjeta microSD 256 GB,Almacenamiento,34.1,2.0,30.0,5.13,Cataluna
T2024-01314,2024-12-16,C1032,Pulsera de actividad,Vestible,58.26,3.0,20.0,0.0,Cataluna
T2024-04117,2024-02-24,C0907,Altavoz bluetooth,Audio,79.48,4.0,0.0,0.0,Cataluna
T2024-04202,2024-09-11,C0693,Altavoz bluetooth,Audio,69.22,2.0,0.0,0.0,Comunitat Valenciana
T2024-04304,2024-02-16,C1034,Raton ergonomico,Perifericos,43.72,3.0,0.0,0.0,Comunitat Valenciana
T2024-03806,2024-11-11,C0348,Tarjeta microSD 256 GB,Almacenamiento,37.35,2.0,0.0,4.48,Comunitat Valenciana
T2024-00252,2024-02-28,C0247,Camara web 1080p,Perifericos,65.82,3.0,0.0,0.0,Andalucia
T2024-00654,2024-11-23,C0103,Altavoz bluetooth,Audio,82.44,2.0,0.0,0.0,Cataluna
T2024-02833,2024-12-22,C0282,Tarjeta microSD 256 GB,Almacenamiento,34.88,1.0,0.0,5.32,Comunitat Valenciana
T2024-02618,2024-12-15,C0033,Auriculares con cable,Perifericos,29.09,1.0,0.0,6.88,Pais Vasco
T2024-00404,2024-10-13,C0010,Tarjeta microSD 256 GB,Almacenamiento,35.54,1.0,0.0,5.38,Andalucia
T2024-03947,2024-11-30,C0023,Auriculares con cable,Perifericos,27.53,1.0,10.0,3.85,Comunitat Valenciana
T2024-01113,2024-04-03,C0001,Movil gama alta,Telefonia,1018.38,2.0,20.0,0.0,Comunitat Valenciana
T2024-00525,2024-11-30,C0182,Auriculares inalambricos,Audio,119.24,2.0,30.0,0.0,Comunitat Valenciana
T2024-04938,2024-07-07,C0559,Raton ergonomico,Perifericos,46.22,1.0,30.0,3.31,Cataluna
T2024-01103,2024-12-01,C1151,Raton ergonomico,Perifericos,45.11,4.0,0.0,0.0,Comunitat Valenciana
T2024-03436,2024-06-25,C0024,Altavoz bluetooth,Audio,78.84,3.0,0.0,0.0,Comunitat Valenciana
T2024-03490,2024-01-22,C0045,Movil gama alta,Telefonia,935.45,2.0,30.0,0.0,Cataluna
T2024-01330,2024-01-21,C0009,Pulsera de actividad,Vestible,55.63,2.0,0.0,0.0,Galicia
T2024-02277,2024-08-28,C0105,Pulsera de actividad,Vestible,57.13,3.0,0.0,0.0,Comunitat Valenciana
T2024-03976,2024-06-03,C0018,Disco SSD 1 TB,Almacenamiento,93.36,2.0,25.0,0.0,Cataluna
T2024-02395,2024-06-02,C0001,Camara web 1080p,Perifericos,75.17,1.0,15.0,4.18,Pais Vasco
T2024-01411,2024-02-19,C0326,Monitor 27 pulgadas,Informatica,236.78,1.0,0.0,0.0,Madrid
T2024-04922,2024-10-18,C0404,Tarjeta microSD 256 GB,Almacenamiento,32.06,5.0,0.0,0.0,Madrid
T2024-00802,2024-03-02,C0083,Disco SSD 2 TB,Almacenamiento,173.38,1.0,0.0,0.0,Pais Vasco
T2024-03945,2024-05-19,C0185,Portatil 16 pulgadas,Informatica,1522.0,4.0,0.0,0.0,Comunitat Valenciana
T2024-03664,2024-09-21,C0011,Raton ergonomico,Perifericos,44.71,3.0,0.0,0.0,Andalucia
T2024-03423,2024-02-25,C0002,Auriculares con cable,Perifericos,30.61,2.0,30.0,5.83,Cataluna
T2024-04112,2024-04-22,C0333,Raton ergonomico,Perifericos,46.56,1.0,30.0,3.44,Madrid
T2024-00106,2024-04-09,C0024,Teclado mecanico,Perifericos,92.12,1.0,0.0,6.08,Madrid
T2024-03756,2024-04-24,C0984,Portatil 16 pulgadas,Informatica,1528.66,2.0,0.0,0.0,Comunitat Valenciana
T2024-02421,2024-01-06,C0186,Camara web 1080p,Perifericos,68.32,1.0,10.0,5.24,Comunitat Valenciana
T2024-01423,2024-11-30,C0661,Raton ergonomico,Perifericos,47.54,1.0,20.0,10.57,Canarias
T2024-02164,2024-03-10,C0757,Reloj inteligente,Vestible,173.53,1.0,0.0,8.71,Canarias
T2024-01082,2024-04-30,C0010,Disco SSD 2 TB,Almacenamiento,174.44,4.0,0.0,0.0,Andalucia
T2024-02383,2024-05-12,C0018,Auriculares con cable,Perifericos,32.03,1.0,0.0,4.44,Comunitat Valenciana
T2024-00864,2024-10-27,C0002,Tarjeta microSD 256 GB,Almacenamiento,36.76,1.0,0.0,4.67,Comunitat Valenciana
T2024-02968,2024-07-10,C0379,Disco SSD 1 TB,Almacenamiento,91.3,1.0,5.0,11.87,Canarias
T2024-03074,2024-01-07,C0004,Portatil 14 pulgadas,Informatica,847.24,5.0,,0.0,Madrid
T2024-04155,2024-09-21,C0087,Auriculares con cable,Perifericos,27.12,1.0,0.0,5.52,Andalucia
T2024-04454,2024-04-25,C0429,Auriculares con cable,Perifericos,25.1,3.0,20.0,5.35,Cataluna
T2024-04730,2024-09-22,C0439,Disco SSD 1 TB,Almacenamiento,102.57,5.0,0.0,0.0,Comunitat Valenciana
T2024-03512,2024-03-16,C0072,Auriculares con cable,Perifericos,25.7,2.0,20.0,3.46,Madrid
T2024-00390,2024-09-25,C1049,Auriculares con cable,Perifericos,28.02,2.0,0.0,5.83,Cataluna
T2024-03422,2024-05-24,C0005,Tarjeta microSD 256 GB,Almacenamiento,33.05,1.0,0.0,3.85,Cataluna
T2024-01171,2024-06-05,C0133,Pulsera de actividad,Vestible,62.25,1.0,0.0,3.51,Comunitat Valenciana
T2024-04079,2024-11-13,C0240,Reloj inteligente,Vestible,189.77,2.0,0.0,0.0,Madrid
T2024-04833,2024-06-18,C0540,Camara web 1080p,Perifericos,62.92,4.0,0.0,0.0,Comunitat Valenciana
T2024-02218,2024-08-11,C0017,Camara web 1080p,Perifericos,77.02,5.0,0.0,0.0,Comunitat Valenciana
T2024-03749,2024-03-01,C0013,Auriculares con cable,Perifericos,30.47,5.0,0.0,0.0,Madrid
T2024-03943,2024-12-25,C1040,Auriculares con cable,Perifericos,28.74,1.0,0.0,5.02,Madrid
T2024-00995,2024-04-02,C0003,Raton ergonomico,Perifericos,40.21,3.0,0.0,0.0,Andalucia
T2024-02881,2024-07-16,C0107,Teclado mecanico,Perifericos,96.55,4.0,0.0,0.0,Madrid
T2024-00808,2024-12-23,C1171,Teclado mecanico,Perifericos,86.68,2.0,0.0,11.31,Canarias
T2024-D0043,2024-10-05,C0291,Portatil 16 pulgadas,Informatica,1464.56,5.0,0.0,0.0,Andalucia
T2024-03426,2024-07-09,C0102,Raton ergonomico,Perifericos,40.89,4.0,0.0,0.0,Cataluna
T2024-D0037,2024-09-16,C0207,Raton ergonomico,Perifericos,45.8,4.0,5.0,0.0,Comunitat Valenciana
T2024-00172,2024-12-31,C0765,Pulsera de actividad,Vestible,59.23,2.0,0.0,0.0,Pais Vasco
T2024-02248,2024-12-26,C0023,Portatil 16 pulgadas,INFORMATICA,1569.18,4.0,0.0,0.0,Comunitat Valenciana
T2024-02142,2024-09-14,C0337,Pulsera de actividad,Vestible,55.78,2.0,0.0,0.0,Cataluna
T2024-03654,2024-02-20,C1127,Auriculares inalambricos,Audio,139.45,2.0,10.0,0.0,Cataluna
T2024-03897,2024-11-11,C0414,Altavoz bluetooth,Audio,74.61,2.0,25.0,0.0,Cataluna
T2024-00100,2024-12-14,C0031,Disco SSD 1 TB,Almacenamiento,91.71,4.0,0.0,0.0,Cataluna
T2024-01217,2024-01-10,C0071,Auriculares con cable,Perifericos,28.65,5.0,0.0,0.0,Andalucia
T2024-03591,2024-12-27,C0105,Portatil 16 pulgadas,Informatica,1443.47,4.0,15.0,0.0,Cataluna
T2024-02111,2024-06-25,C0039,Teclado mecanico,Perifericos,84.09,2.0,0.0,0.0,Comunitat Valenciana
T2024-04280,2024-01-26,C0034,Teclado mecanico,Perifericos,92.62,1.0,0.0,3.91,Madrid
T2024-01723,2024-12-21,C0574,Auriculares con cable,Perifericos,28.95,2.0,10.0,4.48,Comunitat Valenciana
T2024-00595,2024-04-26,C0549,Auriculares con cable,Perifericos,26.8,1.0,0.0,4.19,Cataluna
T2024-03557,2024-01-24,C0239,Tablet 10 pulgadas,Telefonia,293.79,4.0,0.0,0.0,Madrid
T2024-03181,2024-09-07,C0823,Altavoz bluetooth,Audio,74.62,2.0,0.0,0.0,Cataluna
T2024-00173,2024-03-26,C1170,Pulsera de actividad,Vestible,60.7,5.0,0.0,0.0,Andalucia
T2024-03110,2024-11-15,C0003,Movil gama media,Telefonia,322.8,1.0,0.0,0.0,Comunitat Valenciana
T2024-04793,2024-04-29,C0495,Reloj inteligente,Vestible,210.79,2.0,0.0,14.75,Canarias
T2024-04714,2024-10-12,C0004,Disco SSD 2 TB,Almacenamiento,187.64,2.0,0.0,0.0,Andalucia
T2024-03230,2024-09-26,C0044,Auriculares con cable,Perifericos,30.37,1.0,0.0,4.94,Comunitat Valenciana
T2024-00028,2024-12-18,C0371,Auriculares con cable,Perifericos,29.88,3.0,15.0,6.39,Cataluna
T2024-00644,2024-01-14,C0473,Camara web 1080p,Perifericos,71.76,1.0,5.0,3.85,Comunitat Valenciana
T2024-04337,2024-02-17,C0038,Portatil 16 pulgadas,Informatica,1563.84,3.0,0.0,0.0,Cataluna
T2024-04435,2024-11-26,C0288,Camara web 1080p,Perifericos,71.27,2.0,25.0,0.0,Madrid
T2024-01667,2024-05-18,C0855,Disco SSD 1 TB,Almacenamiento,101.87,4.0,0.0,0.0,Madrid
T2024-01408,2024-12-14,C0087,Monitor 27 pulgadas,Informatica,257.57,1.0,0.0,0.0,Madrid
T2024-03038,2024-12-15,C0871,Barra de sonido,Audio,185.39,4.0,0.0,0.0,Cataluna
T2024-03141,2024-04-11,C0161,Disco SSD 1 TB,Almacenamiento,97.75,5.0,0.0,0.0,
T2024-00846,2024-09-17,C0022,Auriculares con cable,Perifericos,29.15,1.0,0.0,4.1,Madrid
T2024-02327,2024-12-31,C0001,Auriculares inalambricos,Audio,123.04,2.0,0.0,0.0,Comunitat Valenciana
T2024-01397,2024-12-06,C0039,Teclado mecanico,Perifericos,91.31,1.0,0.0,4.33,Galicia
T2024-02666,2024-10-19,C0074,Barra de sonido,Audio,187.99,5.0,10.0,0.0,Comunitat Valenciana
T2024-02776,2024-06-05,C0681,Auriculares inalambricos,Audio,127.58,3.0,0.0,0.0,Cataluna
T2024-02290,2024-06-10,C0008,Altavoz bluetooth,Audio,86.35,5.0,10.0,0.0,Madrid
T2024-01306,2024-06-20,C0268,Tarjeta microSD 256 GB,Almacenamiento,31.71,3.0,0.0,5.09,Cataluna
T2024-00759,2024-06-09,C0165,Auriculares con cable,Perifericos,28.56,2.0,5.0,5.52,Comunitat Valenciana
T2024-00345,2024-04-25,C0060,Tablet 10 pulgadas,Telefonia,305.5,2.0,30.0,0.0,Cataluna
T2024-00790,2024-11-09,C0001,Tablet 10 pulgadas,Telefonia,283.83,1.0,10.0,0.0,Andalucia
T2024-01352,2024-11-10,C0004,Teclado mecanico,Perifericos,88.12,1.0,0.0,3.74,Madrid
T2024-04462,2024-12-24,C0068,Tarjeta microSD 256 GB,Almacenamiento,32.16,2.0,5.0,3.17,Comunitat Valenciana
T2024-01727,2024-09-27,C0008,Monitor 27 pulgadas,Informatica,261.86,2.0,25.0,0.0,Cataluna
T2024-03324,2024-01-31,C0319,Raton ergonomico,Perifericos,41.36,1.0,15.0,3.62,Andalucia
T2024-02928,2024-02-25,C0110,Raton ergonomico,Perifericos,44.06,1.0,0.0,3.78,Madrid
T2024-00877,2024-01-24,C0002,Disco SSD 2 TB,Almacenamiento,159.99,4.0,0.0,0.0,Comunitat Valenciana
T2024-02148,2024-03-20,C0263,Disco SSD 2 TB,Almacenamiento,172.12,5.0,0.0,0.0,Madrid
T2024-02267,2024-01-02,C0003,Auriculares con cable,Perifericos,30.68,1.0,30.0,5.1,Comunitat Valenciana
T2024-02356,2024-12-01,C0013,Altavoz bluetooth,Audio,77.58,3.0,10.0,0.0,Comunitat Valenciana
T2024-00552,2024-07-02,C0912,Tarjeta microSD 256 GB,Almacenamiento,34.47,5.0,30.0,0.0,Galicia
T2024-00998,2024-03-02,C0082,Movil gama alta,Telefonía,987.62,3.0,,0.0,Comunitat Valenciana
T2024-01657,2024-11-12,C0133,Tablet 10 pulgadas,Telefonia,280.69,5.0,,0.0,Cataluna
T2024-00040,2024-12-05,C0043,Altavoz bluetooth,Audio,82.38,1.0,10.0,3.68,Madrid
T2024-04920,2024-04-20,C0500,Raton ergonomico,Perifericos,43.9,4.0,0.0,0.0,Cataluna
T2024-04139,2024-09-23,C0324,Disco SSD 1 TB,Almacenamiento,104.22,5.0,0.0,0.0,Madrid
T2024-00179,2024-02-25,C0050,Disco SSD 1 TB,Almacenamiento,90.26,3.0,10.0,0.0,Comunitat Valenciana
T2024-04394,2024-05-22,C0611,Teclado mecanico,Perifericos,98.51,2.0,20.0,0.0,Cataluna
T2024-04796,2024-04-11,C0001,Auriculares con cable,Perifericos,26.67,5.0,0.0,0.0,Comunitat Valenciana
T2024-02243,2024-07-12,C0012,Tarjeta microSD 256 GB,Almacenamiento,35.33,5.0,0.0,0.0,Cataluna
T2024-01474,2024-11-17,C0158,Disco SSD 2 TB,Almacenamiento,162.94,1.0,0.0,0.0,Madrid
T2024-01932,2024-12-31,C0260,Reloj inteligente,Vestible,196.3,2.0,30.0,0.0,Cataluna
T2024-01610,2024-01-23,C0584,Tarjeta microSD 256 GB,Almacenamiento,35.66,1.0,0.0,4.2,
T2024-04877,2024-07-13,C0521,Reloj inteligente,Vestible,166.25,1.0,30.0,0.0,Comunitat Valenciana
T2024-01192,2024-09-01,C0016,Reloj inteligente,Vestible,188.21,1.0,0.0,0.0,Galicia
T2024-02522,2024-01-10,C0480,Auriculares inalambricos,Audio,129.32,4.0,25.0,0.0,Andalucia
T2024-04927,2024-08-16,C0064,Raton ergonomico,Perifericos,43.36,1.0,10.0,4.02,Comunitat Valenciana
T2024-02412,2024-11-04,C0899,Movil gama alta,Telefonia,954.11,1.0,0.0,0.0,Madrid
T2024-04366,2024-07-13,C0001,Camara web 1080p,Perifericos,66.88,2.0,30.0,0.0,Cataluna
T2024-00061,2024-11-08,C0916,Teclado mecanico,Perifericos,89.35,1.0,0.0,4.87,Andalucia
T2024-04248,2024-12-17,C0229,Auriculares inalambricos,Audio,115.0,1.0,0.0,0.0,Madrid
T2024-01925,2024-11-29,C0001,Auriculares con cable,Perifericos,-27.26,4.0,20.0,13.39,Canarias
T2024-03092,2024-02-27,C0004,Tarjeta microSD 256 GB,Almacenamiento,32.34,1.0,0.0,4.27,Comunitat Valenciana
T2024-04653,2024-09-27,C0057,Camara web 1080p,Perifericos,69.2,3.0,0.0,0.0,Cataluna
T2024-01152,2024-02-27,C0186,Teclado mecanico,Perifericos,88.79,3.0,5.0,0.0,Pais Vasco
T2024-04225,2024-03-09,C0024,Tarjeta microSD 256 GB,Almacenamiento,34.92,3.0,0.0,14.61,Canarias
T2024-01986,2024-01-17,C0250,Camara web 1080p,Perifericos,69.99,5.0,0.0,11.33,Canarias
T2024-00010,2024-11-19,C1128,Reloj inteligente,Vestible,199.72,5.0,0.0,0.0,Galicia
T2024-01400,2024-10-26,C0008,Auriculares inalambricos, Audio ,112.01,4.0,30.0,0.0,Pais Vasco
T2024-03688,2024-01-12,C0141,Altavoz bluetooth,Audio,67.35,4.0,0.0,0.0,Pais Vasco
T2024-04961,2024-02-28,C0526,Portatil 14 pulgadas,INFORMATICA,900.67,2.0,25.0,0.0,Comunitat Valenciana
T2024-01694,2024-06-21,C0914,Teclado mecanico,Perifericos,75.64,1.0,0.0,5.01,Comunitat Valenciana
T2024-00713,2024-11-21,C0505,Auriculares con cable,Perifericos,25.95,3.0,0.0,3.99,Comunitat Valenciana
T2024-01319,2024-12-20,C0566,Auriculares con cable,Perifericos,29.41,3.0,0.0,6.9,Cataluna
T2024-03127,2024-12-26,C0055,Auriculares con cable,Perifericos,32.1,2.0,0.0,4.58,Cataluna
T2024-02068,2024-06-22,C1190,Barra de sonido,Audio,225.36,2.0,0.0,0.0,Comunitat Valenciana
T2024-00229,2024-02-08,C0876,Disco SSD 1 TB,Almacenamiento,94.31,3.0,25.0,0.0,Cataluna
T2024-02457,2024-04-19,C0056,Disco SSD 1 TB,Almacenamiento,106.78,4.0,5.0,9.7,Canarias
T2024-02972,2024-05-17,C0095,Movil gama alta,Telefonía,1132.89,1.0,30.0,0.0,Andalucia
T2024-01338,2024-12-01,C0044,Auriculares con cable,Perifericos,29.52,1.0,5.0,6.46,Andalucia
T2024-01662,2024-05-22,C0021,Pulsera de actividad,Vestible,60.17,1.0,10.0,3.03,Madrid
T2024-00834,2024-12-15,C0035,Reloj inteligente,Vestible,181.46,1.0,25.0,0.0,Comunitat Valenciana
T2024-01989,2024-10-15,C0661,Pulsera de actividad,Vestible,51.54,2.0,0.0,0.0,Madrid
T2024-03050,2024-03-09,C0065,Monitor 27 pulgadas,INFORMATICA,252.71,2.0,15.0,0.0,Pais Vasco
T2024-01162,2024-10-27,C0321,Auriculares inalambricos,Audio,139.03,4.0,25.0,0.0,Galicia
T2024-00545,2024-11-10,C0094,Teclado mecanico,Perifericos,88.02,5.0,,0.0,Galicia
T2024-02982,2024-01-20,C0005,Auriculares con cable,Perifericos,28.03,1.0,0.0,4.58,Pais Vasco
T2024-01801,2024-03-12,C1182,Tarjeta microSD 256 GB,Almacenamiento,31.2,3.0,20.0,6.19,Cataluna
T2024-03493,2024-07-02,C0170,Movil gama media,Telefonia,335.01,5.0,0.0,0.0,Andalucia
T2024-00074,2024-10-25,C0247,Monitor 27 pulgadas,Informatica,244.71,1.0,0.0,0.0,Comunitat Valenciana
T2024-01958,2024-10-03,C0378,Teclado mecanico,Perifericos,83.75,2.0,5.0,0.0,Comunitat Valenciana
T2024-02978,2024-07-24,C0003,Altavoz bluetooth,Audio,85.92,1.0,10.0,3.41,Andalucia
T2024-02922,2024-06-24,C1095,Auriculares inalambricos,Audio,123.8,2.0,0.0,0.0,Madrid
T2024-03941,2024-03-24,C0227,Auriculares con cable,Perifericos,28.6,4.0,0.0,0.0,Madrid
T2024-01789,2024-12-17,C0300,Pulsera de actividad,Vestible,55.94,5.0,0.0,0.0,Cataluna
T2024-02734,2024-01-07,C0116,Tarjeta microSD 256 GB,Almacenamiento,35.43,3.0,0.0,0.0,Andalucia
T2024-00778,2024-03-25,C0520,Tarjeta microSD 256 GB,Almacenamiento,34.45,1.0,0.0,4.75,Comunitat Valenciana
T2024-00533,2024-06-12,C0041,Auriculares inalambricos,Audio,120.77,4.0,10.0,0.0,Madrid
T2024-04576,2024-07-12,C0242,Tarjeta microSD 256 GB,Almacenamiento,32.82,1.0,0.0,6.69,Madrid
T2024-00356,2024-01-20,C0021,Portatil 16 pulgadas,INFORMATICA,1517.97,2.0,0.0,0.0,Madrid
T2024-01102,2024-09-02,C0158,Tarjeta microSD 256 GB,Almacenamiento,35.25,3.0,0.0,0.0,Madrid
T2024-01979,2024-07-09,C0008,Tarjeta microSD 256 GB,Almacenamiento,36.14,3.0,5.0,0.0,Andalucia
T2024-04745,2024-12-30,C0447,Pulsera de actividad,Vestible,59.33,5.0,0.0,0.0,Comunitat Valenciana
T2024-02085,2024-12-03,C0076,Camara web 1080p,Perifericos,74.34,1.0,30.0,5.92,Madrid
T2024-03210,2024-12-22,C0003,Raton ergonomico,Perifericos,45.41,4.0,15.0,0.0,Andalucia
T2024-00242,2024-10-30,C0478,Disco SSD 2 TB,Almacenamiento,174.14,5.0,0.0,0.0,Cataluna
T2024-01649,2024-12-27,C0009,Tablet 10 pulgadas,Telefonia,270.84,5.0,0.0,0.0,Cataluna
T2024-03935,2024-07-20,C0001,Disco SSD 1 TB,Almacenamiento,93.84,2.0,0.0,0.0,Comunitat Valenciana
T2024-03396,2024-12-12,C0563,Auriculares inalambricos,Audio,116.93,3.0,,0.0,Comunitat Valenciana
T2024-01541,2024-12-03,C1181,Teclado mecanico,Perifericos,89.11,2.0,15.0,0.0,Cataluna
T2024-03292,2024-12-11,C0938,Tablet 10 pulgadas,Telefonia,272.1,2.0,30.0,0.0,Andalucia
T2024-03819,2024-05-08,C0309,Teclado mecanico,Perifericos,82.82,1.0,0.0,3.99,Pais Vasco
T2024-02410,2024-09-24,C0327,Camara web 1080p,Perifericos,69.7,3.0,0.0,0.0,Cataluna
T2024-03418,2024-04-24,C0761,Altavoz bluetooth,Audio,81.55,2.0,0.0,0.0,Comunitat Valenciana
T2024-01944,2024-10-25,C0099,Tarjeta microSD 256 GB,Almacenamiento,35.18,2.0,0.0,4.74,Cataluna
T2024-02866,2024-02-18,C0001,Tarjeta microSD 256 GB,Almacenamiento,32.71,1.0,0.0,3.36,Madrid
T2024-02381,2024-03-25,C0006,Pulsera de actividad,Vestible,61.71,3.0,0.0,0.0,Comunitat Valenciana
T2024-04784,2024-12-06,C0025,Auriculares con cable,Perifericos,28.94,4.0,0.0,0.0,Andalucia
T2024-02054,2024-05-20,C0051,Raton ergonomico,Perifericos,44.1,1.0,15.0,5.31,Comunitat Valenciana
T2024-00659,2024-05-24,C0017,Auriculares con cable,Perifericos,28.14,1.0,0.0,3.65,Comunitat Valenciana
T2024-01778,2024-02-10,C0003,Camara web 1080p,Perifericos,80.84,5.0,0.0,0.0,Andalucia
T2024-01186,2024-01-10,C0002,Pulsera de actividad,Vestible,55.62,2.0,20.0,0.0,Comunitat Valenciana
T2024-03367,2024-12-15,C0002,Tarjeta microSD 256 GB,Almacenamiento,31.41,5.0,0.0,0.0,Cataluna
T2024-00371,2024-10-09,C0368,Portatil 14 pulgadas,Informatica,898.95,1.0,20.0,0.0,Madrid
T2024-02675,2024-05-11,C0006,Teclado mecanico,Perifericos,97.65,1.0,0.0,3.36,Andalucia
T2024-01208,2024-10-28,C0070,Auriculares con cable,Perifericos,29.29,4.0,,0.0,Pais Vasco
T2024-04415,2024-12-16,C0457,Tarjeta microSD 256 GB,Almacenamiento,35.96,3.0,0.0,0.0,Madrid
T2024-01634,2024-05-26,C0069,Movil gama alta,Telefonia,955.61,2.0,0.0,0.0,Madrid
T2024-04445,2024-06-30,C0202,Camara web 1080p,Perifericos,74.27,4.0,0.0,0.0,Madrid
T2024-03027,2024-03-14,C0023,Monitor 27 pulgadas,Informatica,259.75,5.0,0.0,0.0,Comunitat Valenciana
T2024-00685,2024-12-17,C0424,Movil gama alta,Telefonia,1047.75,5.0,30.0,0.0,Comunitat Valenciana
T2024-03256,2024-03-30,C0826,Tarjeta microSD 256 GB,Almacenamiento,37.69,5.0,0.0,0.0,Comunitat Valenciana
T2024-03380,2024-11-03,C0889,Pulsera de actividad,Vestible,56.04,1.0,0.0,4.55,Comunitat Valenciana
T2024-00181,2024-06-22,C0931,Disco SSD 1 TB,Almacenamiento,101.46,1.0,0.0,0.0,Pais Vasco
T2024-03674,2024-11-09,C0002,Reloj inteligente,Vestible,184.5,1.0,0.0,0.0,Madrid
T2024-00966,2024-04-09,C0023,Auriculares inalambricos,Audio,124.63,1.0,10.0,0.0,Comunitat Valenciana
T2024-01807,2024-10-12,C0028,Tarjeta microSD 256 GB,Almacenamiento,33.18,1.0,0.0,4.16,Madrid
T2024-03927,2024-05-14,C0447,Teclado mecanico,Perifericos,89.85,1.0,0.0,5.44,Madrid
T2024-03430,2024-12-22,C0039,Auriculares con cable,Perifericos,29.34,2.0,5.0,6.07,Madrid
T2024-02954,2024-01-06,C0146,Barra de sonido,Audio,221.73,2.0,0.0,0.0,Cataluna
T2024-02247,2024-02-07,C0015,Auriculares con cable,Perifericos,28.73,1.0,25.0,10.7,Canarias
T2024-02130,2024-11-03,C0547,Auriculares con cable,Perifericos,30.18,4.0,25.0,0.0,Madrid
T2024-01284,2024-03-14,C0011,Auriculares con cable,Perifericos,32.23,2.0,5.0,14.56,Canarias
T2024-02314,2024-11-09,C0828,Auriculares con cable,Perifericos,28.76,1.0,15.0,13.21,Canarias
T2024-03798,2024-12-25,C0024,Raton ergonomico,Perifericos,39.43,1.0,0.0,6.48,Madrid
T2024-02095,2024-11-10,C0754,Pulsera de actividad,Vestible,62.09,1.0,0.0,4.21,Comunitat Valenciana
T2024-00467,2024-12-28,C0002,Raton ergonomico,Perifericos,46.76,4.0,15.0,0.0,Comunitat Valenciana
T2024-02124,2024-10-31,C0024,Altavoz bluetooth,Audio,82.6,5.0,10.0,0.0,Madrid
T2024-03184,2024-07-07,C0463,Movil gama media,Telefonia,360.14,2.0,10.0,0.0,Cataluna
T2024-03584,2024-10-21,C0001,Disco SSD 2 TB,Almacenamiento,158.41,2.0,5.0,0.0,Comunitat Valenciana
T2024-01783,2024-12-02,C0002,Auriculares con cable,Perifericos,28.64,1.0,0.0,6.1,Madrid
T2024-00200,2024-05-19,C0353,Monitor 27 pulgadas,Informatica,265.65,1.0,0.0,0.0,Cataluna
T2024-04513,2024-07-28,C0452,Teclado mecanico,Perifericos,84.61,1.0,0.0,6.1,Andalucia
T2024-04241,2024-04-08,C0016,Altavoz bluetooth,Audio,78.35,4.0,25.0,0.0,Pais Vasco
T2024-02026,2024-04-09,C0736,Raton ergonomico,Perifericos,41.91,4.0,0.0,0.0,Cataluna
T2024-00581,2024-01-21,C0246,Tablet 10 pulgadas,Telefonia,270.6,5.0,5.0,0.0,Cataluna
T2024-03740,2024-08-19,C0332,Raton ergonomico,Perifericos,45.51,5.0,0.0,0.0,Madrid
T2024-00649,2024-12-16,C0003,Tarjeta microSD 256 GB,Almacenamiento,33.14,2.0,0.0,3.7,Comunitat Valenciana
T2024-02525,2024-04-06,C0981,Altavoz bluetooth,Audio,71.38,1.0,0.0,5.25,Comunitat Valenciana
T2024-03019,2024-12-03,C0466,Auriculares con cable,Perifericos,29.33,1.0,15.0,5.06,Madrid
T2024-04261,2024-11-01,C0073,Reloj inteligente,Vestible,192.7,1.0,0.0,0.0,Madrid
T2024-00997,2024-02-15,C0615,Raton ergonomico,Perifericos,44.83,4.0,0.0,0.0,Madrid
T2024-01908,2024-06-08,C0044,Reloj inteligente,Vestible,191.02,3.0,0.0,0.0,Comunitat Valenciana
T2024-01022,2024-06-30,C0001,Teclado mecanico,Perifericos,99.63,1.0,5.0,5.52,Cataluna
T2024-01674,2024-09-20,C0001,Auriculares inalambricos,Audio,116.84,4.0,30.0,0.0,Andalucia
T2024-01734,2024-10-17,C0040,Auriculares con cable,Perifericos,26.13,5.0,0.0,0.0,Madrid
T2024-02240,2024-01-21,C0066,Camara web 1080p,Perifericos,63.88,5.0,0.0,0.0,Pais Vasco
T2024-01866,2024-12-05,C0027,Altavoz bluetooth, Audio ,88.29,4.0,10.0,0.0,Galicia
T2024-01223,2024-02-21,C0008,Disco SSD 1 TB,Almacenamiento,90.57,4.0,0.0,0.0,Andalucia
T2024-03385,2024-06-11,C0018,Tarjeta microSD 256 GB,Almacenamiento,33.71,1.0,0.0,6.34,Madrid
T2024-01331,2024-10-02,C0002,Reloj inteligente,Vestible,187.79,1.0,10.0,13.54,Canarias
T2024-03420,2024-06-29,C0135,Disco SSD 2 TB,Almacenamiento,154.79,1.0,10.0,0.0,Comunitat Valenciana
T2024-02765,2024-11-09,C0273,Auriculares inalambricos,Audio,141.38,,10.0,0.0,Andalucia
T2024-03165,2024-05-17,C0210,Disco SSD 1 TB,Almacenamiento,87.25,1.0,0.0,4.81,
T2024-04572,2024-03-29,C0018,Movil gama alta,Telefonia,1031.48,5.0,0.0,0.0,Comunitat Valenciana
T2024-00067,2024-02-20,C0441,Teclado mecanico,Perifericos,92.69,1.0,0.0,5.84,Cataluna
T2024-03810,2024-04-29,C0131,Tablet 10 pulgadas,Telefonia,304.8,2.0,30.0,0.0,Madrid
T2024-00046,2024-10-20,C0275,Raton ergonomico,Perifericos,47.19,2.0,0.0,3.0,Madrid
T2024-04008,2024-06-30,C0002,Tarjeta microSD 256 GB,Almacenamiento,35.03,4.0,25.0,0.0,Galicia
T2024-04342,2024-01-16,C0005,Altavoz bluetooth,Audio,71.18,1.0,20.0,3.27,Galicia
T2024-01820,2024-11-17,C0042,Teclado mecanico,Perifericos,86.24,4.0,0.0,0.0,Cataluna
T2024-02252,2024-11-07,C0330,Pulsera de actividad,Vestible,54.37,2.0,0.0,0.0,
T2024-03825,2024-01-12,C1104,Movil gama media,Telefonia,348.26,5.0,0.0,0.0,Galicia
T2024-04900,2024-05-15,C0283,Barra de sonido, Audio ,189.96,3.0,25.0,0.0,Madrid
T2024-01134,2024-07-29,C0548,Disco SSD 2 TB,Almacenamiento,175.81,1.0,0.0,0.0,Comunitat Valenciana
T2024-03464,2024-04-08,C0200,Auriculares con cable,Perifericos,29.63,3.0,0.0,5.47,Madrid
T2024-02463,2024-11-02,C0027,Tarjeta microSD 256 GB,Almacenamiento,33.56,3.0,0.0,0.0,Galicia
T2024-01708,2024-06-18,C0065,Camara web 1080p,Perifericos,68.48,1.0,0.0,5.99,Andalucia
T2024-02015,2024-10-16,C0185,Tarjeta microSD 256 GB,Almacenamiento,36.9,1.0,30.0,5.18,Madrid
T2024-04070,2024-07-28,C0003,Pulsera de actividad,Vestible,59.73,1.0,0.0,6.53,Pais Vasco
T2024-03156,2024-05-19,C0127,Auriculares con cable,Perifericos,27.12,1.0,5.0,3.68,Comunitat Valenciana
T2024-01715,2024-10-22,C0006,Auriculares inalambricos,Audio,125.71,1.0,10.0,0.0,Comunitat Valenciana
T2024-04971,2024-02-18,C0205,Movil gama media,Telefonia,388.38,1.0,0.0,0.0,Madrid
T2024-04953,2024-10-10,C0267,Camara web 1080p,perifericos,68.14,1.0,20.0,3.15,Madrid
T2024-01845,2024-05-21,C0002,Auriculares con cable,Perifericos,29.45,1.0,10.0,6.84,Madrid
T2024-03140,2024-12-08,C0119,Teclado mecanico,Perifericos,93.31,5.0,0.0,0.0,Madrid
T2024-03340,2024-10-22,C0172,Teclado mecanico,Perifericos,81.3,5.0,0.0,0.0,Pais Vasco
T2024-01079,2024-05-14,C0183,Tablet 10 pulgadas,Telefonia,323.65,,0.0,0.0,Pais Vasco
T2024-04290,2024-05-09,C0307,Tarjeta microSD 256 GB,Almacenamiento,31.16,1.0,0.0,3.66,Madrid
T2024-03503,2024-12-05,C0045,Tablet 10 pulgadas,Telefonia,286.15,5.0,5.0,0.0,Andalucia
T2024-02341,2024-01-18,C0581,Auriculares con cable,Perifericos,28.17,1.0,0.0,6.66,Cataluna
T2024-01304,2024-08-07,C0007,Tarjeta microSD 256 GB,Almacenamiento,32.33,5.0,0.0,0.0,Pais Vasco
T2024-01282,2024-12-05,C0005,Auriculares con cable,Perifericos,29.91,2.0,20.0,5.29,Madrid
T2024-01033,2024-07-26,C0055,Pulsera de actividad,Vestible,51.17,2.0,0.0,0.0,Comunitat Valenciana
T2024-03659,2024-05-30,C0743,Raton ergonomico,Perifericos,44.73,2.0,0.0,6.23,Cataluna
T2024-04258,2024-04-25,C0055,Tablet 10 pulgadas,Telefonia,272.08,5.0,10.0,0.0,Comunitat Valenciana
T2024-03610,2024-10-23,C1114,Reloj inteligente,Vestible,183.33,4.0,30.0,0.0,Comunitat Valenciana
T2024-02485,2024-07-20,C0014,Tablet 10 pulgadas,Telefonía,285.87,4.0,0.0,0.0,Cataluna
T2024-02953,2024-11-08,C0323,Raton ergonomico,Perifericos,42.47,1.0,0.0,6.27,Comunitat Valenciana
T2024-04182,2024-12-27,C0073,Auriculares con cable,Perifericos,23.78,1.0,0.0,4.35,Cataluna
T2024-04403,2024-06-06,C0012,Movil gama media,Telefonia,381.02,4.0,0.0,0.0,Pais Vasco
T2024-00431,2024-11-12,C0003,Auriculares con cable,Perifericos,27.53,5.0,0.0,0.0,Comunitat Valenciana
T2024-02643,2024-06-22,C0004,Disco SSD 1 TB,Almacenamiento,95.66,2.0,0.0,0.0,Galicia
T2024-04432,2024-11-11,C1163,Reloj inteligente,Vestible,180.65,5.0,0.0,0.0,Madrid
T2024-03178,2024-11-19,C0173,Reloj inteligente,Vestible,186.62,4.0,0.0,0.0,
T2024-03885,2024-02-27,C0898,Disco SSD 2 TB,Almacenamiento,183.35,1.0,0.0,0.0,Comunitat Valenciana
T2024-04668,2024-12-17,C0070,Camara web 1080p,Perifericos,67.46,1.0,0.0,5.27,Madrid
T2024-04350,2024-08-21,C0350,Movil gama media,Telefonia,353.23,2.0,0.0,0.0,Galicia
T2024-04559,2024-04-10,C0003,Altavoz bluetooth,Audio,81.32,4.0,10.0,0.0,Comunitat Valenciana
T2024-04387,2024-04-26,C0015,Tablet 10 pulgadas,Telefonia,256.02,4.0,0.0,0.0,Cataluna
T2024-00434,2024-06-13,C0130,Camara web 1080p,Perifericos,71.42,1.0,0.0,4.55,Andalucia
T2024-01407,2024-11-29,C0001,Disco SSD 1 TB,Almacenamiento,102.55,2.0,30.0,0.0,Comunitat Valenciana
T2024-04518,2024-08-01,C0004,Altavoz bluetooth,Audio,83.48,2.0,0.0,0.0,Andalucia
T2024-00382,2024-01-02,C0001,Pulsera de actividad,Vestible,64.4,5.0,0.0,0.0,Comunitat Valenciana
T2024-00089,2024-08-07,C0470,Camara web 1080p,Perifericos,67.74,1.0,0.0,6.64,Andalucia
T2024-03130,2024-12-20,C0266,Tarjeta microSD 256 GB,Almacenamiento,38.38,5.0,0.0,0.0,Comunitat Valenciana
T2024-02462,2024-07-09,C0004,Auriculares inalambricos,Audio,131.24,2.0,0.0,0.0,Madrid
T2024-03969,2024-11-09,C0008,Auriculares inalambricos,Audio,134.29,5.0,0.0,0.0,Comunitat Valenciana
T2024-03011,2024-05-06,C0621,Movil gama alta,Telefonia,1018.31,5.0,0.0,0.0,Andalucia
T2024-01070,2024-05-23,C0365,Raton ergonomico,Perifericos,42.1,2.0,20.0,5.52,Andalucia
T2024-01290,2024-07-22,C0002,Tarjeta microSD 256 GB,Almacenamiento,32.73,2.0,0.0,6.03,Galicia
T2024-00666,2024-02-24,C0103,Pulsera de actividad,Vestible,55.77,1.0,0.0,5.38,Comunitat Valenciana
T2024-03163,2024-05-14,C0015,Camara web 1080p,perifericos,-67.99,1.0,0.0,3.63,Pais Vasco
T2024-04368,2024-05-27,C0189,Altavoz bluetooth,Audio,83.37,1.0,15.0,5.65,Galicia
T2024-02933,2024-11-19,C0163,Disco SSD 2 TB,Almacenamiento,157.08,5.0,0.0,0.0,Pais Vasco
T2024-01660,2024-09-14,C0005,Pulsera de actividad,Vestible,64.42,5.0,0.0,0.0,Pais Vasco
T2024-03911,2024-09-27,C0351,Camara web 1080p,Perifericos,68.71,1.0,15.0,5.11,Madrid
T2024-03776,2024-02-20,C0025,Disco SSD 1 TB,Almacenamiento,100.25,3.0,0.0,0.0,Cataluna
T2024-02021,2024-09-14,C1045,Pulsera de actividad,Vestible,61.63,1.0,0.0,5.17,Pais Vasco
T2024-03088,2024-12-13,C0053,Teclado mecanico,Perifericos,86.35,3.0,0.0,0.0,Madrid
T2024-01690,2024-03-14,C0136,Barra de sonido,Audio,180.47,2.0,25.0,0.0,Comunitat Valenciana
T2024-00297,2024-08-05,C0050,Monitor 27 pulgadas,Informatica,260.64,4.0,0.0,0.0,Andalucia
T2024-02359,2024-07-01,C0792,Tarjeta microSD 256 GB,Almacenamiento,33.66,1.0,10.0,10.28,Canarias
T2024-02543,2024-02-05,C0557,Tarjeta microSD 256 GB,Almacenamiento,34.11,4.0,0.0,8.88,Canarias
T2024-03071,2024-12-04,C0265,Barra de sonido,Audio,202.52,5.0,0.0,0.0,Madrid
T2024-00761,2024-03-08,C0002,Altavoz bluetooth,Audio,75.05,5.0,10.0,0.0,Comunitat Valenciana
T2024-04032,2024-12-07,C0019,Movil gama media,Telefonia,369.24,3.0,0.0,0.0,Madrid
T2024-01445,2024-11-10,C0746,Pulsera de actividad,Vestible,67.73,3.0,-10.0,0.0,Andalucia
T2024-00979,2024-11-18,C0749,Barra de sonido,Audio,213.58,1.0,0.0,0.0,Cataluna
T2024-02467,2024-07-14,C0013,Auriculares con cable,Perifericos,30.16,1.0,0.0,3.1,Madrid
T2024-02635,2024-12-19,C0553,Movil gama media,Telefonia,335.6,2.0,0.0,0.0,Cataluna
T2024-02815,2024-09-10,C0553,Pulsera de actividad,Vestible,57.0,1.0,0.0,5.78,Andalucia
T2024-03149,2024-11-06,C0375,Monitor 27 pulgadas,Informatica,260.51,1.0,0.0,0.0,Comunitat Valenciana
T2024-02796,2024-03-02,C0002,Auriculares inalambricos,Audio,136.83,1.0,40.0,0.0,Pais Vasco
T2024-00674,2024-12-29,C0079,Movil gama media,Telefonia,331.02,2.0,0.0,0.0,Andalucia
T2024-04398,2024-11-23,C0935,Pulsera de actividad,Vestible,54.08,3.0,0.0,0.0,Comunitat Valenciana
T2024-02867,2024-07-03,C0498,Auriculares con cable,Perifericos,30.28,4.0,25.0,0.0,Madrid
T2024-04154,2024-06-16,C0001,Disco SSD 2 TB,Almacenamiento,169.48,2.0,10.0,0.0,Galicia
T2024-00401,2024-07-16,C0750,Tarjeta microSD 256 GB,Almacenamiento,31.32,4.0,0.0,0.0,Andalucia
T2024-02175,2024-02-24,C0010,Disco SSD 2 TB,Almacenamiento,155.46,1.0,5.0,0.0,Madrid
T2024-02563,2024-07-28,C0001,Auriculares inalambricos,Audio,126.71,5.0,25.0,0.0,Comunitat Valenciana
T2024-00520,2024-11-16,C0430,Pulsera de actividad,Vestible,55.33,3.0,0.0,0.0,Cataluna
T2024-02450,2024-08-08,C0178,Pulsera de actividad,Vestible,57.8,2.0,0.0,0.0,Galicia
T2024-03174,2024-12-11,C0003,Barra de sonido,Audio,208.75,2.0,10.0,0.0,Andalucia
T2024-00788,2024-02-23,C0422,Camara web 1080p,Perifericos,62.84,1.0,0.0,4.24,Andalucia
T2024-02742,2024-01-13,C0063,Disco SSD 2 TB,Almacenamiento,169.63,2.0,0.0,0.0,Galicia
T2024-04153,2024-05-09,C0424,Teclado mecanico,Perifericos,87.27,1.0,25.0,2.99,Galicia
T2024-03100,2024-06-02,C0320,Auriculares inalambricos,Audio,121.79,1.0,0.0,0.0,Comunitat Valenciana
T2024-00875,2024-11-01,C1094,Camara web 1080p,Perifericos,74.36,3.0,0.0,0.0,Comunitat Valenciana
T2024-00853,2024-06-14,C0155,Camara web 1080p,Perifericos,65.36,3.0,0.0,0.0,Comunitat Valenciana
T2024-00357,2024-01-22,C0357,Disco SSD 2 TB,Almacenamiento,155.44,1.0,0.0,0.0,Cataluna
T2024-04659,2024-07-31,C0001,Tarjeta microSD 256 GB,Almacenamiento,31.51,2.0,10.0,3.65,Madrid
T2024-02712,2024-12-24,C0022,Movil gama alta,Telefonia,1058.21,2.0,0.0,0.0,Galicia
T2024-04016,2024-04-02,C0070,Raton ergonomico,Perifericos,47.08,5.0,0.0,0.0,Cataluna
T2024-01587,2024-02-09,C1045,Raton ergonomico,Perifericos,43.27,4.0,20.0,0.0,Andalucia
T2024-02821,2024-06-13,C0168,Raton ergonomico,Perifericos,45.7,2.0,0.0,6.76,Comunitat Valenciana
T2024-02837,2024-11-11,C0001,Camara web 1080p,Perifericos,68.76,5.0,0.0,0.0,Cataluna
T2024-03904,2024-01-04,C0134,Movil gama alta,Telefonia,987.15,1.0,0.0,0.0,Cataluna
T2024-04924,2024-01-24,C0079,Barra de sonido,Audio,216.25,3.0,25.0,0.0,Cataluna
T2024-04245,2024-11-15,C0077,Pulsera de actividad,Vestible,64.23,3.0,20.0,0.0,Pais Vasco
T2024-03994,2024-11-29,C0058,Barra de sonido,Audio,197.57,1.0,40.0,0.0,Comunitat Valenciana
T2024-04169,2024-10-11,C0145,Tarjeta microSD 256 GB,Almacenamiento,37.12,2.0,10.0,8.88,Canarias
T2024-04671,2024-09-12,C0875,Teclado mecanico,Perifericos,96.44,3.0,5.0,0.0,Comunitat Valenciana
T2024-04426,2024-03-06,C0257,Camara web 1080p,Perifericos,75.4,1.0,10.0,5.29,Madrid
T2024-04047,2024-02-11,C0002,Reloj inteligente,Vestible,189.98,1.0,0.0,0.0,Comunitat Valenciana
T2024-04623,2024-02-17,C0007,Tablet 10 pulgadas,Telefonia,293.1,2.0,0.0,0.0,Cataluna
T2024-01788,2024-12-01,C0026,Raton ergonomico,Perifericos,43.41,1.0,0.0,5.26,Andalucia
T2024-01455,2024-11-17,C0097,Auriculares con cable,Perifericos,28.66,2.0,20.0,5.88,Pais Vasco
T2024-00439,2024-12-27,C0001,Altavoz bluetooth,Audio,82.99,4.0,10.0,0.0,Andalucia
T2024-00909,2024-12-30,C0072,Disco SSD 1 TB,Almacenamiento,105.96,4.0,0.0,0.0,Madrid
T2024-02529,2024-09-15,C0107,Auriculares con cable,Perifericos,28.08,4.0,0.0,0.0,Cataluna
T2024-02113,2024-01-25,C0003,Pulsera de actividad,Vestible,62.59,1.0,20.0,4.26,Madrid
T2024-04093,2024-07-08,C1190,Auriculares con cable,Perifericos,28.38,250.0,0.0,4.81,Madrid
T2024-02244,2024-08-14,C0358,Auriculares inalambricos,Audio,126.73,2.0,10.0,0.0,Madrid
T2024-01511,2024-12-17,C0115,Pulsera de actividad,Vestible,59.18,1.0,25.0,4.67,Comunitat Valenciana
T2024-04231,2024-12-26,C0376,Disco SSD 1 TB,Almacenamiento,96.21,5.0,0.0,0.0,Comunitat Valenciana
T2024-01940,2024-06-02,C1023,Movil gama alta,Telefonia,1056.47,2.0,,0.0,Madrid
T2024-00745,2024-12-22,C0076,Movil gama media,Telefonia,321.35,2.0,0.0,0.0,Cataluna
T2024-01826,2024-12-07,C0009,Altavoz bluetooth,Audio,83.5,5.0,0.0,0.0,Cataluna
T2024-00284,2024-01-22,C0243,Auriculares con cable,Perifericos,27.94,1.0,0.0,6.53,Madrid
T2024-04579,2024-02-13,C0065,Barra de sonido,Audio,176.66,2.0,5.0,0.0,Madrid
T2024-04865,2024-05-24,C0070,Raton ergonomico,Perifericos,42.21,1.0,0.0,5.65,Madrid
T2024-04151,2024-11-06,C0021,Altavoz bluetooth,Audio,87.28,2.0,10.0,0.0,Andalucia
T2024-04457,2024-09-29,C1161,Teclado mecanico,Perifericos,96.29,2.0,0.0,0.0,Cataluna
T2024-01960,2024-12-27,C0630,Auriculares con cable,Perifericos,29.74,1.0,30.0,12.49,Canarias
T2024-00377,2024-07-26,C0001,Auriculares inalambricos,Audio,125.23,3.0,0.0,0.0,Comunitat Valenciana
T2024-03372,2024-11-20,C0011,Pulsera de actividad,Vestible,57.03,3.0,0.0,0.0,Cataluna
T2024-00907,2024-03-17,C0049,Tablet 10 pulgadas,Telefonia,284.69,1.0,0.0,0.0,Madrid
T2024-00947,2024-06-22,C0011,Tarjeta microSD 256 GB,Almacenamiento,40.55,3.0,30.0,0.0,Madrid
T2024-03024,2024-07-02,C0146,Tarjeta microSD 256 GB,Almacenamiento,36.43,4.0,,9.48,Canarias
T2024-02688,2024-12-01,C0013,Raton ergonomico,Perifericos,42.45,1.0,15.0,6.49,Cataluna
T2024-00403,2024-04-15,C0032,Tarjeta microSD 256 GB,Almacenamiento,31.2,2.0,0.0,5.56,Cataluna
T2024-02779,2024-04-16,C0005,Portatil 14 pulgadas,Informatica,893.32,2.0,0.0,0.0,Comunitat Valenciana
T2024-01920,2024-03-09,C0784,Tablet 10 pulgadas,Telefonia,277.46,2.0,10.0,0.0,Comunitat Valenciana
T2024-03905,2024-04-01,C0607,Auriculares con cable,Perifericos,28.77,4.0,0.0,0.0,Madrid
T2024-01458,2024-06-10,C0366,Camara web 1080p,Perifericos,64.32,4.0,25.0,0.0,Madrid
T2024-03444,2024-09-17,C0038,Disco SSD 1 TB,Almacenamiento,94.41,1.0,0.0,6.46,Comunitat Valenciana
T2024-00408,2024-01-09,C0852,Disco SSD 1 TB,Almacenamiento,92.45,3.0,15.0,0.0,Comunitat Valenciana
T2024-01592,2024-02-25,C0002,Auriculares con cable,Perifericos,31.54,1.0,5.0,3.13,Galicia
T2024-04136,2024-12-15,C0073,Barra de sonido,Audio,225.59,4.0,15.0,0.0,Cataluna
T2024-04703,2024-12-08,C1013,Auriculares inalambricos,Audio,130.53,3.0,0.0,8.75,Canarias
T2024-02593,2024-05-11,C0189,Tarjeta microSD 256 GB,Almacenamiento,33.36,5.0,0.0,0.0,Cataluna
T2024-02626,2024-06-08,C0260,Altavoz bluetooth,Audio,-78.43,3.0,0.0,0.0,Comunitat Valenciana
T2024-04896,2024-01-16,C0015,Disco SSD 1 TB,Almacenamiento,101.16,1.0,0.0,0.0,Comunitat Valenciana
T2024-02287,2024-10-11,C0500,Pulsera de actividad,Vestible,59.68,2.0,0.0,0.0,Madrid
T2024-01365,2024-07-14,C1109,Raton ergonomico,Perifericos,42.15,1.0,15.0,5.67,Pais Vasco
T2024-00272,2024-07-01,C0437,Tablet 10 pulgadas,Telefonia,306.47,5.0,0.0,0.0,Andalucia
T2024-02385,2024-10-20,C0740,Disco SSD 2 TB,Almacenamiento,185.45,3.0,0.0,0.0,Comunitat Valenciana
T2024-01382,2024-12-26,C0077,Tablet 10 pulgadas,Telefonia,271.99,2.0,0.0,0.0,Andalucia
T2024-04892,2024-06-18,C0018,Altavoz bluetooth,Audio,84.04,2.0,0.0,0.0,Comunitat Valenciana
T2024-04697,2024-05-07,C1025,Auriculares inalambricos,Audio,134.14,2.0,0.0,0.0,Andalucia
T2024-02544,2024-12-02,C0132,Teclado mecanico,Perifericos,91.25,1.0,0.0,3.5,Andalucia
T2024-01583,2024-02-23,C0146,Disco SSD 2 TB,Almacenamiento,171.62,1.0,0.0,0.0,Comunitat Valenciana
T2024-00410,2024-11-11,C0039,Portatil 14 pulgadas,Informatica,899.72,1.0,0.0,0.0,Pais Vasco
T2024-03817,2024-03-05,C0026,Disco SSD 2 TB,Almacenamiento,159.34,2.0,15.0,0.0,Andalucia
T2024-04027,2024-02-28,C0328,Barra de sonido,Audio,189.5,4.0,0.0,0.0,Cataluna
T2024-03142,2024-11-09,C0008,Altavoz bluetooth,Audio,75.68,5.0,10.0,0.0,Madrid
T2024-00953,2024-04-15,C1011,Tarjeta microSD 256 GB,Almacenamiento,34.09,2.0,0.0,4.61,Madrid
T2024-00358,2024-08-01,C0062,Camara web 1080p,Perifericos,64.95,1.0,0.0,6.64,Madrid
T2024-00584,2024-06-09,C0004,Disco SSD 1 TB,Almacenamiento,98.2,2.0,0.0,0.0,Madrid
T2024-03475,2024-02-29,C0011,Tarjeta microSD 256 GB,Almacenamiento,34.21,1.0,0.0,6.52,Madrid
T2024-03734,2024-08-29,C1144,Camara web 1080p,Perifericos,69.11,3.0,0.0,0.0,Comunitat Valenciana
T2024-01118,2024-05-04,C0412,Teclado mecanico,Perifericos,79.06,1.0,0.0,4.36,Cataluna
T2024-02942,2024-05-06,C0029,Reloj inteligente,Vestible,198.38,1.0,0.0,0.0,Cataluna
T2024-01864,2024-08-11,C0429,Tarjeta microSD 256 GB,Almacenamiento,35.12,2.0,,4.37,Cataluna
T2024-04211,2024-01-18,C0001,Movil gama media,Telefonia,362.2,1.0,0.0,0.0,Comunitat Valenciana
T2024-01260,2024-04-25,C0811,Disco SSD 2 TB,Almacenamiento,186.53,2.0,30.0,13.75,Canarias
T2024-04229,2024-09-29,C0498,Raton ergonomico,Perifericos,44.73,1.0,0.0,5.22,Madrid
T2024-03373,2024-03-12,C0037,Auriculares con cable,Perifericos,26.41,1.0,20.0,3.1,Comunitat Valenciana
T2024-02877,2024-03-28,C0232,Pulsera de actividad,Vestible,59.59,1.0,0.0,4.18,Cataluna
T2024-03168,2024-06-21,C0149,Auriculares inalambricos,Audio,124.84,1.0,10.0,0.0,Comunitat Valenciana
T2024-04787,2024-06-06,C0064,Tarjeta microSD 256 GB,Almacenamiento,37.86,2.0,0.0,6.31,Comunitat Valenciana
T2024-02464,2024-11-24,C0003,Raton ergonomico,Perifericos,43.43,,10.0,5.98,Cataluna
T2024-04389,2024-04-21,C0102,Movil gama media,Telefonia,339.0,2.0,0.0,0.0,Cataluna
T2024-02509,2024-10-26,C0244,Tarjeta microSD 256 GB,Almacenamiento,32.84,5.0,10.0,0.0,Comunitat Valenciana
T2024-02681,2024-05-18,C0154,Disco SSD 2 TB,Almacenamiento,165.27,5.0,5.0,0.0,Madrid
T2024-04979,2024-05-05,C0255,Camara web 1080p,Perifericos,68.93,2.0,0.0,0.0,Madrid
T2024-04110,2024-11-18,C0002,Tablet 10 pulgadas,Telefonia,286.14,5.0,0.0,0.0,Galicia
T2024-01085,2024-04-19,C0013,Raton ergonomico,Perifericos,36.64,3.0,0.0,0.0,Cataluna
T2024-03225,2024-10-05,C0001,Auriculares con cable,Perifericos,26.98,2.0,0.0,4.05,Andalucia
T2024-02755,2024-06-05,C0001,Raton ergonomico,Perifericos,43.8,2.0,0.0,12.86,Canarias
T2024-04634,2024-04-01,C0237,Reloj inteligente,Vestible,192.1,5.0,0.0,0.0,Comunitat Valenciana
T2024-01840,2024-12-01,C0009,Auriculares con cable,Perifericos,28.91,1.0,15.0,5.27,Madrid
T2024-03391,2024-02-07,C0388,Movil gama alta,Telefonia,997.43,1.0,0.0,0.0,Cataluna
T2024-00862,2024-07-16,C0084,Auriculares con cable,Perifericos,27.91,4.0,0.0,0.0,Madrid
T2024-01887,2024-11-14,C0088,Camara web 1080p,Perifericos,74.71,5.0,15.0,0.0,Comunitat Valenciana
T2024-02011,2024-10-11,C0940,Teclado mecanico,Perifericos,81.22,4.0,0.0,0.0,Comunitat Valenciana
T2024-04315,2024-01-26,C0001,Pulsera de actividad,Vestible,62.85,5.0,0.0,0.0,Madrid
T2024-02493,2024-08-23,C0276,Pulsera de actividad,Vestible,60.5,2.0,0.0,0.0,Comunitat Valenciana
T2024-00586,2024-11-12,C0016,Altavoz bluetooth,Audio,69.92,1.0,0.0,6.33,Andalucia
T2024-03619,2024-01-07,C0347,Tarjeta microSD 256 GB,Almacenamiento,33.48,4.0,0.0,0.0,Andalucia
T2024-01869,2024-03-15,C0305,Raton ergonomico,Perifericos,44.08,1.0,0.0,3.39,Comunitat Valenciana
T2024-00199,2024-02-13,C0002,Portatil 16 pulgadas,Informatica,1512.01,1.0,30.0,0.0,Andalucia
T2024-01457,2024-09-29,C0016,Movil gama alta,Telefonia,984.12,1.0,25.0,0.0,Comunitat Valenciana
T2024-03681,2024-09-06,C0428,Disco SSD 1 TB,Almacenamiento,102.82,1.0,5.0,0.0,Madrid
T2024-D0038,2024-12-27,C0001,Altavoz bluetooth,Audio,82.99,4.0,10.0,0.0,Andalucia
T2024-02854,2024-06-10,C0621,Tarjeta microSD 256 GB,Almacenamiento,34.54,1.0,0.0,4.78,Pais Vasco
T2024-01221,2024-12-30,C0003,Raton ergonomico,Perifericos,44.92,3.0,0.0,0.0,Madrid
T2024-02213,2024-03-20,C0112,Pulsera de actividad,Vestible,56.63,1.0,0.0,6.5,Comunitat Valenciana
T2024-02335,2024-01-25,C0032,Reloj inteligente,Vestible,190.92,1.0,0.0,0.0,Cataluna
T2024-00203,2024-03-16,C0187,Raton ergonomico,Perifericos,47.85,1.0,0.0,3.39,Comunitat Valenciana
T2024-01617,2024-11-25,C0063,Camara web 1080p,Perifericos,69.96,2.0,5.0,0.0,Madrid
T2024-03010,2024-10-19,C0178,Raton ergonomico,Perifericos,47.88,1.0,0.0,6.24,Madrid
T2024-02322,2024-10-05,C0129,Tarjeta microSD 256 GB,Almacenamiento,31.39,2.0,0.0,3.82,Comunitat Valenciana
T2024-01288,2024-11-16,C0795,Raton ergonomico,Perifericos,37.13,3.0,0.0,0.0,Comunitat Valenciana
T2024-04515,2024-12-20,C0037,Movil gama media,Telefonia,334.12,1.0,5.0,0.0,Comunitat Valenciana
T2024-04536,2024-12-04,C0017,Tarjeta microSD 256 GB,Almacenamiento,34.44,1.0,20.0,3.93,Comunitat Valenciana
T2024-00210,2024-12-06,C0044,Disco SSD 2 TB,Almacenamiento,184.09,1.0,0.0,0.0,Comunitat Valenciana
T2024-01859,2024-05-18,C0092,Auriculares con cable,Perifericos,32.39,2.0,0.0,6.19,Comunitat Valenciana
T2024-00277,2024-11-15,C0104,Tarjeta microSD 256 GB,Almacenamiento,33.82,2.0,0.0,3.89,Cataluna
T2024-01072,2024-12-29,C0092,Altavoz bluetooth,Audio,74.14,3.0,10.0,0.0,Galicia
T2024-00709,2024-04-01,C0165,Barra de sonido,Audio,213.6,5.0,10.0,0.0,Madrid
T2024-03596,2024-05-29,C0560,Disco SSD 2 TB,Almacenamiento,176.28,3.0,15.0,0.0,Andalucia
T2024-03626,2024-11-20,C0651,Camara web 1080p,Perifericos,72.58,1.0,15.0,4.23,Cataluna
T2024-01244,2024-11-22,C0009,Tarjeta microSD 256 GB,Almacenamiento,30.02,2.0,0.0,6.02,Cataluna
T2024-00153,2024-04-01,C0006,Auriculares con cable,Perifericos,29.47,2.0,0.0,6.78,Galicia
T2024-03864,2024-09-29,C0037,Monitor 27 pulgadas,Informatica,252.11,3.0,0.0,0.0,Comunitat Valenciana
T2024-00923,2024-10-22,C0029,Camara web 1080p,Perifericos,77.5,4.0,20.0,0.0,Comunitat Valenciana
T2024-00754,2024-06-28,C0033,Disco SSD 2 TB,Almacenamiento,163.72,1.0,0.0,0.0,Madrid
T2024-00744,2024-09-26,C0004,Disco SSD 2 TB,Almacenamiento,159.17,4.0,20.0,0.0,Madrid
T2024-00127,2024-02-23,C0238,Disco SSD 1 TB,Almacenamiento,95.48,1.0,25.0,3.62,Comunitat Valenciana
T2024-01141,2024-01-11,C0054,Reloj inteligente,Vestible,183.61,1.0,0.0,0.0,Galicia
T2024-01231,2024-03-16,C1035,Teclado mecanico,Perifericos,89.49,5.0,0.0,0.0,Galicia
T2024-01494,2024-06-19,C0902,Auriculares con cable,Perifericos,29.76,3.0,30.0,5.32,Andalucia
T2024-01028,2024-05-15,C0035,Teclado mecanico,Perifericos,93.48,,5.0,6.66,Galicia
T2024-00890,2024-04-05,C0017,Pulsera de actividad,Vestible,60.48,4.0,0.0,0.0,Andalucia
T2024-03439,2024-12-22,C0936,Camara web 1080p,Perifericos,63.42,2.0,0.0,0.0,Andalucia
T2024-04715,2024-04-28,C0032,Portatil 14 pulgadas,INFORMATICA,961.17,2.0,25.0,0.0,Comunitat Valenciana
T2024-04635,2024-06-29,C0644,Portatil 14 pulgadas,Informatica,978.15,1.0,0.0,0.0,Madrid
T2024-03454,2024-04-17,C0278,Reloj inteligente,Vestible,187.55,1.0,0.0,0.0,Comunitat Valenciana
T2024-04255,2024-12-04,C0869,Teclado mecanico,Perifericos,92.53,1.0,10.0,4.24,Galicia
T2024-04463,2024-08-15,C0389,Pulsera de actividad,Vestible,58.66,2.0,0.0,0.0,Cataluna
T2024-03457,2024-07-03,C0290,Pulsera de actividad,Vestible,53.97,5.0,0.0,0.0,Comunitat Valenciana
T2024-02546,2024-05-08,C0022,Reloj inteligente,Vestible,197.3,3.0,0.0,0.0,Comunitat Valenciana
T2024-03283,2024-10-29,C0064,Camara web 1080p,Perifericos,70.19,3.0,0.0,0.0,Comunitat Valenciana
T2024-01024,2024-11-15,C0008,Disco SSD 2 TB,Almacenamiento,166.24,1.0,30.0,0.0,Cataluna
T2024-02102,2024-01-12,C0871,Disco SSD 2 TB,Almacenamiento,174.8,4.0,0.0,0.0,Comunitat Valenciana
T2024-03203,2024-01-24,C0004,Camara web 1080p,Perifericos,65.1,1.0,20.0,5.8,Pais Vasco
T2024-04157,2024-06-14,C0582,Reloj inteligente,Vestible,179.13,1.0,30.0,0.0,Andalucia
T2024-02362,2024-12-26,C0013,Portatil 14 pulgadas,Informatica,932.73,1.0,0.0,0.0,Andalucia
T2024-01475,2024-08-25,C0258,Raton ergonomico,Perifericos,45.87,5.0,5.0,0.0,Andalucia
T2024-04680,2024-06-12,C0441,Altavoz bluetooth,Audio,71.84,3.0,25.0,0.0,Comunitat Valenciana
T2024-03694,2024-12-22,C0005,Portatil 16 pulgadas,Informatica,1503.6,3.0,0.0,0.0,Comunitat Valenciana
T2024-01810,2024-12-07,C0470,Teclado mecanico,Perifericos,87.27,1.0,15.0,5.52,Cataluna
T2024-00814,2024-11-19,C0044,Disco SSD 2 TB,Almacenamiento,173.69,5.0,25.0,0.0,Cataluna
T2024-04605,2024-12-14,C1060,Teclado mecanico,Perifericos,89.45,2.0,,0.0,Pais Vasco
T2024-03312,2024-05-31,C0048,Movil gama media,Telefonia,397.96,2.0,20.0,0.0,Comunitat Valenciana
T2024-04991,2024-09-16,C0552,Tablet 10 pulgadas,Telefonia,278.79,3.0,20.0,0.0,Pais Vasco
T2024-02152,2024-07-13,C0018,Barra de sonido,Audio,182.57,4.0,25.0,0.0,Pais Vasco
T2024-D0040,2024-12-15,C0002,Tarjeta microSD 256 GB,Almacenamiento,31.41,5.0,0.0,0.0,Cataluna
T2024-04020,2024-02-08,C0190,Disco SSD 1 TB,Almacenamiento,103.27,2.0,0.0,0.0,Cataluna
T2024-01453,2024-04-19,C0954,Tarjeta microSD 256 GB,Almacenamiento,33.54,1.0,15.0,6.6,Pais Vasco
T2024-04780,2024-11-12,C0156,Teclado mecanico,Perifericos,85.92,1.0,0.0,4.34,Andalucia
T2024-01122,2024-03-08,C0096,Reloj inteligente,Vestible,190.65,1.0,0.0,0.0,Madrid
T2024-01037,2024-04-12,C0103,Pulsera de actividad,Vestible,59.97,4.0,0.0,0.0,Cataluna
T2024-03384,2024-11-21,C0357,Teclado mecanico,Perifericos,98.62,3.0,25.0,0.0,Comunitat Valenciana
T2024-00102,2024-07-23,C0166,Portatil 14 pulgadas,Informatica,888.58,1.0,0.0,0.0,Comunitat Valenciana
T2024-02673,2024-10-04,C0008,Raton ergonomico,Perifericos,42.26,1.0,0.0,5.24,Pais Vasco
T2024-02646,2024-11-02,C0433,Auriculares con cable,Perifericos,28.28,2.0,,4.61,Cataluna
T2024-D0006,2024-03-10,C0947,Disco SSD 2 TB,Almacenamiento,172.84,4.0,15.0,0.0,Comunitat Valenciana
T2024-04844,2024-12-28,C0073,Tablet 10 pulgadas,Telefonia,274.71,3.0,0.0,0.0,Galicia
T2024-04041,2024-08-18,C0078,Barra de sonido,Audio,192.57,1.0,15.0,0.0,Comunitat Valenciana
T2024-03748,2024-09-02,C0001,Auriculares con cable,Perifericos,28.15,1.0,0.0,4.44,Comunitat Valenciana
T2024-01760,2024-05-11,C0051,Disco SSD 1 TB,Almacenamiento,99.04,2.0,,0.0,Madrid
T2024-02863,2024-09-10,C0061,Disco SSD 2 TB,Almacenamiento,161.14,1.0,0.0,0.0,Comunitat Valenciana
T2024-00781,2024-02-27,C0933,Teclado mecanico,Perifericos,80.61,2.0,0.0,0.0,Madrid
T2024-04138,2024-05-12,C0011,Auriculares inalambricos,Audio,130.5,1.0,0.0,0.0,Pais Vasco
T2024-04054,2024-12-05,C0257,Auriculares inalambricos,Audio,135.96,2.0,,0.0,Cataluna
T2024-01700,2024-11-20,C0032,Disco SSD 1 TB,Almacenamiento,99.04,4.0,0.0,0.0,Andalucia
T2024-02538,2024-02-15,C0001,Movil gama alta,Telefonía,1030.79,1.0,15.0,0.0,Comunitat Valenciana
T2024-00237,2024-07-14,C0507,Tarjeta microSD 256 GB,Almacenamiento,33.95,1.0,25.0,5.3,Andalucia
T2024-04075,2024-12-22,C0400,Disco SSD 1 TB,Almacenamiento,110.51,4.0,20.0,9.17,Canarias
T2024-02782,2024-11-05,C0650,Disco SSD 1 TB,Almacenamiento,111.22,5.0,0.0,0.0,Cataluna
T2024-00261,2024-09-01,C0246,Tablet 10 pulgadas,Telefonia,-272.02,1.0,0.0,0.0,Comunitat Valenciana
T2024-03910,2024-12-03,C0020,Auriculares inalambricos,Audio,126.48,2.0,10.0,0.0,Cataluna
T2024-04028,2024-12-29,C0453,Auriculares con cable,Perifericos,26.97,1.0,0.0,3.44,Cataluna
T2024-02893,2024-10-30,C0044,Camara web 1080p,Perifericos,69.38,5.0,5.0,0.0,Cataluna
T2024-04699,2024-10-14,C0024,Raton ergonomico,Perifericos,46.55,1.0,0.0,4.56,Andalucia
T2024-02698,2024-05-02,C0015,Movil gama media,Telefonia,327.94,2.0,30.0,0.0,Comunitat Valenciana
T2024-02844,2024-06-17,C0103,Pulsera de actividad,Vestible,54.5,1.0,25.0,5.63,Cataluna
T2024-01083,2024-03-20,C0162,Disco SSD 1 TB,Almacenamiento,101.57,2.0,0.0,0.0,Andalucia
T2024-03487,2024-05-18,C0002,Monitor 27 pulgadas,Informatica,235.52,4.0,0.0,0.0,Cataluna
T2024-01196,2024-01-25,C0032,Disco SSD 1 TB,Almacenamiento,107.43,5.0,20.0,0.0,Madrid
T2024-01286,2024-04-22,C0032,Teclado mecanico,Perifericos,83.04,1.0,0.0,6.01,Comunitat Valenciana
T2024-00651,2024-11-07,C0017,Movil gama media,Telefonia,369.48,2.0,5.0,0.0,Cataluna
T2024-00760,2024-05-22,C0001,Camara web 1080p,Perifericos,65.63,2.0,0.0,0.0,Comunitat Valenciana
T2024-03474,2024-03-09,C0005,Altavoz bluetooth,Audio,78.34,2.0,10.0,0.0,Madrid
T2024-02186,2024-12-18,C0782,Camara web 1080p,perifericos,65.39,4.0,30.0,0.0,Cataluna
T2024-04374,2024-07-14,C0082,Raton ergonomico,Perifericos,49.91,1.0,0.0,4.89,Andalucia
T2024-01594,2024-05-05,C0208,Auriculares con cable,Perifericos,34.11,2.0,0.0,6.53,Madrid
T2024-01050,2024-06-01,C0505,Tarjeta microSD 256 GB,Almacenamiento,37.32,3.0,0.0,0.0,Galicia
T2024-01530,2024-12-21,C0040,Raton ergonomico,Perifericos,45.85,1.0,5.0,3.59,Pais Vasco
T2024-04748,2024-04-04,C0793,Teclado mecanico,Perifericos,88.88,1.0,15.0,3.51,Comunitat Valenciana
T2024-02009,2024-12-02,C0761,Auriculares con cable,Perifericos,29.4,4.0,10.0,0.0,Andalucia
T2024-02350,2024-06-17,C0236,Auriculares con cable,Perifericos,29.41,1.0,20.0,3.87,Madrid
T2024-04677,2024-11-20,C0001,Pulsera de actividad,Vestible,57.59,4.0,0.0,0.0,Comunitat Valenciana
T2024-02692,2024-12-18,C0920,Portatil 14 pulgadas,Informatica,801.24,1.0,0.0,0.0,Galicia
T2024-04069,2024-12-22,C0328,Disco SSD 2 TB,Almacenamiento,172.13,3.0,0.0,0.0,Cataluna
T2024-04101,2024-09-09,C0291,Altavoz bluetooth,Audio,77.76,2.0,0.0,0.0,Madrid
T2024-03362,2024-04-14,C0825,Raton ergonomico,Perifericos,47.23,5.0,0.0,0.0,Cataluna
T2024-02442,2024-01-26,C0035,Barra de sonido,Audio,186.51,1.0,35.0,0.0,Galicia
T2024-04696,2024-10-06,C0335,Auriculares inalambricos,Audio,129.54,4.0,30.0,0.0,Comunitat Valenciana
T2024-02882,2024-01-19,C0061,Tablet 10 pulgadas,Telefonia,276.42,1.0,0.0,0.0,Comunitat Valenciana
T2024-00579,2024-12-23,C0006,Barra de sonido,Audio,204.04,1.0,0.0,0.0,Andalucia
T2024-01752,2024-07-14,C0170,Pulsera de actividad,Vestible,62.0,4.0,0.0,0.0,Madrid
T2024-03462,2024-09-11,C0096,Movil gama alta,Telefonia,1080.95,1.0,0.0,0.0,Cataluna
T2024-01280,2024-11-18,C0035,Altavoz bluetooth,Audio,74.65,3.0,0.0,0.0,Madrid
T2024-04175,2024-03-03,C0962,Auriculares con cable,Perifericos,31.88,3.0,15.0,5.96,Comunitat Valenciana
T2024-04086,2024-05-13,C0572,Barra de sonido,Audio,203.3,1.0,5.0,0.0,Galicia
T2024-01742,2024-06-16,C0052,Tablet 10 pulgadas,Telefonia,277.02,1.0,0.0,10.32,Canarias
T2024-02917,2024-12-27,C0389,Camara web 1080p,Perifericos,67.16,2.0,0.0,0.0,Cataluna
T2024-00333,2024-11-05,C0095,Altavoz bluetooth,Audio,71.27,1.0,15.0,5.13,Cataluna
T2024-03323,2024-09-30,C0622,Pulsera de actividad,Vestible,55.12,3.0,0.0,0.0,Madrid
T2024-03097,2024-08-26,C0139,Pulsera de actividad,Vestible,58.3,1.0,25.0,4.8,Cataluna
T2024-02846,2024-06-08,C0090,Camara web 1080p,Perifericos,68.4,2.0,15.0,0.0,Cataluna
T2024-03560,2024-11-08,C0016,Portatil 16 pulgadas,Informatica,1539.22,1.0,5.0,0.0,Madrid
T2024-01237,2024-06-18,C0010,Pulsera de actividad,Vestible,60.05,2.0,0.0,0.0,Cataluna
T2024-01359,2024-03-29,C0070,Tablet 10 pulgadas,Telefonia,294.56,1.0,0.0,0.0,Madrid
T2024-01812,2024-05-01,C0002,Tablet 10 pulgadas,Telefonia,264.48,4.0,0.0,0.0,Cataluna
T2024-00224,2024-10-26,C0002,Altavoz bluetooth,Audio,70.58,2.0,10.0,0.0,Cataluna
T2024-00516,2024-04-20,C0061,Tarjeta microSD 256 GB,Almacenamiento,32.6,1.0,0.0,5.95,Madrid
T2024-04944,2024-02-06,C0163,Movil gama media,Telefonia,349.5,1.0,0.0,12.85,Canarias
T2024-04942,2024-11-26,C0150,Camara web 1080p,Perifericos,65.23,5.0,0.0,0.0,Galicia
T2024-00336,2024-01-14,C0001,Disco SSD 1 TB,Almacenamiento,91.0,2.0,5.0,0.0,Cataluna
T2024-01873,2024-01-22,C0002,Reloj inteligente,Vestible,178.94,2.0,25.0,0.0,Andalucia
T2024-00673,2024-04-03,C1191,Barra de sonido,Audio,211.14,1.0,35.0,0.0,Comunitat Valenciana
T2024-03515,2024-05-12,C0051,Barra de sonido,Audio,201.76,5.0,0.0,0.0,Andalucia
T2024-00885,2024-03-30,C0152,Auriculares con cable,Perifericos,31.43,2.0,0.0,5.84,Galicia
T2024-02393,2024-09-13,C0914,Pulsera de actividad,Vestible,57.1,4.0,,0.0,Comunitat Valenciana
T2024-02914,2024-05-04,C0055,Pulsera de actividad,Vestible,59.94,5.0,30.0,0.0,Madrid
T2024-01833,2024-05-26,C0107,Teclado mecanico,Perifericos,82.53,2.0,20.0,0.0,Pais Vasco
T2024-01804,2024-11-02,C0024,Auriculares con cable,Perifericos,29.2,3.0,0.0,6.62,Andalucia
T2024-03443,2024-08-21,C0015,Camara web 1080p,Perifericos,66.74,2.0,30.0,0.0,Madrid
T2024-00154,2024-01-30,C0122,Tarjeta microSD 256 GB,Almacenamiento,33.14,1.0,15.0,5.36,Andalucia
T2024-00215,2024-06-29,C1147,Camara web 1080p,Perifericos,69.23,2.0,0.0,0.0,Pais Vasco
T2024-02201,2024-11-24,C0756,Barra de sonido,Audio,201.07,4.0,0.0,0.0,Comunitat Valenciana
T2024-00929,2024-11-05,C0001,Disco SSD 1 TB,Almacenamiento,105.33,1.0,15.0,10.95,Canarias
T2024-04053,2024-09-11,C0004,Tarjeta microSD 256 GB,Almacenamiento,35.32,2.0,0.0,3.32,Comunitat Valenciana
T2024-01416,2024-05-01,C0375,Teclado mecanico,Perifericos,85.11,2.0,0.0,0.0,Madrid
T2024-02769,2024-11-07,C0012,Disco SSD 2 TB,Almacenamiento,170.49,2.0,0.0,0.0,Comunitat Valenciana
T2024-03411,2024-12-30,C0248,Pulsera de actividad,Vestible,63.06,1.0,10.0,3.58,Cataluna
T2024-00494,2024-11-09,C0038,Monitor 27 pulgadas,Informatica,246.22,3.0,0.0,0.0,Pais Vasco
T2024-00866,2024-01-06,C0001,Auriculares inalambricos,Audio,120.97,2.0,30.0,0.0,Comunitat Valenciana
T2024-02382,2024-06-11,C0917,Altavoz bluetooth,Audio,81.18,1.0,,4.05,Cataluna
T2024-03273,2024-11-13,C0678,Altavoz bluetooth,Audio,73.97,2.0,40.0,0.0,Madrid
T2024-03981,2024-12-04,C0003,Tablet 10 pulgadas,Telefonia,307.51,2.0,5.0,0.0,Comunitat Valenciana
T2024-03492,2024-02-08,C0002,Auriculares inalambricos,Audio,132.92,2.0,0.0,0.0,Madrid
T2024-00822,2024-11-01,C0185,Reloj inteligente,Vestible,203.24,1.0,,0.0,Cataluna
T2024-00243,2024-07-14,C1011,Auriculares con cable,Perifericos,28.28,4.0,30.0,0.0,Madrid
T2024-03873,2024-12-01,C0123,Tarjeta microSD 256 GB,Almacenamiento,32.75,1.0,0.0,4.49,Pais Vasco
T2024-02648,2024-07-19,C0004,Portatil 14 pulgadas,Informatica,915.57,1.0,30.0,0.0,Pais Vasco
T2024-02554,2024-09-14,C0002,Auriculares inalambricos,Audio,115.89,5.0,10.0,0.0,Madrid
T2024-04806,2024-10-06,C0189,Portatil 16 pulgadas,Informatica,1569.04,5.0,25.0,0.0,Andalucia
T2024-04535,2024-11-30,C0481,Auriculares inalambricos,Audio,122.05,1.0,10.0,0.0,Madrid
T2024-04989,2024-11-19,C0043,Teclado mecanico,Perifericos,91.59,1.0,0.0,5.47,Galicia
T2024-02971,2024-07-31,C0003,Auriculares con cable,Perifericos,27.5,1.0,0.0,6.58,Andalucia
T2024-03432,2024-09-22,C0887,Auriculares con cable,Perifericos,25.94,2.0,0.0,3.53,Madrid
T2024-00021,2024-11-30,C0285,Movil gama media,Telefonia,383.11,1.0,0.0,0.0,Cataluna
T2024-03588,2024-01-06,C0480,Altavoz bluetooth,Audio,76.18,1.0,0.0,3.69,Comunitat Valenciana
T2024-01326,2024-12-25,C0446,Monitor 27 pulgadas,Informatica,283.72,2.0,0.0,0.0,Cataluna
T2024-01654,2024-03-06,C0730,Portatil 16 pulgadas,Informatica,1512.62,2.0,25.0,0.0,Comunitat Valenciana
T2024-01539,2024-12-02,C0682,Barra de sonido,Audio,189.5,3.0,0.0,0.0,Comunitat Valenciana
T2024-01870,2024-09-04,C0062,Pulsera de actividad,Vestible,59.62,3.0,15.0,0.0,
T2024-01062,2024-08-17,C0097,Camara web 1080p,Perifericos,67.11,4.0,0.0,0.0,Pais Vasco
T2024-03759,2024-11-04,C0001,Raton ergonomico,Perifericos,45.21,5.0,10.0,0.0,Andalucia
T2024-00295,2024-12-30,C0267,Barra de sonido, Audio ,196.84,5.0,0.0,0.0,Andalucia
T2024-03369,2024-07-21,C0012,Disco SSD 1 TB,Almacenamiento,94.51,2.0,0.0,0.0,Cataluna
T2024-01874,2024-09-11,C0013,Raton ergonomico,Perifericos,49.16,1.0,0.0,5.9,Cataluna
T2024-04940,2024-12-23,C0469,Pulsera de actividad,Vestible,60.15,1.0,5.0,6.36,Galicia
T2024-04789,2024-11-26,C0572,Monitor 27 pulgadas,Informatica,258.06,1.0,20.0,0.0,Cataluna
T2024-00710,2024-03-02,C0172,Teclado mecanico,Perifericos,82.48,2.0,0.0,0.0,Madrid
T2024-00867,2024-12-20,C0007,Tarjeta microSD 256 GB,Almacenamiento,37.14,2.0,15.0,3.61,Madrid
T2024-02827,2024-12-19,C0604,Monitor 27 pulgadas,Informatica,213.46,1.0,0.0,0.0,Andalucia
T2024-D0019,2024-01-22,C0357,Disco SSD 2 TB,Almacenamiento,155.44,1.0,0.0,0.0,Cataluna
T2024-04888,2024-12-29,C0002,Altavoz bluetooth,Audio,81.71,1.0,0.0,3.46,Andalucia
T2024-03768,2024-05-27,C0031,Reloj inteligente,Vestible,177.36,1.0,30.0,0.0,Comunitat Valenciana
T2024-02848,2024-10-09,C0001,Reloj inteligente,Vestible,197.4,1.0,0.0,0.0,Galicia
T2024-00455,2024-01-22,C0001,Tarjeta microSD 256 GB,Almacenamiento,35.76,4.0,0.0,0.0,Cataluna
T2024-00227,2024-09-24,C0006,Raton ergonomico,Perifericos,50.42,5.0,0.0,0.0,Madrid
T2024-02904,2024-12-26,C0044,Disco SSD 2 TB,Almacenamiento,162.14,1.0,0.0,0.0,Comunitat Valenciana
T2024-02285,2024-12-19,C0013,Pulsera de actividad,Vestible,60.89,2.0,5.0,0.0,Cataluna
T2024-00640,2024-05-03,C0672,Monitor 27 pulgadas,Informatica,258.91,,0.0,0.0,Madrid
T2024-02508,2024-09-03,C0437,Tarjeta microSD 256 GB,Almacenamiento,32.53,1.0,0.0,4.54,Cataluna
T2024-01483,2024-12-05,C1041,Auriculares con cable,Perifericos,29.11,2.0,0.0,5.86,Galicia
T2024-01975,2024-09-01,C0737,Reloj inteligente,Vestible,196.72,1.0,0.0,0.0,Madrid
T2024-00826,2024-09-07,C0273,Disco SSD 1 TB,Almacenamiento,96.82,3.0,0.0,0.0,Comunitat Valenciana
T2024-02960,2024-01-17,C0026,Tarjeta microSD 256 GB,Almacenamiento,34.83,3.0,0.0,0.0,Comunitat Valenciana
T2024-01849,2024-01-19,C0332,Barra de sonido,Audio,194.55,3.0,0.0,0.0,Andalucia
T2024-03712,2024-04-07,C0005,Auriculares con cable,Perifericos,27.65,2.0,5.0,6.67,Cataluna
T2024-02133,2024-12-25,C0013,Auriculares con cable,Perifericos,27.21,2.0,0.0,5.17,Comunitat Valenciana
T2024-01399,2024-10-20,C0047,Disco SSD 2 TB,Almacenamiento,185.07,1.0,25.0,0.0,Pais Vasco
T2024-01951,2024-07-13,C0192,Disco SSD 1 TB,Almacenamiento,96.44,5.0,30.0,0.0,Cataluna
T2024-01631,2024-04-28,C0161,Auriculares inalambricos,Audio,122.53,3.0,0.0,0.0,Pais Vasco
T2024-00419,2024-10-05,C0053,Tablet 10 pulgadas,Telefonia,264.0,4.0,,0.0,Andalucia
T2024-01523,2024-04-25,C0490,Raton ergonomico,Perifericos,44.69,1.0,0.0,3.07,Cataluna
T2024-04023,2024-08-24,C0081,Auriculares con cable,Perifericos,26.52,2.0,0.0,14.5,Canarias
T2024-01109,2024-09-13,C0008,Auriculares inalambricos,Audio,124.57,3.0,40.0,0.0,Comunitat Valenciana
T2024-00427,2024-02-21,C1189,Altavoz bluetooth,Audio,79.35,2.0,0.0,0.0,Comunitat Valenciana
T2024-03388,2024-03-11,C0511,Tablet 10 pulgadas,Telefonia,275.34,5.0,0.0,0.0,Andalucia
T2024-04189,2024-01-25,C1094,Tarjeta microSD 256 GB,Almacenamiento,36.77,1.0,30.0,6.44,Pais Vasco
T2024-D0035,2024-07-11,C0238,Tarjeta microSD 256 GB,Almacenamiento,35.44,1.0,0.0,6.0,Madrid
T2024-02925,2024-06-09,C0080,Teclado mecanico,Perifericos,79.42,2.0,0.0,0.0,Comunitat Valenciana
T2024-00831,2024-09-12,C0120,Tablet 10 pulgadas,Telefonia,245.93,1.0,0.0,0.0,Madrid
T2024-01692,2024-12-19,C0002,Raton ergonomico,Perifericos,50.92,2.0,0.0,0.0,
T2024-02537,2024-02-03,C0001,Tablet 10 pulgadas,Telefonia,263.13,5.0,0.0,0.0,Andalucia
T2024-04474,2024-01-09,C0026,Disco SSD 1 TB,Almacenamiento,102.28,4.0,0.0,8.93,Canarias
T2024-00293,2024-12-18,C0005,Disco SSD 1 TB,Almacenamiento,97.79,4.0,0.0,0.0,Cataluna
T2024-04207,2024-12-23,C0006,Barra de sonido,Audio,211.02,2.0,10.0,13.89,Canarias
T2024-02644,2024-06-07,C0040,Reloj inteligente,Vestible,208.8,2.0,0.0,12.22,Canarias
T2024-02031,2024-03-30,C0387,Raton ergonomico,Perifericos,45.19,1.0,0.0,6.85,Comunitat Valenciana
T2024-02160,2024-10-23,C0002,Movil gama alta,Telefonia,955.94,1.0,25.0,0.0,
T2024-00865,2024-12-02,C0390,Pulsera de actividad,Vestible,64.6,2.0,0.0,0.0,Comunitat Valenciana
T2024-04611,2024-10-06,C0148,Disco SSD 2 TB,Almacenamiento,170.66,2.0,0.0,0.0,Comunitat Valenciana
T2024-02050,2024-03-17,C0100,Camara web 1080p,Perifericos,71.63,1.0,0.0,5.01,Madrid
T2024-00428,2024-12-14,C0052,Auriculares con cable,Perifericos,28.25,1.0,10.0,5.92,Cataluna
T2024-01832,2024-04-12,C0036,Pulsera de actividad,Vestible,58.72,2.0,,0.0,Madrid
T2024-00023,2024-12-21,C1185,Portatil 14 pulgadas,Informatica,898.91,4.0,0.0,14.09,Canarias
T2024-D0032,2024-01-20,C0001,Tarjeta microSD 256 GB,Almacenamiento,32.89,2.0,0.0,5.67,Cataluna
T2024-03851,2024-11-27,C0119,Reloj inteligente,Vestible,181.98,3.0,0.0,0.0,Madrid
T2024-01673,2024-02-14,C0002,Pulsera de actividad,Vestible,54.12,1.0,0.0,4.47,Comunitat Valenciana
T2024-02784,2024-01-31,C0028,Portatil 14 pulgadas,Informatica,892.5,3.0,0.0,0.0,Galicia
T2024-04213,2024-12-18,C0119,Altavoz bluetooth, Audio ,82.59,1.0,10.0,4.98,Andalucia
T2024-01341,2024-05-18,C0514,Reloj inteligente,Vestible,202.5,3.0,5.0,0.0,Madrid
T2024-04690,2024-09-22,C0047,Portatil 14 pulgadas,INFORMATICA,846.11,5.0,0.0,0.0,Comunitat Valenciana
T2024-04553,2024-10-22,C0708,Pulsera de actividad,Vestible,66.0,1.0,5.0,5.04,Cataluna
T2024-02234,2024-09-13,C0269,Monitor 27 pulgadas,Informatica,278.82,3.0,0.0,0.0,Madrid
T2024-04396,2024-07-21,C0010,Tarjeta microSD 256 GB,Almacenamiento,31.8,1.0,0.0,2.95,Madrid
T2024-04664,2024-10-07,C0510,Disco SSD 1 TB,Almacenamiento,108.41,1.0,0.0,0.0,Cataluna
T2024-00471,2024-05-28,C0014,Movil gama alta,Telefonia,1063.1,2.0,0.0,0.0,Cataluna
T2024-00766,2024-01-19,C0371,Raton ergonomico,Perifericos,46.73,2.0,0.0,6.43,Andalucia
T2024-03622,2024-10-12,C0327,Altavoz bluetooth,Audio,86.55,1.0,10.0,6.18,Madrid
T2024-03839,2024-02-09,C0016,Camara web 1080p,Perifericos,78.06,2.0,25.0,0.0,Galicia
T2024-04286,2024-11-10,C0018,Auriculares inalambricos,Audio,126.54,1.0,0.0,0.0,Galicia
T2024-03795,2024-10-09,C0884,Auriculares con cable,Perifericos,28.13,1.0,0.0,3.76,Comunitat Valenciana
T2024-01595,2024-03-08,C0298,Teclado mecanico,Perifericos,91.11,3.0,0.0,0.0,Galicia
T2024-04414,2024-10-28,C0231,Tarjeta microSD 256 GB,Almacenamiento,33.1,1.0,0.0,3.36,Comunitat Valenciana
T2024-01107,2024-10-22,C0328,Teclado mecanico,Perifericos,86.34,2.0,25.0,0.0,Comunitat Valenciana
T2024-02404,2024-11-24,C0391,Auriculares inalambricos,Audio,136.88,1.0,,0.0,Madrid
T2024-02196,2024-03-27,C0261,Tarjeta microSD 256 GB,Almacenamiento,33.31,1.0,0.0,13.94,Canarias
T2024-04144,2024-07-28,C0094,Barra de sonido,Audio,193.89,2.0,0.0,0.0,Comunitat Valenciana
T2024-01577,2024-10-30,C0001,Disco SSD 2 TB,Almacenamiento,183.62,5.0,0.0,0.0,Pais Vasco
T2024-01691,2024-01-30,C0009,Barra de sonido,Audio,207.6,5.0,0.0,0.0,Galicia
T2024-03877,2024-07-26,C0121,Movil gama media,Telefonia,324.75,5.0,0.0,0.0,Madrid
T2024-02230,2024-04-13,C0029,Portatil 14 pulgadas,Informatica,859.09,1.0,20.0,0.0,Cataluna
T2024-00529,2024-01-19,C0896,Raton ergonomico,Perifericos,42.89,5.0,15.0,0.0,Andalucia
T2024-02706,2024-01-26,C0036,Tarjeta microSD 256 GB,Almacenamiento,33.49,2.0,0.0,4.75,Cataluna
T2024-02973,2024-12-17,C0004,Raton ergonomico,Perifericos,43.67,1.0,25.0,5.51,Comunitat Valenciana
T2024-03425,2024-10-14,C0309,Raton ergonomico,Perifericos,47.92,2.0,0.0,6.21,Comunitat Valenciana
T2024-02831,2024-01-05,C0003,Disco SSD 2 TB,Almacenamiento,180.74,1.0,0.0,0.0,Galicia
T2024-04382,2024-12-23,C0004,Teclado mecanico,Perifericos,96.77,2.0,0.0,0.0,Andalucia
T2024-00658,2024-12-04,C0163,Pulsera de actividad,Vestible,59.54,5.0,0.0,0.0,Comunitat Valenciana
T2024-04322,2024-11-02,C0048,Pulsera de actividad,Vestible,56.2,1.0,30.0,6.94,Comunitat Valenciana
T2024-04874,2024-10-04,C0005,Disco SSD 2 TB,Almacenamiento,171.62,3.0,0.0,0.0,Pais Vasco
T2024-02406,2024-10-10,C0022,Altavoz bluetooth,Audio,80.96,5.0,5.0,0.0,Madrid
T2024-03070,2024-11-27,C0259,Disco SSD 1 TB,Almacenamiento,109.19,1.0,0.0,0.0,Comunitat Valenciana
T2024-00198,2024-05-16,C0003,Movil gama alta,Telefonía,1090.34,1.0,0.0,0.0,Andalucia
T2024-00270,2024-01-18,C0185,Reloj inteligente,Vestible,197.98,2.0,0.0,0.0,Madrid
T2024-03335,2024-09-19,C0323,Pulsera de actividad,Vestible,58.07,1.0,0.0,4.83,Andalucia
T2024-04498,2024-04-14,C0018,Raton ergonomico,Perifericos,44.26,4.0,0.0,11.18,Canarias
T2024-04662,2024-05-11,C0686,Tablet 10 pulgadas,Telefonia,279.65,5.0,0.0,0.0,Comunitat Valenciana
T2024-02141,2024-11-07,C1012,Teclado mecanico,Perifericos,84.23,2.0,0.0,0.0,Andalucia
T2024-02181,2024-12-01,C0272,Raton ergonomico,Perifericos,43.74,2.0,0.0,3.99,Cataluna
T2024-00870,2024-08-10,C0013,Tarjeta microSD 256 GB,Almacenamiento,33.52,1.0,0.0,3.98,Cataluna
T2024-D0003,2024-01-02,C0002,Pulsera de actividad,Vestible,57.97,2.0,25.0,0.0,Cataluna
T2024-04737,2024-03-09,C1090,Disco SSD 1 TB,Almacenamiento,105.02,1.0,0.0,0.0,Andalucia
T2024-02923,2024-11-03,C0232,Auriculares con cable,Perifericos,29.41,2.0,0.0,4.91,Pais Vasco
T2024-04493,2024-01-12,C0196,Altavoz bluetooth,Audio,73.67,5.0,0.0,0.0,Comunitat Valenciana
T2024-01386,2024-12-30,C0077,Monitor 27 pulgadas,Informatica,235.41,2.0,10.0,0.0,Cataluna
T2024-01357,2024-01-20,C0018,Tarjeta microSD 256 GB,Almacenamiento,33.27,4.0,0.0,9.34,Canarias
T2024-03593,2024-11-22,C0487,Raton ergonomico,Perifericos,38.29,1.0,0.0,3.44,Cataluna
T2024-00727,2024-11-26,C0427,Pulsera de actividad,Vestible,57.64,2.0,0.0,0.0,Comunitat Valenciana
T2024-01111,2024-08-25,C1198,Auriculares con cable,Perifericos,29.38,2.0,20.0,3.58,Pais Vasco
T2024-01291,2024-03-08,C1141,Auriculares con cable,Perifericos,30.04,1.0,10.0,6.72,Cataluna
T2024-03989,2024-05-26,C0794,Auriculares con cable,Perifericos,29.98,2.0,0.0,3.54,Madrid
T2024-03773,2024-10-14,C0319,Auriculares inalambricos,Audio,125.42,2.0,10.0,0.0,Madrid
T2024-03638,2024-08-26,C0299,Disco SSD 1 TB,Almacenamiento,100.67,1.0,30.0,0.0,Andalucia
T2024-02126,2024-02-21,C0392,Camara web 1080p,Perifericos,82.24,1.0,0.0,6.27,Cataluna
T2024-03167,2024-12-25,C0010,Movil gama media,Telefonia,343.61,2.0,0.0,0.0,Cataluna
T2024-00949,2024-07-21,C0979,Tablet 10 pulgadas,Telefonia,279.35,2.0,0.0,0.0,Comunitat Valenciana
T2024-04318,2024-12-29,C0052,Raton ergonomico,Perifericos,35.97,250.0,0.0,5.56,Pais Vasco
T2024-02176,2024-05-18,C0001,Barra de sonido,Audio,210.77,3.0,20.0,0.0,Madrid
T2024-04937,2024-05-02,C1163,Camara web 1080p,perifericos,71.47,1.0,0.0,6.55,Madrid
T2024-03652,2024-09-20,C0054,Auriculares inalambricos,Audio,130.75,1.0,-10.0,0.0,Andalucia
T2024-01347,2024-06-06,C0150,Teclado mecanico,Perifericos,81.45,1.0,0.0,3.91,Comunitat Valenciana
T2024-02775,2024-03-10,C1011,Pulsera de actividad,Vestible,60.4,1.0,0.0,6.0,Andalucia
T2024-04950,2024-05-19,C0101,Auriculares con cable,Perifericos,29.7,4.0,15.0,0.0,Madrid
T2024-04765,2024-11-19,C0012,Tarjeta microSD 256 GB,Almacenamiento,31.67,2.0,0.0,3.23,Comunitat Valenciana
T2024-02036,2024-09-21,C0078,Raton ergonomico,Perifericos,49.67,1.0,0.0,5.03,Madrid
T2024-00119,2024-11-17,C0001,Pulsera de actividad,Vestible,58.15,1.0,10.0,3.41,Cataluna
T2024-03609,2024-09-23,C0505,Movil gama media,Telefonia,333.71,2.0,,0.0,Galicia
T2024-01506,2024-11-02,C0460,Raton ergonomico,Perifericos,48.47,2.0,0.0,3.38,Galicia
T2024-01853,2024-11-25,C0052,Reloj inteligente,Vestible,180.39,3.0,15.0,0.0,Madrid
T2024-02158,2024-11-16,C0820,Movil gama media,Telefonia,324.97,5.0,0.0,0.0,Cataluna
T2024-04370,2024-02-11,C0001,Pulsera de actividad,Vestible,55.64,2.0,10.0,0.0,Cataluna
T2024-02114,2024-08-28,C0051,Auriculares con cable,Perifericos,30.35,1.0,5.0,4.23,Cataluna
T2024-03836,2024-01-12,C0870,Auriculares inalambricos,Audio,124.68,4.0,10.0,0.0,Cataluna
T2024-02545,2024-10-19,C0215,Camara web 1080p,Perifericos,71.77,1.0,0.0,4.32,Comunitat Valenciana
T2024-02991,2024-10-11,C0546,Tarjeta microSD 256 GB,Almacenamiento,33.79,1.0,15.0,6.81,Cataluna
T2024-02944,2024-09-24,C0827,Altavoz bluetooth,Audio,85.6,5.0,0.0,0.0,Madrid
T2024-01861,2024-04-21,C0483,Monitor 27 pulgadas,Informatica,266.0,1.0,0.0,0.0,Galicia
T2024-04015,2024-01-25,C0656,Movil gama alta,Telefonía,980.88,2.0,25.0,0.0,Cataluna
T2024-00612,2024-11-30,C0108,Reloj inteligente,Vestible,170.54,1.0,0.0,0.0,Cataluna
T2024-03359,2024-10-26,C0011,Auriculares con cable,Perifericos,29.51,2.0,0.0,4.89,Comunitat Valenciana
T2024-04660,2024-11-24,C0194,Monitor 27 pulgadas,Informatica,247.32,4.0,5.0,0.0,Cataluna
T2024-03065,2024-06-02,C0362,Disco SSD 1 TB,Almacenamiento,91.51,1.0,5.0,3.7,Madrid
T2024-02794,2024-01-07,C0024,Tarjeta microSD 256 GB,Almacenamiento,32.23,4.0,15.0,0.0,Comunitat Valenciana
T2024-03845,2024-08-13,C0852,Pulsera de actividad,Vestible,57.41,2.0,5.0,0.0,Galicia
T2024-04035,2024-06-16,C0700,Disco SSD 2 TB,Almacenamiento,183.29,1.0,5.0,0.0,Comunitat Valenciana
T2024-00722,2024-06-21,C0954,Auriculares con cable,Perifericos,28.84,4.0,0.0,0.0,Cataluna
T2024-01614,2024-11-07,C0302,Tarjeta microSD 256 GB,Almacenamiento,35.61,1.0,,4.49,Andalucia
T2024-03830,2024-05-14,C0009,Tablet 10 pulgadas,Telefonia,250.64,1.0,0.0,0.0,Cataluna
T2024-02813,2024-09-27,C0030,Teclado mecanico,Perifericos,91.63,5.0,,0.0,Comunitat Valenciana
T2024-04916,2024-09-03,C0003,Auriculares con cable,Perifericos,27.4,5.0,0.0,0.0,Cataluna
T2024-03724,2024-11-01,C0013,Raton ergonomico,Perifericos,39.12,3.0,10.0,0.0,Madrid
T2024-02132,2024-06-27,C0072,Movil gama media,Telefonia,320.9,1.0,,0.0,Comunitat Valenciana
T2024-04516,2024-05-30,C0096,Camara web 1080p,Perifericos,68.13,1.0,0.0,6.09,Comunitat Valenciana
T2024-01305,2024-05-07,C0066,Altavoz bluetooth,Audio,77.7,2.0,25.0,0.0,Galicia
T2024-04034,2024-06-29,C0049,Raton ergonomico,Perifericos,45.28,1.0,5.0,5.9,Comunitat Valenciana
T2024-01835,2024-04-10,C0111,Teclado mecanico,Perifericos,82.02,1.0,30.0,6.22,Galicia
T2024-02127,2024-12-15,C0036,Movil gama media,Telefonía,365.23,1.0,0.0,0.0,Comunitat Valenciana
T2024-02266,2024-08-24,C0133,Camara web 1080p,Perifericos,66.08,5.0,0.0,9.63,Canarias
T2024-00585,2024-12-06,C0264,Barra de sonido,Audio,215.78,2.0,0.0,0.0,Comunitat Valenciana
T2024-02308,2024-12-24,C0003,Raton ergonomico,Perifericos,45.49,1.0,0.0,10.37,Canarias
T2024-02787,2024-02-20,C0904,Altavoz bluetooth,Audio,87.47,5.0,0.0,0.0,Andalucia
T2024-03302,2024-10-06,C0874,Pulsera de actividad,Vestible,62.92,4.0,0.0,0.0,Comunitat Valenciana
T2024-01896,2024-11-03,C0088,Teclado mecanico,Perifericos,75.15,2.0,5.0,0.0,Comunitat Valenciana
T2024-01422,2024-03-29,C0125,Movil gama media,Telefonia,332.69,2.0,0.0,0.0,Cataluna
T2024-02372,2024-10-03,C1188,Pulsera de actividad,Vestible,61.03,1.0,,4.04,Cataluna
T2024-02030,2024-12-27,C0001,Altavoz bluetooth,Audio,76.47,2.0,5.0,0.0,Cataluna
T2024-02820,2024-11-21,C0295,Auriculares con cable,Perifericos,27.34,2.0,0.0,4.31,Galicia
T2024-03442,2024-07-07,C0001,Barra de sonido,Audio,194.3,2.0,10.0,0.0,Cataluna
T2024-01308,2024-11-02,C0909,Camara web 1080p,Perifericos,67.23,1.0,0.0,5.65,Madrid
T2024-01508,2024-12-20,C0006,Tarjeta microSD 256 GB,Almacenamiento,35.15,5.0,0.0,0.0,Andalucia
T2024-04580,2024-10-06,C1185,Raton ergonomico,Perifericos,43.9,1.0,15.0,6.53,Madrid
T2024-00707,2024-04-13,C0069,Auriculares con cable,Perifericos,29.39,1.0,20.0,4.56,Cataluna
T2024-04302,2024-02-21,C0485,Disco SSD 1 TB,Almacenamiento,104.04,2.0,0.0,0.0,Andalucia
T2024-00702,2024-04-02,C0088,Raton ergonomico,Perifericos,47.75,1.0,0.0,5.81,Madrid
T2024-00988,2024-07-21,C0135,Auriculares inalambricos,Audio,122.09,1.0,10.0,0.0,Madrid
T2024-03510,2024-03-08,C0649,Reloj inteligente,Vestible,197.92,4.0,20.0,12.55,Canarias
T2024-01612,2024-12-06,C0092,Tarjeta microSD 256 GB,Almacenamiento,29.88,2.0,0.0,3.66,Cataluna
T2024-01010,2024-09-11,C0641,Auriculares con cable,Perifericos,30.61,2.0,20.0,3.45,Galicia
T2024-03757,2024-12-08,C0737,Reloj inteligente,Vestible,175.52,1.0,0.0,0.0,Madrid
T2024-04433,2024-04-03,C0007,Camara web 1080p,Perifericos,70.2,2.0,0.0,0.0,Pais Vasco
T2024-01312,2024-05-21,C0002,Tarjeta microSD 256 GB,Almacenamiento,34.52,2.0,0.0,6.04,Madrid
T2024-03883,2024-05-17,C0805,Altavoz bluetooth,Audio,77.83,1.0,25.0,6.29,Comunitat Valenciana
T2024-04150,2024-01-11,C0908,Altavoz bluetooth,Audio,77.07,1.0,0.0,3.04,Madrid
T2024-00600,2024-12-05,C0024,Portatil 16 pulgadas,Informatica,1582.5,1.0,25.0,0.0,Comunitat Valenciana
T2024-03903,2024-01-07,C0055,Teclado mecanico,Perifericos,91.01,3.0,0.0,0.0,Andalucia
T2024-02271,2024-02-26,C0027,Camara web 1080p,Perifericos,65.16,1.0,0.0,6.15,Andalucia
T2024-01328,2024-12-11,C0196,Disco SSD 1 TB,Almacenamiento,91.1,1.0,0.0,6.49,Cataluna
T2024-03714,2024-11-02,C0158,Raton ergonomico,Perifericos,47.58,2.0,0.0,3.85,Comunitat Valenciana
T2024-04932,2024-01-07,C0009,Monitor 27 pulgadas,Informatica,252.05,1.0,20.0,0.0,Andalucia
T2024-01621,2024-03-11,C1174,Monitor 27 pulgadas,Informatica,243.96,4.0,,0.0,Cataluna
T2024-01719,2024-12-27,C1114,Raton ergonomico,Perifericos,48.91,3.0,0.0,0.0,Madrid
T2024-03315,2024-04-29,C0786,Movil gama media,Telefonia,348.13,4.0,0.0,0.0,Comunitat Valenciana
T2024-03079,2024-11-24,C0023,Camara web 1080p,Perifericos,64.0,3.0,0.0,0.0,Cataluna
T2024-03008,2024-07-17,C0005,Tarjeta microSD 256 GB,Almacenamiento,29.17,2.0,0.0,6.49,Madrid
T2024-04129,2024-05-07,C0169,Tarjeta microSD 256 GB,Almacenamiento,34.88,5.0,10.0,0.0,Galicia
T2024-02665,2024-07-14,C0313,Tablet 10 pulgadas,Telefonia,257.13,2.0,0.0,0.0,Andalucia
T2024-03336,2024-05-04,C0001,Pulsera de actividad,Vestible,60.61,4.0,25.0,0.0,Madrid
T2024-03662,2024-11-22,C0636,Auriculares con cable,Perifericos,28.22,2.0,0.0,3.08,Comunitat Valenciana
T2024-02880,2024-10-19,C0225,Auriculares inalambricos,Audio,133.92,4.0,0.0,0.0,Comunitat Valenciana
T2024-00130,2024-03-28,C0001,Auriculares con cable,Perifericos,32.68,2.0,0.0,6.35,Andalucia
T2024-04082,2024-03-12,C0009,Teclado mecanico,Perifericos,88.56,1.0,0.0,4.73,Madrid
T2024-02955,2024-11-20,C0003,Tablet 10 pulgadas,Telefonia,308.82,1.0,0.0,0.0,Comunitat Valenciana
T2024-01550,2024-04-08,C0425,Auriculares inalambricos,Audio,128.06,4.0,30.0,0.0,Comunitat Valenciana
T2024-02930,2024-07-15,C0011,Camara web 1080p,Perifericos,63.08,5.0,20.0,0.0,Comunitat Valenciana
T2024-00207,2024-12-15,C0004,Pulsera de actividad,Vestible,62.12,2.0,0.0,0.0,Comunitat Valenciana
T2024-00723,2024-04-06,C0707,Pulsera de actividad,Vestible,59.0,1.0,5.0,3.32,Cataluna
T2024-02956,2024-01-07,C0030,Pulsera de actividad,Vestible,66.98,2.0,,0.0,Pais Vasco
T2024-01145,2024-07-10,C0116,Teclado mecanico,Perifericos,79.77,1.0,15.0,5.43,Comunitat Valenciana
T2024-04297,2024-12-03,C0002,Reloj inteligente,Vestible,173.03,5.0,0.0,0.0,Madrid
T2024-03906,2024-12-22,C0044,Tarjeta microSD 256 GB,Almacenamiento,30.48,4.0,,0.0,Cataluna
T2024-00187,2024-11-03,C0003,Auriculares con cable,Perifericos,29.07,2.0,0.0,3.95,Comunitat Valenciana
T2024-01740,2024-05-14,C0001,Teclado mecanico,Perifericos,85.76,1.0,10.0,6.88,Comunitat Valenciana
T2024-02987,2024-05-21,C0385,Disco SSD 2 TB,Almacenamiento,158.45,1.0,0.0,0.0,Pais Vasco
T2024-00874,2024-05-13,C0008,Teclado mecanico,Perifericos,88.61,2.0,5.0,0.0,Andalucia
T2024-01622,2024-12-22,C0198,Pulsera de actividad,Vestible,61.15,1.0,10.0,5.44,Madrid
T2024-01998,2024-11-16,C0075,Tarjeta microSD 256 GB,Almacenamiento,36.7,1.0,0.0,5.55,Comunitat Valenciana
T2024-02717,2024-11-09,C0004,Auriculares con cable,Perifericos,31.83,1.0,0.0,4.91,Galicia
T2024-01094,2024-06-11,C0154,Reloj inteligente,Vestible,190.67,5.0,15.0,0.0,Cataluna
T2024-01234,2024-10-11,C0013,Teclado mecanico,Perifericos,95.61,1.0,,3.79,Cataluna
T2024-02823,2024-06-09,C1134,Auriculares con cable,Perifericos,30.6,2.0,0.0,4.35,Galicia
T2024-01599,2024-12-22,C0026,Monitor 27 pulgadas,Informatica,284.89,4.0,0.0,10.16,Canarias
T2024-04893,2024-09-16,C0905,Auriculares inalambricos,Audio,126.59,2.0,30.0,0.0,Comunitat Valenciana
T2024-02033,2024-12-08,C0935,Auriculares con cable,Perifericos,28.05,1.0,10.0,6.48,Madrid
T2024-03152,2024-11-09,C0001,Auriculares inalambricos,Audio,132.04,5.0,5.0,14.23,Canarias
T2024-01672,2024-10-20,C0011,Reloj inteligente,Vestible,190.96,2.0,0.0,0.0,Comunitat Valenciana
T2024-04392,2024-09-18,C0002,Auriculares inalambricos,Audio,132.67,1.0,5.0,0.0,Comunitat Valenciana
T2024-02809,2024-09-19,C0003,Altavoz bluetooth,Audio,78.2,1.0,0.0,3.01,Madrid
T2024-03036,2024-09-29,C0990,Raton ergonomico,Perifericos,42.29,1.0,0.0,5.37,Madrid
T2024-00537,2024-06-06,C0832,Movil gama media,Telefonia,315.84,2.0,25.0,0.0,Andalucia
T2024-02662,2024-11-22,C0888,Raton ergonomico,Perifericos,47.36,4.0,20.0,0.0,Comunitat Valenciana
T2024-01698,2024-08-25,C0056,Raton ergonomico,Perifericos,45.53,1.0,0.0,8.43,Canarias
T2024-03435,2024-05-10,C0747,Raton ergonomico,Perifericos,48.66,2.0,,4.16,Cataluna
T2024-03898,2024-05-13,C1047,Camara web 1080p,Perifericos,65.77,1.0,15.0,3.37,Comunitat Valenciana
T2024-02903,2024-01-27,C0027,Disco SSD 2 TB,Almacenamiento,174.7,4.0,0.0,0.0,Andalucia
T2024-03586,2024-08-10,C0002,Raton ergonomico,Perifericos,46.7,1.0,25.0,6.26,Cataluna
T2024-01029,2024-10-31,C0268,Camara web 1080p,Perifericos,76.01,1.0,5.0,6.03,Galicia
T2024-02389,2024-07-27,C1035,Tarjeta microSD 256 GB,Almacenamiento,34.12,1.0,20.0,6.18,Comunitat Valenciana
T2024-01529,2024-09-02,C0135,Pulsera de actividad,Vestible,54.43,4.0,0.0,0.0,Madrid
T2024-03901,2024-04-06,C0286,Disco SSD 1 TB,Almacenamiento,98.65,5.0,0.0,0.0,Comunitat Valenciana
T2024-00701,2024-11-03,C0212,Auriculares con cable,Perifericos,28.22,1.0,,5.52,Pais Vasco
T2024-02901,2024-07-10,C0011,Auriculares con cable,Perifericos,29.8,1.0,0.0,3.02,Pais Vasco
T2024-03329,2024-04-25,C0002,Auriculares inalambricos,Audio,127.95,1.0,0.0,0.0,Madrid
T2024-01586,2024-07-01,C0002,Raton ergonomico,Perifericos,44.4,1.0,15.0,5.57,Andalucia
T2024-03392,2024-04-27,C0012,Raton ergonomico,Perifericos,47.05,2.0,30.0,6.69,Comunitat Valenciana
T2024-03318,2024-09-12,C0257,Tarjeta microSD 256 GB,Almacenamiento,38.17,2.0,0.0,4.53,Comunitat Valenciana
T2024-04695,2024-02-01,C0111,Tablet 10 pulgadas,Telefonia,259.91,1.0,0.0,0.0,Madrid
T2024-01289,2024-01-23,C0001,Raton ergonomico,Perifericos,44.01,1.0,0.0,4.12,Cataluna
T2024-03735,2024-04-02,C0664,Tarjeta microSD 256 GB,Almacenamiento,32.1,2.0,0.0,5.07,Comunitat Valenciana
T2024-04841,2024-07-24,C0324,Tarjeta microSD 256 GB,Almacenamiento,35.51,2.0,,3.28,Comunitat Valenciana
T2024-04003,2024-07-02,C0133,Disco SSD 2 TB,Almacenamiento,178.1,2.0,0.0,0.0,Andalucia
T2024-02858,2024-05-26,C0116,Teclado mecanico,Perifericos,87.17,1.0,0.0,3.81,Comunitat Valenciana
T2024-03330,2024-03-21,C0072,Auriculares con cable,Perifericos,29.44,1.0,0.0,5.4,Comunitat Valenciana
T2024-03645,2024-11-16,C0357,Disco SSD 2 TB,Almacenamiento,159.69,4.0,0.0,0.0,Comunitat Valenciana
T2024-04827,2024-11-23,C0357,Camara web 1080p,Perifericos,72.63,1.0,0.0,4.27,Pais Vasco
T2024-00451,2024-11-25,C0955,Pulsera de actividad,Vestible,55.95,1.0,25.0,13.31,Canarias
T2024-04941,2024-01-20,C0322,Disco SSD 2 TB,Almacenamiento,166.15,3.0,5.0,0.0,Cataluna
T2024-02281,2024-12-28,C0275,Disco SSD 1 TB,Almacenamiento,82.88,1.0,0.0,6.31,Galicia
T2024-02122,2024-05-06,C0054,Raton ergonomico,Perifericos,44.08,1.0,25.0,4.28,Cataluna
T2024-01843,2024-03-22,C0001,Monitor 27 pulgadas,Informatica,222.59,2.0,0.0,0.0,
T2024-01241,2024-10-14,C0154,Altavoz bluetooth,Audio,81.86,1.0,,3.47,Madrid
T2024-01543,2024-10-20,C0493,Auriculares con cable,Perifericos,29.68,1.0,5.0,3.01,Galicia
T2024-04713,2024-09-20,C0505,Disco SSD 1 TB,Almacenamiento,99.9,2.0,20.0,0.0,Cataluna
T2024-04632,2024-03-24,C0156,Auriculares con cable,Perifericos,29.13,3.0,0.0,5.89,Andalucia
T2024-02617,2024-02-09,C0004,Disco SSD 1 TB,Almacenamiento,97.3,2.0,30.0,0.0,Comunitat Valenciana
T2024-01625,2024-06-06,C0008,Auriculares con cable,Perifericos,26.83,1.0,0.0,4.28,Comunitat Valenciana
T2024-02803,2024-07-07,C0617,Auriculares con cable,Perifericos,32.03,3.0,0.0,4.58,Comunitat Valenciana
T2024-00394,2024-01-27,C0024,Camara web 1080p,Perifericos,71.35,5.0,0.0,0.0,Comunitat Valenciana
T2024-00259,2024-12-22,C0134,Tarjeta microSD 256 GB,Almacenamiento,37.13,3.0,10.0,0.0,Comunitat Valenciana
T2024-03967,2024-04-08,C0359,Tarjeta microSD 256 GB,Almacenamiento,31.85,2.0,0.0,4.76,Andalucia
T2024-02749,2024-07-13,C0009,Portatil 14 pulgadas,Informatica,855.63,1.0,5.0,0.0,Pais Vasco
T2024-D0034,2024-01-16,C0001,Barra de sonido,Audio,195.57,1.0,10.0,0.0,Comunitat Valenciana
T2024-01678,2024-11-24,C0008,Pulsera de actividad,Vestible,55.5,1.0,25.0,6.7,Madrid
T2024-03262,2024-07-05,C0550,Teclado mecanico,Perifericos,84.39,2.0,30.0,0.0,Andalucia
T2024-04882,2024-06-22,C0137,Disco SSD 2 TB,Almacenamiento,168.14,1.0,0.0,0.0,Madrid
T2024-02309,2024-08-03,C0015,Camara web 1080p,Perifericos,75.32,1.0,10.0,4.82,Cataluna
T2024-03500,2024-12-30,C0431,Camara web 1080p,Perifericos,68.28,2.0,0.0,0.0,Cataluna
T2024-03211,2024-06-03,C0921,Auriculares con cable,Perifericos,28.48,2.0,0.0,10.73,Canarias
T2024-02063,2024-06-21,C0588,Altavoz bluetooth,Audio,75.2,3.0,0.0,0.0,Comunitat Valenciana
T2024-03892,2024-09-22,C0965,Disco SSD 2 TB,Almacenamiento,165.43,3.0,15.0,0.0,Cataluna
T2024-04339,2024-09-11,C0007,Disco SSD 1 TB,Almacenamiento,-102.67,3.0,30.0,13.19,Canarias
T2024-00617,2024-09-20,C0240,Tarjeta microSD 256 GB,Almacenamiento,34.7,5.0,20.0,0.0,Pais Vasco
T2024-03473,2024-07-15,C0023,Raton ergonomico,Perifericos,45.62,2.0,10.0,5.76,Madrid
T2024-00411,2024-02-03,C0869,Auriculares con cable,Perifericos,30.29,4.0,0.0,0.0,Cataluna
T2024-00977,2024-12-15,C0949,Tarjeta microSD 256 GB,Almacenamiento,34.66,1.0,0.0,3.14,Comunitat Valenciana
T2024-04300,2024-09-11,C0375,Altavoz bluetooth,Audio,75.81,2.0,10.0,0.0,Madrid
T2024-00887,2024-11-16,C0032,Barra de sonido,Audio,186.75,4.0,0.0,0.0,Cataluna
T2024-04894,2024-08-04,C0790,Movil gama media,Telefonia,379.02,2.0,30.0,0.0,Madrid
T2024-03891,2024-10-16,C0047,Teclado mecanico,Perifericos,87.57,1.0,30.0,6.31,Madrid
T2024-00232,2024-12-20,C0016,Auriculares inalambricos,Audio,134.13,2.0,10.0,0.0,Cataluna
T2024-04267,2024-12-07,C0308,Altavoz bluetooth,Audio,83.1,2.0,10.0,0.0,Madrid
T2024-02507,2024-11-07,C0001,Tablet 10 pulgadas,Telefonia,260.59,1.0,0.0,0.0,Andalucia
T2024-02963,2024-10-20,C0727,Pulsera de actividad,Vestible,51.59,1.0,0.0,5.76,Comunitat Valenciana
T2024-03780,2024-06-16,C0130,Auriculares inalambricos,Audio,135.82,4.0,35.0,0.0,Cataluna
T2024-04912,2024-06-11,C0197,Disco SSD 1 TB,Almacenamiento,90.9,4.0,0.0,0.0,Madrid
T2024-04570,2024-11-09,C0111,Teclado mecanico,Perifericos,95.15,1.0,30.0,4.55,Andalucia
T2024-01392,2024-04-17,C0732,Tablet 10 pulgadas,Telefonia,302.88,2.0,0.0,0.0,Andalucia
T2024-04429,2024-12-12,C0259,Auriculares con cable,Perifericos,26.6,2.0,15.0,4.11,Comunitat Valenciana
T2024-01780,2024-08-19,C0020,Tarjeta microSD 256 GB,Almacenamiento,31.89,2.0,0.0,6.33,Andalucia
T2024-00705,2024-04-30,C0568,Reloj inteligente,Vestible,206.59,2.0,0.0,0.0,Pais Vasco
T2024-01665,2024-04-13,C0627,Pulsera de actividad,Vestible,63.29,1.0,30.0,3.25,Madrid
T2024-03647,2024-03-24,C0003,Altavoz bluetooth,Audio,79.32,5.0,10.0,10.82,Canarias
T2024-00740,2024-04-14,C0438,Tablet 10 pulgadas,Telefonia,296.33,5.0,0.0,0.0,Galicia
T2024-04162,2024-12-24,C0525,Raton ergonomico,Perifericos,42.88,1.0,0.0,5.42,Madrid
T2024-03940,2024-02-19,C0013,Movil gama media,Telefonia,340.47,1.0,0.0,0.0,Andalucia
T2024-04303,2024-01-08,C0001,Auriculares con cable,Perifericos,28.0,2.0,30.0,6.9,Madrid
T2024-01348,2024-02-23,C0009,Reloj inteligente,Vestible,178.78,3.0,0.0,0.0,Andalucia
T2024-00634,2024-12-18,C0007,Tarjeta microSD 256 GB,Almacenamiento,30.94,4.0,0.0,0.0,Pais Vasco
T2024-04997,2024-10-05,C0001,Pulsera de actividad,Vestible,63.54,1.0,0.0,6.93,Andalucia
T2024-04450,2024-03-29,C0033,Altavoz bluetooth,Audio,75.05,1.0,0.0,6.12,Comunitat Valenciana
T2024-04519,2024-01-07,C0083,Portatil 14 pulgadas,Informatica,950.68,1.0,0.0,0.0,Comunitat Valenciana
T2024-02313,2024-09-16,C0014,Portatil 14 pulgadas,Informatica,827.69,3.0,0.0,0.0,Pais Vasco
T2024-03272,2024-03-18,C0258,Pulsera de actividad,Vestible,56.39,1.0,0.0,3.07,Andalucia
T2024-02745,2024-07-05,C0354,Tarjeta microSD 256 GB,Almacenamiento,36.73,2.0,0.0,6.85,Cataluna
T2024-01706,2024-01-19,C0106,Auriculares con cable,Perifericos,30.79,1.0,0.0,4.75,Andalucia
T2024-00567,2024-10-11,C0178,Reloj inteligente,Vestible,182.38,5.0,10.0,0.0,Andalucia
T2024-01174,2024-03-22,C0243,Altavoz bluetooth,Audio,79.19,2.0,125.0,0.0,Galicia
T2024-00177,2024-04-18,C0841,Altavoz bluetooth,Audio,76.95,1.0,,3.04,Madrid
T2024-03509,2024-03-21,C0188,Monitor 27 pulgadas,Informatica,254.67,2.0,0.0,0.0,Comunitat Valenciana
T2024-02326,2024-10-18,C0914,Auriculares con cable,Perifericos,30.81,1.0,0.0,4.49,Madrid
T2024-01425,2024-11-08,C0902,Auriculares con cable,Perifericos,28.37,1.0,0.0,3.42,Cataluna
T2024-01435,2024-06-09,C0478,Auriculares con cable,Perifericos,30.29,1.0,10.0,5.96,Comunitat Valenciana
T2024-02605,2024-05-22,C0831,Auriculares con cable,Perifericos,27.6,4.0,25.0,0.0,Madrid
T2024-01738,2024-01-01,C0403,Altavoz bluetooth,Audio,86.99,5.0,0.0,0.0,Comunitat Valenciana
T2024-03887,2024-12-08,C0156,Portatil 16 pulgadas,Informatica,1442.61,2.0,0.0,0.0,Galicia
T2024-01066,2024-11-23,C0098,Movil gama media,Telefonia,356.19,2.0,0.0,0.0,Galicia
T2024-04826,2024-09-29,C0090,Disco SSD 1 TB,Almacenamiento,90.7,2.0,0.0,0.0,Pais Vasco
T2024-00684,2024-01-02,C0312,Auriculares inalambricos,Audio,130.0,2.0,10.0,0.0,Galicia
T2024-04727,2024-06-18,C0016,Raton ergonomico,Perifericos,42.7,2.0,20.0,6.07,Pais Vasco
T2024-03568,2024-09-02,C0224,Barra de sonido,Audio,192.46,1.0,25.0,0.0,Madrid
T2024-03713,2024-07-12,C0730,Teclado mecanico,Perifericos,85.08,4.0,0.0,0.0,Galicia
T2024-02443,2024-03-09,C0535,Disco SSD 1 TB,Almacenamiento,91.58,3.0,10.0,0.0,Comunitat Valenciana
T2024-02007,2024-04-20,C0327,Disco SSD 1 TB,Almacenamiento,100.47,2.0,5.0,0.0,Cataluna
T2024-03513,2024-12-30,C0848,Tablet 10 pulgadas,Telefonia,238.35,1.0,0.0,0.0,Galicia
T2024-02104,2024-01-21,C0002,Monitor 27 pulgadas,Informatica,259.65,5.0,15.0,0.0,Comunitat Valenciana
T2024-04372,2024-06-02,C0079,Camara web 1080p,Perifericos,62.52,1.0,0.0,4.19,Cataluna
T2024-03034,2024-05-14,C0120,Disco SSD 1 TB,Almacenamiento,101.15,4.0,0.0,8.02,Canarias
T2024-03238,2024-12-06,C0306,Disco SSD 2 TB,Almacenamiento,180.27,2.0,25.0,0.0,Madrid
T2024-00756,2024-07-30,C0818,Altavoz bluetooth,Audio,73.5,1.0,10.0,4.17,Andalucia
T2024-03347,2024-05-28,C0035,Tarjeta microSD 256 GB,Almacenamiento,34.67,1.0,10.0,4.57,Andalucia
T2024-01227,2024-05-19,C0001,Portatil 16 pulgadas,Informatica,1517.71,2.0,0.0,0.0,Cataluna
T2024-02716,2024-05-26,C0230,Tablet 10 pulgadas,Telefonia,266.68,1.0,0.0,0.0,Cataluna
T2024-00301,2024-02-11,C0012,Altavoz bluetooth,Audio,78.26,3.0,0.0,0.0,Madrid
T2024-04438,2024-11-22,C0337,Reloj inteligente,Vestible,196.37,5.0,0.0,0.0,Comunitat Valenciana
T2024-03689,2024-11-04,C0028,Altavoz bluetooth,Audio,82.7,1.0,0.0,3.11,Cataluna
T2024-02871,2024-05-21,C0412,Teclado mecanico,Perifericos,90.01,2.0,0.0,0.0,Andalucia
T2024-00614,2024-11-04,C0064,Auriculares con cable,Perifericos,31.88,5.0,0.0,0.0,Comunitat Valenciana
T2024-02125,2024-08-01,C0004,Auriculares con cable,Perifericos,24.95,2.0,0.0,4.08,Cataluna
T2024-02040,2024-11-23,C0641,Teclado mecanico,Perifericos,93.17,5.0,0.0,0.0,Andalucia
T2024-04299,2024-11-22,C0162,Pulsera de actividad,Vestible,50.89,1.0,0.0,5.82,Galicia
T2024-02597,2024-11-11,C0043,Auriculares inalambricos,Audio,127.97,4.0,0.0,13.93,Canarias
T2024-00375,2024-03-05,C0622,Disco SSD 1 TB,Almacenamiento,105.36,1.0,,0.0,Comunitat Valenciana
T2024-00205,2024-12-22,C0001,Tarjeta microSD 256 GB,Almacenamiento,30.89,4.0,0.0,0.0,Comunitat Valenciana
T2024-01716,2024-12-08,C0570,Tarjeta microSD 256 GB,Almacenamiento,31.88,5.0,0.0,0.0,Madrid
T2024-03051,2024-12-12,C1073,Teclado mecanico,Perifericos,87.34,1.0,0.0,6.95,Madrid
T2024-04222,2024-04-04,C0057,Raton ergonomico,Perifericos,44.66,1.0,0.0,6.12,Galicia
T2024-01501,2024-11-10,C0008,Auriculares con cable,Perifericos,32.48,1.0,0.0,6.28,Comunitat Valenciana
T2024-04442,2024-04-05,C0733,Pulsera de actividad,Vestible,61.61,2.0,10.0,0.0,Madrid
T2024-00598,2024-12-17,C0366,Movil gama media,Telefonia,320.62,2.0,0.0,0.0,Cataluna
T2024-03521,2024-03-23,C0005,Teclado mecanico,Perifericos,83.24,2.0,0.0,0.0,Andalucia
T2024-02001,2024-02-15,C1146,Altavoz bluetooth,Audio,86.65,2.0,0.0,0.0,Madrid
T2024-04946,2024-05-09,C0001,Barra de sonido,Audio,207.45,1.0,30.0,0.0,Cataluna
T2024-03440,2024-12-30,C0640,Reloj inteligente,Vestible,163.34,3.0,10.0,0.0,Comunitat Valenciana
T2024-02238,2024-08-02,C0158,Auriculares con cable,Perifericos,32.79,2.0,30.0,6.61,Galicia
T2024-04501,2024-01-28,C0206,Raton ergonomico,Perifericos,47.56,2.0,0.0,5.01,Madrid
T2024-02511,2024-11-21,C0212,Disco SSD 2 TB,Almacenamiento,154.7,5.0,0.0,0.0,Andalucia
T2024-00786,2024-06-17,C0132,Altavoz bluetooth,Audio,80.78,1.0,10.0,4.06,Andalucia
T2024-04458,2024-12-01,C0201,Teclado mecanico,Perifericos,80.57,2.0,25.0,0.0,Galicia
T2024-03223,2024-05-14,C0703,Teclado mecanico,Perifericos,84.69,2.0,0.0,0.0,Comunitat Valenciana
T2024-01744,2024-03-09,C0012,Raton ergonomico,Perifericos,42.27,1.0,10.0,6.81,Madrid
T2024-04585,2024-10-18,C0629,Raton ergonomico,Perifericos,41.66,1.0,0.0,3.35,Cataluna
T2024-01766,2024-11-23,C0712,Teclado mecanico,Perifericos,92.92,4.0,0.0,0.0,Cataluna
T2024-03416,2024-01-01,C0811,Altavoz bluetooth,Audio,-88.01,2.0,15.0,0.0,Cataluna
T2024-04167,2024-06-23,C0007,Camara web 1080p,Perifericos,76.73,3.0,20.0,0.0,Galicia
T2024-01299,2024-01-14,C0086,Raton ergonomico,Perifericos,41.61,3.0,0.0,0.0,Comunitat Valenciana
T2024-00962,2024-08-03,C0057,Altavoz bluetooth,Audio,77.24,4.0,10.0,0.0,Comunitat Valenciana
T2024-04897,2024-11-20,C0050,Tarjeta microSD 256 GB,Almacenamiento,32.97,1.0,0.0,14.77,Canarias
T2024-01491,2024-08-15,C1130,Teclado mecanico,Perifericos,90.6,2.0,15.0,0.0,Madrid
T2024-03579,2024-11-06,C0329,Altavoz bluetooth,Audio,79.26,2.0,0.0,0.0,Comunitat Valenciana
T2024-01248,2024-11-16,C0711,Auriculares con cable,Perifericos,30.08,4.0,5.0,0.0,Madrid
T2024-03739,2024-10-21,C0060,Disco SSD 1 TB,Almacenamiento,95.56,2.0,0.0,0.0,Cataluna
T2024-00774,2024-05-22,C0105,Tarjeta microSD 256 GB,Almacenamiento,33.24,5.0,0.0,0.0,Madrid
T2024-01149,2024-07-08,C0048,Portatil 16 pulgadas,Informatica,1510.24,2.0,0.0,0.0,Madrid
T2024-D0053,2024-09-16,C0174,Teclado mecanico,Perifericos,93.49,1.0,0.0,6.56,Andalucia
T2024-03506,2024-10-29,C0547,Movil gama alta,Telefonia,1019.26,2.0,25.0,0.0,Comunitat Valenciana
T2024-00340,2024-08-28,C0069,Auriculares con cable,Perifericos,29.47,3.0,5.0,6.72,Andalucia
T2024-03463,2024-12-05,C0159,Camara web 1080p,Perifericos,68.51,5.0,25.0,0.0,Andalucia
T2024-01480,2024-11-09,C0543,Tablet 10 pulgadas,Telefonia,293.86,1.0,0.0,11.72,Canarias
T2024-03592,2024-06-25,C0409,Monitor 27 pulgadas,Informatica,237.07,5.0,10.0,0.0,Comunitat Valenciana
T2024-04423,2024-08-23,C0280,Pulsera de actividad,Vestible,54.96,3.0,0.0,0.0,Comunitat Valenciana
T2024-00189,2024-11-02,C0007,Pulsera de actividad,Vestible,59.71,2.0,0.0,0.0,Pais Vasco
T2024-04494,2024-04-10,C0004,Disco SSD 1 TB,Almacenamiento,106.78,2.0,20.0,0.0,Cataluna
T2024-03221,2024-03-28,C0054,Altavoz bluetooth,Audio,83.73,4.0,5.0,0.0,Galicia
T2024-04866,2024-11-08,C0001,Reloj inteligente,Vestible,176.93,2.0,0.0,0.0,Pais Vasco
T2024-03303,2024-11-15,C0128,Pulsera de actividad,Vestible,59.76,3.0,0.0,0.0,Madrid
T2024-02291,2024-12-20,C0003,Pulsera de actividad,Vestible,60.38,1.0,0.0,4.26,Madrid
T2024-03857,2024-06-26,C0144,Tarjeta microSD 256 GB,Almacenamiento,35.55,2.0,0.0,4.56,Madrid
T2024-00472,2024-11-26,C0002,Barra de sonido,Audio,196.46,1.0,0.0,0.0,Madrid
T2024-04686,2024-01-21,C1125,Movil gama media,Telefonia,325.66,3.0,0.0,0.0,Andalucia
T2024-01970,2024-06-21,C0156,Auriculares con cable,Perifericos,30.01,3.0,0.0,6.06,Comunitat Valenciana
T2024-03098,2024-01-21,C0450,Auriculares con cable,Perifericos,30.67,4.0,0.0,0.0,Pais Vasco
T2024-01205,2024-03-19,C0651,Auriculares con cable,Perifericos,29.51,3.0,0.0,4.21,Comunitat Valenciana
T2024-04413,2024-07-15,C0892,Disco SSD 2 TB,Almacenamiento,163.91,4.0,0.0,0.0,Andalucia
T2024-03195,2024-07-12,C0001,Movil gama alta,Telefonia,996.88,2.0,20.0,0.0,Cataluna
T2024-00386,2024-01-23,C0026,Pulsera de actividad,Vestible,61.12,1.0,5.0,4.58,Andalucia
T2024-01823,2024-09-21,C0373,Disco SSD 1 TB,Almacenamiento,101.21,2.0,15.0,0.0,Andalucia
T2024-02647,2024-06-30,C0472,Pulsera de actividad,Vestible,61.61,5.0,15.0,0.0,Cataluna
T2024-02131,2024-12-17,C0015,Auriculares con cable,Perifericos,24.63,1.0,0.0,5.15,Comunitat Valenciana
T2024-00561,2024-05-21,C0023,Disco SSD 1 TB,Almacenamiento,100.67,1.0,0.0,0.0,Andalucia
T2024-01591,2024-12-01,C0023,Disco SSD 1 TB,Almacenamiento,100.14,4.0,0.0,0.0,Andalucia
T2024-04665,2024-12-05,C0015,Teclado mecanico,Perifericos,91.02,2.0,15.0,0.0,Madrid
T2024-00622,2024-10-02,C0825,Teclado mecanico,Perifericos,92.95,1.0,10.0,3.71,Cataluna
T2024-04538,2024-08-30,C0002,Movil gama media,Telefonía,329.78,3.0,5.0,0.0,Comunitat Valenciana
T2024-00060,2024-01-23,C0004,Pulsera de actividad,Vestible,58.4,1.0,,3.46,Cataluna
T2024-02354,2024-10-07,C0096,Monitor 27 pulgadas,Informatica,270.48,4.0,0.0,0.0,Comunitat Valenciana
T2024-D0022,2024-01-24,C0153,Tarjeta microSD 256 GB,Almacenamiento,34.65,2.0,0.0,3.61,Cataluna
T2024-00915,2024-02-17,C0028,Tarjeta microSD 256 GB,Almacenamiento,34.81,4.0,5.0,0.0,Comunitat Valenciana
T2024-02879,2024-03-12,C0100,Tablet 10 pulgadas,Telefonia,280.08,3.0,0.0,0.0,Comunitat Valenciana
T2024-04439,2024-11-20,C0106,Portatil 14 pulgadas,Informatica,941.4,2.0,5.0,0.0,Cataluna
T2024-03507,2024-05-26,C0456,Altavoz bluetooth,Audio,75.44,2.0,20.0,0.0,Comunitat Valenciana
T2024-02168,2024-11-23,C0027,Disco SSD 2 TB,Almacenamiento,194.93,4.0,15.0,8.34,Canarias
T2024-04430,2024-04-05,C0416,Movil gama media,Telefonia,338.84,4.0,0.0,0.0,Andalucia
T2024-04166,2024-04-12,C0087,Disco SSD 1 TB,Almacenamiento,101.93,2.0,15.0,0.0,Pais Vasco
T2024-04583,2024-06-07,C0171,Barra de sonido,Audio,215.1,3.0,0.0,0.0,Cataluna
T2024-00500,2024-06-08,C0335,Disco SSD 1 TB,Almacenamiento,90.93,1.0,0.0,5.2,Comunitat Valenciana
T2024-04752,2024-08-07,C0016,Auriculares inalambricos,Audio,126.42,5.0,30.0,9.27,Canarias
T2024-01855,2024-11-23,C1194,Tarjeta microSD 256 GB,Almacenamiento,36.04,1.0,0.0,4.79,Galicia
T2024-00226,2024-05-25,C0061,Portatil 14 pulgadas,INFORMATICA,971.24,3.0,5.0,0.0,Pais Vasco
T2024-02506,2024-12-02,C0033,Auriculares inalambricos,Audio,115.42,2.0,10.0,0.0,Cataluna
T2024-01728,2024-12-17,C0787,Raton ergonomico,Perifericos,43.28,1.0,25.0,3.38,Comunitat Valenciana
T2024-04532,2024-11-23,C0338,Tarjeta microSD 256 GB,Almacenamiento,37.97,3.0,0.0,0.0,Galicia
T2024-04842,2024-01-18,C0159,Auriculares con cable,Perifericos,33.09,1.0,0.0,3.03,Galicia
T2024-00316,2024-10-27,C0003,Barra de sonido,Audio,197.61,1.0,0.0,0.0,Andalucia
T2024-02964,2024-08-26,C0068,Auriculares inalambricos,Audio,119.23,2.0,40.0,0.0,Pais Vasco
T2024-01977,2024-11-27,C0081,Tablet 10 pulgadas,Telefonia,273.92,2.0,0.0,0.0,Madrid
T2024-01685,2024-05-26,C0001,Auriculares con cable,Perifericos,29.49,5.0,0.0,0.0,Pais Vasco
T2024-04878,2024-01-14,C0005,Monitor 27 pulgadas,Informatica,224.46,3.0,0.0,0.0,Pais Vasco
T2024-01485,2024-05-04,C1186,Tarjeta microSD 256 GB,Almacenamiento,37.88,4.0,0.0,0.0,Comunitat Valenciana
T2024-00836,2024-01-06,C0001,Tarjeta microSD 256 GB,Almacenamiento,32.62,2.0,0.0,4.09,Andalucia
T2024-04125,2024-12-30,C0219,Tarjeta microSD 256 GB,Almacenamiento,34.54,1.0,0.0,6.83,Pais Vasco
T2024-04889,2024-12-17,C0067,Camara web 1080p,Perifericos,69.09,2.0,10.0,0.0,Cataluna
T2024-00191,2024-01-09,C0019,Disco SSD 2 TB,Almacenamiento,158.97,3.0,0.0,0.0,Comunitat Valenciana
T2024-04794,2024-02-03,C0528,Altavoz bluetooth,Audio,76.34,1.0,0.0,4.37,Comunitat Valenciana
T2024-03527,2024-06-17,C0050,Monitor 27 pulgadas,Informatica,250.37,2.0,0.0,0.0,Cataluna
T2024-04421,2024-12-22,C0196,Auriculares inalambricos, Audio ,121.81,2.0,10.0,0.0,Comunitat Valenciana
T2024-00815,2024-03-02,C0024,Movil gama media,Telefonia,368.14,2.0,25.0,0.0,Comunitat Valenciana
T2024-00801,2024-07-13,C0101,Teclado mecanico,Perifericos,97.78,1.0,25.0,3.55,Comunitat Valenciana
T2024-03869,2024-07-20,C0183,Auriculares inalambricos, Audio ,123.79,1.0,0.0,0.0,Madrid
T2024-03937,2024-11-30,C1090,Disco SSD 1 TB,Almacenamiento,102.2,5.0,0.0,0.0,Comunitat Valenciana
T2024-02802,2024-01-13,C0137,Altavoz bluetooth,Audio,76.3,3.0,35.0,11.88,Canarias
T2024-00531,2024-03-28,C0400,Auriculares con cable,Perifericos,28.7,4.0,0.0,0.0,Madrid
T2024-04757,2024-10-19,C0049,Barra de sonido,Audio,180.69,3.0,0.0,0.0,Pais Vasco
T2024-01608,2024-07-05,C0206,Auriculares con cable,Perifericos,28.39,2.0,0.0,4.89,Andalucia
T2024-00309,2024-01-16,C0009,Reloj inteligente,Vestible,204.54,,,0.0,Comunitat Valenciana
T2024-01703,2024-12-18,C0548,Auriculares con cable,Perifericos,30.11,1.0,0.0,3.09,Cataluna
T2024-01071,2024-11-17,C0478,Tablet 10 pulgadas,Telefonia,291.06,1.0,0.0,0.0,Cataluna
T2024-02965,2024-02-23,C0120,Pulsera de actividad,Vestible,58.39,1.0,15.0,4.6,Cataluna
T2024-03949,2024-10-01,C0669,Auriculares inalambricos,Audio,103.47,1.0,10.0,0.0,Comunitat Valenciana
T2024-01534,2024-12-01,C0005,Reloj inteligente,Vestible,198.96,3.0,5.0,0.0,Comunitat Valenciana
T2024-02329,2024-11-15,C0134,Disco SSD 1 TB,Almacenamiento,99.18,5.0,15.0,0.0,Madrid
T2024-02575,2024-09-06,C0126,Auriculares inalambricos,Audio,133.62,5.0,0.0,0.0,Madrid
T2024-00222,2024-01-29,C0245,Altavoz bluetooth,Audio,79.24,2.0,0.0,0.0,Pais Vasco
T2024-01350,2024-12-24,C0009,Movil gama media,Telefonia,354.15,2.0,0.0,0.0,
T2024-04135,2024-02-15,C0443,Auriculares con cable,Perifericos,29.34,1.0,25.0,5.62,Comunitat Valenciana
T2024-04186,2024-11-14,C0008,Tarjeta microSD 256 GB,Almacenamiento,34.29,2.0,0.0,4.66,Andalucia
T2024-04551,2024-09-19,C0593,Tarjeta microSD 256 GB,Almacenamiento,35.12,2.0,0.0,6.77,Cataluna
T2024-00417,2024-12-17,C0078,Camara web 1080p,Perifericos,62.1,2.0,0.0,0.0,Madrid
T2024-04383,2024-11-04,C0616,Altavoz bluetooth,Audio,79.26,5.0,0.0,0.0,Comunitat Valenciana
T2024-00910,2024-04-09,C0014,Barra de sonido,Audio,191.35,3.0,10.0,0.0,Cataluna
T2024-00950,2024-12-01,C0009,Portatil 14 pulgadas,Informatica,917.62,2.0,0.0,0.0,Andalucia
T2024-01663,2024-03-25,C0004,Raton ergonomico,Perifericos,43.68,2.0,0.0,4.17,Comunitat Valenciana
T2024-00481,2024-10-22,C0024,Teclado mecanico,Perifericos,88.05,2.0,0.0,0.0,Pais Vasco
T2024-04808,2024-11-10,C0059,Tablet 10 pulgadas,Telefonia,262.14,3.0,0.0,0.0,Madrid
T2024-00679,2024-11-11,C0061,Disco SSD 2 TB,Almacenamiento,163.79,1.0,10.0,0.0,Andalucia
T2024-04792,2024-06-06,C0075,Auriculares con cable,Perifericos,28.1,3.0,15.0,4.51,Galicia
T2024-01500,2024-07-19,C0410,Raton ergonomico,Perifericos,45.0,2.0,,6.24,Andalucia
T2024-03415,2024-06-07,C0235,Monitor 27 pulgadas,INFORMATICA,281.39,5.0,15.0,0.0,Cataluna
T2024-02899,2024-12-29,C0001,Teclado mecanico,Perifericos,82.06,3.0,15.0,0.0,Cataluna
T2024-03393,2024-06-25,C0001,Tablet 10 pulgadas,Telefonía,283.71,1.0,0.0,0.0,Cataluna
T2024-01321,2024-12-11,C0452,Altavoz bluetooth,Audio,81.5,1.0,0.0,6.9,Cataluna
T2024-03468,2024-12-09,C0039,Tarjeta microSD 256 GB,Almacenamiento,31.74,4.0,0.0,13.69,Canarias
T2024-03677,2024-12-22,C0311,Disco SSD 1 TB,Almacenamiento,96.08,3.0,0.0,0.0,Comunitat Valenciana
T2024-00924,2024-12-23,C0141,Auriculares con cable,Perifericos,30.88,4.0,0.0,0.0,Madrid
T2024-01376,2024-12-22,C0659,Auriculares inalambricos,Audio,134.21,3.0,10.0,0.0,Galicia
T2024-01916,2024-03-12,C0067,Teclado mecanico,Perifericos,90.12,1.0,25.0,3.09,Madrid
T2024-04491,2024-12-14,C0034,Auriculares con cable,Perifericos,27.32,1.0,0.0,3.44,Comunitat Valenciana
T2024-00365,2024-07-06,C0009,Teclado mecanico,Perifericos,88.32,4.0,10.0,0.0,Madrid
T2024-01275,2024-01-28,C1017,Movil gama alta,Telefonia,977.97,1.0,0.0,0.0,Comunitat Valenciana
T2024-01334,2024-03-07,C0046,Portatil 16 pulgadas,Informatica,1415.51,4.0,0.0,0.0,Andalucia
T2024-00568,2024-01-06,C0080,Pulsera de actividad,Vestible,61.57,1.0,0.0,3.01,Andalucia
T2024-03801,2024-11-11,C0003,Pulsera de actividad,Vestible,51.52,4.0,20.0,0.0,Pais Vasco
T2024-00388,2024-12-15,C0304,Movil gama alta,Telefonia,984.46,1.0,0.0,0.0,Madrid
T2024-02435,2024-11-26,C0082,Altavoz bluetooth,Audio,71.91,2.0,0.0,0.0,Comunitat Valenciana
T2024-00906,2024-05-02,C0352,Camara web 1080p,Perifericos,69.04,4.0,25.0,0.0,Comunitat Valenciana
T2024-02075,2024-06-09,C0071,Raton ergonomico,Perifericos,43.25,3.0,0.0,0.0,Madrid
T2024-01051,2024-10-15,C0001,Monitor 27 pulgadas,Informatica,249.12,4.0,10.0,0.0,Andalucia
T2024-04100,2024-01-03,C0034,Camara web 1080p,Perifericos,60.23,4.0,10.0,0.0,Cataluna
T2024-02981,2024-03-07,C0191,Raton ergonomico,Perifericos,45.45,3.0,0.0,0.0,Cataluna
T2024-03695,2024-12-17,C0521,Auriculares con cable,Perifericos,25.36,1.0,15.0,13.1,Canarias
T2024-01816,2024-08-24,C0086,Disco SSD 1 TB,Almacenamiento,98.12,3.0,0.0,0.0,Galicia
T2024-03921,2024-03-20,C0029,Disco SSD 2 TB,Almacenamiento,173.54,2.0,0.0,0.0,Galicia
T2024-01287,2024-07-27,C0741,Pulsera de actividad,Vestible,56.53,1.0,0.0,4.93,Andalucia
T2024-02430,2024-05-24,C0001,Portatil 16 pulgadas,Informatica,1743.11,2.0,0.0,0.0,Comunitat Valenciana
T2024-00626,2024-04-15,C0032,Barra de sonido,Audio,214.23,4.0,25.0,0.0,Pais Vasco
T2024-02363,2024-12-27,C0109,Disco SSD 2 TB,Almacenamiento,174.19,3.0,20.0,0.0,Andalucia
T2024-04520,2024-01-07,C0131,Barra de sonido,Audio,188.7,1.0,10.0,0.0,Pais Vasco
T2024-03317,2024-09-14,C0035,Altavoz bluetooth,Audio,72.5,4.0,25.0,0.0,Pais Vasco
T2024-00420,2024-09-09,C0137,Camara web 1080p,Perifericos,64.99,2.0,,0.0,Comunitat Valenciana
T2024-00385,2024-03-05,C0006,Camara web 1080p,Perifericos,73.83,2.0,5.0,0.0,Madrid
T2024-00750,2024-09-28,C0391,Barra de sonido,Audio,195.08,3.0,0.0,0.0,Comunitat Valenciana
T2024-03394,2024-07-29,C0012,Disco SSD 1 TB,Almacenamiento,87.26,4.0,0.0,0.0,Andalucia
T2024-00555,2024-05-27,C0076,Auriculares con cable,Perifericos,29.66,2.0,20.0,3.09,Andalucia
T2024-00896,2024-01-21,C0947,Tarjeta microSD 256 GB,Almacenamiento,34.58,3.0,0.0,0.0,Andalucia
T2024-02515,2024-04-13,C0019,Portatil 16 pulgadas,Informatica,1473.41,1.0,20.0,0.0,Andalucia
T2024-02078,2024-04-09,C0398,Camara web 1080p,Perifericos,73.22,1.0,20.0,5.86,Comunitat Valenciana
T2024-04017,2024-03-05,C0088,Teclado mecanico,Perifericos,90.54,3.0,0.0,0.0,Madrid
T2024-01579,2024-01-25,C0432,Disco SSD 1 TB,Almacenamiento,110.39,4.0,15.0,0.0,Pais Vasco
T2024-01135,2024-12-10,C0077,Tarjeta microSD 256 GB,Almacenamiento,37.09,4.0,25.0,0.0,Madrid
T2024-00052,2024-11-27,C0031,Auriculares con cable,Perifericos,27.45,2.0,0.0,5.03,Comunitat Valenciana
T2024-03314,2024-12-27,C0003,Pulsera de actividad,Vestible,60.09,1.0,0.0,5.96,Madrid
T2024-00409,2024-09-29,C0021,Teclado mecanico,Perifericos,90.95,1.0,25.0,3.92,Cataluna
T2024-03177,2024-12-06,C0084,Barra de sonido,Audio,209.36,1.0,25.0,0.0,Cataluna
T2024-02826,2024-04-10,C0061,Tablet 10 pulgadas,Telefonia,284.79,3.0,0.0,0.0,Pais Vasco
T2024-01880,2024-11-21,C0524,Tarjeta microSD 256 GB,Almacenamiento,32.92,1.0,20.0,6.03,Madrid
T2024-00267,2024-04-25,C0261,Barra de sonido,Audio,195.9,2.0,10.0,0.0,Comunitat Valenciana
T2024-03255,2024-11-16,C0043,Monitor 27 pulgadas,Informatica,229.96,1.0,0.0,0.0,Andalucia
T2024-02801,2024-10-08,C0451,Disco SSD 2 TB,Almacenamiento,153.27,1.0,30.0,0.0,Pais Vasco
T2024-02699,2024-11-06,C0139,Auriculares inalambricos,Audio,128.72,3.0,40.0,0.0,Andalucia
T2024-00663,2024-07-18,C0359,Monitor 27 pulgadas,Informatica,259.97,2.0,0.0,0.0,Comunitat Valenciana
T2024-02887,2024-09-16,C0321,Disco SSD 2 TB,Almacenamiento,173.85,2.0,0.0,0.0,Cataluna
T2024-01895,2024-01-30,C0001,Barra de sonido,Audio,205.86,1.0,35.0,0.0,Cataluna
T2024-03886,2024-05-03,C0005,Auriculares inalambricos,Audio,128.39,3.0,10.0,0.0,Pais Vasco
T2024-04310,2024-04-04,C0061,Raton ergonomico,Perifericos,48.16,1.0,0.0,4.89,Cataluna
T2024-01574,2024-10-19,C0772,Disco SSD 1 TB,Almacenamiento,101.56,5.0,5.0,0.0,Madrid
T2024-D0000,2024-10-11,C0001,Disco SSD 2 TB,Almacenamiento,168.31,1.0,25.0,0.0,Madrid
T2024-00292,2024-09-08,C0648,Auriculares inalambricos,Audio,135.98,4.0,0.0,0.0,Cataluna
T2024-00091,2024-12-14,C0535,Teclado mecanico,Perifericos,87.46,1.0,30.0,3.99,Comunitat Valenciana
T2024-00184,2024-12-13,C0424,Auriculares con cable,Perifericos,26.83,2.0,15.0,6.41,Comunitat Valenciana
T2024-04333,2024-11-11,C0038,Auriculares con cable,Perifericos,26.8,3.0,0.0,11.8,Canarias
T2024-04645,2024-08-17,C0696,Auriculares con cable,Perifericos,26.26,4.0,5.0,0.0,Pais Vasco
T2024-00672,2024-10-20,C0118,Altavoz bluetooth,Audio,77.72,2.0,10.0,0.0,Andalucia
T2024-01777,2024-04-27,C0864,Monitor 27 pulgadas,Informatica,247.68,1.0,0.0,0.0,Comunitat Valenciana
T2024-03597,2024-03-19,C0630,Movil gama media,Telefonia,359.06,1.0,30.0,0.0,Madrid
T2024-04084,2024-12-07,C0009,Barra de sonido,Audio,217.23,1.0,15.0,0.0,Madrid
T2024-01995,2024-08-12,C0102,Tablet 10 pulgadas,Telefonia,274.67,2.0,0.0,0.0,Madrid
T2024-02364,2024-02-12,C0097,Auriculares con cable,Perifericos,31.49,3.0,0.0,6.01,Cataluna
T2024-03485,2024-04-13,C0257,Raton ergonomico,Perifericos,44.12,1.0,0.0,6.65,Andalucia
T2024-01632,2024-12-06,C0731,Tarjeta microSD 256 GB,Almacenamiento,32.64,3.0,,5.38,Andalucia
