mensaje_id,fecha_hora,canal,cliente,texto,categoria,ambiguo,frontera,confuso,dias_desde_compra,minutos_manual,categoria_asignada
M0001,2024-01-01 08:30:00,correo,,¿tenéis el tocadiscos con previo incorporado?,producto,0,0,0,,20.3,producto
M0002,2024-01-01 11:23:00,formulario,C0040,"Estimados, quiero devolver la impresora multifunción que compré el 13 de septiembre. No es lo que esperaba y no le voy a dar uso. Aún estoy dentro de plazo, ¿verdad? Quedo a la espera.",devolucion,0,0,0,5,8.7,devolucion
M0003,2024-01-01 11:52:00,correo,C0220,"Estimados, el seguimiento del pedido P-2024-76367 lleva 13 días sin moverse y la fecha prevista de entrega ya ha pasado. ¿Se ha perdido? También necesito la factura, que no me ha llegado. Quedo a la espera.",factura,1,0,0,112,8.2,factura
M0004,2024-01-01 12:01:00,formulario,C0028,"Buenos días, me he equivocado al escribir la dirección de envío del pedido P-2024-62878, puse mal el número de portal. ¿Se puede corregir todavía o ya ha salido? Saludos cordiales.",envio,0,0,0,0,10.5,envio
M0005,2024-01-01 13:10:00,formulario,,"Buenas, ofrecemos servicio de atención al cliente externalizado con agentes en horario ampliado. ¿Le interesa que le mandemos una propuesta sin compromiso? Saludos cordiales.",spam,0,0,0,,1.4,spam
M0006,2024-01-01 14:36:00,formulario,C0396,"Estimados, hice el pedido P-2024-83036 el 16 de febrero y sigue apareciendo como «en preparación». ¿Me pueden decir cuándo sale? Lo necesito para el fin de semana. Quedo a la espera.",envio,0,0,0,1,5.2,envio
M0007,2024-01-01 14:57:00,chat,C0022,quiero anular el P-2024-80895,devolucion,0,0,0,1,5.2,devolucion
M0008,2024-01-01 17:20:00,correo,C0393,"Estimados, he pagado con transferencia el pedido P-2024-59176 y me sigue saliendo como pendiente de pago. Adjunto el justificante del banco. Muchas gracias.",factura,0,0,0,104,2.7,factura
M0009,2024-01-01 17:58:00,correo,C0363,"Buenos días, compré el micrófono USB de sobremesa hace 20 días y quiero cambiarlo por el modelo superior pagando la diferencia. ¿Se puede o tengo que devolverlo y volver a comprar? Quedo a la espera.",devolucion,0,0,0,10,7.9,devolucion
M0010,2024-01-01 18:10:00,correo,,"Estimados, ¿el teclado mecánico retroiluminado incluye los cables o hay que comprarlos aparte? Lo pregunto porque en la foto se ven y en el listado no aparecen. Un saludo.",producto,0,0,0,,2.8,producto
M0011,2024-01-01 18:13:00,correo,C0383,"Buenos días, el cargador rápido de 65 W lleva 5 días de retraso y ya no me hace falta. No sé si esperar o no. Gracias de antemano.",devolucion,0,0,1,18,14.0,envio
M0012,2024-01-01 20:47:00,correo,C0258,"Hola, necesito saber el plazo de entrega de la impresora multifunción, que tengo una fecha límite. Quedo a la espera.",producto,0,0,1,3,13.0,envio
M0013,2024-01-02 10:35:00,formulario,C0391,"Estimados, hice el pedido P-2024-48903 el 15 de enero y sigue apareciendo como «en preparación». ¿Me pueden decir cuándo sale? Lo necesito para el fin de semana. Muchas gracias.",envio,0,0,0,6,2.5,envio
M0014,2024-01-02 10:56:00,formulario,C0225,"Hola, buenas, me he equivocado al escribir la dirección de envío del pedido P-2024-95230, puse mal el número de portal. ¿Se puede corregir todavía o ya ha salido? A la espera de su respuesta.",envio,0,0,0,2,3.9,envio
M0015,2024-01-02 12:02:00,telefono,C0084,"[Transcripción de llamada] Buenas, ¿me pueden cambiar el disco SSD de 1 TB por otro? Este viene con un defecto de fábrica. Quedo a la espera.",devolucion,0,1,0,6,11.9,garantia
M0016,2024-01-02 14:19:00,telefono,C0043,"[Transcripción de llamada] Buenos días, la batería de la impresora multifunción ya no aguanta ni dos horas. la compré hace 21 meses y la uso siempre con el cargador que venía en la caja. Un saludo.",garantia,0,0,0,408,14.4,garantia
M0017,2024-01-02 16:34:00,telefono,C0210,"[Transcripción de llamada] Hola, el reembolso del pedido P-2024-84212 lo aceptaron hace 14 días y en la cuenta no ha entrado nada todavía. Muchas gracias.",factura,0,0,0,21,10.8,factura
M0018,2024-01-02 16:45:00,formulario,,"Buenas, estoy mirando el monitor de 27 pulgadas y no me queda claro si es compatible con el equipo que ya tengo en casa. ¿Me lo pueden confirmar antes de comprarlo? A la espera de su respuesta.",producto,0,0,0,,10.7,producto
M0019,2024-01-02 19:07:00,formulario,C0040,"Hola, buenas, me han cobrado dos veces los 887,27 euros del pedido P-2024-14719. En el banco aparecen los dos cargos con la misma fecha. Saludos cordiales.",factura,0,0,0,100,6.3,factura
M0020,2024-01-03 12:17:00,correo,C0283,¿me mandáis la factura?,factura,0,0,0,70,9.9,factura
M0021,2024-01-04 09:03:00,chat,C0290,"Hola, he pedido un portátil Lenovo IdeaPad 3 y otro artículo en el mismo pedido y solo me ha llegado uno. La caja venía bien cerrada, así que no parece cosa del transporte. Un saludo.",envio,0,0,0,5,5.6,envio
M0022,2024-01-04 09:05:00,correo,C0230,"Hola, buenas, el pedido P-2024-25325 figura como entregado desde ayer y aquí no ha llegado nada. He preguntado a los vecinos y tampoco saben nada. Quedo a la espera.",envio,0,0,0,10,3.7,envio
M0023,2024-01-04 11:08:00,correo,C0067,sigo sin cobrar el reembolso,factura,0,0,1,13,3.6,devolucion
M0024,2024-01-04 12:29:00,correo,C0195,"Hola, buenas, he pedido una tablet de 10 pulgadas y otro artículo en el mismo pedido y solo me ha llegado uno. La caja venía bien cerrada, así que no parece cosa del transporte. A la espera de su respuesta.",envio,0,0,0,7,9.4,envio
M0025,2024-01-04 12:51:00,correo,C0215,"Estimados, el repartidor dice que ha intentado entregar el altavoz bluetooth portátil dos veces y yo he estado en casa las dos veces. Nadie ha llamado al timbre. A la espera de su respuesta.",envio,0,0,0,7,5.1,envio
M0026,2024-01-04 13:13:00,correo,,¿tenéis el reloj inteligente con GPS?,producto,0,0,0,,5.9,spam
M0027,2024-01-04 16:08:00,correo,,"Hola, buenas, dudo entre el cargador rápido de 65 W y otro modelo más caro. ¿Merece la pena la diferencia de 176,92 euros para un uso normal? Quedo a la espera.",producto,0,0,0,,15.8,producto
M0028,2024-01-04 18:49:00,formulario,,"Hola, buenas, dudo entre el router wifi de doble banda y otro modelo más caro. ¿Merece la pena la diferencia de 220,74 euros para un uso normal? Muchas gracias.",producto,0,0,0,,12.6,producto
M0029,2024-01-05 09:15:00,correo,C0307,"Estimados, ¿el cargador rápido de 65 W incluye los cables o hay que comprarlos aparte? Lo pregunto porque en la foto se ven y en el listado no aparecen. Muchas gracias.",producto,0,0,0,215,15.0,producto
M0030,2024-01-05 10:20:00,correo,C0372,"Buenos días, el portátil Lenovo IdeaPad 3 que compré hace 8 meses ha dejado de encender de un día para otro. No se ha caído ni se ha mojado. Un saludo.",garantia,0,0,0,377,20.5,garantia
M0031,2024-01-05 17:29:00,formulario,C0298,"Estimados, la batería de la barra de sonido de 2.1 canales ya no aguanta ni dos horas. la compré hace 13 meses y la uso siempre con el cargador que venía en la caja. Gracias de antemano.",garantia,0,0,0,642,28.1,envio
M0032,2024-01-05 18:07:00,chat,C0035,no llega y ya no lo quiero,envio,0,0,1,18,4.9,envio
M0033,2024-01-05 20:27:00,correo,C0053,"Buenos días, he pedido un móvil Redmi Note y otro artículo en el mismo pedido y solo me ha llegado uno. La caja venía bien cerrada, así que no parece cosa del transporte. En cualquier caso, quiero iniciar la devolución. A la espera de su respuesta.",devolucion,1,0,0,6,16.7,envio
M0034,2024-01-06 10:08:00,formulario,C0131,"Hola, el pedido P-2024-36160 me ha llegado bien pero me he arrepentido de la compra. ¿Cómo inicio la devolución y quién paga el transporte de vuelta? Saludos cordiales.",devolucion,0,0,0,10,10.9,devolucion
M0035,2024-01-06 12:38:00,telefono,C0019,"[Transcripción de llamada] Buenos días, necesito que recojan el monitor de 27 pulgadas y me den una solución, porque así no me sirve para nada. Saludos cordiales.",devolucion,0,1,0,14,8.6,devolucion
M0036,2024-01-06 13:02:00,correo,C0379,"Buenos días, ¿es normal que un pedido tarde 3 días en salir del almacén? Lo hice el 10 de febrero y no tengo ni número de seguimiento. Gracias por la atención.",envio,0,0,0,0,3.6,envio
M0037,2024-01-07 09:36:00,formulario,C0170,"Hola, buenas, me han llegado dos unidades del auricular inalámbrico con cancelación de ruido y yo solo pedí una. Quiero devolver la que sobra y que me reembolsen los 280,10 euros. Saludos cordiales.",devolucion,0,0,0,11,11.7,devolucion
M0038,2024-01-07 18:47:00,telefono,C0183,"[Transcripción de llamada] Hola, buenas, ¿es normal que un pedido tarde 14 días en salir del almacén? Lo hice el 26 de octubre y no tengo ni número de seguimiento. Quedo a la espera.",envio,0,0,0,10,3.4,envio
M0039,2024-01-08 09:01:00,telefono,C0258,[Transcripción de llamada] llegó golpeado y no va,envio,0,0,1,1,3.5,garantia
M0040,2024-01-08 09:53:00,correo,,"Buenos días, le escribo desde un fondo de inversión con una propuesta de financiación para su negocio, con condiciones muy por debajo de las del mercado. Saludos cordiales.",spam,0,0,0,,0.2,spam
M0041,2024-01-08 10:46:00,correo,C0298,"Hola, buenas, me han llegado dos unidades del monitor de 27 pulgadas y yo solo pedí una. Quiero devolver la que sobra y que me reembolsen los 732,89 euros. Quedo a la espera.",devolucion,0,0,0,1,4.2,devolucion
M0042,2024-01-08 10:49:00,telefono,C0161,"[Transcripción de llamada] Estimados, la impresora multifunción del pedido P-2024-75333 hace un ruido raro desde la semana pasada y ahora se apaga solo cada poco rato. Muchas gracias.",garantia,0,0,0,211,27.8,garantia
M0043,2024-01-08 11:02:00,telefono,C0327,"[Transcripción de llamada] Buenas, no ha llegado nada del pedido P-2024-33425 y necesito que me den una salida. A la espera de su respuesta.",envio,0,0,1,6,4.8,devolucion
M0044,2024-01-08 12:08:00,formulario,,"Buenas tardes, su paquete no ha podido ser entregado por un importe pendiente de 1,79 euros. Confirme sus datos en el enlace para reprogramar la entrega. Saludos cordiales.",spam,0,0,0,,0.8,spam
M0045,2024-01-08 18:52:00,correo,,¿lo tenéis en color negro?,producto,0,0,0,,7.4,producto
M0046,2024-01-08 20:40:00,correo,C0059,"Hola, buenas, me he equivocado al escribir la dirección de envío del pedido P-2024-62191, puse mal el número de portal. ¿Se puede corregir todavía o ya ha salido? Gracias de antemano.",envio,0,0,0,0,5.4,envio
M0047,2024-01-09 13:32:00,correo,C0013,lleva 8 meses y ya falla,garantia,0,0,0,103,4.9,garantia
M0048,2024-01-09 14:03:00,formulario,C0335,"Buenos días, la impresora multifunción que compré hace 22 meses ha dejado de encender de un día para otro. No se ha caído ni se ha mojado. Muchas gracias.",garantia,0,0,0,150,4.9,garantia
M0049,2024-01-09 14:49:00,correo,C0291,"Buenas tardes, en la ficha de la tablet de 10 pulgadas pone una cosa en las características y otra distinta en la descripción. ¿Cuál de las dos es la buena? También necesito la factura, que no me ha llegado. Un saludo.",factura,1,0,0,32,3.0,factura
M0050,2024-01-09 16:38:00,formulario,C0016,"Hola, me ha llegado la funda de silicona reforzada con la carcasa partida. ¿Qué hago con él? Muchas gracias.",garantia,0,0,1,10,17.7,envio
M0051,2024-01-09 17:27:00,correo,C0356,"Buenas tardes, quería comprar la funda de silicona reforzada pero aparece sin existencias. ¿Van a reponerla o la han descatalogado? También necesito la factura, que no me ha llegado. Gracias de antemano.",factura,1,0,0,20,10.4,producto
M0052,2024-01-09 17:53:00,correo,,"Hola, buenas, me interesa el disco SSD de 1 TB para un regalo. ¿lo mandan en caja neutra y sin el precio dentro? Muchas gracias.",producto,0,0,0,,11.3,spam
M0053,2024-01-09 17:58:00,chat,C0035,"quiero devolver el tocadiscos con previo incorporado. Y lo peor es que no funciona, así que habrá que repararlo.",garantia,1,0,0,148,11.1,devolucion
M0054,2024-01-10 09:26:00,correo,C0056,me ha llegado roto,envio,0,0,1,9,5.7,garantia
M0055,2024-01-10 10:44:00,correo,,"Hola, ¿la impresora multifunción que tienen en la web es el modelo de este año o el del anterior? En la ficha no aparece la referencia completa. Quedo a la espera.",producto,0,0,0,,12.9,producto
M0056,2024-01-10 12:23:00,formulario,C0205,"Buenas, el dinero del pedido P-2024-80518 no me ha entrado todavía. ¿Con quién tengo que hablar? Muchas gracias.",devolucion,0,0,1,14,6.8,factura
M0057,2024-01-10 15:48:00,correo,C0234,"Buenas tardes, la impresora multifunción no me sirve para lo que la quería. la tengo sin abrir, con el precinto puesto y con la factura dentro de la caja. Aparte de eso, el aparato vino defectuoso y no hay manera de encenderlo. Un saludo.",garantia,1,0,0,117,21.3,garantia
M0058,2024-01-10 16:07:00,correo,C0199,"Buenas, en la factura del disco SSD de 1 TB no aparece el IVA desglosado y mi gestoría me la ha devuelto por eso. Saludos cordiales.",factura,0,0,0,119,4.4,factura
M0059,2024-01-10 17:28:00,formulario,C0394,"Estimados, el reembolso del pedido P-2024-97177 lo aceptaron hace 13 días y en la cuenta no ha entrado nada todavía. Quedo a la espera.",factura,0,0,0,58,8.0,factura
M0060,2024-01-10 18:20:00,correo,C0128,"Buenas tardes, me he equivocado al escribir la dirección de envío del pedido P-2024-93400, puse mal el número de portal. ¿Se puede corregir todavía o ya ha salido? A la espera de su respuesta.",envio,0,0,0,0,2.9,envio
M0061,2024-01-10 19:42:00,chat,,tenemos una propuesta para su empresa,spam,0,0,0,,0.7,spam
M0062,2024-01-11 10:12:00,correo,C0222,"Buenas tardes, la impresora multifunción del pedido P-2024-13235 hace un ruido raro desde la semana pasada y ahora se apaga solo cada poco rato. A la espera de su respuesta.",garantia,0,0,0,352,8.7,garantia
M0063,2024-01-11 14:59:00,formulario,C0288,"Hola, buenas, me han llegado dos unidades del móvil Redmi Note y yo solo pedí una. Quiero devolver la que sobra y que me reembolsen los 496,24 euros. Gracias de antemano.",devolucion,0,0,0,9,8.2,devolucion
M0064,2024-01-11 16:23:00,correo,C0102,"Estimados, en la factura del altavoz bluetooth portátil no aparece el IVA desglosado y mi gestoría me la ha devuelto por eso. En cualquier caso, quiero iniciar la devolución. Un saludo.",devolucion,1,0,0,2,8.7,devolucion
M0065,2024-01-11 19:33:00,telefono,,"[Transcripción de llamada] Buenos días, última oportunidad: setenta por ciento de descuento en nuestro programa de facturación electrónica para pymes. Oferta válida solo esta semana. Saludos cordiales.",spam,0,0,0,,0.9,spam
M0066,2024-01-12 12:29:00,formulario,C0107,"Hola, ¿en cuántos días se entrega el micrófono USB de sobremesa? Es para un regalo y voy justo de tiempo. A la espera de su respuesta.",envio,0,0,1,24,4.6,producto
M0067,2024-01-12 12:51:00,formulario,C0139,"Estimados, quiero que se hagan cargo del tocadiscos con previo incorporado, que ha salido malo desde el principio. Saludos cordiales.",garantia,0,1,0,156,7.8,garantia
M0068,2024-01-12 13:41:00,telefono,C0103,"[Transcripción de llamada] Estimados, en la factura del pedido P-2024-45255 aparece un importe distinto del que pagué. Yo tengo un cargo de 474,47 euros en la tarjeta. Muchas gracias.",factura,0,0,0,83,5.5,factura
M0069,2024-01-12 14:26:00,correo,C0203,"Hola, inicié la devolución del pedido P-2024-86512 por la web, mandé el paquete y han pasado 7 días sin noticias del reembolso. Quedo a la espera.",devolucion,0,0,0,3,16.4,devolucion
M0070,2024-01-12 15:03:00,chat,C0370,no me cuadra el importe,factura,0,0,0,22,5.7,factura
M0071,2024-01-12 15:13:00,correo,C0154,"Hola, buenas, me he equivocado al escribir la dirección de envío del pedido P-2024-34783, puse mal el número de portal. ¿Se puede corregir todavía o ya ha salido? Un saludo.",envio,0,0,0,6,4.1,envio
M0072,2024-01-12 17:49:00,formulario,,"Buenos días, estoy mirando el tocadiscos con previo incorporado y no me queda claro si es compatible con el equipo que ya tengo en casa. ¿Me lo pueden confirmar antes de comprarlo? Aprovecho para pedirles la factura con el NIF de la empresa. Un saludo.",factura,1,0,0,,4.6,factura
M0073,2024-01-12 18:54:00,formulario,C0314,el móvil Redmi Note me llegó roto,garantia,0,0,0,610,13.7,garantia
M0074,2024-01-12 19:18:00,chat,C0030,"no me sirve, lo quiero devolver",devolucion,0,0,0,5,11.5,devolucion
M0075,2024-01-13 13:53:00,chat,C0356,¿plazo de entrega?,envio,0,0,1,6,2.6,envio
M0076,2024-01-13 16:03:00,formulario,C0378,"Buenas tardes, el repartidor dice que ha intentado entregar el monitor de 27 pulgadas dos veces y yo he estado en casa las dos veces. Nadie ha llamado al timbre. Saludos cordiales.",envio,0,0,0,4,2.7,envio
M0077,2024-01-15 11:08:00,correo,C0088,"Buenas tardes, el seguimiento del pedido P-2024-11820 lleva 14 días sin moverse y la fecha prevista de entrega ya ha pasado. ¿Se ha perdido? Un saludo.",envio,0,0,0,3,4.2,envio
M0078,2024-01-15 11:43:00,chat,C0009,"Buenas, ¿me pueden mandar todas las facturas del año pasado? Las necesito para la declaración y en mi área de cliente solo salen las de los últimos tres meses. Saludos cordiales.",factura,0,0,0,47,14.0,factura
M0079,2024-01-15 12:54:00,correo,,"Buenas, somos una empresa de logística internacional con más de veinte años de experiencia y nos gustaría ofrecerles nuestras tarifas para el próximo trimestre. Saludos cordiales.",spam,0,0,0,,1.6,spam
M0080,2024-01-15 15:52:00,correo,C0312,"Buenas, ¿es normal que un pedido tarde 6 días en salir del almacén? Lo hice el 12 de septiembre y no tengo ni número de seguimiento. A la espera de su respuesta.",envio,0,0,0,4,4.4,envio
M0081,2024-01-15 19:06:00,chat,C0356,lleva 7 días en reparto. Y además ha empezado a fallar: se apaga solo desde el primer día.,garantia,1,0,0,526,25.1,envio
M0082,2024-01-15 19:15:00,correo,C0124,"Buenas, quiero que se hagan cargo del reloj inteligente con GPS, que ha salido malo desde el principio. Saludos cordiales.",devolucion,0,1,0,3,20.6,devolucion
M0083,2024-01-15 20:23:00,formulario,C0134,"Buenos días, dudo entre la barra de sonido de 2.1 canales y otro modelo más caro. ¿Merece la pena la diferencia de 63,95 euros para un uso normal? Quedo a la espera.",producto,0,0,0,223,8.1,producto
M0084,2024-01-16 09:03:00,chat,C0383,"Hola, el repartidor dice que ha intentado entregar el router wifi de doble banda dos veces y yo he estado en casa las dos veces. Nadie ha llamado al timbre. Gracias por la atención.",envio,0,0,0,7,4.9,envio
M0085,2024-01-16 10:15:00,formulario,C0168,"Hola, compré el router wifi de doble banda hace 16 meses y se ha vuelto a estropear de lo mismo que ya me repararon en marzo. A la espera de su respuesta.",garantia,0,0,0,174,9.3,garantia
M0086,2024-01-16 10:32:00,formulario,,"Buenos días, quería comprar el monitor de 27 pulgadas pero aparece sin existencias. ¿Van a reponerlo o lo han descatalogado? Un saludo.",producto,0,0,0,,12.1,producto
M0087,2024-01-16 10:50:00,correo,C0104,"Buenos días, compré el auricular inalámbrico con cancelación de ruido hace 6 días y quiero cambiarlo por el modelo superior pagando la diferencia. ¿Se puede o tengo que devolverlo y volver a comprar? Y lo peor es que no funciona, así que habrá que repararlo. A la espera de su respuesta.",garantia,1,0,0,220,18.6,devolucion
M0088,2024-01-16 12:01:00,correo,C0329,"Estimados, ¿en cuántos días se entrega el móvil Redmi Note? Es para un regalo y voy justo de tiempo. A la espera de su respuesta.",envio,0,0,1,25,5.2,envio
M0089,2024-01-16 12:01:00,telefono,,[Transcripción de llamada] propuesta de colaboración comercial,spam,0,0,0,,2.1,spam
M0090,2024-01-16 12:50:00,chat,C0005,llegó golpeado y no va,envio,0,0,1,10,3.6,envio
M0091,2024-01-16 16:40:00,chat,C0110,"Buenas tardes, el repartidor dice que ha intentado entregar el micrófono USB de sobremesa dos veces y yo he estado en casa las dos veces. Nadie ha llamado al timbre. A la espera de su respuesta.",envio,0,0,0,0,5.5,envio
M0092,2024-01-16 16:47:00,correo,,"Estimados, última oportunidad: setenta por ciento de descuento en nuestro programa de facturación electrónica para pymes. Oferta válida solo esta semana. A la espera de su respuesta.",spam,0,0,0,,0.3,spam
M0093,2024-01-16 17:24:00,formulario,,¿tenéis la funda de silicona reforzada?,producto,0,0,0,,7.9,producto
M0094,2024-01-16 17:55:00,formulario,C0261,"Estimados, el tocadiscos con previo incorporado no me sirve para lo que lo quería. lo tengo sin abrir, con el precinto puesto y con la factura dentro de la caja. Y además ha empezado a fallar: se apaga solo desde el primer día. Muchas gracias.",garantia,1,0,0,314,6.2,devolucion
M0095,2024-01-17 09:10:00,correo,C0276,"Buenos días, estoy mirando la barra de sonido de 2.1 canales y no me queda claro si es compatible con el equipo que ya tengo en casa. ¿Me lo pueden confirmar antes de comprarla? Y de paso, el seguimiento sigue sin actualizarse. Gracias de antemano.",envio,1,0,0,5,6.4,producto
M0096,2024-01-17 10:55:00,correo,C0394,"Estimados, en la factura del pedido P-2024-97090 aparece un importe distinto del que pagué. Yo tengo un cargo de 212,52 euros en la tarjeta. Gracias por la atención.",factura,0,0,0,14,7.0,factura
M0097,2024-01-17 16:50:00,formulario,,"Buenas, estoy mirando el altavoz bluetooth portátil y no me queda claro si es compatible con el equipo que ya tengo en casa. ¿Me lo pueden confirmar antes de comprarlo? Saludos cordiales.",producto,0,0,0,,18.8,producto
M0098,2024-01-17 17:47:00,correo,C0045,"Buenas, la batería del auricular inalámbrico con cancelación de ruido ya no aguanta ni dos horas. lo compré hace 3 meses y lo uso siempre con el cargador que venía en la caja. A la espera de su respuesta.",garantia,0,0,0,138,10.8,garantia
M0099,2024-01-17 18:40:00,correo,C0044,¿cuánto tarda en llegar?,producto,0,0,1,18,6.3,producto
M0100,2024-01-18 11:40:00,chat,C0159,"Hola, buenas, la tablet de 10 pulgadas ha dejado de conectarse después de una actualización y el fabricante me dice que hable con la tienda donde la compré. Muchas gracias.",garantia,0,0,0,35,25.4,garantia
M0101,2024-01-18 13:48:00,chat,C0254,sigue sin llegar,envio,0,0,0,10,3.2,envio
M0102,2024-01-18 15:00:00,chat,C0023,"Buenas tardes, el pedido P-2024-20129 figura como entregado desde ayer y aquí no ha llegado nada. He preguntado a los vecinos y tampoco saben nada. Gracias de antemano.",envio,0,0,0,11,4.0,envio
M0103,2024-01-18 16:37:00,formulario,C0241,"¿me pueden dar el número de seguimiento? En cualquier caso, quiero iniciar la devolución.",devolucion,1,0,0,1,8.3,devolucion
M0104,2024-01-18 19:19:00,chat,C0164,no me ha llegado nada todavía,envio,0,0,0,5,4.5,envio
M0105,2024-01-19 10:44:00,correo,C0127,"Estimados, inicié la devolución del pedido P-2024-23596 por la web, mandé el paquete y han pasado 15 días sin noticias del reembolso. Muchas gracias.",devolucion,0,0,0,9,8.2,devolucion
M0106,2024-01-19 11:33:00,correo,C0078,¿la devolución la pagáis vosotros?,devolucion,0,0,0,13,7.1,devolucion
M0107,2024-01-19 13:15:00,formulario,,"Estimados, necesito que el pedido P-2024-48746 lo dejen en el punto de recogida en vez de en casa, que por las mañanas no hay nadie. Quedo a la espera.",envio,0,0,0,,14.6,envio
M0108,2024-01-19 13:47:00,correo,C0215,"Hola, buenas, el cargador rápido de 65 W vino con un fallo. Prefiero que me devuelvan el importe a que me lo arreglen. Quedo a la espera.",garantia,0,1,0,537,16.3,garantia
M0109,2024-01-19 13:50:00,correo,,"Estimados, ¿el reloj inteligente con GPS incluye los cables o hay que comprarlos aparte? Lo pregunto porque en la foto se ven y en el listado no aparecen. Gracias de antemano.",producto,0,0,0,,8.2,producto
M0110,2024-01-19 17:35:00,chat,C0294,no me ha llegado nada todavía,envio,0,0,0,8,3.4,garantia
M0111,2024-01-20 09:40:00,telefono,C0038,[Transcripción de llamada] quiero que me cambien la barra de sonido de 2.1 canales,garantia,0,1,0,319,11.6,garantia
M0112,2024-01-20 15:25:00,formulario,C0214,"Buenos días, en la ficha del router wifi de doble banda pone una cosa en las características y otra distinta en la descripción. ¿Cuál de las dos es la buena? Por cierto, ¿cuándo tienen previsto que llegue? Saludos cordiales.",envio,1,0,0,7,12.1,envio
M0113,2024-01-20 18:18:00,correo,C0036,"Buenos días, el repartidor dice que ha intentado entregar el auricular inalámbrico con cancelación de ruido dos veces y yo he estado en casa las dos veces. Nadie ha llamado al timbre. Aparte de eso, el aparato vino defectuoso y no hay manera de encenderlo. Gracias de antemano.",garantia,1,0,0,225,32.3,garantia
M0114,2024-01-21 17:58:00,correo,C0173,"Estimados, el seguimiento del pedido P-2024-75908 lleva 15 días sin moverse y la fecha prevista de entrega ya ha pasado. ¿Se ha perdido? Gracias de antemano.",envio,0,0,0,2,3.9,envio
M0115,2024-01-21 18:28:00,correo,C0006,"Hola, el pedido P-2024-47932 figura como entregado desde ayer y aquí no ha llegado nada. He preguntado a los vecinos y tampoco saben nada. Saludos cordiales.",envio,0,0,0,7,2.3,envio
M0116,2024-01-22 09:07:00,correo,C0187,"Buenas tardes, ¿el teclado mecánico retroiluminado que tienen en la web es el modelo de este año o el del anterior? En la ficha no aparece la referencia completa. Quedo a la espera.",producto,0,0,0,167,5.7,producto
M0117,2024-01-22 09:36:00,correo,C0329,"Hola, ¿es normal que un pedido tarde 19 días en salir del almacén? Lo hice el 17 de marzo y no tengo ni número de seguimiento. Un saludo.",envio,0,0,0,5,1.6,envio
M0118,2024-01-22 10:25:00,correo,C0061,"Buenos días, he pedido un disco SSD de 1 TB y otro artículo en el mismo pedido y solo me ha llegado uno. La caja venía bien cerrada, así que no parece cosa del transporte. Quedo a la espera.",envio,0,0,0,3,5.3,envio
M0119,2024-01-22 12:18:00,correo,C0341,"Hola, buenas, quiero saber cuándo me devuelven los 623,82 euros del pedido P-2024-23859. Llevo semanas esperando. Gracias de antemano.",factura,0,0,1,12,11.1,factura
M0120,2024-01-22 13:16:00,formulario,C0010,¿dónde está mi pedido?,envio,0,0,0,10,3.7,envio
M0121,2024-01-22 13:44:00,telefono,C0170,"[Transcripción de llamada] Buenas tardes, el teclado mecánico retroiluminado no funciona como debería. ¿Qué tengo que hacer para que me den una solución? Quedo a la espera.",devolucion,0,1,0,2,7.6,devolucion
M0122,2024-01-22 18:06:00,chat,C0387,"Buenos días, quiero anular el pedido P-2024-27629, que lo hice esta mañana y todavía no ha salido. Si ya ha salido, díganme cómo lo devuelvo. Quedo a la espera.",devolucion,0,0,0,1,6.6,devolucion
M0123,2024-01-23 08:47:00,correo,,"Buenas, quería comprar el micrófono USB de sobremesa pero aparece sin existencias. ¿Van a reponerlo o lo han descatalogado? Un saludo.",producto,0,0,0,,6.8,producto
M0124,2024-01-23 09:22:00,formulario,,"Buenas, ofrecemos servicio de atención al cliente externalizado con agentes en horario ampliado. ¿Le interesa que le mandemos una propuesta sin compromiso? Gracias por la atención.",spam,0,0,0,,1.2,spam
M0125,2024-01-23 14:31:00,formulario,C0094,"Buenos días, necesito la factura del pedido P-2024-54447 con los datos fiscales de mi empresa, que la que me han mandado va a mi nombre particular. Y además ha empezado a fallar: se apaga solo desde el primer día. Gracias por la atención.",garantia,1,0,0,126,18.6,factura
M0126,2024-01-23 14:45:00,correo,C0247,"Buenas tardes, la impresora multifunción del pedido P-2024-85099 hace un ruido raro desde la semana pasada y ahora se apaga solo cada poco rato. Un saludo.",garantia,0,0,0,498,15.9,garantia
M0127,2024-01-23 16:00:00,formulario,C0219,"Buenas, quería comprar la impresora multifunción pero aparece sin existencias. ¿Van a reponerla o la han descatalogado? Muchas gracias.",producto,0,0,0,96,8.4,producto
M0128,2024-01-23 16:08:00,chat,C0378,"Buenas tardes, en la ficha del móvil Redmi Note pone una cosa en las características y otra distinta en la descripción. ¿Cuál de las dos es la buena? A la espera de su respuesta.",producto,0,0,0,46,10.4,producto
M0129,2024-01-23 16:30:00,correo,C0301,"Hola, el monitor de 27 pulgadas me llegó con la carcasa rajada por un lado. La caja de fuera estaba intacta, así que venía así de fábrica. Quedo a la espera.",garantia,0,0,0,567,8.1,garantia
M0130,2024-01-23 17:10:00,formulario,C0205,"Hola, buenas, el reloj inteligente con GPS ha dejado de conectarse después de una actualización y el fabricante me dice que hable con la tienda donde lo compré. Gracias por la atención.",garantia,0,0,0,617,25.3,garantia
M0131,2024-01-23 18:13:00,chat,C0344,¿dónde está mi pedido?,envio,0,0,0,7,3.8,envio
M0132,2024-01-23 20:09:00,chat,C0381,el monitor de 27 pulgadas me llegó roto,garantia,0,0,0,72,4.2,envio
M0133,2024-01-24 10:28:00,correo,C0186,"Buenos días, dudo entre el monitor de 27 pulgadas y otro modelo más caro. ¿Merece la pena la diferencia de 183,60 euros para un uso normal? Aprovecho para pedirles la factura con el NIF de la empresa. Saludos cordiales.",factura,1,0,0,102,7.6,factura
M0134,2024-01-24 10:49:00,formulario,,la factura sale sin mi NIF,factura,0,0,0,,9.9,factura
M0135,2024-01-24 10:56:00,telefono,C0190,"[Transcripción de llamada] Buenos días, el reloj inteligente con GPS no me sirve para lo que lo quería. lo tengo sin abrir, con el precinto puesto y con la factura dentro de la caja. Gracias por la atención.",devolucion,0,0,0,3,16.3,devolucion
M0136,2024-01-24 15:01:00,correo,C0183,"Buenas tardes, el pedido P-2024-96922 figura como entregado desde ayer y aquí no ha llegado nada. He preguntado a los vecinos y tampoco saben nada. Gracias de antemano.",envio,0,0,0,11,3.2,envio
M0137,2024-01-24 17:58:00,correo,C0210,la funda de silicona reforzada no enciende,garantia,0,0,0,423,19.8,garantia
M0138,2024-01-24 19:01:00,telefono,C0031,"[Transcripción de llamada] no me sirve, lo quiero devolver",devolucion,0,0,0,10,5.8,devolucion
M0139,2024-01-25 09:04:00,telefono,,"[Transcripción de llamada] Buenas tardes, hemos detectado un acceso no autorizado a su cuenta de empresa. Verifique su identidad en las próximas veinticuatro horas o será suspendida. Gracias de antemano.",spam,0,0,0,,0.5,spam
M0140,2024-01-25 09:36:00,correo,C0274,"Estimados, el pedido P-2024-44378 figura como entregado desde ayer y aquí no ha llegado nada. He preguntado a los vecinos y tampoco saben nada. Gracias por la atención.",envio,0,0,0,4,3.5,envio
M0141,2024-01-25 09:55:00,chat,C0140,"Buenas, el monitor de 27 pulgadas no me sirve para lo que lo quería. lo tengo sin abrir, con el precinto puesto y con la factura dentro de la caja. Y además ha empezado a fallar: se apaga solo desde el primer día. Gracias por la atención.",garantia,1,0,0,73,30.8,garantia
M0142,2024-01-25 10:28:00,chat,C0371,"me habéis cobrado dos veces. Aparte de eso, el aparato vino defectuoso y no hay manera de encenderlo.",garantia,1,0,0,549,36.5,garantia
M0143,2024-01-25 11:08:00,chat,C0371,"el teclado mecánico retroiluminado no va, lo quiero devolver",devolucion,0,1,0,8,5.5,devolucion
M0144,2024-01-25 13:16:00,telefono,C0191,"[Transcripción de llamada] Buenas, quería comprar el cargador rápido de 65 W pero aparece sin existencias. ¿Van a reponerlo o lo han descatalogado? Y de paso, el seguimiento sigue sin actualizarse. Saludos cordiales.",envio,1,0,0,0,4.8,envio
M0145,2024-01-25 15:56:00,correo,,"Estimados, ofrecemos servicio de atención al cliente externalizado con agentes en horario ampliado. ¿Le interesa que le mandemos una propuesta sin compromiso? Saludos cordiales.",spam,0,0,0,,0.3,spam
M0146,2024-01-25 16:32:00,correo,,"Buenos días, ¿el router wifi de doble banda que tienen en la web es el modelo de este año o el del anterior? En la ficha no aparece la referencia completa. Gracias de antemano.",producto,0,0,0,,6.8,producto
M0147,2024-01-25 17:29:00,telefono,C0384,[Transcripción de llamada] ¿cómo devuelvo un pedido?,devolucion,0,0,0,12,5.6,devolucion
M0148,2024-01-25 18:52:00,correo,C0331,"Buenos días, el pedido P-2024-56280 me ha llegado bien pero me he arrepentido de la compra. ¿Cómo inicio la devolución y quién paga el transporte de vuelta? Un saludo.",devolucion,0,0,0,4,6.6,devolucion
M0149,2024-01-26 10:11:00,correo,C0163,"Buenas tardes, quiero anular el pedido P-2024-34151, que lo hice esta mañana y todavía no ha salido. Si ya ha salido, díganme cómo lo devuelvo. Muchas gracias.",devolucion,0,0,0,7,10.0,devolucion
M0150,2024-01-26 10:13:00,formulario,,"Hola, buenas, estoy mirando el disco SSD de 1 TB y no me queda claro si es compatible con el equipo que ya tengo en casa. ¿Me lo pueden confirmar antes de comprarlo? A la espera de su respuesta.",producto,0,0,0,,10.2,producto
M0151,2024-01-26 10:55:00,telefono,C0222,[Transcripción de llamada] quiero una solución con la tablet de 10 pulgadas,devolucion,0,1,0,7,4.8,devolucion
M0152,2024-01-26 11:47:00,formulario,C0146,"Buenas, llevo 13 días esperando el pedido P-2024-59322. Si no llega esta semana, no lo quiero. Saludos cordiales.",envio,0,0,1,2,11.0,envio
M0153,2024-01-26 16:19:00,formulario,C0029,"Estimados, inicié la devolución del pedido P-2024-20850 por la web, mandé el paquete y han pasado 6 días sin noticias del reembolso. Gracias por la atención.",devolucion,0,0,0,8,9.0,devolucion
M0154,2024-01-26 16:28:00,chat,C0077,"Buenas, el repartidor dice que ha intentado entregar el portátil Lenovo IdeaPad 3 dos veces y yo he estado en casa las dos veces. Nadie ha llamado al timbre. Un saludo.",envio,0,0,0,8,4.6,envio
M0155,2024-01-26 18:41:00,formulario,C0365,"Buenas, hice el pedido P-2024-55863 el 9 de septiembre y sigue apareciendo como «en preparación». ¿Me pueden decir cuándo sale? Lo necesito para el fin de semana. Aprovecho para pedirles la factura con el NIF de la empresa. Quedo a la espera.",factura,1,0,0,72,6.9,factura
M0156,2024-01-26 19:14:00,telefono,,"[Transcripción de llamada] Hola, somos una empresa de logística internacional con más de veinte años de experiencia y nos gustaría ofrecerles nuestras tarifas para el próximo trimestre. Gracias por la atención.",spam,0,0,0,,0.8,spam
M0157,2024-01-27 09:00:00,correo,C0356,"Buenas tardes, ¿la funda de silicona reforzada que tienen en la web es el modelo de este año o el del anterior? En la ficha no aparece la referencia completa. Y además el importe cobrado no coincide con el del pedido. Gracias de antemano.",factura,1,0,0,98,7.6,factura
M0158,2024-01-27 11:26:00,chat,C0188,¿dónde está mi pedido?,envio,0,0,0,1,2.6,envio
M0159,2024-01-27 17:17:00,chat,C0281,"Estimados, el router wifi de doble banda ha dejado de funcionar y quiero devolverlo y recuperar mi dinero. Quedo a la espera.",garantia,0,1,0,229,8.0,garantia
M0160,2024-01-29 08:36:00,correo,C0350,"Buenos días, el móvil Redmi Note me llegó con la carcasa rajada por un lado. La caja de fuera estaba intacta, así que venía así de fábrica. A la espera de su respuesta.",garantia,0,0,0,542,10.8,garantia
M0161,2024-01-29 11:49:00,formulario,C0327,"no me sirve, lo quiero devolver. Y lo peor es que no funciona, así que habrá que repararlo.",garantia,1,0,0,679,22.6,garantia
M0162,2024-01-29 11:51:00,chat,,"Estimados, hemos detectado un acceso no autorizado a su cuenta de empresa. Verifique su identidad en las próximas veinticuatro horas o será suspendida. Muchas gracias.",spam,0,0,0,,0.4,spam
M0163,2024-01-29 13:36:00,correo,C0143,"Buenos días, no ha llegado nada del pedido P-2024-55087 y necesito que me den una salida. Gracias de antemano.",devolucion,0,0,1,2,8.2,envio
M0164,2024-01-29 15:24:00,correo,,"Hola, le escribo desde un fondo de inversión con una propuesta de financiación para su negocio, con condiciones muy por debajo de las del mercado. Saludos cordiales.",spam,0,0,0,,1.1,producto
M0165,2024-01-30 08:14:00,correo,C0098,"Buenos días, me han cobrado dos veces los 517,61 euros del pedido P-2024-64428. En el banco aparecen los dos cargos con la misma fecha. Y lo peor es que no funciona, así que habrá que repararlo. Gracias por la atención.",garantia,1,0,0,36,19.1,garantia
M0166,2024-01-30 10:09:00,chat,C0258,¿cuándo llega el P-2024-55586?,envio,0,0,0,7,3.5,envio
M0167,2024-01-30 10:12:00,telefono,C0393,"[Transcripción de llamada] Buenos días, me han cobrado dos veces los 880,01 euros del pedido P-2024-93530. En el banco aparecen los dos cargos con la misma fecha. Gracias por la atención.",factura,0,0,0,5,22.6,factura
M0168,2024-01-30 11:06:00,chat,C0268,sigue sin llegar,envio,0,0,0,7,6.3,envio
M0169,2024-01-30 11:25:00,correo,C0181,"Hola, buenas, en la factura del altavoz bluetooth portátil no aparece el IVA desglosado y mi gestoría me la ha devuelto por eso. Quedo a la espera.",factura,0,0,0,91,4.1,factura
M0170,2024-01-30 11:44:00,correo,C0057,"Buenas tardes, me han llegado dos unidades del portátil Lenovo IdeaPad 3 y yo solo pedí una. Quiero devolver la que sobra y que me reembolsen los 797,49 euros. Y lo peor es que no funciona, así que habrá que repararlo. Un saludo.",garantia,1,0,0,641,11.9,garantia
M0171,2024-01-30 11:44:00,correo,C0222,"Buenas, llevé el micrófono USB de sobremesa al servicio técnico que me indicaron hace 4 días y todavía no sé nada. ¿Cómo consulto el estado de la reparación? Gracias de antemano.",garantia,0,0,0,298,17.1,garantia
M0172,2024-01-30 11:47:00,correo,,"Estimados, ¿el micrófono USB de sobremesa que tienen en la web es el modelo de este año o el del anterior? En la ficha no aparece la referencia completa. Gracias por la atención.",producto,0,0,0,,11.6,producto
M0173,2024-01-30 12:29:00,correo,C0123,"Buenos días, inicié la devolución del pedido P-2024-55857 por la web, mandé el paquete y han pasado 5 días sin noticias del reembolso. Un saludo.",devolucion,0,0,0,10,10.6,devolucion
M0174,2024-01-30 14:03:00,formulario,,"Hola, buenas, última oportunidad: setenta por ciento de descuento en nuestro programa de facturación electrónica para pymes. Oferta válida solo esta semana. A la espera de su respuesta.",spam,0,0,0,,1.0,spam
M0175,2024-01-30 14:15:00,chat,C0114,lleva 3 meses y ya falla,garantia,0,0,0,405,21.5,garantia
M0176,2024-01-30 16:15:00,correo,C0175,"Buenos días, el portátil Lenovo IdeaPad 3 ha dejado de conectarse después de una actualización y el fabricante me dice que hable con la tienda donde lo compré. Gracias por la atención.",garantia,0,0,0,459,10.2,garantia
M0177,2024-01-30 19:21:00,correo,,"Hola, buenas, estoy mirando el disco SSD de 1 TB y no me queda claro si es compatible con el equipo que ya tengo en casa. ¿Me lo pueden confirmar antes de comprarlo? Quedo a la espera.",producto,0,0,0,,3.1,producto
M0178,2024-01-30 19:56:00,telefono,C0001,[Transcripción de llamada] no me ha llegado nada todavía,envio,0,0,0,5,6.7,envio
M0179,2024-01-31 08:22:00,formulario,,oferta exclusiva solo hoy,spam,0,0,0,,0.4,spam
M0180,2024-01-31 10:07:00,correo,C0082,"Hola, el pedido P-2024-47592 me ha llegado bien pero me he arrepentido de la compra. ¿Cómo inicio la devolución y quién paga el transporte de vuelta? Gracias por la atención.",devolucion,0,0,0,3,11.0,devolucion
M0181,2024-01-31 13:00:00,formulario,C0261,"no me sirve, la quiero devolver",devolucion,0,0,0,11,8.3,devolucion
M0182,2024-01-31 14:27:00,formulario,,"Estimados, el reembolso del pedido P-2024-66621 lo aceptaron hace 19 días y en la cuenta no ha entrado nada todavía. Un saludo.",factura,0,0,0,,5.9,factura
M0183,2024-01-31 16:16:00,correo,,"Buenas tardes, me interesa el altavoz bluetooth portátil para un regalo. ¿lo mandan en caja neutra y sin el precio dentro? Gracias de antemano.",producto,0,0,0,,8.2,producto
M0184,2024-01-31 17:20:00,formulario,C0107,sigue sin llegar,envio,0,0,0,5,6.0,envio
M0185,2024-02-01 09:27:00,correo,C0329,"Hola, la barra de sonido de 2.1 canales del pedido P-2024-48953 hace un ruido raro desde la semana pasada y ahora se apaga solo cada poco rato. Un saludo.",garantia,0,0,0,359,23.8,garantia
M0186,2024-02-01 11:24:00,correo,C0230,"Estimados, el micrófono USB de sobremesa lleva 4 días de retraso y ya no me hace falta. No sé si esperar o no. Muchas gracias.",envio,0,0,1,9,5.2,devolucion
M0187,2024-02-01 12:45:00,correo,C0230,"Buenas, quería comprar el portátil Lenovo IdeaPad 3 pero aparece sin existencias. ¿Van a reponerlo o lo han descatalogado? Por cierto, ¿cuándo tienen previsto que llegue? Gracias de antemano.",envio,1,0,0,1,7.7,envio
M0188,2024-02-01 14:49:00,correo,C0046,"sigue sin llegar. También necesito la factura, que no me ha llegado.",factura,1,0,0,101,19.5,factura
M0189,2024-02-01 15:26:00,formulario,C0303,"Buenas, el micrófono USB de sobremesa no funciona como debería. ¿Qué tengo que hacer para que me den una solución? Gracias por la atención.",garantia,0,1,0,111,7.4,garantia
M0190,2024-02-01 17:06:00,formulario,C0213,"Buenas, necesito la factura del pedido P-2024-73562 con los datos fiscales de mi empresa, que la que me han mandado va a mi nombre particular. A la espera de su respuesta.",factura,0,0,0,33,7.1,devolucion
M0191,2024-02-01 17:28:00,correo,C0305,"Buenas, ¿me pueden mandar todas las facturas del año pasado? Las necesito para la declaración y en mi área de cliente solo salen las de los últimos tres meses. Muchas gracias.",factura,0,0,0,23,3.9,factura
M0192,2024-02-01 17:52:00,formulario,C0287,"Estimados, necesito que el pedido P-2024-51287 lo dejen en el punto de recogida en vez de en casa, que por las mañanas no hay nadie. Y si no hay solución, quiero devolverlo y que me reembolsen. Quedo a la espera.",devolucion,1,0,0,10,15.6,devolucion
M0193,2024-02-02 10:02:00,formulario,C0124,"Hola, buenas, el auricular inalámbrico con cancelación de ruido que compré hace 19 meses ha dejado de encender de un día para otro. No se ha caído ni se ha mojado. Gracias por la atención.",garantia,0,0,0,452,24.7,garantia
M0194,2024-02-02 10:48:00,formulario,C0195,"Buenos días, estoy mirando el tocadiscos con previo incorporado y no me queda claro si es compatible con el equipo que ya tengo en casa. ¿Me lo pueden confirmar antes de comprarlo? Quedo a la espera.",producto,0,0,0,205,8.5,producto
M0195,2024-02-02 11:27:00,correo,C0142,"Buenas, hace tiempo que espero la devolución del importe del pedido P-2024-24292 y no tengo noticias. Un saludo.",factura,0,0,1,15,8.0,devolucion
M0196,2024-02-02 13:13:00,correo,C0128,"Hola, el cargador rápido de 65 W no me sirve para lo que lo quería. lo tengo sin abrir, con el precinto puesto y con la factura dentro de la caja. Gracias por la atención.",devolucion,0,0,0,8,19.1,devolucion
M0197,2024-02-02 17:42:00,formulario,C0090,"¿me pueden dar el número de seguimiento? En cualquier caso, quiero iniciar la devolución.",devolucion,1,0,0,10,7.5,devolucion
M0198,2024-02-02 18:59:00,formulario,,"Buenos días, dudo entre el micrófono USB de sobremesa y otro modelo más caro. ¿Merece la pena la diferencia de 817,80 euros para un uso normal? Un saludo.",producto,0,0,0,,8.1,producto
M0199,2024-02-03 11:20:00,chat,,no me cuadra el importe. Y además ha empezado a fallar: se apaga solo desde el primer día.,garantia,1,0,0,,21.5,devolucion
M0200,2024-02-04 09:24:00,formulario,C0051,"Hola, buenas, hice el pedido P-2024-84810 el 22 de abril y sigue apareciendo como «en preparación». ¿Me pueden decir cuándo sale? Lo necesito para el fin de semana. Un saludo.",envio,0,0,0,11,5.8,envio
M0201,2024-02-05 10:22:00,correo,C0311,"Buenas tardes, en la factura del micrófono USB de sobremesa no aparece el IVA desglosado y mi gestoría me la ha devuelto por eso. Un saludo.",factura,0,0,0,79,3.7,factura
M0202,2024-02-05 11:07:00,formulario,,¿el altavoz bluetooth portátil sirve para jugar?,producto,0,0,0,,4.8,producto
M0203,2024-02-05 11:27:00,correo,C0209,"Hola, el tocadiscos con previo incorporado no me sirve para lo que lo quería. lo tengo sin abrir, con el precinto puesto y con la factura dentro de la caja. A la espera de su respuesta.",devolucion,0,0,0,2,6.7,devolucion
M0204,2024-02-05 12:55:00,formulario,C0294,¿cuándo me devolvéis el dinero?,factura,0,0,1,34,3.8,factura
M0205,2024-02-05 17:47:00,formulario,,"Hola, ¿el altavoz bluetooth portátil que tienen en la web es el modelo de este año o el del anterior? En la ficha no aparece la referencia completa. Quedo a la espera.",producto,0,0,0,,7.0,factura
M0206,2024-02-05 18:06:00,correo,C0242,"Buenos días, la barra de sonido de 2.1 canales no funciona como debería. ¿Qué tengo que hacer para que me den una solución? A la espera de su respuesta.",garantia,0,1,0,228,9.9,garantia
M0207,2024-02-05 18:47:00,chat,C0147,¿la devolución la pagáis vosotros? Y además ha empezado a fallar: se apaga solo desde el primer día.,garantia,1,0,0,638,35.5,devolucion
M0208,2024-02-06 09:05:00,formulario,C0014,sigo sin cobrar el reembolso,devolucion,0,0,1,33,7.3,devolucion
M0209,2024-02-06 09:30:00,telefono,C0332,"[Transcripción de llamada] Buenas tardes, el pedido P-2024-32638 figura como entregado desde ayer y aquí no ha llegado nada. He preguntado a los vecinos y tampoco saben nada. Un saludo.",envio,0,0,0,10,7.3,envio
M0210,2024-02-06 15:56:00,correo,C0034,"Buenas, dudo entre la impresora multifunción y otro modelo más caro. ¿Merece la pena la diferencia de 364,49 euros para un uso normal? Un saludo.",producto,0,0,0,112,3.2,producto
M0211,2024-02-06 19:02:00,correo,C0031,"Estimados, quería comprar el auricular inalámbrico con cancelación de ruido pero aparece sin existencias. ¿Van a reponerlo o lo han descatalogado? Quedo a la espera.",producto,0,0,0,294,6.3,producto
M0212,2024-02-06 19:33:00,correo,C0372,"Hola, estoy mirando el portátil Lenovo IdeaPad 3 y no me queda claro si es compatible con el equipo que ya tengo en casa. ¿Me lo pueden confirmar antes de comprarlo? Muchas gracias.",producto,0,0,0,245,13.7,producto
M0213,2024-02-07 09:34:00,correo,C0239,"Hola, la barra de sonido de 2.1 canales me llegó con la carcasa rajada por un lado. La caja de fuera estaba intacta, así que venía así de fábrica. A la espera de su respuesta.",garantia,0,0,0,295,11.6,garantia
M0214,2024-02-07 10:04:00,chat,C0159,lleva 15 días en reparto,envio,0,0,0,6,3.3,envio
M0215,2024-02-07 10:22:00,formulario,C0255,"Buenas tardes, en la factura del router wifi de doble banda no aparece el IVA desglosado y mi gestoría me la ha devuelto por eso. Gracias por la atención.",factura,0,0,0,5,9.2,factura
M0216,2024-02-07 10:25:00,correo,C0205,"Hola, el micrófono USB de sobremesa no me sirve para lo que lo quería. lo tengo sin abrir, con el precinto puesto y con la factura dentro de la caja. A la espera de su respuesta.",devolucion,0,0,0,11,7.5,devolucion
M0217,2024-02-07 11:31:00,correo,,"Buenos días, le escribo desde un fondo de inversión con una propuesta de financiación para su negocio, con condiciones muy por debajo de las del mercado. Quedo a la espera.",spam,0,0,0,,1.2,factura
M0218,2024-02-07 17:27:00,formulario,,¿hacéis descuento por volumen?,producto,0,0,0,,5.2,producto
M0219,2024-02-07 17:37:00,formulario,,confirme sus datos aquí,spam,0,0,0,,0.5,spam
M0220,2024-02-08 12:07:00,chat,C0107,sigue sin llegar,envio,0,0,0,0,3.5,envio
M0221,2024-02-08 12:16:00,correo,C0276,"Hola, el repartidor dice que ha intentado entregar el reloj inteligente con GPS dos veces y yo he estado en casa las dos veces. Nadie ha llamado al timbre. Gracias de antemano.",envio,0,0,0,0,4.2,envio
M0222,2024-02-08 14:08:00,formulario,C0363,"Buenas, he pedido una impresora multifunción y otro artículo en el mismo pedido y solo me ha llegado uno. La caja venía bien cerrada, así que no parece cosa del transporte. Gracias por la atención.",envio,0,0,0,8,4.9,envio
M0223,2024-02-08 16:27:00,formulario,C0230,"Buenas tardes, no estoy conforme con el teclado mecánico retroiluminado: ni funciona bien ni es lo que anunciaban. Quiero una solución. Gracias de antemano.",garantia,0,1,0,155,25.3,garantia
M0224,2024-02-08 16:51:00,telefono,C0159,"[Transcripción de llamada] Buenas tardes, dudo entre el teclado mecánico retroiluminado y otro modelo más caro. ¿Merece la pena la diferencia de 428,75 euros para un uso normal? Añado que la entrega lleva ya 12 días de retraso. A la espera de su respuesta.",envio,1,0,0,0,4.8,envio
M0225,2024-02-08 17:51:00,correo,C0215,"Buenas, el portátil Lenovo IdeaPad 3 ha dejado de funcionar y quiero devolverlo y recuperar mi dinero. A la espera de su respuesta.",garantia,0,1,0,392,12.9,garantia
M0226,2024-02-08 18:56:00,formulario,C0032,quiero una solución con la funda de silicona reforzada,devolucion,0,1,0,13,8.0,devolucion
M0227,2024-02-09 09:12:00,correo,C0298,"Hola, buenas, estoy mirando la impresora multifunción y no me queda claro si es compatible con el equipo que ya tengo en casa. ¿Me lo pueden confirmar antes de comprarla? A la espera de su respuesta.",producto,0,0,0,99,4.2,producto
M0228,2024-02-09 12:06:00,formulario,C0319,"¿hacéis descuento por volumen? También necesito la factura, que no me ha llegado.",factura,1,0,0,82,6.5,factura
M0229,2024-02-09 13:17:00,formulario,C0073,quiero que me cambien el disco SSD de 1 TB,devolucion,0,1,0,6,26.0,devolucion
M0230,2024-02-09 14:58:00,correo,,"Buenas tardes, le escribo desde un fondo de inversión con una propuesta de financiación para su negocio, con condiciones muy por debajo de las del mercado. Gracias por la atención.",spam,0,0,0,,0.9,spam
M0231,2024-02-09 15:12:00,formulario,,¿cuánto tarda en llegar si lo pido hoy?,producto,0,0,0,,6.2,producto
M0232,2024-02-09 16:18:00,correo,C0248,"Buenas tardes, quiero devolver el disco SSD de 1 TB que compré el 9 de febrero. No es lo que esperaba y no le voy a dar uso. Aún estoy dentro de plazo, ¿verdad? Aparte de eso, el aparato vino defectuoso y no hay manera de encenderlo. Muchas gracias.",garantia,1,0,0,517,16.0,garantia
M0233,2024-02-09 16:24:00,correo,C0230,"Buenas, ¿me pueden mandar todas las facturas del año pasado? Las necesito para la declaración y en mi área de cliente solo salen las de los últimos tres meses. Quedo a la espera.",factura,0,0,0,81,4.8,factura
M0234,2024-02-09 16:51:00,telefono,C0196,[Transcripción de llamada] quiero una solución con el reloj inteligente con GPS,devolucion,0,1,0,13,10.1,devolucion
M0235,2024-02-09 17:07:00,chat,C0050,no me ha llegado nada todavía,envio,0,0,0,11,2.5,envio
M0236,2024-02-09 17:27:00,formulario,C0379,"Buenas tardes, necesito saber el plazo de entrega del altavoz bluetooth portátil, que tengo una fecha límite. Saludos cordiales.",producto,0,0,1,11,11.2,producto
M0237,2024-02-09 19:02:00,formulario,C0277,"Buenas tardes, me han llegado dos unidades del router wifi de doble banda y yo solo pedí una. Quiero devolver la que sobra y que me reembolsen los 454,67 euros. A la espera de su respuesta.",devolucion,0,0,0,4,7.4,devolucion
M0238,2024-02-09 19:27:00,formulario,C0339,"Hola, dudo entre el portátil Lenovo IdeaPad 3 y otro modelo más caro. ¿Merece la pena la diferencia de 584,36 euros para un uso normal? Saludos cordiales.",producto,0,0,0,305,7.3,producto
M0239,2024-02-10 17:35:00,formulario,C0274,"Buenas tardes, el monitor de 27 pulgadas vino con un fallo. Prefiero que me devuelvan el importe a que me lo arreglen. Muchas gracias.",devolucion,0,1,0,4,20.0,garantia
M0240,2024-02-11 18:04:00,chat,C0182,"si no llega hoy, anulad",envio,0,0,1,3,4.8,envio
M0241,2024-02-11 19:36:00,formulario,C0127,¿el micrófono USB de sobremesa viene con cables? Aprovecho para pedirles la factura con el NIF de la empresa.,factura,1,0,0,19,14.3,factura
M0242,2024-02-12 10:12:00,chat,,¿lo tenéis en color negro?,producto,0,0,0,,9.9,producto
M0243,2024-02-12 11:12:00,correo,C0397,"Estimados, he recibido el pedido P-2024-37008 y el aparato no va. La caja tiene un golpe en un lateral. A la espera de su respuesta.",envio,0,0,1,11,9.4,envio
M0244,2024-02-12 12:30:00,chat,C0315,"Buenas, la impresora multifunción del pedido P-2024-48799 hace un ruido raro desde la semana pasada y ahora se apaga solo cada poco rato. Saludos cordiales.",garantia,0,0,0,429,9.2,envio
M0245,2024-02-12 13:11:00,correo,C0290,"¿cuándo me devolvéis los 440,29 euros?",factura,0,0,0,68,37.5,factura
M0246,2024-02-12 13:24:00,correo,C0214,"Hola, el seguimiento del pedido P-2024-90059 lleva 7 días sin moverse y la fecha prevista de entrega ya ha pasado. ¿Se ha perdido? Saludos cordiales.",envio,0,0,0,2,7.7,envio
M0247,2024-02-12 13:37:00,chat,C0189,quiero que me cambien el tocadiscos con previo incorporado,devolucion,0,1,0,8,12.9,devolucion
M0248,2024-02-12 13:58:00,formulario,,"Buenos días, ¿el cargador rápido de 65 W incluye los cables o hay que comprarlos aparte? Lo pregunto porque en la foto se ven y en el listado no aparecen. Saludos cordiales.",producto,0,0,0,,8.7,producto
M0249,2024-02-12 17:53:00,chat,C0208,"Hola, buenas, ¿en cuántos días se entrega el auricular inalámbrico con cancelación de ruido? Es para un regalo y voy justo de tiempo. Quedo a la espera.",producto,0,0,1,23,14.1,producto
M0250,2024-02-13 09:50:00,correo,C0009,"¿dónde está mi pedido? Y si no hay solución, quiero devolverlo y que me reembolsen.",devolucion,1,0,0,7,11.3,devolucion
M0251,2024-02-13 10:50:00,formulario,,"Hola, buenas, ¿el móvil Redmi Note incluye los cables o hay que comprarlos aparte? Lo pregunto porque en la foto se ven y en el listado no aparecen. Muchas gracias.",producto,0,0,0,,4.7,producto
M0252,2024-02-13 11:14:00,chat,C0072,¿me pueden dar el número de seguimiento?,envio,0,0,0,7,4.7,envio
M0253,2024-02-13 11:50:00,formulario,C0059,"Buenas, ¿me pueden mandar todas las facturas del año pasado? Las necesito para la declaración y en mi área de cliente solo salen las de los últimos tres meses. Saludos cordiales.",factura,0,0,0,44,2.2,factura
M0254,2024-02-13 13:10:00,formulario,C0385,"Buenas tardes, no ha llegado nada del pedido P-2024-51049 y necesito que me den una salida. Gracias de antemano.",devolucion,0,0,1,13,10.6,devolucion
M0255,2024-02-13 13:21:00,formulario,C0239,"Buenas, el reembolso del pedido P-2024-37979 lo aceptaron hace 18 días y en la cuenta no ha entrado nada todavía. A la espera de su respuesta.",factura,0,0,0,92,15.6,factura
M0256,2024-02-13 20:15:00,formulario,C0374,"Buenas tardes, la impresora multifunción ha dejado de conectarse después de una actualización y el fabricante me dice que hable con la tienda donde la compré. Muchas gracias.",garantia,0,0,0,510,7.6,garantia
M0257,2024-02-14 08:23:00,correo,C0040,"Buenas tardes, necesito la factura del pedido P-2024-44958 con los datos fiscales de mi empresa, que la que me han mandado va a mi nombre particular. Quedo a la espera.",factura,0,0,0,87,5.4,factura
M0258,2024-02-14 12:53:00,formulario,,"Buenos días, última oportunidad: setenta por ciento de descuento en nuestro programa de facturación electrónica para pymes. Oferta válida solo esta semana. Gracias por la atención.",spam,0,0,0,,0.8,spam
M0259,2024-02-14 15:07:00,chat,C0089,quiero devolver la funda de silicona reforzada,devolucion,0,0,0,12,9.8,devolucion
M0260,2024-02-14 16:56:00,telefono,,"[Transcripción de llamada] Hola, en la ficha de la barra de sonido de 2.1 canales pone una cosa en las características y otra distinta en la descripción. ¿Cuál de las dos es la buena? Gracias de antemano.",producto,0,0,0,,11.8,factura
M0261,2024-02-14 17:12:00,correo,C0251,"Estimados, compré el disco SSD de 1 TB hace 18 días y quiero cambiarlo por el modelo superior pagando la diferencia. ¿Se puede o tengo que devolverlo y volver a comprar? Saludos cordiales.",devolucion,0,0,0,1,5.3,devolucion
M0262,2024-02-14 17:52:00,correo,C0030,"Buenas, estoy mirando el auricular inalámbrico con cancelación de ruido y no me queda claro si es compatible con el equipo que ya tengo en casa. ¿Me lo pueden confirmar antes de comprarlo? Añado que la entrega lleva ya 15 días de retraso. Gracias de antemano.",envio,1,0,0,2,4.4,envio
M0263,2024-02-14 18:14:00,correo,C0096,"Estimados, hice el pedido P-2024-14599 el 6 de abril y sigue apareciendo como «en preparación». ¿Me pueden decir cuándo sale? Lo necesito para el fin de semana. Quedo a la espera.",envio,0,0,0,5,3.5,envio
M0264,2024-02-15 11:31:00,correo,C0042,"Buenas, la impresora multifunción ha llegado esta mañana y viene dañado. No sé si ha sido el transporte o venía así. Gracias de antemano.",garantia,0,0,1,4,10.9,garantia
M0265,2024-02-15 15:55:00,chat,C0026,no me ha llegado nada todavía,envio,0,0,0,1,3.7,envio
M0266,2024-02-15 19:57:00,formulario,,"Estimados, en la ficha del altavoz bluetooth portátil pone una cosa en las características y otra distinta en la descripción. ¿Cuál de las dos es la buena? Gracias de antemano.",producto,0,0,0,,8.3,producto
M0267,2024-02-16 08:57:00,formulario,C0270,"Buenos días, ¿es normal que un pedido tarde 8 días en salir del almacén? Lo hice el 11 de febrero y no tengo ni número de seguimiento. Quedo a la espera.",envio,0,0,0,1,3.3,envio
M0268,2024-02-16 09:06:00,correo,C0133,"Estimados, quiero que se hagan cargo de la barra de sonido de 2.1 canales, que ha salido malo desde el principio. Muchas gracias.",garantia,0,1,0,420,18.0,garantia
M0269,2024-02-16 10:38:00,correo,C0188,"Buenas, me he equivocado al escribir la dirección de envío del pedido P-2024-14793, puse mal el número de portal. ¿Se puede corregir todavía o ya ha salido? A la espera de su respuesta.",envio,0,0,0,3,9.9,envio
M0270,2024-02-16 12:29:00,formulario,C0165,"Hola, buenas, me he equivocado al escribir la dirección de envío del pedido P-2024-33844, puse mal el número de portal. ¿Se puede corregir todavía o ya ha salido? En cualquier caso, quiero iniciar la devolución. Un saludo.",devolucion,1,0,0,4,26.3,devolucion
M0271,2024-02-16 14:44:00,correo,,"Buenos días, dudo entre el disco SSD de 1 TB y otro modelo más caro. ¿Merece la pena la diferencia de 393,09 euros para un uso normal? Gracias por la atención.",producto,0,0,0,,8.1,producto
M0272,2024-02-16 17:05:00,correo,C0040,"Estimados, compré el tocadiscos con previo incorporado hace 7 días y quiero cambiarlo por el modelo superior pagando la diferencia. ¿Se puede o tengo que devolverlo y volver a comprar? Y además ha empezado a fallar: se apaga solo desde el primer día. A la espera de su respuesta.",garantia,1,0,0,321,23.7,garantia
M0273,2024-02-17 09:39:00,telefono,C0234,"[Transcripción de llamada] Hola, necesito que el pedido P-2024-92167 lo dejen en el punto de recogida en vez de en casa, que por las mañanas no hay nadie. Saludos cordiales.",envio,0,0,0,6,2.1,envio
M0274,2024-02-17 10:58:00,chat,C0066,"Estimados, el auricular inalámbrico con cancelación de ruido no funciona como debería. ¿Qué tengo que hacer para que me den una solución? Un saludo.",garantia,0,1,0,276,27.0,garantia
M0275,2024-02-18 17:15:00,correo,,"Buenos días, somos una empresa de logística internacional con más de veinte años de experiencia y nos gustaría ofrecerles nuestras tarifas para el próximo trimestre. A la espera de su respuesta.",spam,0,0,0,,0.5,spam
M0276,2024-02-19 09:29:00,formulario,C0042,no me ha llegado nada todavía,envio,0,0,0,3,2.9,envio
M0277,2024-02-19 10:00:00,correo,C0234,"Buenas tardes, quería comprar la impresora multifunción pero aparece sin existencias. ¿Van a reponerla o la han descatalogado? Gracias de antemano.",producto,0,0,0,361,9.4,producto
M0278,2024-02-19 11:17:00,correo,C0270,"Buenas tardes, he pagado con transferencia el pedido P-2024-75793 y me sigue saliendo como pendiente de pago. Adjunto el justificante del banco. Llegados a este punto prefiero devolver el pedido entero. Saludos cordiales.",devolucion,1,0,0,3,16.9,factura
M0279,2024-02-19 11:48:00,correo,C0078,"Buenos días, en la factura del cargador rápido de 65 W no aparece el IVA desglosado y mi gestoría me la ha devuelto por eso. Quedo a la espera.",factura,0,0,0,98,4.8,factura
M0280,2024-02-19 12:16:00,formulario,,quiero devolver la tablet de 10 pulgadas,devolucion,0,0,0,,7.4,devolucion
M0281,2024-02-19 12:50:00,formulario,C0353,"Buenas, dudo entre el micrófono USB de sobremesa y otro modelo más caro. ¿Merece la pena la diferencia de 531,23 euros para un uso normal? Añado que la entrega lleva ya 2 días de retraso. Quedo a la espera.",envio,1,0,0,2,8.7,envio
M0282,2024-02-19 13:36:00,telefono,C0026,"[Transcripción de llamada] Hola, el pedido P-2024-81883 me ha llegado bien pero me he arrepentido de la compra. ¿Cómo inicio la devolución y quién paga el transporte de vuelta? A la espera de su respuesta.",devolucion,0,0,0,5,11.9,devolucion
M0283,2024-02-19 15:09:00,telefono,C0159,"[Transcripción de llamada] Buenas tardes, compré el portátil Lenovo IdeaPad 3 hace 17 días y quiero cambiarlo por el modelo superior pagando la diferencia. ¿Se puede o tengo que devolverlo y volver a comprar? A la espera de su respuesta.",devolucion,0,0,0,3,3.5,devolucion
M0284,2024-02-19 15:21:00,formulario,C0199,"Estimados, me han cobrado dos veces los 369,45 euros del pedido P-2024-91121. En el banco aparecen los dos cargos con la misma fecha. A la espera de su respuesta.",factura,0,0,0,9,8.6,factura
M0285,2024-02-19 16:41:00,chat,,"Estimados, me interesa el auricular inalámbrico con cancelación de ruido para un regalo. ¿lo mandan en caja neutra y sin el precio dentro? Quedo a la espera.",producto,0,0,0,,5.9,producto
M0286,2024-02-19 16:51:00,formulario,,"Hola, en la ficha del monitor de 27 pulgadas pone una cosa en las características y otra distinta en la descripción. ¿Cuál de las dos es la buena? Quedo a la espera.",producto,0,0,0,,16.6,producto
M0287,2024-02-19 17:20:00,formulario,C0369,"Estimados, ¿es normal que un pedido tarde 16 días en salir del almacén? Lo hice el 14 de mayo y no tengo ni número de seguimiento. Aprovecho para pedirles la factura con el NIF de la empresa. A la espera de su respuesta.",factura,1,0,0,39,12.6,factura
M0288,2024-02-19 17:40:00,correo,C0165,"Buenos días, la impresora multifunción del pedido P-2024-97585 hace un ruido raro desde la semana pasada y ahora se apaga solo cada poco rato. Quedo a la espera.",garantia,0,0,0,325,12.2,garantia
M0289,2024-02-19 17:53:00,correo,C0010,"Estimados, el altavoz bluetooth portátil del pedido P-2024-82805 hace un ruido raro desde la semana pasada y ahora se apaga solo cada poco rato. Muchas gracias.",garantia,0,0,0,310,22.8,garantia
M0290,2024-02-19 19:12:00,correo,C0316,quiero una solución con el micrófono USB de sobremesa,garantia,0,1,0,417,26.8,garantia
M0291,2024-02-20 14:32:00,formulario,,tenemos una propuesta para su empresa,spam,0,0,0,,0.5,spam
M0292,2024-02-20 15:39:00,telefono,C0223,"[Transcripción de llamada] Buenos días, el auricular inalámbrico con cancelación de ruido del pedido P-2024-59939 hace un ruido raro desde la semana pasada y ahora se apaga solo cada poco rato. Muchas gracias.",garantia,0,0,0,449,4.8,garantia
M0293,2024-02-20 16:12:00,correo,C0138,"Hola, buenas, el disco SSD de 1 TB vino con un fallo. Prefiero que me devuelvan el importe a que me lo arreglen. Saludos cordiales.",garantia,0,1,0,131,16.3,garantia
M0294,2024-02-20 17:11:00,formulario,C0226,lleva 4 meses y ya falla,garantia,0,0,0,663,10.0,garantia
M0295,2024-02-20 17:23:00,formulario,C0049,"Buenos días, en la factura del cargador rápido de 65 W no aparece el IVA desglosado y mi gestoría me la ha devuelto por eso. Saludos cordiales.",factura,0,0,0,103,14.5,factura
M0296,2024-02-20 17:28:00,formulario,C0132,"Hola, buenas, llevo 20 días esperando el pedido P-2024-50991. Si no llega esta semana, no lo quiero. Muchas gracias.",envio,0,0,1,3,3.8,envio
M0297,2024-02-20 18:28:00,chat,C0197,"Buenas, el teclado mecánico retroiluminado me llegó con la carcasa rajada por un lado. La caja de fuera estaba intacta, así que venía así de fábrica. Gracias por la atención.",garantia,0,0,0,223,15.9,garantia
M0298,2024-02-20 19:04:00,formulario,C0365,"Estimados, el pedido P-2024-42092 me ha llegado bien pero me he arrepentido de la compra. ¿Cómo inicio la devolución y quién paga el transporte de vuelta? Gracias de antemano.",devolucion,0,0,0,5,8.9,devolucion
M0299,2024-02-21 09:13:00,telefono,C0371,"[Transcripción de llamada] Hola, el portátil Lenovo IdeaPad 3 me llegó con la carcasa rajada por un lado. La caja de fuera estaba intacta, así que venía así de fábrica. A la espera de su respuesta.",garantia,0,0,0,233,8.1,garantia
M0300,2024-02-21 09:25:00,telefono,,"[Transcripción de llamada] Hola, buenas, dudo entre el router wifi de doble banda y otro modelo más caro. ¿Merece la pena la diferencia de 868,86 euros para un uso normal? A la espera de su respuesta.",producto,0,0,0,,10.7,producto
M0301,2024-02-21 09:59:00,formulario,C0174,"Buenas tardes, me he equivocado al escribir la dirección de envío del pedido P-2024-96221, puse mal el número de portal. ¿Se puede corregir todavía o ya ha salido? Quedo a la espera.",envio,0,0,0,1,6.1,envio
M0302,2024-02-21 10:39:00,correo,C0265,"Hola, buenas, inicié la devolución del pedido P-2024-19216 por la web, mandé el paquete y han pasado 6 días sin noticias del reembolso. Quedo a la espera.",devolucion,0,0,0,8,4.6,devolucion
M0303,2024-02-21 14:03:00,chat,C0052,el router wifi de doble banda está defectuoso,devolucion,0,1,0,14,3.5,devolucion
M0304,2024-02-21 17:59:00,chat,,"Buenos días, ¿necesita mejorar el posicionamiento de su tienda en línea? Le ofrecemos una auditoría gratuita y sin compromiso de su web. Gracias de antemano.",spam,0,0,0,,0.3,spam
M0305,2024-02-22 10:25:00,formulario,C0332,"Estimados, la batería del router wifi de doble banda ya no aguanta ni dos horas. lo compré hace 8 meses y lo uso siempre con el cargador que venía en la caja. Gracias por la atención.",garantia,0,0,0,610,6.2,garantia
M0306,2024-02-22 11:06:00,correo,C0145,"Hola, ¿el móvil Redmi Note incluye los cables o hay que comprarlos aparte? Lo pregunto porque en la foto se ven y en el listado no aparecen. Quedo a la espera.",producto,0,0,0,339,8.1,producto
M0307,2024-02-22 17:44:00,chat,C0124,"Hola, el seguimiento del pedido P-2024-99840 lleva 14 días sin moverse y la fecha prevista de entrega ya ha pasado. ¿Se ha perdido? Muchas gracias.",envio,0,0,0,3,3.6,garantia
M0308,2024-02-23 10:58:00,chat,,oferta exclusiva solo hoy,spam,0,0,0,,1.1,spam
M0309,2024-02-23 11:41:00,formulario,C0210,"Estimados, necesito que el pedido P-2024-56438 lo dejen en el punto de recogida en vez de en casa, que por las mañanas no hay nadie. Gracias de antemano.",envio,0,0,0,10,3.7,envio
M0310,2024-02-23 14:38:00,chat,C0327,¿dónde está mi pedido?,envio,0,0,0,9,7.4,envio
M0311,2024-02-23 14:54:00,correo,,"Hola, el reembolso del pedido P-2024-82497 lo aceptaron hace 8 días y en la cuenta no ha entrado nada todavía. A la espera de su respuesta.",factura,0,0,0,,4.3,factura
M0312,2024-02-23 17:17:00,correo,C0223,"Hola, me he equivocado al escribir la dirección de envío del pedido P-2024-43477, puse mal el número de portal. ¿Se puede corregir todavía o ya ha salido? Gracias por la atención.",envio,0,0,0,7,3.2,envio
M0313,2024-02-23 17:32:00,correo,,"Buenos días, ¿me pueden mandar todas las facturas del año pasado? Las necesito para la declaración y en mi área de cliente solo salen las de los últimos tres meses. Un saludo.",factura,0,0,0,,5.0,factura
M0314,2024-02-23 17:45:00,correo,,"Estimados, me interesa el router wifi de doble banda para un regalo. ¿lo mandan en caja neutra y sin el precio dentro? Un saludo.",producto,0,0,0,,4.3,factura
M0315,2024-02-23 18:19:00,formulario,C0218,"Buenas, estoy mirando el móvil Redmi Note y no me queda claro si es compatible con el equipo que ya tengo en casa. ¿Me lo pueden confirmar antes de comprarlo? Y de paso, el seguimiento sigue sin actualizarse. Un saludo.",envio,1,0,0,4,6.0,producto
M0316,2024-02-24 09:25:00,chat,C0092,el cargador rápido de 65 W está defectuoso,devolucion,0,1,0,9,13.4,garantia
M0317,2024-02-24 13:53:00,formulario,C0191,"lleva 17 días en reparto. Aparte de eso, el aparato vino defectuoso y no hay manera de encenderlo.",garantia,1,0,0,611,13.2,devolucion
M0318,2024-02-24 18:19:00,correo,C0183,"Buenas tardes, el monitor de 27 pulgadas vino con un fallo. Prefiero que me devuelvan el importe a que me lo arreglen. Quedo a la espera.",garantia,0,1,0,82,7.9,garantia
M0319,2024-02-25 12:51:00,correo,C0163,"Buenas tardes, el monitor de 27 pulgadas no me sirve para lo que lo quería. lo tengo sin abrir, con el precinto puesto y con la factura dentro de la caja. Gracias de antemano.",devolucion,0,0,0,5,8.2,devolucion
M0320,2024-02-25 20:35:00,chat,C0017,no me cuadra el importe,factura,0,0,0,36,8.7,factura
M0321,2024-02-26 10:05:00,correo,C0240,"Estimados, en la ficha del móvil Redmi Note pone una cosa en las características y otra distinta en la descripción. ¿Cuál de las dos es la buena? Quedo a la espera.",producto,0,0,0,176,5.8,producto
M0322,2024-02-26 10:58:00,correo,C0391,"Buenas tardes, necesito que el pedido P-2024-92178 lo dejen en el punto de recogida en vez de en casa, que por las mañanas no hay nadie. Un saludo.",envio,0,0,0,5,7.7,envio
M0323,2024-02-26 11:21:00,correo,C0062,"Estimados, necesito que recojan la impresora multifunción y me den una solución, porque así no me sirve para nada. Gracias de antemano.",devolucion,0,1,0,6,4.7,devolucion
M0324,2024-02-26 11:33:00,correo,C0365,"Hola, el móvil Redmi Note del pedido P-2024-92211 hace un ruido raro desde la semana pasada y ahora se apaga solo cada poco rato. Muchas gracias.",garantia,0,0,0,398,11.8,garantia
M0325,2024-02-26 17:29:00,correo,,"Hola, buenas, ofrecemos servicio de atención al cliente externalizado con agentes en horario ampliado. ¿Le interesa que le mandemos una propuesta sin compromiso? Muchas gracias.",spam,0,0,0,,0.8,spam
M0326,2024-02-26 18:21:00,correo,,"Buenas, estoy mirando el reloj inteligente con GPS y no me queda claro si es compatible con el equipo que ya tengo en casa. ¿Me lo pueden confirmar antes de comprarlo? Quedo a la espera.",producto,0,0,0,,11.8,producto
M0327,2024-02-26 18:35:00,correo,,"Buenos días, me he equivocado al escribir la dirección de envío del pedido P-2024-95670, puse mal el número de portal. ¿Se puede corregir todavía o ya ha salido? Quedo a la espera.",envio,0,0,0,,5.4,envio
M0328,2024-02-26 18:58:00,correo,C0180,"Buenos días, el seguimiento del pedido P-2024-26857 lleva 20 días sin moverse y la fecha prevista de entrega ya ha pasado. ¿Se ha perdido? Y además ha empezado a fallar: se apaga solo desde el primer día. Saludos cordiales.",garantia,1,0,0,93,8.2,garantia
M0329,2024-02-27 09:50:00,chat,,oferta exclusiva solo hoy,spam,0,0,0,,1.0,spam
M0330,2024-02-27 13:01:00,formulario,C0301,¿cuándo llega el P-2024-13444?,envio,0,0,0,9,6.6,envio
M0331,2024-02-27 13:31:00,correo,C0086,"Buenas tardes, llevo 19 días esperando el pedido P-2024-50203. Si no llega esta semana, no lo quiero. Muchas gracias.",envio,0,0,1,3,4.8,envio
M0332,2024-02-27 13:34:00,correo,C0140,"Buenas, el móvil Redmi Note que me vendieron no va bien y quiero que me lo cambien o que me devuelvan el dinero. Saludos cordiales.",garantia,0,1,0,297,9.4,garantia
M0333,2024-02-27 17:17:00,telefono,C0198,"[Transcripción de llamada] Hola, tengo un problema con el auricular inalámbrico con cancelación de ruido y quiero devolverlo. No me sirve así. Gracias de antemano.",garantia,0,1,0,410,5.3,garantia
M0334,2024-02-27 17:33:00,correo,C0177,"Buenos días, el pedido P-2024-74925 sigue sin aparecer y yo ya lo he comprado en otro sitio. Gracias por la atención.",envio,0,0,1,2,4.1,envio
M0335,2024-02-27 17:58:00,correo,,"Buenas, ¿el micrófono USB de sobremesa que tienen en la web es el modelo de este año o el del anterior? En la ficha no aparece la referencia completa. A la espera de su respuesta.",producto,0,0,0,,6.1,producto
M0336,2024-02-27 18:01:00,correo,,propuesta de colaboración comercial,spam,0,0,0,,0.4,producto
M0337,2024-02-27 19:04:00,telefono,C0345,"[Transcripción de llamada] Buenas tardes, he pedido un móvil Redmi Note y otro artículo en el mismo pedido y solo me ha llegado uno. La caja venía bien cerrada, así que no parece cosa del transporte. Y si no hay solución, quiero devolverlo y que me reembolsen. Muchas gracias.",devolucion,1,0,0,6,20.5,devolucion
M0338,2024-02-28 09:17:00,correo,C0380,necesito la factura del P-2024-18396,factura,0,0,0,91,6.0,factura
M0339,2024-02-28 09:48:00,chat,C0182,¿llega antes del viernes?,producto,0,0,1,27,7.4,producto
M0340,2024-02-28 16:27:00,telefono,C0137,"[Transcripción de llamada] no me sirve, lo quiero devolver",devolucion,0,0,0,6,7.1,devolucion
M0341,2024-02-28 19:31:00,correo,,"Hola, buenas, hemos detectado un acceso no autorizado a su cuenta de empresa. Verifique su identidad en las próximas veinticuatro horas o será suspendida. A la espera de su respuesta.",spam,0,0,0,,0.5,spam
M0342,2024-02-28 19:56:00,correo,,"Hola, buenas, en la ficha del disco SSD de 1 TB pone una cosa en las características y otra distinta en la descripción. ¿Cuál de las dos es la buena? Muchas gracias.",producto,0,0,0,,8.4,producto
M0343,2024-02-29 08:34:00,telefono,C0398,"[Transcripción de llamada] Hola, buenas, dudo entre la tablet de 10 pulgadas y otro modelo más caro. ¿Merece la pena la diferencia de 706,63 euros para un uso normal? Saludos cordiales.",producto,0,0,0,235,14.0,producto
M0344,2024-02-29 10:38:00,formulario,C0131,"Buenas tardes, el repartidor dice que ha intentado entregar el reloj inteligente con GPS dos veces y yo he estado en casa las dos veces. Nadie ha llamado al timbre. Gracias de antemano.",envio,0,0,0,11,5.0,envio
M0345,2024-02-29 10:44:00,correo,C0084,"Buenos días, estoy mirando el reloj inteligente con GPS y no me queda claro si es compatible con el equipo que ya tengo en casa. ¿Me lo pueden confirmar antes de comprarlo? Saludos cordiales.",producto,0,0,0,312,4.8,producto
M0346,2024-02-29 11:23:00,formulario,C0043,"Hola, buenas, ¿en cuántos días se entrega el router wifi de doble banda? Es para un regalo y voy justo de tiempo. Un saludo.",producto,0,0,1,25,7.5,producto
M0347,2024-02-29 11:46:00,formulario,C0221,"Buenas, en la factura de la funda de silicona reforzada no aparece el IVA desglosado y mi gestoría me la ha devuelto por eso. Muchas gracias.",factura,0,0,0,22,6.6,factura
M0348,2024-02-29 15:37:00,correo,C0365,"Buenas, compré el móvil Redmi Note hace 20 días y quiero cambiarlo por el modelo superior pagando la diferencia. ¿Se puede o tengo que devolverlo y volver a comprar? Quedo a la espera.",devolucion,0,0,0,13,5.4,devolucion
M0349,2024-02-29 16:07:00,formulario,C0212,"Estimados, la impresora multifunción no me sirve para lo que la quería. la tengo sin abrir, con el precinto puesto y con la factura dentro de la caja. Quedo a la espera.",devolucion,0,0,0,11,9.7,devolucion
M0350,2024-03-01 11:16:00,correo,C0261,"Buenos días, quiero saber cuándo me devuelven los 425,72 euros del pedido P-2024-72028. Llevo semanas esperando. Gracias de antemano.",factura,0,0,1,9,18.4,factura
M0351,2024-03-01 14:11:00,telefono,C0114,[Transcripción de llamada] se me ha estropeado la funda de silicona reforzada,garantia,0,0,0,688,9.1,garantia
M0352,2024-03-01 17:17:00,formulario,C0208,"Estimados, el seguimiento del pedido P-2024-82399 lleva 11 días sin moverse y la fecha prevista de entrega ya ha pasado. ¿Se ha perdido? Gracias por la atención.",envio,0,0,0,0,2.8,devolucion
M0353,2024-03-01 18:51:00,correo,,¿el router wifi de doble banda sirve para jugar?,producto,0,0,0,,7.9,producto
M0354,2024-03-02 13:41:00,correo,C0343,"Buenas tardes, estoy mirando el disco SSD de 1 TB y no me queda claro si es compatible con el equipo que ya tengo en casa. ¿Me lo pueden confirmar antes de comprarlo? Un saludo.",producto,0,0,0,239,12.9,producto
M0355,2024-03-02 19:06:00,correo,C0294,"Buenas tardes, hice el pedido P-2024-50379 el 6 de julio y sigue apareciendo como «en preparación». ¿Me pueden decir cuándo sale? Lo necesito para el fin de semana. Saludos cordiales.",envio,0,0,0,3,7.7,envio
M0356,2024-03-03 08:11:00,formulario,,"Estimados, estoy mirando el teclado mecánico retroiluminado y no me queda claro si es compatible con el equipo que ya tengo en casa. ¿Me lo pueden confirmar antes de comprarlo? Gracias por la atención.",producto,0,0,0,,7.0,producto
M0357,2024-03-03 10:01:00,telefono,,"[Transcripción de llamada] Buenas tardes, le escribo desde un fondo de inversión con una propuesta de financiación para su negocio, con condiciones muy por debajo de las del mercado. Gracias de antemano.",spam,0,0,0,,0.3,spam
M0358,2024-03-03 15:00:00,correo,C0115,"Buenas, el seguimiento del pedido P-2024-27964 lleva 14 días sin moverse y la fecha prevista de entrega ya ha pasado. ¿Se ha perdido? Saludos cordiales.",envio,0,0,0,10,1.8,envio
M0359,2024-03-03 15:11:00,correo,,"Estimados, ¿necesita mejorar el posicionamiento de su tienda en línea? Le ofrecemos una auditoría gratuita y sin compromiso de su web. Gracias de antemano.",spam,0,0,0,,0.3,producto
M0360,2024-03-04 08:04:00,correo,C0089,"Estimados, me ha llegado el tocadiscos con previo incorporado con la carcasa partida. ¿Qué hago con él? A la espera de su respuesta.",envio,0,0,1,2,14.8,envio
M0361,2024-03-04 10:04:00,correo,C0026,"Buenas tardes, el dinero del pedido P-2024-81304 no me ha entrado todavía. ¿Con quién tengo que hablar? Un saludo.",factura,0,0,1,23,2.4,devolucion
M0362,2024-03-04 11:48:00,chat,C0294,"no me ha llegado nada todavía. Aparte de eso, el aparato vino defectuoso y no hay manera de encenderlo.",garantia,1,0,0,46,14.6,garantia
M0363,2024-03-04 11:56:00,chat,C0368,sigue sin llegar,envio,0,0,0,4,8.9,envio
M0364,2024-03-04 13:24:00,formulario,C0080,"Buenas, el cargador rápido de 65 W lleva 6 días de retraso y ya no me hace falta. No sé si esperar o no. Gracias por la atención.",devolucion,0,0,1,4,9.4,devolucion
M0365,2024-03-04 13:35:00,chat,C0318,¿la devolución la pagáis vosotros?,devolucion,0,0,0,3,4.1,devolucion
M0366,2024-03-04 16:20:00,chat,C0244,¿tenéis el reloj inteligente con GPS?,producto,0,0,0,258,3.7,producto
M0367,2024-03-04 16:28:00,formulario,C0189,me ha llegado roto,garantia,0,0,1,9,8.6,envio
M0368,2024-03-04 17:02:00,telefono,C0157,"[Transcripción de llamada] Hola, buenas, en la ficha del altavoz bluetooth portátil pone una cosa en las características y otra distinta en la descripción. ¿Cuál de las dos es la buena? Muchas gracias.",producto,0,0,0,130,10.5,producto
M0369,2024-03-04 17:04:00,formulario,C0135,sigue sin llegar,envio,0,0,0,4,2.0,envio
M0370,2024-03-04 17:18:00,telefono,,[Transcripción de llamada] ¿le interesa nuestra oferta?,spam,0,0,0,,0.9,spam
M0371,2024-03-04 17:54:00,formulario,C0396,"Estimados, quería saber los plazos de entrega de la barra de sonido de 2.1 canales para la zona de Valencia. Quedo a la espera.",producto,0,0,1,18,7.3,envio
M0372,2024-03-05 08:44:00,correo,,tenemos una propuesta para su empresa,spam,0,0,0,,0.5,spam
M0373,2024-03-05 08:55:00,correo,C0391,"Buenas tardes, el auricular inalámbrico con cancelación de ruido ha dejado de conectarse después de una actualización y el fabricante me dice que hable con la tienda donde lo compré. Gracias por la atención.",garantia,0,0,0,275,13.5,garantia
M0374,2024-03-05 11:13:00,formulario,,"Buenas tardes, ¿el teclado mecánico retroiluminado que tienen en la web es el modelo de este año o el del anterior? En la ficha no aparece la referencia completa. Muchas gracias.",producto,0,0,0,,6.1,producto
M0375,2024-03-05 14:59:00,correo,C0247,"Buenos días, me han llegado dos unidades del portátil Lenovo IdeaPad 3 y yo solo pedí una. Quiero devolver la que sobra y que me reembolsen los 882,27 euros. A la espera de su respuesta.",devolucion,0,0,0,3,16.7,devolucion
M0376,2024-03-05 17:33:00,correo,C0035,"Buenas, no me quedo con el router wifi de doble banda: da problemas desde el primer día. A la espera de su respuesta.",devolucion,0,1,0,6,21.3,devolucion
M0377,2024-03-05 17:39:00,correo,C0177,"¿cuándo me devolvéis los 527,15 euros?",factura,0,0,0,104,4.5,factura
M0378,2024-03-05 17:59:00,correo,C0210,"Buenas, no me quedo con el altavoz bluetooth portátil: da problemas desde el primer día. Quedo a la espera.",garantia,0,1,0,461,7.5,garantia
M0379,2024-03-05 18:49:00,correo,C0144,"Buenas tardes, el disco SSD de 1 TB que me vendieron no va bien y quiero que me lo cambien o que me devuelvan el dinero. Muchas gracias.",garantia,0,1,0,48,14.6,garantia
M0380,2024-03-05 18:52:00,formulario,C0224,"Hola, dudo entre la barra de sonido de 2.1 canales y otro modelo más caro. ¿Merece la pena la diferencia de 273,02 euros para un uso normal? Por cierto, ¿cuándo tienen previsto que llegue? Gracias de antemano.",envio,1,0,0,11,5.2,envio
M0381,2024-03-06 11:10:00,chat,C0132,"está en garantía, ¿no?",garantia,0,0,0,236,11.5,garantia
M0382,2024-03-06 11:19:00,correo,C0072,"Buenas tardes, me han llegado dos unidades de la funda de silicona reforzada y yo solo pedí una. Quiero devolver la que sobra y que me reembolsen los 736,96 euros. Un saludo.",devolucion,0,0,0,9,15.1,devolucion
M0383,2024-03-06 11:56:00,correo,C0270,"Hola, buenas, el router wifi de doble banda del pedido P-2024-45954 hace un ruido raro desde la semana pasada y ahora se apaga solo cada poco rato. A la espera de su respuesta.",garantia,0,0,0,292,9.0,garantia
M0384,2024-03-06 15:35:00,correo,C0043,¿en qué estado está mi reembolso?,factura,0,0,1,20,5.6,devolucion
M0385,2024-03-06 16:06:00,correo,,"Hola, buenas, somos una empresa de logística internacional con más de veinte años de experiencia y nos gustaría ofrecerles nuestras tarifas para el próximo trimestre. A la espera de su respuesta.",spam,0,0,0,,0.5,spam
M0386,2024-03-06 16:21:00,correo,C0378,"Hola, el seguimiento del pedido P-2024-62813 lleva 4 días sin moverse y la fecha prevista de entrega ya ha pasado. ¿Se ha perdido? Quedo a la espera.",envio,0,0,0,1,4.8,envio
M0387,2024-03-06 16:39:00,correo,C0006,"Hola, buenas, ¿la funda de silicona reforzada que tienen en la web es el modelo de este año o el del anterior? En la ficha no aparece la referencia completa. Quedo a la espera.",producto,0,0,0,191,8.8,producto
M0388,2024-03-06 17:00:00,correo,,"¿me pueden dar el número de seguimiento? También necesito la factura, que no me ha llegado.",factura,1,0,0,,9.4,envio
M0389,2024-03-06 17:56:00,correo,C0113,"Hola, buenas, la batería de la funda de silicona reforzada ya no aguanta ni dos horas. la compré hace 13 meses y la uso siempre con el cargador que venía en la caja. Quedo a la espera.",garantia,0,0,0,543,8.9,garantia
M0390,2024-03-06 20:15:00,correo,C0146,"Hola, buenas, me interesa el cargador rápido de 65 W para un regalo. ¿lo mandan en caja neutra y sin el precio dentro? A la espera de su respuesta.",producto,0,0,0,248,5.8,producto
M0391,2024-03-07 09:59:00,correo,,"Hola, ¿el tocadiscos con previo incorporado que tienen en la web es el modelo de este año o el del anterior? En la ficha no aparece la referencia completa. Saludos cordiales.",producto,0,0,0,,5.4,producto
M0392,2024-03-07 11:24:00,correo,C0347,¿me pueden dar el número de seguimiento?,envio,0,0,0,8,2.0,envio
M0393,2024-03-07 12:18:00,correo,,"Buenos días, ¿necesita mejorar el posicionamiento de su tienda en línea? Le ofrecemos una auditoría gratuita y sin compromiso de su web. Gracias de antemano.",spam,0,0,0,,1.1,spam
M0394,2024-03-07 12:19:00,correo,C0158,me habéis cobrado dos veces,factura,0,0,0,22,5.3,factura
M0395,2024-03-07 12:39:00,correo,C0165,"Estimados, el seguimiento del pedido P-2024-39105 lleva 7 días sin moverse y la fecha prevista de entrega ya ha pasado. ¿Se ha perdido? Y si no hay solución, quiero devolverlo y que me reembolsen. A la espera de su respuesta.",devolucion,1,0,0,2,7.0,devolucion
M0396,2024-03-07 17:11:00,correo,C0351,"Buenas, me interesa el disco SSD de 1 TB para un regalo. ¿lo mandan en caja neutra y sin el precio dentro? Quedo a la espera.",producto,0,0,0,284,6.0,producto
M0397,2024-03-07 17:12:00,formulario,,"Buenas, ¿el router wifi de doble banda que tienen en la web es el modelo de este año o el del anterior? En la ficha no aparece la referencia completa. A la espera de su respuesta.",producto,0,0,0,,4.3,producto
M0398,2024-03-07 17:34:00,correo,C0132,¿cómo pido la reparación?,garantia,0,0,0,180,6.5,envio
M0399,2024-03-08 11:07:00,chat,C0351,¿cuánto tarda en llegar si lo pido hoy? Añado que la entrega lleva ya 9 días de retraso.,envio,1,0,0,1,4.7,envio
M0400,2024-03-08 12:57:00,chat,C0009,quiero una solución con el disco SSD de 1 TB,devolucion,0,1,0,11,11.9,devolucion
M0401,2024-03-08 15:23:00,chat,C0264,la factura sale sin mi NIF,factura,0,0,0,33,15.8,factura
M0402,2024-03-08 15:47:00,formulario,C0342,"Buenas, he pagado con transferencia el pedido P-2024-95596 y me sigue saliendo como pendiente de pago. Adjunto el justificante del banco. Un saludo.",factura,0,0,0,61,9.4,factura
M0403,2024-03-08 17:55:00,correo,C0107,"Buenos días, estoy mirando el monitor de 27 pulgadas y no me queda claro si es compatible con el equipo que ya tengo en casa. ¿Me lo pueden confirmar antes de comprarlo? Gracias por la atención.",producto,0,0,0,88,7.9,producto
M0404,2024-03-09 08:39:00,telefono,C0194,[Transcripción de llamada] ¿llega antes del viernes?,envio,0,0,1,1,8.0,envio
M0405,2024-03-09 10:30:00,correo,C0119,"Estimados, en la ficha del monitor de 27 pulgadas pone una cosa en las características y otra distinta en la descripción. ¿Cuál de las dos es la buena? Saludos cordiales.",producto,0,0,0,328,5.6,producto
M0406,2024-03-09 11:14:00,correo,C0183,"Buenas, me interesa el auricular inalámbrico con cancelación de ruido para un regalo. ¿lo mandan en caja neutra y sin el precio dentro? Aprovecho para pedirles la factura con el NIF de la empresa. Quedo a la espera.",factura,1,0,0,96,8.7,factura
M0407,2024-03-09 17:04:00,correo,,"Estimados, en la ficha del portátil Lenovo IdeaPad 3 pone una cosa en las características y otra distinta en la descripción. ¿Cuál de las dos es la buena? Gracias de antemano.",producto,0,0,0,,6.2,producto
M0408,2024-03-11 10:03:00,chat,C0076,¿dónde está mi pedido? Y además ha empezado a fallar: se apaga solo desde el primer día.,garantia,1,0,0,432,10.1,garantia
M0409,2024-03-11 11:22:00,correo,,"Hola, ¿la tablet de 10 pulgadas incluye los cables o hay que comprarlos aparte? Lo pregunto porque en la foto se ven y en el listado no aparecen. A la espera de su respuesta.",producto,0,0,0,,13.5,producto
M0410,2024-03-11 13:14:00,correo,C0257,"Buenas tardes, la batería del micrófono USB de sobremesa ya no aguanta ni dos horas. lo compré hace 4 meses y lo uso siempre con el cargador que venía en la caja. Gracias de antemano.",garantia,0,0,0,518,8.8,garantia
M0411,2024-03-11 13:56:00,correo,C0185,"Hola, el altavoz bluetooth portátil que compré hace 9 meses ha dejado de encender de un día para otro. No se ha caído ni se ha mojado. Quedo a la espera.",garantia,0,0,0,26,12.9,garantia
M0412,2024-03-11 15:54:00,correo,,"Hola, buenas, somos una empresa de logística internacional con más de veinte años de experiencia y nos gustaría ofrecerles nuestras tarifas para el próximo trimestre. Un saludo.",spam,0,0,0,,0.7,spam
M0413,2024-03-11 16:02:00,formulario,C0211,"Buenas, el seguimiento del pedido P-2024-52580 lleva 12 días sin moverse y la fecha prevista de entrega ya ha pasado. ¿Se ha perdido? Y si no hay solución, quiero devolverlo y que me reembolsen. Gracias de antemano.",devolucion,1,0,0,1,9.3,envio
M0414,2024-03-11 16:24:00,correo,,"Buenos días, disponemos de una base de datos de más de doscientos mil contactos del sector del comercio electrónico. Se la podemos ceder a un precio simbólico. Un saludo.",spam,0,0,0,,1.3,spam
M0415,2024-03-11 16:58:00,chat,C0321,la factura sale sin mi NIF,factura,0,0,0,46,9.0,factura
M0416,2024-03-11 17:42:00,correo,C0283,"Buenos días, hice el pedido P-2024-52334 el 13 de mayo y sigue apareciendo como «en preparación». ¿Me pueden decir cuándo sale? Lo necesito para el fin de semana. Un saludo.",envio,0,0,0,7,6.5,envio
M0417,2024-03-11 18:56:00,chat,C0280,me ha llegado roto,envio,0,0,1,6,10.5,garantia
M0418,2024-03-11 19:29:00,formulario,C0123,"Buenas, me han llegado dos unidades del router wifi de doble banda y yo solo pedí una. Quiero devolver la que sobra y que me reembolsen los 491,10 euros. Quedo a la espera.",devolucion,0,0,0,13,9.1,devolucion
M0419,2024-03-11 20:33:00,formulario,C0146,sigo sin cobrar el reembolso,devolucion,0,0,1,29,7.3,devolucion
M0420,2024-03-12 10:33:00,formulario,C0066,necesito la factura del P-2024-63226,factura,0,0,0,6,3.5,factura
M0421,2024-03-12 10:34:00,chat,C0183,"Buenas, inicié la devolución del pedido P-2024-77026 por la web, mandé el paquete y han pasado 20 días sin noticias del reembolso. Un saludo.",devolucion,0,0,0,1,9.4,devolucion
M0422,2024-03-12 10:53:00,chat,C0237,"Buenas, hice el pedido P-2024-65005 el 7 de enero y sigue apareciendo como «en preparación». ¿Me pueden decir cuándo sale? Lo necesito para el fin de semana. Quedo a la espera.",envio,0,0,0,4,7.3,envio
M0423,2024-03-12 11:23:00,telefono,C0032,"[Transcripción de llamada] no me sirve, la quiero devolver",devolucion,0,0,0,10,6.5,devolucion
M0424,2024-03-12 11:59:00,formulario,C0276,el auricular inalámbrico con cancelación de ruido está defectuoso,garantia,0,1,0,350,14.6,garantia
M0425,2024-03-12 12:16:00,correo,C0308,"Hola, buenas, ¿el móvil Redmi Note incluye los cables o hay que comprarlos aparte? Lo pregunto porque en la foto se ven y en el listado no aparecen. Y de paso, el seguimiento sigue sin actualizarse. Gracias por la atención.",envio,1,0,0,10,8.0,envio
M0426,2024-03-12 13:53:00,telefono,C0254,"[Transcripción de llamada] Buenos días, necesito que el pedido P-2024-18771 lo dejen en el punto de recogida en vez de en casa, que por las mañanas no hay nadie. A la espera de su respuesta.",envio,0,0,0,8,4.5,envio
M0427,2024-03-13 09:23:00,formulario,C0341,"Buenas, ¿en cuántos días se entrega el micrófono USB de sobremesa? Es para un regalo y voy justo de tiempo. A la espera de su respuesta.",producto,0,0,1,5,10.1,producto
M0428,2024-03-13 09:38:00,chat,,"Buenas, me han llegado dos unidades del portátil Lenovo IdeaPad 3 y yo solo pedí una. Quiero devolver la que sobra y que me reembolsen los 746,75 euros. Quedo a la espera.",devolucion,0,0,0,,8.1,devolucion
M0429,2024-03-13 10:53:00,chat,C0138,"Buenos días, me he equivocado al escribir la dirección de envío del pedido P-2024-21007, puse mal el número de portal. ¿Se puede corregir todavía o ya ha salido? Gracias por la atención.",envio,0,0,0,11,12.8,producto
M0430,2024-03-13 11:04:00,formulario,C0267,"Buenos días, la batería del altavoz bluetooth portátil ya no aguanta ni dos horas. lo compré hace 3 meses y lo uso siempre con el cargador que venía en la caja. Gracias por la atención.",garantia,0,0,0,479,5.5,garantia
M0431,2024-03-13 12:19:00,formulario,C0301,"Buenas tardes, quiero anular el pedido P-2024-46440, que lo hice esta mañana y todavía no ha salido. Si ya ha salido, díganme cómo lo devuelvo. Muchas gracias.",devolucion,0,0,0,1,11.1,devolucion
M0432,2024-03-13 13:28:00,correo,C0255,"Buenas, ¿el router wifi de doble banda que tienen en la web es el modelo de este año o el del anterior? En la ficha no aparece la referencia completa. Un saludo.",producto,0,0,0,304,6.5,producto
M0433,2024-03-13 14:13:00,formulario,,¿cuánto tarda en llegar si lo pido hoy?,producto,0,0,0,,2.2,producto
M0434,2024-03-13 15:41:00,correo,C0301,"Buenos días, he pagado con transferencia el pedido P-2024-57567 y me sigue saliendo como pendiente de pago. Adjunto el justificante del banco. En cualquier caso, quiero iniciar la devolución. Muchas gracias.",devolucion,1,0,0,6,18.3,factura
M0435,2024-03-13 17:05:00,correo,C0167,"Buenos días, el seguimiento del pedido P-2024-82069 lleva 20 días sin moverse y la fecha prevista de entrega ya ha pasado. ¿Se ha perdido? Y además ha empezado a fallar: se apaga solo desde el primer día. A la espera de su respuesta.",garantia,1,0,0,284,20.9,garantia
M0436,2024-03-14 10:20:00,chat,C0122,lleva 9 días en reparto,envio,0,0,0,2,10.1,envio
M0437,2024-03-14 11:29:00,formulario,C0167,¿me pueden dar el número de seguimiento?,envio,0,0,0,8,2.0,envio
M0438,2024-03-14 13:59:00,correo,C0342,"Hola, he recibido el pedido P-2024-25000 y el aparato no va. La caja tiene un golpe en un lateral. Quedo a la espera.",garantia,0,0,1,0,12.7,garantia
M0439,2024-03-14 15:30:00,formulario,C0154,"Hola, buenas, en la factura del pedido P-2024-37150 aparece un importe distinto del que pagué. Yo tengo un cargo de 877,61 euros en la tarjeta. Saludos cordiales.",factura,0,0,0,7,7.7,factura
M0440,2024-03-14 16:50:00,correo,C0006,"Estimados, el router wifi de doble banda que compré hace 8 meses ha dejado de encender de un día para otro. No se ha caído ni se ha mojado. Muchas gracias.",garantia,0,0,0,139,16.3,garantia
M0441,2024-03-14 16:50:00,correo,C0035,"Buenas tardes, he pagado con transferencia el pedido P-2024-69450 y me sigue saliendo como pendiente de pago. Adjunto el justificante del banco. Muchas gracias.",factura,0,0,0,43,14.6,factura
M0442,2024-03-15 09:38:00,correo,C0109,"Buenas tardes, el router wifi de doble banda que compré hace 13 meses ha dejado de encender de un día para otro. No se ha caído ni se ha mojado. Quedo a la espera.",garantia,0,0,0,38,25.1,garantia
M0443,2024-03-15 10:34:00,formulario,C0083,"Buenos días, el monitor de 27 pulgadas ha dejado de conectarse después de una actualización y el fabricante me dice que hable con la tienda donde lo compré. Gracias por la atención.",garantia,0,0,0,414,7.7,garantia
M0444,2024-03-15 11:11:00,telefono,,[Transcripción de llamada] tenemos una propuesta para su empresa,spam,0,0,0,,0.5,spam
M0445,2024-03-15 12:56:00,correo,C0209,¿me pueden dar el número de seguimiento?,envio,0,0,0,3,3.8,envio
M0446,2024-03-15 13:15:00,correo,C0052,"Hola, ¿la funda de silicona reforzada que tienen en la web es el modelo de este año o el del anterior? En la ficha no aparece la referencia completa. También necesito la factura, que no me ha llegado. A la espera de su respuesta.",factura,1,0,0,98,5.5,factura
M0447,2024-03-17 14:39:00,formulario,,"Buenas, hemos detectado un acceso no autorizado a su cuenta de empresa. Verifique su identidad en las próximas veinticuatro horas o será suspendida. Gracias por la atención.",spam,0,0,0,,0.8,producto
M0448,2024-03-17 18:55:00,correo,C0089,"Buenas, ¿me pueden cambiar el micrófono USB de sobremesa por otro? Este viene con un defecto de fábrica. Quedo a la espera.",devolucion,0,1,0,13,18.6,devolucion
M0449,2024-03-18 08:55:00,correo,C0067,"Hola, buenas, me han llegado dos unidades del tocadiscos con previo incorporado y yo solo pedí una. Quiero devolver la que sobra y que me reembolsen los 109,80 euros. Gracias de antemano.",devolucion,0,0,0,7,3.9,devolucion
M0450,2024-03-18 10:30:00,formulario,C0056,"el móvil Redmi Note no va, lo quiero devolver",devolucion,0,1,0,9,15.1,devolucion
M0451,2024-03-18 11:21:00,formulario,C0238,"Buenas tardes, la batería de la barra de sonido de 2.1 canales ya no aguanta ni dos horas. la compré hace 15 meses y la uso siempre con el cargador que venía en la caja. Saludos cordiales.",garantia,0,0,0,307,9.3,garantia
M0452,2024-03-18 13:48:00,correo,C0241,"Estimados, he pedido un micrófono USB de sobremesa y otro artículo en el mismo pedido y solo me ha llegado uno. La caja venía bien cerrada, así que no parece cosa del transporte. Muchas gracias.",envio,0,0,0,0,3.2,envio
M0453,2024-03-18 15:04:00,correo,C0205,"Buenos días, tengo un problema con la tablet de 10 pulgadas y quiero devolverla. No me sirve así. Un saludo.",devolucion,0,1,0,14,19.1,devolucion
M0454,2024-03-18 16:00:00,telefono,C0118,"[Transcripción de llamada] no funciona, ¿qué hago?",devolucion,0,1,0,5,14.9,devolucion
M0455,2024-03-18 16:49:00,formulario,C0045,"Buenas tardes, necesito que recojan el auricular inalámbrico con cancelación de ruido y me den una solución, porque así no me sirve para nada. Gracias de antemano.",devolucion,0,1,0,4,7.2,garantia
M0456,2024-03-18 17:27:00,correo,,"Buenos días, su paquete no ha podido ser entregado por un importe pendiente de 1,79 euros. Confirme sus datos en el enlace para reprogramar la entrega. Un saludo.",spam,0,0,0,,1.0,spam
M0457,2024-03-18 17:38:00,formulario,C0118,"Buenos días, necesito que recojan el router wifi de doble banda y me den una solución, porque así no me sirve para nada. Saludos cordiales.",devolucion,0,1,0,14,13.9,garantia
M0458,2024-03-18 19:16:00,correo,C0314,"Buenos días, en la factura del pedido P-2024-69802 aparece un importe distinto del que pagué. Yo tengo un cargo de 35,30 euros en la tarjeta. Un saludo.",factura,0,0,0,105,8.7,factura
M0459,2024-03-18 20:27:00,formulario,C0153,"Buenas, compré el monitor de 27 pulgadas hace 19 días y quiero cambiarlo por el modelo superior pagando la diferencia. ¿Se puede o tengo que devolverlo y volver a comprar? Aparte de eso, el aparato vino defectuoso y no hay manera de encenderlo. A la espera de su respuesta.",garantia,1,0,0,647,17.4,devolucion
M0460,2024-03-19 09:20:00,correo,C0210,"Hola, buenas, el repartidor dice que ha intentado entregar el móvil Redmi Note dos veces y yo he estado en casa las dos veces. Nadie ha llamado al timbre. Un saludo.",envio,0,0,0,7,3.4,envio
M0461,2024-03-19 10:46:00,correo,C0396,"Estimados, quería saber los plazos de entrega del cargador rápido de 65 W para la zona de Valencia. A la espera de su respuesta.",envio,0,0,1,22,8.4,envio
M0462,2024-03-19 11:50:00,formulario,C0388,"Hola, no ha llegado nada del pedido P-2024-61050 y necesito que me den una salida. Un saludo.",devolucion,0,0,1,7,11.2,envio
M0463,2024-03-19 12:11:00,correo,C0008,"Buenas, he pagado con transferencia el pedido P-2024-98160 y me sigue saliendo como pendiente de pago. Adjunto el justificante del banco. Saludos cordiales.",factura,0,0,0,23,7.0,factura
M0464,2024-03-19 13:14:00,correo,C0306,"Hola, en la ficha de la impresora multifunción pone una cosa en las características y otra distinta en la descripción. ¿Cuál de las dos es la buena? A la espera de su respuesta.",producto,0,0,0,258,6.7,producto
M0465,2024-03-19 19:21:00,correo,C0131,"Buenas tardes, tengo un problema con la impresora multifunción y quiero devolverla. No me sirve así. A la espera de su respuesta.",garantia,0,1,0,236,20.0,garantia
M0466,2024-03-20 10:50:00,correo,C0111,"Hola, compré el router wifi de doble banda hace 2 meses y se ha vuelto a estropear de lo mismo que ya me repararon en marzo. Gracias por la atención.",garantia,0,0,0,473,21.4,garantia
M0467,2024-03-20 16:27:00,telefono,C0042,"[Transcripción de llamada] Buenos días, quería comprar el portátil Lenovo IdeaPad 3 pero aparece sin existencias. ¿Van a reponerlo o lo han descatalogado? Muchas gracias.",producto,0,0,0,342,8.8,producto
M0468,2024-03-20 16:30:00,formulario,C0188,"Buenas, el móvil Redmi Note vino con un fallo. Prefiero que me devuelvan el importe a que me lo arreglen. Saludos cordiales.",devolucion,0,1,0,4,13.8,devolucion
M0469,2024-03-20 17:43:00,formulario,C0256,¿cómo devuelvo un pedido?,devolucion,0,0,0,1,10.1,devolucion
M0470,2024-03-21 09:09:00,chat,C0165,"Buenas tardes, el pedido P-2024-56006 me ha llegado bien pero me he arrepentido de la compra. ¿Cómo inicio la devolución y quién paga el transporte de vuelta? A la espera de su respuesta.",devolucion,0,0,0,6,8.9,devolucion
M0471,2024-03-21 10:06:00,chat,C0357,no me cuadra el importe,factura,0,0,0,115,3.3,factura
M0472,2024-03-21 14:28:00,formulario,C0243,"Buenos días, el portátil Lenovo IdeaPad 3 del pedido P-2024-87900 hace un ruido raro desde la semana pasada y ahora se apaga solo cada poco rato. Gracias de antemano.",garantia,0,0,0,105,14.4,garantia
M0473,2024-03-21 17:29:00,correo,C0281,"Hola, el portátil Lenovo IdeaPad 3 me llegó con la carcasa rajada por un lado. La caja de fuera estaba intacta, así que venía así de fábrica. Gracias de antemano.",garantia,0,0,0,184,10.2,garantia
M0474,2024-03-21 18:42:00,telefono,C0173,"[Transcripción de llamada] Estimados, el teclado mecánico retroiluminado ha dejado de funcionar y quiero devolverlo y recuperar mi dinero. A la espera de su respuesta.",garantia,0,1,0,486,11.2,garantia
M0475,2024-03-21 19:51:00,formulario,C0365,"Hola, buenas, me han llegado dos unidades del portátil Lenovo IdeaPad 3 y yo solo pedí una. Quiero devolver la que sobra y que me reembolsen los 223,69 euros. Quedo a la espera.",devolucion,0,0,0,5,9.8,devolucion
M0476,2024-03-22 09:07:00,correo,C0023,"Buenas, he pedido un micrófono USB de sobremesa y otro artículo en el mismo pedido y solo me ha llegado uno. La caja venía bien cerrada, así que no parece cosa del transporte. Muchas gracias.",envio,0,0,0,3,3.1,envio
M0477,2024-03-22 09:57:00,correo,C0222,"Hola, buenas, he pagado con transferencia el pedido P-2024-65318 y me sigue saliendo como pendiente de pago. Adjunto el justificante del banco. Muchas gracias.",factura,0,0,0,23,3.9,factura
M0478,2024-03-22 13:17:00,telefono,C0298,"[Transcripción de llamada] Buenas, he pagado con transferencia el pedido P-2024-81169 y me sigue saliendo como pendiente de pago. Adjunto el justificante del banco. Muchas gracias.",factura,0,0,0,103,5.7,factura
M0479,2024-03-22 15:51:00,formulario,C0032,"Hola, ¿cuánto tardaría en llegarme la impresora multifunción si lo pido hoy? Lo necesito para el viernes. Quedo a la espera.",envio,0,0,1,13,5.8,producto
M0480,2024-03-22 17:20:00,formulario,C0166,"Buenos días, el repartidor dice que ha intentado entregar la impresora multifunción dos veces y yo he estado en casa las dos veces. Nadie ha llamado al timbre. Muchas gracias.",envio,0,0,0,0,4.7,envio
M0481,2024-03-22 17:39:00,chat,C0078,"¿la devolución la pagáis vosotros? Aparte de eso, el aparato vino defectuoso y no hay manera de encenderlo.",garantia,1,0,0,417,15.1,garantia
M0482,2024-03-22 17:53:00,correo,,"Hola, ¿el micrófono USB de sobremesa que tienen en la web es el modelo de este año o el del anterior? En la ficha no aparece la referencia completa. Saludos cordiales.",producto,0,0,0,,4.8,producto
M0483,2024-03-22 18:59:00,formulario,C0342,"Hola, en la factura del disco SSD de 1 TB no aparece el IVA desglosado y mi gestoría me la ha devuelto por eso. Quedo a la espera.",factura,0,0,0,74,15.3,factura
M0484,2024-03-22 19:46:00,chat,C0065,"¿cuándo me devolvéis los 772,53 euros?",factura,0,0,0,90,22.0,factura
M0485,2024-03-23 13:05:00,correo,C0391,"Buenos días, quiero devolver el monitor de 27 pulgadas que compré el 16 de septiembre. No es lo que esperaba y no le voy a dar uso. Aún estoy dentro de plazo, ¿verdad? Muchas gracias.",devolucion,0,0,0,12,5.5,devolucion
M0486,2024-03-23 13:13:00,correo,,¿tenéis el router wifi de doble banda?,producto,0,0,0,,9.3,producto
M0487,2024-03-24 09:44:00,correo,C0039,"Buenos días, ¿la impresora multifunción incluye los cables o hay que comprarlos aparte? Lo pregunto porque en la foto se ven y en el listado no aparecen. También necesito la factura, que no me ha llegado. A la espera de su respuesta.",factura,1,0,0,34,6.6,factura
M0488,2024-03-24 17:16:00,correo,C0148,"Estimados, ¿cuánto tardaría en llegarme el disco SSD de 1 TB si lo pido hoy? Lo necesito para el viernes. Un saludo.",envio,0,0,1,23,6.1,envio
M0489,2024-03-24 20:25:00,correo,,"Buenas tardes, dudo entre el cargador rápido de 65 W y otro modelo más caro. ¿Merece la pena la diferencia de 428,20 euros para un uso normal? Gracias de antemano.",producto,0,0,0,,7.9,factura
M0490,2024-03-25 09:18:00,formulario,C0004,"Hola, el seguimiento del pedido P-2024-17705 lleva 19 días sin moverse y la fecha prevista de entrega ya ha pasado. ¿Se ha perdido? Muchas gracias.",envio,0,0,0,3,4.6,envio
M0491,2024-03-25 09:30:00,chat,C0283,"Estimados, he pedido un reloj inteligente con GPS y otro artículo en el mismo pedido y solo me ha llegado uno. La caja venía bien cerrada, así que no parece cosa del transporte. Saludos cordiales.",envio,0,0,0,0,8.6,envio
M0492,2024-03-25 10:20:00,chat,C0128,¿llega antes del viernes?,envio,0,0,1,8,5.5,producto
M0493,2024-03-25 11:52:00,formulario,C0336,"Buenas, compré el reloj inteligente con GPS hace 19 meses y se ha vuelto a estropear de lo mismo que ya me repararon en marzo. Un saludo.",garantia,0,0,0,123,17.4,garantia
M0494,2024-03-25 11:59:00,correo,,oferta exclusiva solo hoy,spam,0,0,0,,0.4,spam
M0495,2024-03-25 13:22:00,chat,C0397,¿cómo devuelvo un pedido?,devolucion,0,0,0,13,7.1,devolucion
M0496,2024-03-25 13:28:00,chat,C0362,"Hola, el tocadiscos con previo incorporado que compré hace 21 meses ha dejado de encender de un día para otro. No se ha caído ni se ha mojado. Muchas gracias.",garantia,0,0,0,360,13.1,garantia
M0497,2024-03-25 15:57:00,formulario,C0090,"Buenos días, estoy mirando la funda de silicona reforzada y no me queda claro si es compatible con el equipo que ya tengo en casa. ¿Me lo pueden confirmar antes de comprarla? También necesito la factura, que no me ha llegado. Saludos cordiales.",factura,1,0,0,68,10.5,factura
M0498,2024-03-25 16:01:00,formulario,,"Buenas tardes, le escribo desde un fondo de inversión con una propuesta de financiación para su negocio, con condiciones muy por debajo de las del mercado. Saludos cordiales.",spam,0,0,0,,0.2,spam
M0499,2024-03-25 16:18:00,correo,C0093,"Hola, hice el pedido P-2024-72870 el 2 de enero y sigue apareciendo como «en preparación». ¿Me pueden decir cuándo sale? Lo necesito para el fin de semana. En cualquier caso, quiero iniciar la devolución. Muchas gracias.",devolucion,1,0,0,6,13.1,devolucion
M0500,2024-03-25 17:49:00,correo,C0302,"Buenos días, el altavoz bluetooth portátil ha dejado de conectarse después de una actualización y el fabricante me dice que hable con la tienda donde lo compré. Muchas gracias.",garantia,0,0,0,452,9.1,garantia
M0501,2024-03-25 18:11:00,chat,,¿el cargador rápido de 65 W sirve para jugar?,producto,0,0,0,,4.8,spam
M0502,2024-03-25 20:35:00,chat,C0278,¿el disco SSD de 1 TB sirve para jugar?,producto,0,0,0,268,2.6,producto
M0503,2024-03-25 20:48:00,formulario,C0368,"Buenas tardes, compré la funda de silicona reforzada hace 18 días y quiero cambiarla por el modelo superior pagando la diferencia. ¿Se puede o tengo que devolverla y volver a comprar? Y lo peor es que no funciona, así que habrá que repararlo. Un saludo.",garantia,1,0,0,447,14.9,garantia
M0504,2024-03-26 11:46:00,correo,C0108,"Hola, me he equivocado al escribir la dirección de envío del pedido P-2024-56813, puse mal el número de portal. ¿Se puede corregir todavía o ya ha salido? A la espera de su respuesta.",envio,0,0,0,1,1.5,envio
M0505,2024-03-26 12:09:00,telefono,C0281,"[Transcripción de llamada] Buenas tardes, ¿el reloj inteligente con GPS que tienen en la web es el modelo de este año o el del anterior? En la ficha no aparece la referencia completa. Un saludo.",producto,0,0,0,205,6.6,spam
M0506,2024-03-26 15:06:00,formulario,C0176,"Buenas, el pedido P-2024-52608 sigue sin aparecer y yo ya lo he comprado en otro sitio. Quedo a la espera.",devolucion,0,0,1,11,16.6,envio
M0507,2024-03-26 17:42:00,correo,C0269,"Buenas, llevo 6 días esperando el pedido P-2024-56752. Si no llega esta semana, no lo quiero. A la espera de su respuesta.",envio,0,0,1,14,9.1,envio
M0508,2024-03-26 20:10:00,chat,C0342,quiero anular el P-2024-54590,devolucion,0,0,0,2,7.7,devolucion
M0509,2024-03-27 10:20:00,correo,C0348,"Buenas tardes, llevé el monitor de 27 pulgadas al servicio técnico que me indicaron hace 19 días y todavía no sé nada. ¿Cómo consulto el estado de la reparación? Un saludo.",garantia,0,0,0,597,14.0,garantia
M0510,2024-03-27 10:49:00,correo,C0056,"Hola, buenas, el reembolso del pedido P-2024-31710 lo aceptaron hace 9 días y en la cuenta no ha entrado nada todavía. Un saludo.",factura,0,0,0,29,5.7,factura
M0511,2024-03-27 12:04:00,formulario,C0034,"está en garantía, ¿no?",garantia,0,0,0,161,15.2,garantia
M0512,2024-03-27 13:48:00,formulario,,aumente sus ventas un 300 %,spam,0,0,0,,0.9,spam
M0513,2024-03-27 15:27:00,chat,C0206,el router wifi de doble banda no enciende,garantia,0,0,0,422,9.7,garantia
M0514,2024-03-27 16:42:00,formulario,C0251,¿me pueden dar el número de seguimiento?,envio,0,0,0,10,4.9,envio
M0515,2024-03-28 09:08:00,formulario,C0260,"Buenas, ¿cuánto tardaría en llegarme el micrófono USB de sobremesa si lo pido hoy? Lo necesito para el viernes. Quedo a la espera.",envio,0,0,1,7,8.9,producto
M0516,2024-03-28 09:48:00,correo,C0311,"Estimados, hace tiempo que espero la devolución del importe del pedido P-2024-33818 y no tengo noticias. Un saludo.",devolucion,0,0,1,36,8.0,devolucion
M0517,2024-03-28 10:07:00,correo,C0331,"Buenos días, ¿es normal que un pedido tarde 2 días en salir del almacén? Lo hice el 2 de enero y no tengo ni número de seguimiento. Un saludo.",envio,0,0,0,4,4.3,envio
M0518,2024-03-28 10:37:00,correo,C0091,me habéis cobrado dos veces,factura,0,0,0,47,10.0,factura
M0519,2024-03-28 10:47:00,formulario,C0131,"Hola, buenas, he recibido el pedido P-2024-91841 y el aparato no va. La caja tiene un golpe en un lateral. A la espera de su respuesta.",envio,0,0,1,6,4.5,envio
M0520,2024-03-28 11:33:00,chat,C0115,¿el monitor de 27 pulgadas sirve para jugar?,producto,0,0,0,133,4.7,producto
M0521,2024-03-28 15:30:00,correo,C0042,"Buenas, el pedido P-2024-57145 me ha llegado roto. La pantalla está rajada y no hay manera de encenderlo. A la espera de su respuesta.",garantia,0,0,1,4,14.6,garantia
M0522,2024-03-28 16:38:00,correo,C0053,"Buenas tardes, he pagado con transferencia el pedido P-2024-98714 y me sigue saliendo como pendiente de pago. Adjunto el justificante del banco. Gracias por la atención.",factura,0,0,0,82,8.4,factura
M0523,2024-03-28 17:45:00,chat,C0202,lleva 19 días en reparto,envio,0,0,0,3,3.7,envio
M0524,2024-03-28 18:33:00,formulario,C0283,"Hola, buenas, necesito que el pedido P-2024-30416 lo dejen en el punto de recogida en vez de en casa, que por las mañanas no hay nadie. Quedo a la espera.",envio,0,0,0,5,2.5,envio
M0525,2024-03-28 19:14:00,chat,,"¿el altavoz bluetooth portátil viene con cables? También necesito la factura, que no me ha llegado.",factura,1,0,0,,4.3,spam
M0526,2024-03-29 10:17:00,correo,,"Buenas tardes, ofrecemos servicio de atención al cliente externalizado con agentes en horario ampliado. ¿Le interesa que le mandemos una propuesta sin compromiso? Muchas gracias.",spam,0,0,0,,1.3,spam
M0527,2024-03-29 10:23:00,correo,C0258,"Estimados, en la factura del cargador rápido de 65 W no aparece el IVA desglosado y mi gestoría me la ha devuelto por eso. Muchas gracias.",factura,0,0,0,96,7.8,factura
M0528,2024-03-29 11:41:00,correo,C0372,"Buenos días, me ha llegado la funda de silicona reforzada con la carcasa partida. ¿Qué hago con él? A la espera de su respuesta.",garantia,0,0,1,5,21.5,envio
M0529,2024-03-29 11:45:00,chat,C0094,"Hola, necesito la factura del pedido P-2024-30468 con los datos fiscales de mi empresa, que la que me han mandado va a mi nombre particular. Gracias por la atención.",factura,0,0,0,44,7.5,factura
M0530,2024-03-29 11:52:00,formulario,C0352,"Buenas, me han cobrado dos veces los 260,05 euros del pedido P-2024-25849. En el banco aparecen los dos cargos con la misma fecha. Quedo a la espera.",factura,0,0,0,72,3.9,factura
M0531,2024-03-29 13:04:00,correo,C0289,"Buenas tardes, me ha llegado el cargador rápido de 65 W con la carcasa partida. ¿Qué hago con él? Un saludo.",envio,0,0,1,10,3.1,garantia
M0532,2024-03-29 13:40:00,formulario,,¿el router wifi de doble banda sirve para jugar?,producto,0,0,0,,4.3,producto
M0533,2024-03-29 13:46:00,chat,,"Buenas, disponemos de una base de datos de más de doscientos mil contactos del sector del comercio electrónico. Se la podemos ceder a un precio simbólico. A la espera de su respuesta.",spam,0,0,0,,1.6,spam
M0534,2024-03-29 16:47:00,formulario,C0074,"Buenos días, me he equivocado al escribir la dirección de envío del pedido P-2024-61041, puse mal el número de portal. ¿Se puede corregir todavía o ya ha salido? A la espera de su respuesta.",envio,0,0,0,8,4.9,envio
M0535,2024-03-29 17:41:00,correo,C0036,"Estimados, me han cobrado dos veces los 808,65 euros del pedido P-2024-82735. En el banco aparecen los dos cargos con la misma fecha. Un saludo.",factura,0,0,0,92,13.9,factura
M0536,2024-03-29 17:43:00,chat,C0285,"Buenas, hice el pedido P-2024-31430 el 4 de enero y sigue apareciendo como «en preparación». ¿Me pueden decir cuándo sale? Lo necesito para el fin de semana. Aparte de eso, el aparato vino defectuoso y no hay manera de encenderlo. Un saludo.",garantia,1,0,0,588,12.7,envio
M0537,2024-03-29 18:09:00,correo,C0394,"Buenas tardes, he pedido un monitor de 27 pulgadas y otro artículo en el mismo pedido y solo me ha llegado uno. La caja venía bien cerrada, así que no parece cosa del transporte. Un saludo.",envio,0,0,0,4,4.5,envio
M0538,2024-03-29 19:33:00,formulario,C0162,"Buenos días, he pedido un tocadiscos con previo incorporado y otro artículo en el mismo pedido y solo me ha llegado uno. La caja venía bien cerrada, así que no parece cosa del transporte. Un saludo.",envio,0,0,0,2,10.9,envio
M0539,2024-03-29 20:13:00,correo,C0026,"Hola, me he equivocado al escribir la dirección de envío del pedido P-2024-72909, puse mal el número de portal. ¿Se puede corregir todavía o ya ha salido? Un saludo.",envio,0,0,0,7,5.5,envio
M0540,2024-03-30 11:09:00,formulario,,"Hola, quería comprar el monitor de 27 pulgadas pero aparece sin existencias. ¿Van a reponerlo o lo han descatalogado? A la espera de su respuesta.",producto,0,0,0,,5.3,producto
M0541,2024-03-30 15:23:00,correo,C0096,"Buenos días, ¿me pueden mandar todas las facturas del año pasado? Las necesito para la declaración y en mi área de cliente solo salen las de los últimos tres meses. Gracias de antemano.",factura,0,0,0,28,3.9,factura
M0542,2024-03-31 13:23:00,chat,C0294,¿cuánto tarda en llegar si lo pido hoy? Añado que la entrega lleva ya 18 días de retraso.,envio,1,0,0,5,5.5,envio
M0543,2024-03-31 15:27:00,formulario,,"Estimados, ofrecemos servicio de atención al cliente externalizado con agentes en horario ampliado. ¿Le interesa que le mandemos una propuesta sin compromiso? Saludos cordiales.",spam,0,0,0,,0.9,spam
M0544,2024-03-31 15:31:00,formulario,C0354,"Buenas, en la factura del pedido P-2024-94130 aparece un importe distinto del que pagué. Yo tengo un cargo de 38,13 euros en la tarjeta. Quedo a la espera.",factura,0,0,0,101,24.3,factura
M0545,2024-04-01 08:50:00,chat,C0210,¿cuánto plazo tengo para devolver?,devolucion,0,0,0,1,10.2,devolucion
M0546,2024-04-01 09:29:00,formulario,C0336,"Estimados, compré el tocadiscos con previo incorporado hace 13 meses y se ha vuelto a estropear de lo mismo que ya me repararon en marzo. Quedo a la espera.",garantia,0,0,0,445,10.2,garantia
M0547,2024-04-01 10:56:00,formulario,C0045,no me ha llegado nada todavía,envio,0,0,0,9,4.5,envio
M0548,2024-04-01 12:29:00,formulario,C0231,"Hola, en la factura de la impresora multifunción no aparece el IVA desglosado y mi gestoría me la ha devuelto por eso. Gracias por la atención.",factura,0,0,0,103,10.9,factura
M0549,2024-04-01 13:02:00,chat,,¿tenéis el monitor de 27 pulgadas?,producto,0,0,0,,7.6,producto
M0550,2024-04-01 13:25:00,correo,C0175,"Estimados, estoy mirando la impresora multifunción y no me queda claro si es compatible con el equipo que ya tengo en casa. ¿Me lo pueden confirmar antes de comprarla? Y además el importe cobrado no coincide con el del pedido. Un saludo.",factura,1,0,0,103,6.0,factura
M0551,2024-04-01 14:00:00,formulario,C0080,"Hola, ¿me pueden mandar todas las facturas del año pasado? Las necesito para la declaración y en mi área de cliente solo salen las de los últimos tres meses. A la espera de su respuesta.",factura,0,0,0,75,8.1,factura
M0552,2024-04-01 15:43:00,correo,,¿tenéis la funda de silicona reforzada?,producto,0,0,0,,5.4,producto
M0553,2024-04-01 17:37:00,correo,C0195,"Hola, buenas, me interesa la impresora multifunción para un regalo. ¿la mandan en caja neutra y sin el precio dentro? Por cierto, ¿cuándo tienen previsto que llegue? A la espera de su respuesta.",envio,1,0,0,4,5.7,producto
M0554,2024-04-01 17:50:00,formulario,C0186,"Hola, compré el tocadiscos con previo incorporado hace 19 meses y se ha vuelto a estropear de lo mismo que ya me repararon en marzo. Quedo a la espera.",garantia,0,0,0,316,7.2,garantia
M0555,2024-04-01 19:54:00,formulario,C0301,"Buenos días, he pedido un portátil Lenovo IdeaPad 3 y otro artículo en el mismo pedido y solo me ha llegado uno. La caja venía bien cerrada, así que no parece cosa del transporte. Aparte de eso, el aparato vino defectuoso y no hay manera de encenderlo. A la espera de su respuesta.",garantia,1,0,0,415,12.4,garantia
M0556,2024-04-01 20:37:00,formulario,C0268,"¿el monitor de 27 pulgadas sirve para jugar? También necesito la factura, que no me ha llegado.",factura,1,0,0,35,21.6,factura
M0557,2024-04-02 09:09:00,formulario,C0078,quiero anular el P-2024-62914,devolucion,0,0,0,5,5.5,devolucion
M0558,2024-04-02 10:31:00,formulario,,¿tenéis el cargador rápido de 65 W?,producto,0,0,0,,6.1,producto
M0559,2024-04-02 10:46:00,formulario,C0246,"Hola, el pedido P-2024-95489 figura como entregado desde ayer y aquí no ha llegado nada. He preguntado a los vecinos y tampoco saben nada. Aparte de eso, el aparato vino defectuoso y no hay manera de encenderlo. Gracias de antemano.",garantia,1,0,0,445,18.0,garantia
M0560,2024-04-02 11:30:00,correo,C0195,"Hola, buenas, hice el pedido P-2024-93133 el 7 de mayo y sigue apareciendo como «en preparación». ¿Me pueden decir cuándo sale? Lo necesito para el fin de semana. Un saludo.",envio,0,0,0,0,2.8,envio
M0561,2024-04-02 13:22:00,chat,C0398,quiero anular el P-2024-95936,devolucion,0,0,0,2,9.6,devolucion
M0562,2024-04-02 13:59:00,chat,C0078,"Buenas tardes, necesito que recojan el disco SSD de 1 TB y me den una solución, porque así no me sirve para nada. Quedo a la espera.",devolucion,0,1,0,5,21.7,devolucion
M0563,2024-04-02 15:48:00,correo,C0013,"Buenas, me ha llegado el altavoz bluetooth portátil con la carcasa partida. ¿Qué hago con él? A la espera de su respuesta.",garantia,0,0,1,5,29.3,garantia
M0564,2024-04-02 15:56:00,formulario,C0177,se me ha estropeado el móvil Redmi Note,garantia,0,0,0,445,9.4,garantia
M0565,2024-04-02 16:00:00,chat,C0157,"Buenas tardes, hice el pedido P-2024-27276 el 24 de febrero y sigue apareciendo como «en preparación». ¿Me pueden decir cuándo sale? Lo necesito para el fin de semana. Gracias por la atención.",envio,0,0,0,10,6.7,envio
M0566,2024-04-02 16:27:00,formulario,C0147,necesito la factura del P-2024-88793,factura,0,0,0,81,11.0,factura
M0567,2024-04-02 18:56:00,formulario,C0114,"no me sirve, lo quiero devolver",devolucion,0,0,0,5,6.6,devolucion
M0568,2024-04-02 19:56:00,formulario,,"Buenas, quería comprar el monitor de 27 pulgadas pero aparece sin existencias. ¿Van a reponerlo o lo han descatalogado? Muchas gracias.",producto,0,0,0,,6.4,producto
M0569,2024-04-03 10:19:00,chat,C0328,no me ha llegado nada todavía,envio,0,0,0,4,2.4,envio
M0570,2024-04-03 12:37:00,telefono,,"[Transcripción de llamada] Buenas tardes, quería comprar el reloj inteligente con GPS pero aparece sin existencias. ¿Van a reponerlo o lo han descatalogado? A la espera de su respuesta.",producto,0,0,0,,8.3,producto
M0571,2024-04-03 12:59:00,correo,C0142,"Buenos días, quería comprar el tocadiscos con previo incorporado pero aparece sin existencias. ¿Van a reponerlo o lo han descatalogado? Gracias por la atención.",producto,0,0,0,176,17.9,producto
M0572,2024-04-03 13:13:00,telefono,C0165,"[Transcripción de llamada] Estimados, el repartidor dice que ha intentado entregar el micrófono USB de sobremesa dos veces y yo he estado en casa las dos veces. Nadie ha llamado al timbre. Muchas gracias.",envio,0,0,0,7,4.9,envio
M0573,2024-04-04 11:03:00,correo,C0170,"Estimados, no estoy conforme con el reloj inteligente con GPS: ni funciona bien ni es lo que anunciaban. Quiero una solución. A la espera de su respuesta.",garantia,0,1,0,293,9.9,garantia
M0574,2024-04-04 11:31:00,telefono,C0388,"[Transcripción de llamada] Estimados, compré la funda de silicona reforzada hace 19 días y quiero cambiarla por el modelo superior pagando la diferencia. ¿Se puede o tengo que devolverla y volver a comprar? Gracias por la atención.",devolucion,0,0,0,2,16.8,devolucion
M0575,2024-04-04 12:38:00,correo,,"Hola, buenas, disponemos de una base de datos de más de doscientos mil contactos del sector del comercio electrónico. Se la podemos ceder a un precio simbólico. Un saludo.",spam,0,0,0,,0.6,spam
M0576,2024-04-04 16:26:00,telefono,C0138,"[Transcripción de llamada] Hola, buenas, quiero anular el pedido P-2024-99756, que lo hice esta mañana y todavía no ha salido. Si ya ha salido, díganme cómo lo devuelvo. Aparte de eso, el aparato vino defectuoso y no hay manera de encenderlo. Un saludo.",garantia,1,0,0,625,24.4,devolucion
M0577,2024-04-04 18:15:00,chat,C0237,"Estimados, quiero tramitar la devolución de la impresora multifunción, que está defectuoso. A la espera de su respuesta.",garantia,0,1,0,317,12.6,garantia
M0578,2024-04-04 18:46:00,telefono,,"[Transcripción de llamada] Buenas tardes, en la ficha del micrófono USB de sobremesa pone una cosa en las características y otra distinta en la descripción. ¿Cuál de las dos es la buena? A la espera de su respuesta.",producto,0,0,0,,4.8,producto
M0579,2024-04-05 08:02:00,formulario,C0278,"Buenas tardes, necesito que el pedido P-2024-11702 lo dejen en el punto de recogida en vez de en casa, que por las mañanas no hay nadie. Quedo a la espera.",envio,0,0,0,2,2.5,envio
M0580,2024-04-05 09:02:00,chat,C0219,"Hola, buenas, he pedido un teclado mecánico retroiluminado y otro artículo en el mismo pedido y solo me ha llegado uno. La caja venía bien cerrada, así que no parece cosa del transporte. Muchas gracias.",envio,0,0,0,1,5.6,envio
M0581,2024-04-05 10:45:00,correo,,"Buenos días, somos una empresa de logística internacional con más de veinte años de experiencia y nos gustaría ofrecerles nuestras tarifas para el próximo trimestre. A la espera de su respuesta.",spam,0,0,0,,0.5,spam
M0582,2024-04-05 13:07:00,correo,C0294,"Buenas, hice el pedido P-2024-65226 el 5 de abril y sigue apareciendo como «en preparación». ¿Me pueden decir cuándo sale? Lo necesito para el fin de semana. A la espera de su respuesta.",envio,0,0,0,5,5.9,envio
M0583,2024-04-05 16:36:00,correo,,"Hola, en la ficha de la barra de sonido de 2.1 canales pone una cosa en las características y otra distinta en la descripción. ¿Cuál de las dos es la buena? Gracias de antemano.",producto,0,0,0,,2.8,producto
M0584,2024-04-05 19:30:00,correo,C0136,"Estimados, hace tiempo que espero la devolución del importe del pedido P-2024-40409 y no tengo noticias. Saludos cordiales.",factura,0,0,1,43,6.7,factura
M0585,2024-04-05 19:48:00,correo,,"Estimados, última oportunidad: setenta por ciento de descuento en nuestro programa de facturación electrónica para pymes. Oferta válida solo esta semana. Gracias por la atención.",spam,0,0,0,,0.4,spam
M0586,2024-04-06 12:24:00,formulario,C0140,"Buenos días, he pedido un teclado mecánico retroiluminado y otro artículo en el mismo pedido y solo me ha llegado uno. La caja venía bien cerrada, así que no parece cosa del transporte. Muchas gracias.",envio,0,0,0,8,3.8,envio
M0587,2024-04-06 19:13:00,correo,C0165,"Hola, ¿es normal que un pedido tarde 20 días en salir del almacén? Lo hice el 19 de febrero y no tengo ni número de seguimiento. Muchas gracias.",envio,0,0,0,10,3.9,envio
M0588,2024-04-07 09:13:00,correo,C0120,"Hola, buenas, llevé el reloj inteligente con GPS al servicio técnico que me indicaron hace 20 días y todavía no sé nada. ¿Cómo consulto el estado de la reparación? Muchas gracias.",garantia,0,0,0,34,8.4,garantia
M0589,2024-04-08 09:00:00,correo,C0393,"Buenas, necesito que recojan el auricular inalámbrico con cancelación de ruido y me den una solución, porque así no me sirve para nada. Saludos cordiales.",garantia,0,1,0,227,32.4,garantia
M0590,2024-04-08 09:14:00,formulario,C0394,"Buenas tardes, el móvil Redmi Note ha dejado de funcionar y quiero devolverlo y recuperar mi dinero. Un saludo.",garantia,0,1,0,111,19.8,garantia
M0591,2024-04-08 11:16:00,correo,,"Hola, buenas, estoy mirando el tocadiscos con previo incorporado y no me queda claro si es compatible con el equipo que ya tengo en casa. ¿Me lo pueden confirmar antes de comprarlo? Gracias de antemano.",producto,0,0,0,,3.1,producto
M0592,2024-04-08 11:37:00,formulario,,"Buenos días, ¿necesita mejorar el posicionamiento de su tienda en línea? Le ofrecemos una auditoría gratuita y sin compromiso de su web. Quedo a la espera.",spam,0,0,0,,1.6,spam
M0593,2024-04-08 11:50:00,correo,,"Hola, dudo entre el teclado mecánico retroiluminado y otro modelo más caro. ¿Merece la pena la diferencia de 751,83 euros para un uso normal? A la espera de su respuesta.",producto,0,0,0,,7.4,producto
M0594,2024-04-08 12:34:00,chat,C0002,¿cuánto tarda en llegar?,envio,0,0,1,22,4.1,producto
M0595,2024-04-08 12:49:00,correo,C0281,"Buenos días, he recibido el pedido P-2024-83503 y el aparato no va. La caja tiene un golpe en un lateral. Quedo a la espera.",envio,0,0,1,10,8.1,envio
M0596,2024-04-08 16:07:00,correo,C0192,"Buenas tardes, no me quedo con el disco SSD de 1 TB: da problemas desde el primer día. A la espera de su respuesta.",devolucion,0,1,0,7,17.1,devolucion
M0597,2024-04-08 17:05:00,formulario,C0313,¿cómo devuelvo un pedido?,devolucion,0,0,0,5,8.9,devolucion
M0598,2024-04-08 20:12:00,formulario,C0134,"Hola, buenas, compré la funda de silicona reforzada y no va. ¿Me devuelven el importe o me la reparan? Gracias de antemano.",devolucion,0,1,0,5,9.7,devolucion
M0599,2024-04-09 09:08:00,formulario,,"Estimados, ¿el portátil Lenovo IdeaPad 3 incluye los cables o hay que comprarlos aparte? Lo pregunto porque en la foto se ven y en el listado no aparecen. Quedo a la espera.",producto,0,0,0,,8.9,producto
M0600,2024-04-09 11:06:00,chat,C0388,la factura sale sin mi NIF. Llegados a este punto prefiero devolver el pedido entero.,devolucion,1,0,0,10,11.7,devolucion
M0601,2024-04-09 12:31:00,formulario,C0004,"Hola, el router wifi de doble banda que compré hace 17 meses ha dejado de encender de un día para otro. No se ha caído ni se ha mojado. Gracias de antemano.",garantia,0,0,0,455,17.3,garantia
M0602,2024-04-10 11:36:00,formulario,C0399,"Buenas tardes, ¿me pueden mandar todas las facturas del año pasado? Las necesito para la declaración y en mi área de cliente solo salen las de los últimos tres meses. Gracias de antemano.",factura,0,0,0,43,4.5,factura
M0603,2024-04-10 12:37:00,correo,C0165,"Buenas tardes, me he equivocado al escribir la dirección de envío del pedido P-2024-39292, puse mal el número de portal. ¿Se puede corregir todavía o ya ha salido? A la espera de su respuesta.",envio,0,0,0,5,4.9,envio
M0604,2024-04-10 14:28:00,telefono,,"[Transcripción de llamada] Buenos días, disponemos de una base de datos de más de doscientos mil contactos del sector del comercio electrónico. Se la podemos ceder a un precio simbólico. Gracias de antemano.",spam,0,0,0,,0.8,spam
M0605,2024-04-10 15:23:00,correo,C0066,"Buenos días, he pagado con transferencia el pedido P-2024-41235 y me sigue saliendo como pendiente de pago. Adjunto el justificante del banco. Y lo peor es que no funciona, así que habrá que repararlo. Quedo a la espera.",garantia,1,0,0,548,14.7,garantia
M0606,2024-04-10 15:45:00,formulario,C0388,"Buenas tardes, el teclado mecánico retroiluminado me llegó con la carcasa rajada por un lado. La caja de fuera estaba intacta, así que venía así de fábrica. Un saludo.",garantia,0,0,0,596,13.5,garantia
M0607,2024-04-10 17:08:00,correo,C0361,"Estimados, llevé el altavoz bluetooth portátil al servicio técnico que me indicaron hace 18 días y todavía no sé nada. ¿Cómo consulto el estado de la reparación? A la espera de su respuesta.",garantia,0,0,0,253,18.4,garantia
M0608,2024-04-10 18:00:00,formulario,C0341,"Buenos días, el dinero del pedido P-2024-32413 no me ha entrado todavía. ¿Con quién tengo que hablar? Saludos cordiales.",factura,0,0,1,42,9.7,factura
M0609,2024-04-10 20:14:00,correo,C0232,"Hola, buenas, ¿me pueden mandar todas las facturas del año pasado? Las necesito para la declaración y en mi área de cliente solo salen las de los últimos tres meses. Quedo a la espera.",factura,0,0,0,97,11.7,factura
M0610,2024-04-11 08:54:00,telefono,C0257,"[Transcripción de llamada] Hola, me interesa el monitor de 27 pulgadas para un regalo. ¿lo mandan en caja neutra y sin el precio dentro? Y de paso, el seguimiento sigue sin actualizarse. A la espera de su respuesta.",envio,1,0,0,2,2.5,devolucion
M0611,2024-04-11 09:21:00,formulario,C0177,"la factura sale sin mi NIF. Y si no hay solución, quiero devolverlo y que me reembolsen.",devolucion,1,0,0,13,11.4,devolucion
M0612,2024-04-11 10:32:00,correo,C0077,"Buenas tardes, compré el reloj inteligente con GPS hace 11 meses y se ha vuelto a estropear de lo mismo que ya me repararon en marzo. A la espera de su respuesta.",garantia,0,0,0,71,10.6,garantia
M0613,2024-04-11 10:49:00,formulario,C0342,"Buenos días, en la ficha de la tablet de 10 pulgadas pone una cosa en las características y otra distinta en la descripción. ¿Cuál de las dos es la buena? Gracias por la atención.",producto,0,0,0,236,5.7,producto
M0614,2024-04-11 10:55:00,formulario,C0103,"Hola, inicié la devolución del pedido P-2024-53506 por la web, mandé el paquete y han pasado 13 días sin noticias del reembolso. Muchas gracias.",devolucion,0,0,0,3,9.2,devolucion
M0615,2024-04-11 11:58:00,chat,C0258,el portátil Lenovo IdeaPad 3 da problemas,devolucion,0,1,0,8,11.1,devolucion
M0616,2024-04-11 12:24:00,formulario,C0039,"Buenas tardes, inicié la devolución del pedido P-2024-23014 por la web, mandé el paquete y han pasado 16 días sin noticias del reembolso. Quedo a la espera.",devolucion,0,0,0,1,9.9,devolucion
M0617,2024-04-11 12:32:00,chat,C0115,quiero anular el P-2024-72449,devolucion,0,0,0,13,13.8,devolucion
M0618,2024-04-11 13:50:00,chat,C0201,"Buenos días, el móvil Redmi Note lleva 15 días de retraso y ya no me hace falta. No sé si esperar o no. Gracias por la atención.",devolucion,0,0,1,7,5.8,devolucion
M0619,2024-04-11 16:45:00,chat,C0197,¿cuánto plazo tengo para devolver? Y además ha empezado a fallar: se apaga solo desde el primer día.,garantia,1,0,0,341,18.2,garantia
M0620,2024-04-11 17:42:00,correo,C0074,"Estimados, el portátil Lenovo IdeaPad 3 ha dejado de funcionar y quiero devolverlo y recuperar mi dinero. Gracias por la atención.",garantia,0,1,0,271,13.4,devolucion
M0621,2024-04-11 18:45:00,chat,,¿tenéis el disco SSD de 1 TB?,producto,0,0,0,,2.6,producto
M0622,2024-04-12 09:07:00,correo,C0276,"Hola, buenas, he pedido un monitor de 27 pulgadas y otro artículo en el mismo pedido y solo me ha llegado uno. La caja venía bien cerrada, así que no parece cosa del transporte. Quedo a la espera.",envio,0,0,0,1,7.6,devolucion
M0623,2024-04-12 09:21:00,correo,C0274,"Buenas, no estoy conforme con la barra de sonido de 2.1 canales: ni funciona bien ni es lo que anunciaban. Quiero una solución. A la espera de su respuesta.",devolucion,0,1,0,4,15.0,devolucion
M0624,2024-04-12 09:33:00,formulario,,"Estimados, disponemos de una base de datos de más de doscientos mil contactos del sector del comercio electrónico. Se la podemos ceder a un precio simbólico. Gracias por la atención.",spam,0,0,0,,1.7,spam
M0625,2024-04-12 11:09:00,formulario,C0139,"Hola, buenas, en la factura del router wifi de doble banda no aparece el IVA desglosado y mi gestoría me la ha devuelto por eso. Muchas gracias.",factura,0,0,0,66,8.8,factura
M0626,2024-04-12 16:08:00,correo,C0324,"Hola, me he equivocado al escribir la dirección de envío del pedido P-2024-49142, puse mal el número de portal. ¿Se puede corregir todavía o ya ha salido? A la espera de su respuesta.",envio,0,0,0,10,10.3,envio
M0627,2024-04-13 16:40:00,formulario,C0214,"Buenos días, quiero saber cuándo me devuelven los 86,50 euros del pedido P-2024-22919. Llevo semanas esperando. Quedo a la espera.",devolucion,0,0,1,20,9.8,devolucion
M0628,2024-04-13 16:47:00,formulario,C0001,lleva 14 meses y ya falla,garantia,0,0,0,207,10.0,garantia
M0629,2024-04-14 11:13:00,formulario,,lleva 18 meses y ya falla,garantia,0,0,0,,8.7,garantia
M0630,2024-04-14 16:01:00,correo,C0249,"Hola, me he equivocado al escribir la dirección de envío del pedido P-2024-51281, puse mal el número de portal. ¿Se puede corregir todavía o ya ha salido? Un saludo.",envio,0,0,0,9,2.4,envio
M0631,2024-04-15 09:16:00,correo,C0306,"Buenas tardes, el pedido P-2024-75851 me ha llegado roto. La pantalla está rajada y no hay manera de encenderla. Saludos cordiales.",garantia,0,0,1,3,16.3,envio
M0632,2024-04-15 09:53:00,correo,,"Hola, buenas, ¿la impresora multifunción que tienen en la web es el modelo de este año o el del anterior? En la ficha no aparece la referencia completa. Saludos cordiales.",producto,0,0,0,,6.7,producto
M0633,2024-04-15 10:16:00,correo,C0016,"Buenos días, me he equivocado al escribir la dirección de envío del pedido P-2024-32616, puse mal el número de portal. ¿Se puede corregir todavía o ya ha salido? A la espera de su respuesta.",envio,0,0,0,5,4.6,envio
M0634,2024-04-15 10:34:00,telefono,,[Transcripción de llamada] propuesta de colaboración comercial,spam,0,0,0,,0.6,spam
M0635,2024-04-15 13:17:00,correo,,"Estimados, hemos detectado un acceso no autorizado a su cuenta de empresa. Verifique su identidad en las próximas veinticuatro horas o será suspendida. Gracias por la atención.",spam,0,0,0,,0.2,spam
M0636,2024-04-15 13:32:00,correo,C0361,"Hola, compré el auricular inalámbrico con cancelación de ruido hace 16 días y quiero cambiarlo por el modelo superior pagando la diferencia. ¿Se puede o tengo que devolverlo y volver a comprar? Saludos cordiales.",devolucion,0,0,0,9,6.2,devolucion
M0637,2024-04-15 13:53:00,correo,C0280,"Buenas tardes, quiero anular el pedido P-2024-83877, que lo hice esta mañana y todavía no ha salido. Si ya ha salido, díganme cómo la devuelvo. Gracias por la atención.",devolucion,0,0,0,13,8.7,devolucion
M0638,2024-04-15 15:06:00,correo,C0253,"Hola, ¿es normal que un pedido tarde 19 días en salir del almacén? Lo hice el 4 de noviembre y no tengo ni número de seguimiento. Gracias por la atención.",envio,0,0,0,2,3.0,envio
M0639,2024-04-15 17:02:00,correo,C0319,"Buenas tardes, me interesa el auricular inalámbrico con cancelación de ruido para un regalo. ¿lo mandan en caja neutra y sin el precio dentro? Saludos cordiales.",producto,0,0,0,341,8.5,producto
M0640,2024-04-15 17:40:00,correo,C0098,"Buenas, estoy mirando la funda de silicona reforzada y no me queda claro si es compatible con el equipo que ya tengo en casa. ¿Me lo pueden confirmar antes de comprarla? Un saludo.",producto,0,0,0,206,5.6,producto
M0641,2024-04-15 18:22:00,formulario,,"Buenas tardes, disponemos de una base de datos de más de doscientos mil contactos del sector del comercio electrónico. Se la podemos ceder a un precio simbólico. Un saludo.",spam,0,0,0,,0.4,spam
M0642,2024-04-16 08:16:00,correo,,"Buenos días, somos una empresa de logística internacional con más de veinte años de experiencia y nos gustaría ofrecerles nuestras tarifas para el próximo trimestre. Gracias por la atención.",spam,0,0,0,,0.6,spam
M0643,2024-04-16 10:52:00,correo,C0240,"Hola, quiero que se hagan cargo del móvil Redmi Note, que ha salido malo desde el principio. Muchas gracias.",garantia,0,1,0,330,8.0,garantia
M0644,2024-04-16 10:53:00,correo,C0066,¿cómo pido la reparación?,garantia,0,0,0,681,8.2,garantia
M0645,2024-04-16 11:02:00,correo,C0157,"Hola, necesito que el pedido P-2024-92678 lo dejen en el punto de recogida en vez de en casa, que por las mañanas no hay nadie. Un saludo.",envio,0,0,0,10,6.7,envio
M0646,2024-04-16 11:32:00,correo,C0146,"Buenos días, me interesa la tablet de 10 pulgadas para un regalo. ¿la mandan en caja neutra y sin el precio dentro? A la espera de su respuesta.",producto,0,0,0,108,8.4,producto
M0647,2024-04-16 14:33:00,correo,C0356,el altavoz bluetooth portátil me llegó roto,garantia,0,0,0,346,11.9,garantia
M0648,2024-04-16 15:23:00,formulario,C0114,¿el auricular inalámbrico con cancelación de ruido viene con cables?,producto,0,0,0,122,7.2,producto
M0649,2024-04-16 17:11:00,correo,C0114,"Buenas, me han cobrado dos veces los 866,40 euros del pedido P-2024-14619. En el banco aparecen los dos cargos con la misma fecha. Quedo a la espera.",factura,0,0,0,10,10.8,factura
M0650,2024-04-16 18:04:00,formulario,,"Buenos días, hemos detectado un acceso no autorizado a su cuenta de empresa. Verifique su identidad en las próximas veinticuatro horas o será suspendida. A la espera de su respuesta.",spam,0,0,0,,1.0,spam
M0651,2024-04-16 18:11:00,chat,C0051,sigue sin llegar,envio,0,0,0,3,4.8,envio
M0652,2024-04-17 08:01:00,correo,C0365,"Buenas tardes, llevé la barra de sonido de 2.1 canales al servicio técnico que me indicaron hace 3 días y todavía no sé nada. ¿Cómo consulto el estado de la reparación? Gracias de antemano.",garantia,0,0,0,679,11.5,garantia
M0653,2024-04-17 09:00:00,formulario,C0182,"Hola, compré el reloj inteligente con GPS y no va. ¿Me devuelven el importe o me lo reparan? Muchas gracias.",devolucion,0,1,0,2,9.2,devolucion
M0654,2024-04-17 09:36:00,chat,C0286,sigue sin llegar,envio,0,0,0,8,3.1,envio
M0655,2024-04-17 11:22:00,formulario,C0075,"Buenas tardes, me han cobrado dos veces los 274,59 euros del pedido P-2024-10162. En el banco aparecen los dos cargos con la misma fecha. Gracias por la atención.",factura,0,0,0,66,23.2,factura
M0656,2024-04-17 12:41:00,formulario,C0032,¿me mandáis la factura?,factura,0,0,0,84,12.2,factura
M0657,2024-04-17 12:59:00,telefono,C0165,"[Transcripción de llamada] Hola, en la ficha del portátil Lenovo IdeaPad 3 pone una cosa en las características y otra distinta en la descripción. ¿Cuál de las dos es la buena? A la espera de su respuesta.",producto,0,0,0,395,6.1,producto
M0658,2024-04-17 16:28:00,formulario,C0384,"Estimados, llevo 3 días esperando el pedido P-2024-11289. Si no llega esta semana, no lo quiero. Un saludo.",envio,0,0,1,7,7.3,devolucion
M0659,2024-04-17 18:44:00,correo,C0048,"Estimados, me han cobrado dos veces los 689,60 euros del pedido P-2024-37551. En el banco aparecen los dos cargos con la misma fecha. Un saludo.",factura,0,0,0,54,10.1,factura
M0660,2024-04-18 10:04:00,telefono,C0032,"[Transcripción de llamada] Buenos días, el portátil Lenovo IdeaPad 3 no me sirve para lo que lo quería. lo tengo sin abrir, con el precinto puesto y con la factura dentro de la caja. Gracias de antemano.",devolucion,0,0,0,3,10.1,devolucion
M0661,2024-04-18 10:39:00,formulario,C0165,"Estimados, ¿me pueden decir en qué estado está mi reembolso del pedido P-2024-39699? Nadie me contesta. A la espera de su respuesta.",factura,0,0,1,36,7.9,devolucion
M0662,2024-04-18 10:54:00,chat,C0195,"Buenas, el pedido P-2024-85083 me ha llegado bien pero me he arrepentido de la compra. ¿Cómo inicio la devolución y quién paga el transporte de vuelta? Saludos cordiales.",devolucion,0,0,0,9,6.7,devolucion
M0663,2024-04-18 11:34:00,formulario,C0222,"Buenos días, necesito que recojan el altavoz bluetooth portátil y me den una solución, porque así no me sirve para nada. Saludos cordiales.",garantia,0,1,0,33,32.5,garantia
M0664,2024-04-18 11:53:00,correo,C0179,"Estimados, el tocadiscos con previo incorporado del pedido P-2024-38488 hace un ruido raro desde la semana pasada y ahora se apaga solo cada poco rato. Quedo a la espera.",garantia,0,0,0,641,10.3,garantia
M0665,2024-04-18 16:02:00,correo,C0267,"Hola, buenas, me he equivocado al escribir la dirección de envío del pedido P-2024-19307, puse mal el número de portal. ¿Se puede corregir todavía o ya ha salido? Un saludo.",envio,0,0,0,2,4.2,envio
M0666,2024-04-18 19:33:00,formulario,C0333,"Buenos días, dudo entre la funda de silicona reforzada y otro modelo más caro. ¿Merece la pena la diferencia de 477,83 euros para un uso normal? A la espera de su respuesta.",producto,0,0,0,125,17.0,producto
M0667,2024-04-19 10:05:00,correo,C0223,"Hola, buenas, necesito la factura del pedido P-2024-18458 con los datos fiscales de mi empresa, que la que me han mandado va a mi nombre particular. Saludos cordiales.",factura,0,0,0,77,10.9,factura
M0668,2024-04-19 12:22:00,telefono,C0319,[Transcripción de llamada] ¿cómo devuelvo un pedido?,devolucion,0,0,0,4,6.9,devolucion
M0669,2024-04-19 13:58:00,telefono,C0136,"[Transcripción de llamada] Estimados, quiero anular el pedido P-2024-66652, que lo hice esta mañana y todavía no ha salido. Si ya ha salido, díganme cómo lo devuelvo. A la espera de su respuesta.",devolucion,0,0,0,4,20.5,devolucion
M0670,2024-04-19 17:41:00,formulario,C0283,"Hola, buenas, he pagado con transferencia el pedido P-2024-63839 y me sigue saliendo como pendiente de pago. Adjunto el justificante del banco. Aparte de eso, el aparato vino defectuoso y no hay manera de encenderlo. Muchas gracias.",garantia,1,0,0,628,21.9,factura
M0671,2024-04-19 19:22:00,formulario,,"Hola, buenas, ¿necesita mejorar el posicionamiento de su tienda en línea? Le ofrecemos una auditoría gratuita y sin compromiso de su web. Saludos cordiales.",spam,0,0,0,,5.3,spam
M0672,2024-04-20 09:50:00,correo,C0237,"Estimados, he pedido un móvil Redmi Note y otro artículo en el mismo pedido y solo me ha llegado uno. La caja venía bien cerrada, así que no parece cosa del transporte. Llegados a este punto prefiero devolver el pedido entero. Quedo a la espera.",devolucion,1,0,0,7,13.6,envio
M0673,2024-04-21 10:02:00,telefono,C0327,"[Transcripción de llamada] Buenos días, no me quedo con el auricular inalámbrico con cancelación de ruido: da problemas desde el primer día. Quedo a la espera.",garantia,0,1,0,324,11.2,garantia
M0674,2024-04-21 18:04:00,correo,C0103,"Buenas tardes, dudo entre el reloj inteligente con GPS y otro modelo más caro. ¿Merece la pena la diferencia de 291,79 euros para un uso normal? Añado que la entrega lleva ya 8 días de retraso. Quedo a la espera.",envio,1,0,0,0,6.7,envio
M0675,2024-04-22 09:26:00,correo,C0106,"Hola, buenas, no me quedo con el disco SSD de 1 TB: da problemas desde el primer día. A la espera de su respuesta.",devolucion,0,1,0,11,9.9,devolucion
M0676,2024-04-22 10:16:00,correo,,"Hola, buenas, ofrecemos servicio de atención al cliente externalizado con agentes en horario ampliado. ¿Le interesa que le mandemos una propuesta sin compromiso? A la espera de su respuesta.",spam,0,0,0,,2.6,spam
M0677,2024-04-22 10:55:00,chat,C0052,"Buenos días, el reembolso del pedido P-2024-51873 lo aceptaron hace 2 días y en la cuenta no ha entrado nada todavía. A la espera de su respuesta.",factura,0,0,0,93,6.8,factura
M0678,2024-04-22 12:24:00,telefono,C0338,"[Transcripción de llamada] Estimados, estoy mirando la tablet de 10 pulgadas y no me queda claro si es compatible con el equipo que ya tengo en casa. ¿Me lo pueden confirmar antes de comprarla? Por cierto, ¿cuándo tienen previsto que llegue? Gracias por la atención.",envio,1,0,0,0,20.6,envio
M0679,2024-04-22 13:11:00,chat,C0204,"Buenos días, la impresora multifunción me llegó con la carcasa rajada por un lado. La caja de fuera estaba intacta, así que venía así de fábrica. Un saludo.",garantia,0,0,0,575,9.2,garantia
M0680,2024-04-22 16:41:00,chat,C0276,quiero anular el P-2024-42507,devolucion,0,0,0,4,11.3,devolucion
M0681,2024-04-22 16:51:00,chat,C0249,"Hola, buenas, me han cobrado dos veces los 199,03 euros del pedido P-2024-24527. En el banco aparecen los dos cargos con la misma fecha. En cualquier caso, quiero iniciar la devolución. Gracias de antemano.",devolucion,1,0,0,10,12.8,devolucion
M0682,2024-04-22 17:12:00,chat,C0334,"Hola, el reembolso del pedido P-2024-25302 lo aceptaron hace 7 días y en la cuenta no ha entrado nada todavía. Saludos cordiales.",factura,0,0,0,94,4.4,factura
M0683,2024-04-22 18:37:00,chat,C0332,"Hola, buenas, sigo sin ver el dinero de la impresora multifunción en mi cuenta. ¿Cómo va eso? A la espera de su respuesta.",factura,0,0,1,40,8.0,factura
M0684,2024-04-22 19:30:00,correo,C0385,"Hola, buenas, en la factura del portátil Lenovo IdeaPad 3 no aparece el IVA desglosado y mi gestoría me la ha devuelto por eso. Quedo a la espera.",factura,0,0,0,107,9.3,factura
M0685,2024-04-23 10:45:00,correo,C0239,"Buenas tardes, quería comprar el micrófono USB de sobremesa pero aparece sin existencias. ¿Van a reponerlo o lo han descatalogado? Añado que la entrega lleva ya 15 días de retraso. Gracias por la atención.",envio,1,0,0,8,10.5,envio
M0686,2024-04-23 11:03:00,telefono,C0069,"[Transcripción de llamada] Buenas tardes, llevé el router wifi de doble banda al servicio técnico que me indicaron hace 9 días y todavía no sé nada. ¿Cómo consulto el estado de la reparación? Saludos cordiales.",garantia,0,0,0,380,11.7,garantia
M0687,2024-04-23 11:45:00,correo,C0006,"Buenos días, me han llegado dos unidades del router wifi de doble banda y yo solo pedí una. Quiero devolver la que sobra y que me reembolsen los 486,61 euros. A la espera de su respuesta.",devolucion,0,0,0,11,13.7,devolucion
M0688,2024-04-23 12:42:00,chat,C0195,¿cuánto tarda en llegar si lo pido hoy?,producto,0,0,0,116,6.9,producto
M0689,2024-04-23 12:48:00,correo,C0215,"Buenas, el pedido P-2024-90486 me ha llegado bien pero me he arrepentido de la compra. ¿Cómo inicio la devolución y quién paga el transporte de vuelta? Quedo a la espera.",devolucion,0,0,0,3,20.5,devolucion
M0690,2024-04-23 16:05:00,telefono,C0043,"[Transcripción de llamada] Buenas, la batería del tocadiscos con previo incorporado ya no aguanta ni dos horas. lo compré hace 6 meses y lo uso siempre con el cargador que venía en la caja. Saludos cordiales.",garantia,0,0,0,671,4.2,garantia
M0691,2024-04-23 17:23:00,correo,C0200,no me ha llegado nada todavía,envio,0,0,0,4,3.1,envio
M0692,2024-04-23 18:19:00,formulario,C0376,¿lo tenéis en color negro? Y además el importe cobrado no coincide con el del pedido.,factura,1,0,0,15,4.1,factura
M0693,2024-04-23 20:44:00,correo,,"Buenas, el reembolso del pedido P-2024-24503 lo aceptaron hace 19 días y en la cuenta no ha entrado nada todavía. Un saludo.",factura,0,0,0,,6.3,factura
M0694,2024-04-24 09:06:00,correo,C0365,"Estimados, me han llegado dos unidades de la barra de sonido de 2.1 canales y yo solo pedí una. Quiero devolver la que sobra y que me reembolsen los 515,74 euros. Gracias por la atención.",devolucion,0,0,0,9,7.4,devolucion
M0695,2024-04-24 14:01:00,correo,C0308,"Buenas tardes, me he equivocado al escribir la dirección de envío del pedido P-2024-12165, puse mal el número de portal. ¿Se puede corregir todavía o ya ha salido? Saludos cordiales.",envio,0,0,0,4,4.0,envio
M0696,2024-04-24 14:04:00,telefono,C0240,"[Transcripción de llamada] Buenas tardes, el reembolso del pedido P-2024-89439 lo aceptaron hace 6 días y en la cuenta no ha entrado nada todavía. Saludos cordiales.",factura,0,0,0,41,8.5,factura
M0697,2024-04-24 16:25:00,formulario,C0316,el portátil Lenovo IdeaPad 3 está defectuoso,garantia,0,1,0,22,7.4,garantia
M0698,2024-04-24 17:56:00,correo,C0198,"Buenas tardes, el dinero del pedido P-2024-79396 no me ha entrado todavía. ¿Con quién tengo que hablar? Un saludo.",devolucion,0,0,1,41,11.1,factura
M0699,2024-04-25 10:15:00,formulario,C0334,"Hola, he pedido un portátil Lenovo IdeaPad 3 y otro artículo en el mismo pedido y solo me ha llegado uno. La caja venía bien cerrada, así que no parece cosa del transporte. Gracias por la atención.",envio,0,0,0,5,5.5,envio
M0700,2024-04-25 11:06:00,telefono,C0032,"[Transcripción de llamada] Buenas, el pedido P-2024-68644 me ha llegado bien pero me he arrepentido de la compra. ¿Cómo inicio la devolución y quién paga el transporte de vuelta? Quedo a la espera.",devolucion,0,0,0,1,8.3,factura
M0701,2024-04-25 18:20:00,chat,C0259,"¿cuánto tarda en llegar si lo pido hoy? Por cierto, ¿cuándo tienen previsto que llegue?",envio,1,0,0,4,2.3,producto
M0702,2024-04-26 11:04:00,correo,,"Hola, ofrecemos servicio de atención al cliente externalizado con agentes en horario ampliado. ¿Le interesa que le mandemos una propuesta sin compromiso? Muchas gracias.",spam,0,0,0,,0.4,spam
M0703,2024-04-26 14:54:00,correo,C0165,el monitor de 27 pulgadas vino dañado,envio,0,0,1,8,2.7,envio
M0704,2024-04-26 16:34:00,telefono,C0394,"[Transcripción de llamada] Estimados, me he equivocado al escribir la dirección de envío del pedido P-2024-22308, puse mal el número de portal. ¿Se puede corregir todavía o ya ha salido? Gracias por la atención.",envio,0,0,0,1,4.8,envio
M0705,2024-04-26 17:04:00,correo,C0231,"Estimados, el altavoz bluetooth portátil no me sirve para lo que lo quería. lo tengo sin abrir, con el precinto puesto y con la factura dentro de la caja. Gracias por la atención.",devolucion,0,0,0,2,9.3,envio
M0706,2024-04-26 17:38:00,correo,C0072,"Buenos días, ¿la funda de silicona reforzada incluye los cables o hay que comprarlos aparte? Lo pregunto porque en la foto se ven y en el listado no aparecen. Un saludo.",producto,0,0,0,124,11.2,producto
M0707,2024-04-26 18:48:00,correo,,"Estimados, su paquete no ha podido ser entregado por un importe pendiente de 1,79 euros. Confirme sus datos en el enlace para reprogramar la entrega. Gracias de antemano.",spam,0,0,0,,1.7,spam
M0708,2024-04-26 19:58:00,correo,C0231,"Hola, hace tiempo que espero la devolución del importe del pedido P-2024-84433 y no tengo noticias. A la espera de su respuesta.",factura,0,0,1,43,8.3,factura
M0709,2024-04-27 11:50:00,telefono,C0097,"[Transcripción de llamada] Hola, buenas, compré el portátil Lenovo IdeaPad 3 hace 13 días y quiero cambiarlo por el modelo superior pagando la diferencia. ¿Se puede o tengo que devolverlo y volver a comprar? Quedo a la espera.",devolucion,0,0,0,5,10.6,devolucion
M0710,2024-04-27 12:20:00,correo,C0348,"Estimados, el pedido P-2024-54191 figura como entregado desde ayer y aquí no ha llegado nada. He preguntado a los vecinos y tampoco saben nada. También necesito la factura, que no me ha llegado. Un saludo.",factura,1,0,0,61,13.1,factura
M0711,2024-04-27 13:02:00,telefono,,"[Transcripción de llamada] Buenos días, disponemos de una base de datos de más de doscientos mil contactos del sector del comercio electrónico. Se la podemos ceder a un precio simbólico. Un saludo.",spam,0,0,0,,0.5,spam
M0712,2024-04-27 13:32:00,formulario,C0009,"no me sirve, lo quiero devolver",devolucion,0,0,0,10,5.5,devolucion
M0713,2024-04-27 16:27:00,formulario,C0364,lleva 11 meses y ya falla,garantia,0,0,0,673,10.4,garantia
M0714,2024-04-28 08:11:00,correo,C0384,"Buenas, el repartidor dice que ha intentado entregar el disco SSD de 1 TB dos veces y yo he estado en casa las dos veces. Nadie ha llamado al timbre. Saludos cordiales.",envio,0,0,0,6,3.7,envio
M0715,2024-04-28 18:29:00,correo,C0248,"Hola, buenas, me ha llegado el reloj inteligente con GPS con la carcasa partida. ¿Qué hago con él? Muchas gracias.",garantia,0,0,1,9,9.5,envio
M0716,2024-04-29 08:02:00,correo,C0294,¿hacéis descuento por volumen?,producto,0,0,0,341,15.6,producto
M0717,2024-04-29 10:15:00,correo,C0231,"Estimados, necesito que recojan la impresora multifunción y me den una solución, porque así no me sirve para nada. Un saludo.",garantia,0,1,0,315,6.4,garantia
M0718,2024-04-29 10:16:00,formulario,,aumente sus ventas un 300 %,spam,0,0,0,,1.3,spam
M0719,2024-04-29 12:16:00,correo,C0144,"Hola, buenas, ¿es normal que un pedido tarde 15 días en salir del almacén? Lo hice el 12 de abril y no tengo ni número de seguimiento. Gracias por la atención.",envio,0,0,0,3,6.5,envio
M0720,2024-04-29 12:32:00,telefono,C0376,"[Transcripción de llamada] Buenas, me han llegado dos unidades del reloj inteligente con GPS y yo solo pedí una. Quiero devolver la que sobra y que me reembolsen los 639,21 euros. Un saludo.",devolucion,0,0,0,9,13.3,devolucion
M0721,2024-04-29 12:57:00,correo,C0296,"Estimados, ¿cuánto tardaría en llegarme el tocadiscos con previo incorporado si lo pido hoy? Lo necesito para el viernes. Muchas gracias.",producto,0,0,1,24,11.8,producto
M0722,2024-04-29 16:24:00,chat,C0249,"Buenas tardes, el pedido P-2024-84380 me ha llegado roto. La pantalla está rajada y no hay manera de encenderlo. Muchas gracias.",garantia,0,0,1,4,9.3,garantia
M0723,2024-04-29 17:52:00,chat,C0216,lleva 17 días en reparto,envio,0,0,0,9,5.0,envio
M0724,2024-04-29 18:02:00,formulario,C0380,"Buenas tardes, he pedido un auricular inalámbrico con cancelación de ruido y otro artículo en el mismo pedido y solo me ha llegado uno. La caja venía bien cerrada, así que no parece cosa del transporte. Saludos cordiales.",envio,0,0,0,9,2.1,envio
M0725,2024-04-29 20:05:00,correo,C0006,"Hola, quiero anular el pedido P-2024-85739, que lo hice esta mañana y todavía no ha salido. Si ya ha salido, díganme cómo lo devuelvo. Quedo a la espera.",devolucion,0,0,0,4,7.1,devolucion
M0726,2024-04-30 08:18:00,correo,C0192,"Estimados, ¿es normal que un pedido tarde 3 días en salir del almacén? Lo hice el 6 de enero y no tengo ni número de seguimiento. A la espera de su respuesta.",envio,0,0,0,7,10.4,envio
M0727,2024-04-30 08:29:00,correo,C0359,"Buenas, dudo entre el disco SSD de 1 TB y otro modelo más caro. ¿Merece la pena la diferencia de 631,30 euros para un uso normal? Un saludo.",producto,0,0,0,270,9.9,producto
M0728,2024-04-30 09:30:00,correo,,"Hola, buenas, su paquete no ha podido ser entregado por un importe pendiente de 1,79 euros. Confirme sus datos en el enlace para reprogramar la entrega. Quedo a la espera.",spam,0,0,0,,0.7,spam
M0729,2024-04-30 10:02:00,correo,C0385,"Buenos días, el repartidor dice que ha intentado entregar el router wifi de doble banda dos veces y yo he estado en casa las dos veces. Nadie ha llamado al timbre. Gracias por la atención.",envio,0,0,0,4,4.4,envio
M0730,2024-04-30 10:24:00,correo,C0186,"Hola, buenas, en la factura del monitor de 27 pulgadas no aparece el IVA desglosado y mi gestoría me la ha devuelto por eso. Un saludo.",factura,0,0,0,89,11.4,factura
M0731,2024-04-30 11:40:00,telefono,C0231,"[Transcripción de llamada] Hola, el móvil Redmi Note no funciona como debería. ¿Qué tengo que hacer para que me den una solución? A la espera de su respuesta.",devolucion,0,1,0,11,8.5,devolucion
M0732,2024-04-30 12:05:00,correo,,propuesta de colaboración comercial,spam,0,0,0,,0.4,spam
M0733,2024-04-30 12:27:00,correo,C0312,"Hola, el dinero del pedido P-2024-22534 no me ha entrado todavía. ¿Con quién tengo que hablar? Gracias de antemano.",factura,0,0,1,8,9.4,factura
M0734,2024-04-30 14:20:00,formulario,C0167,"Buenas tardes, quiero devolver el auricular inalámbrico con cancelación de ruido que compré el 10 de marzo. No es lo que esperaba y no le voy a dar uso. Aún estoy dentro de plazo, ¿verdad? Muchas gracias.",devolucion,0,0,0,1,7.5,devolucion
M0735,2024-04-30 14:45:00,correo,C0332,"Estimados, inicié la devolución del pedido P-2024-68809 por la web, mandé el paquete y han pasado 20 días sin noticias del reembolso. Un saludo.",devolucion,0,0,0,7,20.7,envio
M0736,2024-04-30 17:10:00,formulario,,"Buenas, disponemos de una base de datos de más de doscientos mil contactos del sector del comercio electrónico. Se la podemos ceder a un precio simbólico. Un saludo.",spam,0,0,0,,1.3,spam
M0737,2024-04-30 18:00:00,correo,C0234,"Hola, buenas, necesito que el pedido P-2024-14664 lo dejen en el punto de recogida en vez de en casa, que por las mañanas no hay nadie. Saludos cordiales.",envio,0,0,0,7,2.7,envio
M0738,2024-04-30 18:10:00,correo,C0103,"Buenos días, el tocadiscos con previo incorporado lleva 16 días de retraso y ya no me hace falta. No sé si esperar o no. Gracias de antemano.",envio,0,0,1,16,7.7,envio
M0739,2024-04-30 19:41:00,telefono,,"[Transcripción de llamada] Buenas, dudo entre el altavoz bluetooth portátil y otro modelo más caro. ¿Merece la pena la diferencia de 506,77 euros para un uso normal? Saludos cordiales.",producto,0,0,0,,18.7,producto
M0740,2024-04-30 20:04:00,correo,C0199,"Hola, necesito que recojan el auricular inalámbrico con cancelación de ruido y me den una solución, porque así no me sirve para nada. Quedo a la espera.",garantia,0,1,0,210,17.4,garantia
M0741,2024-05-01 08:57:00,formulario,C0289,"Estimados, me he equivocado al escribir la dirección de envío del pedido P-2024-47471, puse mal el número de portal. ¿Se puede corregir todavía o ya ha salido? Un saludo.",envio,0,0,0,7,8.4,envio
M0742,2024-05-01 10:05:00,correo,C0022,"Hola, buenas, el micrófono USB de sobremesa que compré hace 4 meses ha dejado de encender de un día para otro. No se ha caído ni se ha mojado. Quedo a la espera.",garantia,0,0,0,133,15.2,garantia
M0743,2024-05-01 10:11:00,chat,C0257,"Hola, buenas, he pedido una impresora multifunción y otro artículo en el mismo pedido y solo me ha llegado uno. La caja venía bien cerrada, así que no parece cosa del transporte. Aprovecho para pedirles la factura con el NIF de la empresa. Gracias de antemano.",factura,1,0,0,24,10.1,factura
M0744,2024-05-01 10:55:00,formulario,C0056,"Buenos días, me he equivocado al escribir la dirección de envío del pedido P-2024-50973, puse mal el número de portal. ¿Se puede corregir todavía o ya ha salido? Y lo peor es que no funciona, así que habrá que repararlo. Saludos cordiales.",garantia,1,0,0,135,12.3,garantia
M0745,2024-05-01 11:48:00,formulario,C0314,"Hola, quiero tramitar la devolución del micrófono USB de sobremesa, que está defectuoso. Un saludo.",garantia,0,1,0,189,11.3,garantia
M0746,2024-05-01 13:19:00,chat,C0167,"Hola, buenas, en la factura de la tablet de 10 pulgadas no aparece el IVA desglosado y mi gestoría me la ha devuelto por eso. Muchas gracias.",factura,0,0,0,94,9.5,factura
M0747,2024-05-02 08:18:00,correo,,propuesta de colaboración comercial,spam,0,0,0,,0.6,spam
M0748,2024-05-02 09:10:00,correo,C0113,"Estimados, quiero devolver el router wifi de doble banda que compré el 9 de febrero. No es lo que esperaba y no le voy a dar uso. Aún estoy dentro de plazo, ¿verdad? Quedo a la espera.",devolucion,0,0,0,7,6.2,devolucion
M0749,2024-05-02 11:08:00,chat,C0395,"Hola, he pagado con transferencia el pedido P-2024-40899 y me sigue saliendo como pendiente de pago. Adjunto el justificante del banco. Quedo a la espera.",factura,0,0,0,112,5.6,factura
M0750,2024-05-02 11:51:00,chat,C0370,"Hola, necesito que recojan el disco SSD de 1 TB y me den una solución, porque así no me sirve para nada. A la espera de su respuesta.",devolucion,0,1,0,10,15.8,devolucion
M0751,2024-05-02 16:07:00,correo,,"Hola, hemos detectado un acceso no autorizado a su cuenta de empresa. Verifique su identidad en las próximas veinticuatro horas o será suspendida. Saludos cordiales.",spam,0,0,0,,2.0,spam
M0752,2024-05-02 17:54:00,formulario,C0045,"Hola, buenas, el portátil Lenovo IdeaPad 3 ha llegado esta mañana y viene dañado. No sé si ha sido el transporte o venía así. A la espera de su respuesta.",garantia,0,0,1,1,22.0,garantia
M0753,2024-05-02 19:16:00,correo,C0316,"Buenas, ¿el disco SSD de 1 TB incluye los cables o hay que comprarlos aparte? Lo pregunto porque en la foto se ven y en el listado no aparecen. Un saludo.",producto,0,0,0,157,5.5,producto
M0754,2024-05-03 10:00:00,chat,C0280,¿lo tenéis en color negro?,producto,0,0,0,151,2.2,producto
M0755,2024-05-03 11:26:00,formulario,C0314,"Buenas, necesito que el pedido P-2024-92595 lo dejen en el punto de recogida en vez de en casa, que por las mañanas no hay nadie. Muchas gracias.",envio,0,0,0,2,2.5,envio
M0756,2024-05-03 12:51:00,formulario,C0241,¿cómo devuelvo un pedido?,devolucion,0,0,0,11,6.4,devolucion
M0757,2024-05-03 14:21:00,formulario,C0034,¿me pueden dar el número de seguimiento?,envio,0,0,0,2,4.8,envio
M0758,2024-05-03 16:01:00,formulario,C0307,"Estimados, he pedido una tablet de 10 pulgadas y otro artículo en el mismo pedido y solo me ha llegado uno. La caja venía bien cerrada, así que no parece cosa del transporte. A la espera de su respuesta.",envio,0,0,0,10,2.5,envio
M0759,2024-05-03 17:17:00,chat,C0124,"¿cuándo me devolvéis los 378,62 euros?",factura,0,0,0,104,8.0,devolucion
M0760,2024-05-03 17:34:00,chat,C0312,"Hola, buenas, ¿en cuántos días se entrega el cargador rápido de 65 W? Es para un regalo y voy justo de tiempo. Gracias por la atención.",envio,0,0,1,18,4.6,envio
M0761,2024-05-03 18:13:00,correo,C0333,no me ha llegado nada todavía,envio,0,0,0,4,7.3,envio
M0762,2024-05-03 18:23:00,correo,C0376,"Estimados, el pedido P-2024-64932 figura como entregado desde ayer y aquí no ha llegado nada. He preguntado a los vecinos y tampoco saben nada. Quedo a la espera.",envio,0,0,0,7,3.4,envio
M0763,2024-05-03 20:50:00,formulario,C0064,"Estimados, compré el monitor de 27 pulgadas hace 14 días y quiero cambiarlo por el modelo superior pagando la diferencia. ¿Se puede o tengo que devolverlo y volver a comprar? Quedo a la espera.",devolucion,0,0,0,13,3.7,devolucion
M0764,2024-05-04 13:25:00,formulario,C0350,no me ha llegado nada todavía,envio,0,0,0,3,4.5,envio
M0765,2024-05-05 18:10:00,correo,C0246,"Estimados, la impresora multifunción que compré hace 8 meses ha dejado de encender de un día para otro. No se ha caído ni se ha mojado. Gracias por la atención.",garantia,0,0,0,400,5.2,garantia
M0766,2024-05-06 09:08:00,correo,,"Hola, hemos detectado un acceso no autorizado a su cuenta de empresa. Verifique su identidad en las próximas veinticuatro horas o será suspendida. A la espera de su respuesta.",spam,0,0,0,,0.5,spam
M0767,2024-05-06 09:20:00,correo,,propuesta de colaboración comercial,spam,0,0,0,,1.3,spam
M0768,2024-05-06 09:25:00,correo,,"Hola, buenas, ofrecemos servicio de atención al cliente externalizado con agentes en horario ampliado. ¿Le interesa que le mandemos una propuesta sin compromiso? Un saludo.",spam,0,0,0,,3.1,spam
M0769,2024-05-06 09:46:00,formulario,C0071,¿la devolución la pagáis vosotros?,devolucion,0,0,0,3,10.5,devolucion
M0770,2024-05-06 10:56:00,telefono,C0385,"[Transcripción de llamada] Estimados, me ha llegado el monitor de 27 pulgadas con la carcasa partida. ¿Qué hago con él? Muchas gracias.",envio,0,0,1,0,6.0,garantia
M0771,2024-05-06 10:57:00,correo,C0385,"Buenos días, la batería del router wifi de doble banda ya no aguanta ni dos horas. lo compré hace 8 meses y lo uso siempre con el cargador que venía en la caja. Gracias de antemano.",garantia,0,0,0,678,27.8,garantia
M0772,2024-05-06 11:31:00,correo,C0296,"Hola, el monitor de 27 pulgadas del pedido P-2024-58911 hace un ruido raro desde la semana pasada y ahora se apaga solo cada poco rato. Gracias por la atención.",garantia,0,0,0,648,7.9,garantia
M0773,2024-05-06 11:38:00,formulario,C0270,"Buenas tardes, me he equivocado al escribir la dirección de envío del pedido P-2024-95416, puse mal el número de portal. ¿Se puede corregir todavía o ya ha salido? Y lo peor es que no funciona, así que habrá que repararlo. Gracias de antemano.",garantia,1,0,0,168,28.5,garantia
M0774,2024-05-06 11:39:00,correo,C0001,"Buenos días, la tablet de 10 pulgadas del pedido P-2024-37710 hace un ruido raro desde la semana pasada y ahora se apaga solo cada poco rato. Gracias de antemano.",garantia,0,0,0,109,30.7,garantia
M0775,2024-05-06 13:01:00,correo,C0179,"Hola, buenas, necesito que el pedido P-2024-49477 lo dejen en el punto de recogida en vez de en casa, que por las mañanas no hay nadie. Y si no hay solución, quiero devolverlo y que me reembolsen. Saludos cordiales.",devolucion,1,0,0,5,9.8,devolucion
M0776,2024-05-06 13:15:00,chat,C0269,"no funciona, ¿qué hago?",devolucion,0,1,0,8,6.6,devolucion
M0777,2024-05-06 14:00:00,formulario,C0142,"Buenas, compré el móvil Redmi Note hace 15 días y quiero cambiarlo por el modelo superior pagando la diferencia. ¿Se puede o tengo que devolverlo y volver a comprar? Saludos cordiales.",devolucion,0,0,0,10,14.4,devolucion
M0778,2024-05-06 15:36:00,chat,C0211,"el teclado mecánico retroiluminado no va, lo quiero devolver",garantia,0,1,0,342,6.2,garantia
M0779,2024-05-06 17:57:00,correo,C0393,¿hacéis descuento por volumen?,producto,0,0,0,53,6.5,producto
M0780,2024-05-07 10:07:00,telefono,C0283,"[Transcripción de llamada] Hola, ¿en cuántos días se entrega el portátil Lenovo IdeaPad 3? Es para un regalo y voy justo de tiempo. Quedo a la espera.",producto,0,0,1,20,12.6,envio
M0781,2024-05-07 10:57:00,correo,C0400,"Buenas, quiero que se hagan cargo del router wifi de doble banda, que ha salido malo desde el principio. Un saludo.",devolucion,0,1,0,9,8.6,devolucion
M0782,2024-05-07 11:00:00,correo,,"Hola, buenas, somos una empresa de logística internacional con más de veinte años de experiencia y nos gustaría ofrecerles nuestras tarifas para el próximo trimestre. Gracias de antemano.",spam,0,0,0,,0.5,spam
M0783,2024-05-07 12:39:00,chat,C0251,no llega y ya no lo quiero,devolucion,0,0,1,14,11.8,envio
M0784,2024-05-07 12:50:00,correo,C0385,"Buenas, el dinero del pedido P-2024-69289 no me ha entrado todavía. ¿Con quién tengo que hablar? Saludos cordiales.",devolucion,0,0,1,28,4.6,devolucion
M0785,2024-05-07 16:33:00,formulario,C0312,¿tenéis la barra de sonido de 2.1 canales?,producto,0,0,0,362,7.4,producto
M0786,2024-05-07 18:38:00,correo,C0140,"Hola, buenas, no estoy conforme con el portátil Lenovo IdeaPad 3: ni funciona bien ni es lo que anunciaban. Quiero una solución. Gracias de antemano.",devolucion,0,1,0,12,17.2,devolucion
M0787,2024-05-08 10:57:00,telefono,,"[Transcripción de llamada] Hola, buenas, estoy mirando el tocadiscos con previo incorporado y no me queda claro si es compatible con el equipo que ya tengo en casa. ¿Me lo pueden confirmar antes de comprarlo? A la espera de su respuesta.",producto,0,0,0,,7.9,factura
M0788,2024-05-08 11:45:00,chat,C0124,"Hola, buenas, el pedido P-2024-52883 no ha llegado y a estas alturas ya no me interesa. Hagan lo que tengan que hacer. A la espera de su respuesta.",envio,0,0,1,3,4.0,envio
M0789,2024-05-08 13:12:00,chat,C0165,¿cuándo llega el P-2024-17027?,envio,0,0,0,1,2.9,envio
M0790,2024-05-08 16:09:00,telefono,C0330,"[Transcripción de llamada] Buenos días, el altavoz bluetooth portátil del pedido P-2024-52172 hace un ruido raro desde la semana pasada y ahora se apaga solo cada poco rato. Quedo a la espera.",garantia,0,0,0,204,7.7,garantia
M0791,2024-05-08 16:34:00,correo,C0232,"Buenos días, quiero anular el pedido P-2024-40369, que lo hice esta mañana y todavía no ha salido. Si ya ha salido, díganme cómo la devuelvo. Muchas gracias.",devolucion,0,0,0,3,6.3,devolucion
M0792,2024-05-08 17:19:00,correo,C0050,"Buenos días, inicié la devolución del pedido P-2024-20535 por la web, mandé el paquete y han pasado 10 días sin noticias del reembolso. Y lo peor es que no funciona, así que habrá que repararlo. Un saludo.",garantia,1,0,0,662,10.7,devolucion
M0793,2024-05-08 17:34:00,correo,C0060,"Buenos días, la batería de la barra de sonido de 2.1 canales ya no aguanta ni dos horas. la compré hace 8 meses y la uso siempre con el cargador que venía en la caja. Un saludo.",garantia,0,0,0,561,18.9,devolucion
M0794,2024-05-09 08:53:00,formulario,C0110,"Buenos días, quería comprar el tocadiscos con previo incorporado pero aparece sin existencias. ¿Van a reponerlo o lo han descatalogado? A la espera de su respuesta.",producto,0,0,0,140,5.5,producto
M0795,2024-05-09 10:37:00,formulario,C0281,la factura sale sin mi NIF,factura,0,0,0,97,10.4,factura
M0796,2024-05-09 11:24:00,telefono,C0378,"[Transcripción de llamada] Estimados, quiero tramitar la devolución de la impresora multifunción, que está defectuoso. Saludos cordiales.",devolucion,0,1,0,4,13.6,devolucion
M0797,2024-05-09 13:15:00,chat,C0108,¿dónde está mi pedido?,envio,0,0,0,8,3.8,envio
M0798,2024-05-09 17:31:00,correo,,"Hola, ofrecemos servicio de atención al cliente externalizado con agentes en horario ampliado. ¿Le interesa que le mandemos una propuesta sin compromiso? Saludos cordiales.",spam,0,0,0,,0.8,spam
M0799,2024-05-09 19:43:00,chat,,¿el altavoz bluetooth portátil viene con cables?,producto,0,0,0,,3.9,producto
M0800,2024-05-10 08:09:00,chat,C0215,"¿dónde está mi pedido? También necesito la factura, que no me ha llegado.",factura,1,0,0,76,12.8,factura
M0801,2024-05-10 11:23:00,telefono,C0361,"[Transcripción de llamada] Buenos días, ¿el altavoz bluetooth portátil incluye los cables o hay que comprarlos aparte? Lo pregunto porque en la foto se ven y en el listado no aparecen. Por cierto, ¿cuándo tienen previsto que llegue? Un saludo.",envio,1,0,0,9,7.0,envio
M0802,2024-05-10 12:40:00,chat,,propuesta de colaboración comercial,spam,0,0,0,,1.1,spam
M0803,2024-05-10 15:10:00,correo,C0338,"Hola, buenas, el dinero del pedido P-2024-74529 no me ha entrado todavía. ¿Con quién tengo que hablar? Gracias por la atención.",devolucion,0,0,1,19,16.8,factura
M0804,2024-05-10 15:59:00,telefono,C0324,"[Transcripción de llamada] Estimados, el router wifi de doble banda ha dejado de conectarse después de una actualización y el fabricante me dice que hable con la tienda donde lo compré. Quedo a la espera.",garantia,0,0,0,438,14.1,garantia
M0805,2024-05-10 16:49:00,correo,C0301,"Estimados, el reembolso del pedido P-2024-92069 lo aceptaron hace 8 días y en la cuenta no ha entrado nada todavía. Muchas gracias.",factura,0,0,0,18,12.3,factura
M0806,2024-05-10 18:04:00,correo,C0239,"Hola, acabo de abrir la caja del cargador rápido de 65 W y está golpeado por una esquina. No funciona. A la espera de su respuesta.",envio,0,0,1,7,6.3,envio
M0807,2024-05-10 19:47:00,formulario,C0308,"Hola, he pedido un teclado mecánico retroiluminado y otro artículo en el mismo pedido y solo me ha llegado uno. La caja venía bien cerrada, así que no parece cosa del transporte. Quedo a la espera.",envio,0,0,0,11,4.2,envio
M0808,2024-05-11 11:48:00,correo,C0066,"Hola, buenas, compré el teclado mecánico retroiluminado hace 17 días y quiero cambiarlo por el modelo superior pagando la diferencia. ¿Se puede o tengo que devolverlo y volver a comprar? Saludos cordiales.",devolucion,0,0,0,9,8.1,devolucion
M0809,2024-05-11 13:03:00,chat,C0012,no me ha llegado nada todavía,envio,0,0,0,1,3.4,envio
M0810,2024-05-11 17:37:00,chat,C0394,"Buenas tardes, el pedido P-2024-81911 figura como entregado desde ayer y aquí no ha llegado nada. He preguntado a los vecinos y tampoco saben nada. Un saludo.",envio,0,0,0,1,2.9,envio
M0811,2024-05-12 11:04:00,correo,,"Estimados, le escribo desde un fondo de inversión con una propuesta de financiación para su negocio, con condiciones muy por debajo de las del mercado. Gracias por la atención.",spam,0,0,0,,0.9,spam
M0812,2024-05-12 12:05:00,correo,C0021,"Buenas tardes, el pedido P-2024-65279 me ha llegado bien pero me he arrepentido de la compra. ¿Cómo inicio la devolución y quién paga el transporte de vuelta? A la espera de su respuesta.",devolucion,0,0,0,10,10.6,devolucion
M0813,2024-05-12 18:09:00,correo,C0081,"Estimados, el tocadiscos con previo incorporado no me sirve para lo que lo quería. lo tengo sin abrir, con el precinto puesto y con la factura dentro de la caja. Y además ha empezado a fallar: se apaga solo desde el primer día. Gracias por la atención.",garantia,1,0,0,591,14.1,garantia
M0814,2024-05-13 08:29:00,formulario,,"Buenas, somos una empresa de logística internacional con más de veinte años de experiencia y nos gustaría ofrecerles nuestras tarifas para el próximo trimestre. Muchas gracias.",spam,0,0,0,,1.1,spam
M0815,2024-05-13 10:40:00,correo,C0203,"Buenas, compré el cargador rápido de 65 W hace 8 meses y se ha vuelto a estropear de lo mismo que ya me repararon en marzo. Gracias por la atención.",garantia,0,0,0,42,6.5,garantia
M0816,2024-05-13 10:50:00,telefono,C0348,"[Transcripción de llamada] Buenos días, ¿en cuántos días se entrega la tablet de 10 pulgadas? Es para un regalo y voy justo de tiempo. Saludos cordiales.",envio,0,0,1,8,6.8,producto
M0817,2024-05-13 11:10:00,telefono,C0189,"[Transcripción de llamada] Hola, ¿el disco SSD de 1 TB que tienen en la web es el modelo de este año o el del anterior? En la ficha no aparece la referencia completa. Y además el importe cobrado no coincide con el del pedido. Gracias de antemano.",factura,1,0,0,81,8.4,factura
M0818,2024-05-13 11:14:00,formulario,C0365,"Hola, buenas, la batería del reloj inteligente con GPS ya no aguanta ni dos horas. lo compré hace 11 meses y lo uso siempre con el cargador que venía en la caja. Muchas gracias.",garantia,0,0,0,389,12.7,garantia
M0819,2024-05-13 11:41:00,formulario,C0119,"Hola, el repartidor dice que ha intentado entregar la impresora multifunción dos veces y yo he estado en casa las dos veces. Nadie ha llamado al timbre. Saludos cordiales.",envio,0,0,0,4,3.7,envio
M0820,2024-05-13 12:28:00,correo,C0035,"Buenas tardes, he pagado con transferencia el pedido P-2024-57014 y me sigue saliendo como pendiente de pago. Adjunto el justificante del banco. Y lo peor es que no funciona, así que habrá que repararlo. Saludos cordiales.",garantia,1,0,0,349,16.9,garantia
M0821,2024-05-13 13:04:00,formulario,C0385,"Hola, buenas, en la ficha de la impresora multifunción pone una cosa en las características y otra distinta en la descripción. ¿Cuál de las dos es la buena? Un saludo.",producto,0,0,0,210,15.5,producto
M0822,2024-05-13 16:10:00,correo,C0028,"Buenas, necesito que el pedido P-2024-59922 lo dejen en el punto de recogida en vez de en casa, que por las mañanas no hay nadie. Muchas gracias.",envio,0,0,0,8,6.2,envio
M0823,2024-05-13 17:19:00,formulario,C0356,"Estimados, me han llegado dos unidades de la funda de silicona reforzada y yo solo pedí una. Quiero devolver la que sobra y que me reembolsen los 428,05 euros. Un saludo.",devolucion,0,0,0,5,10.0,devolucion
M0824,2024-05-13 18:06:00,correo,C0168,"Hola, buenas, el micrófono USB de sobremesa no funciona como debería. ¿Qué tengo que hacer para que me den una solución? Un saludo.",devolucion,0,1,0,4,10.9,garantia
M0825,2024-05-13 18:34:00,correo,C0161,"Estimados, ¿me pueden decir en qué estado está mi reembolso del pedido P-2024-98181? Nadie me contesta. Gracias de antemano.",factura,0,0,1,31,5.2,factura
M0826,2024-05-13 20:28:00,telefono,,"[Transcripción de llamada] Buenas tardes, última oportunidad: setenta por ciento de descuento en nuestro programa de facturación electrónica para pymes. Oferta válida solo esta semana. Muchas gracias.",spam,0,0,0,,0.8,spam
M0827,2024-05-14 11:53:00,correo,,"Estimados, dudo entre la impresora multifunción y otro modelo más caro. ¿Merece la pena la diferencia de 590,16 euros para un uso normal? Quedo a la espera.",producto,0,0,0,,2.0,producto
M0828,2024-05-14 13:37:00,formulario,C0021,"Buenas, ¿en cuántos días se entrega el portátil Lenovo IdeaPad 3? Es para un regalo y voy justo de tiempo. Muchas gracias.",producto,0,0,1,9,11.3,producto
M0829,2024-05-14 16:06:00,correo,C0214,"Hola, el micrófono USB de sobremesa vino con un fallo. Prefiero que me devuelvan el importe a que me lo arreglen. Saludos cordiales.",devolucion,0,1,0,8,8.6,devolucion
M0830,2024-05-14 16:15:00,correo,C0314,"Buenos días, he pagado con transferencia el pedido P-2024-28541 y me sigue saliendo como pendiente de pago. Adjunto el justificante del banco. Gracias de antemano.",factura,0,0,0,82,8.3,factura
M0831,2024-05-14 17:25:00,correo,C0183,"Buenas tardes, he pagado con transferencia el pedido P-2024-58926 y me sigue saliendo como pendiente de pago. Adjunto el justificante del banco. A la espera de su respuesta.",factura,0,0,0,87,10.0,factura
M0832,2024-05-14 19:25:00,correo,C0223,"Buenas, en la ficha del altavoz bluetooth portátil pone una cosa en las características y otra distinta en la descripción. ¿Cuál de las dos es la buena? Quedo a la espera.",producto,0,0,0,290,2.8,producto
M0833,2024-05-15 10:01:00,chat,,"Buenas, dudo entre el móvil Redmi Note y otro modelo más caro. ¿Merece la pena la diferencia de 860,23 euros para un uso normal? Gracias de antemano.",producto,0,0,0,,17.8,producto
M0834,2024-05-15 10:16:00,chat,C0075,"Buenas, el micrófono USB de sobremesa me llegó con la carcasa rajada por un lado. La caja de fuera estaba intacta, así que venía así de fábrica. Gracias por la atención.",garantia,0,0,0,317,17.0,garantia
M0835,2024-05-15 12:13:00,correo,,"Hola, buenas, estoy mirando la impresora multifunción y no me queda claro si es compatible con el equipo que ya tengo en casa. ¿Me lo pueden confirmar antes de comprarla? Gracias de antemano.",producto,0,0,0,,1.6,producto
M0836,2024-05-15 13:25:00,correo,C0097,no me ha llegado nada todavía,envio,0,0,0,9,5.6,envio
M0837,2024-05-15 13:38:00,formulario,C0277,"Buenas, la barra de sonido de 2.1 canales que compré hace 7 meses ha dejado de encender de un día para otro. No se ha caído ni se ha mojado. Un saludo.",garantia,0,0,0,105,5.3,garantia
M0838,2024-05-15 14:20:00,chat,C0017,¿cuándo llega el P-2024-43463?,envio,0,0,0,1,1.7,envio
M0839,2024-05-15 16:12:00,correo,C0109,"Hola, el router wifi de doble banda ha llegado esta mañana y viene dañado. No sé si ha sido el transporte o venía así. Un saludo.",garantia,0,0,1,11,16.1,envio
M0840,2024-05-15 18:36:00,telefono,C0002,"[Transcripción de llamada] Buenas, en la factura de la barra de sonido de 2.1 canales no aparece el IVA desglosado y mi gestoría me la ha devuelto por eso. Quedo a la espera.",factura,0,0,0,43,12.6,factura
M0841,2024-05-15 19:27:00,telefono,C0302,"[Transcripción de llamada] Hola, buenas, hice el pedido P-2024-76974 el 13 de mayo y sigue apareciendo como «en preparación». ¿Me pueden decir cuándo sale? Lo necesito para el fin de semana. Quedo a la espera.",envio,0,0,0,9,13.5,envio
M0842,2024-05-16 09:27:00,formulario,C0296,"Hola, me han cobrado dos veces los 402,59 euros del pedido P-2024-23505. En el banco aparecen los dos cargos con la misma fecha. Muchas gracias.",factura,0,0,0,25,9.1,factura
M0843,2024-05-16 15:56:00,formulario,C0358,"Buenos días, no me quedo con el tocadiscos con previo incorporado: da problemas desde el primer día. Muchas gracias.",devolucion,0,1,0,7,8.8,devolucion
M0844,2024-05-16 18:57:00,correo,C0042,"Buenas, el teclado mecánico retroiluminado ha llegado esta mañana y viene dañado. No sé si ha sido el transporte o venía así. Gracias por la atención.",garantia,0,0,1,5,14.6,garantia
M0845,2024-05-16 20:35:00,chat,C0286,quiero una solución con el móvil Redmi Note,devolucion,0,1,0,11,7.4,devolucion
M0846,2024-05-17 08:12:00,chat,C0276,¿cómo pido la reparación?,garantia,0,0,0,29,4.3,garantia
M0847,2024-05-17 08:13:00,chat,C0282,lleva 10 días y paso,devolucion,0,0,1,2,9.7,devolucion
M0848,2024-05-17 09:39:00,correo,,"Estimados, en la ficha del móvil Redmi Note pone una cosa en las características y otra distinta en la descripción. ¿Cuál de las dos es la buena? Gracias por la atención.",producto,0,0,0,,5.0,producto
M0849,2024-05-17 10:21:00,correo,C0056,"Buenas tardes, ¿me pueden mandar todas las facturas del año pasado? Las necesito para la declaración y en mi área de cliente solo salen las de los últimos tres meses. Muchas gracias.",factura,0,0,0,113,7.4,factura
M0850,2024-05-17 11:00:00,correo,,"Buenas tardes, quería comprar el teclado mecánico retroiluminado pero aparece sin existencias. ¿Van a reponerlo o lo han descatalogado? Quedo a la espera.",producto,0,0,0,,13.5,producto
M0851,2024-05-17 13:51:00,correo,,"Buenas tardes, estoy mirando la barra de sonido de 2.1 canales y no me queda claro si es compatible con el equipo que ya tengo en casa. ¿Me lo pueden confirmar antes de comprarla? Quedo a la espera.",producto,0,0,0,,8.6,producto
M0852,2024-05-17 15:35:00,chat,C0111,¿cuánto tarda en llegar si lo pido hoy? Aprovecho para pedirles la factura con el NIF de la empresa.,factura,1,0,0,80,8.1,producto
M0853,2024-05-17 16:58:00,chat,,¿cuánto tarda en llegar si lo pido hoy?,producto,0,0,0,,8.9,producto
M0854,2024-05-17 17:05:00,correo,C0085,"Estimados, el pedido P-2024-11302 me ha llegado bien pero me he arrepentido de la compra. ¿Cómo inicio la devolución y quién paga el transporte de vuelta? Un saludo.",devolucion,0,0,0,2,9.3,devolucion
M0855,2024-05-17 18:11:00,formulario,C0032,"Hola, he pagado con transferencia el pedido P-2024-26458 y me sigue saliendo como pendiente de pago. Adjunto el justificante del banco. Gracias de antemano.",factura,0,0,0,100,4.2,producto
M0856,2024-05-17 18:37:00,formulario,C0120,"no me cuadra el importe. Aparte de eso, el aparato vino defectuoso y no hay manera de encenderlo.",garantia,1,0,0,62,15.6,factura
M0857,2024-05-17 18:49:00,chat,C0260,no me cuadra el importe,factura,0,0,0,114,6.3,factura
M0858,2024-05-18 16:37:00,telefono,C0306,[Transcripción de llamada] quiero devolver el tocadiscos con previo incorporado. Y además ha empezado a fallar: se apaga solo desde el primer día.,garantia,1,0,0,562,7.8,garantia
M0859,2024-05-19 10:28:00,chat,C0048,¿hacéis descuento por volumen?,producto,0,0,0,159,12.4,producto
M0860,2024-05-20 09:51:00,correo,,"Hola, ofrecemos servicio de atención al cliente externalizado con agentes en horario ampliado. ¿Le interesa que le mandemos una propuesta sin compromiso? Un saludo.",spam,0,0,0,,0.2,spam
M0861,2024-05-20 09:58:00,chat,C0122,"Hola, estoy mirando el teclado mecánico retroiluminado y no me queda claro si es compatible con el equipo que ya tengo en casa. ¿Me lo pueden confirmar antes de comprarlo? También necesito la factura, que no me ha llegado. Muchas gracias.",factura,1,0,0,38,16.3,producto
M0862,2024-05-20 10:08:00,formulario,C0090,"Buenas tardes, he pedido un altavoz bluetooth portátil y otro artículo en el mismo pedido y solo me ha llegado uno. La caja venía bien cerrada, así que no parece cosa del transporte. Y además ha empezado a fallar: se apaga solo desde el primer día. Muchas gracias.",garantia,1,0,0,183,6.7,garantia
M0863,2024-05-20 10:54:00,formulario,C0374,¿cuándo llega el P-2024-67980?,envio,0,0,0,10,3.4,envio
M0864,2024-05-20 12:12:00,formulario,,"Buenas tardes, le escribo desde un fondo de inversión con una propuesta de financiación para su negocio, con condiciones muy por debajo de las del mercado. A la espera de su respuesta.",spam,0,0,0,,0.4,spam
M0865,2024-05-20 12:16:00,formulario,C0374,"Buenas, el pedido P-2024-34707 figura como entregado desde ayer y aquí no ha llegado nada. He preguntado a los vecinos y tampoco saben nada. Gracias de antemano.",envio,0,0,0,8,5.2,envio
M0866,2024-05-20 12:33:00,telefono,C0266,"[Transcripción de llamada] Hola, buenas, ¿me pueden decir en qué estado está mi reembolso del pedido P-2024-33629? Nadie me contesta. Quedo a la espera.",devolucion,0,0,1,23,14.7,factura
M0867,2024-05-20 15:07:00,correo,C0214,"Estimados, quería comprar la funda de silicona reforzada pero aparece sin existencias. ¿Van a reponerla o la han descatalogado? Gracias por la atención.",producto,0,0,0,370,5.7,producto
M0868,2024-05-20 16:13:00,correo,C0374,"Hola, no estoy conforme con la impresora multifunción: ni funciona bien ni es lo que anunciaban. Quiero una solución. A la espera de su respuesta.",devolucion,0,1,0,7,15.6,devolucion
M0869,2024-05-20 17:32:00,chat,,¿le interesa nuestra oferta?,spam,0,0,0,,0.5,spam
M0870,2024-05-20 17:51:00,telefono,,"[Transcripción de llamada] Buenas, quería comprar el altavoz bluetooth portátil pero aparece sin existencias. ¿Van a reponerlo o lo han descatalogado? Muchas gracias.",producto,0,0,0,,7.9,producto
M0871,2024-05-20 18:41:00,telefono,C0180,"[Transcripción de llamada] Hola, buenas, estoy mirando el móvil Redmi Note y no me queda claro si es compatible con el equipo que ya tengo en casa. ¿Me lo pueden confirmar antes de comprarlo? Aprovecho para pedirles la factura con el NIF de la empresa. Un saludo.",factura,1,0,0,31,11.7,factura
M0872,2024-05-20 18:55:00,correo,C0183,"Buenas tardes, el seguimiento del pedido P-2024-26232 lleva 10 días sin moverse y la fecha prevista de entrega ya ha pasado. ¿Se ha perdido? Un saludo.",envio,0,0,0,10,8.4,envio
M0873,2024-05-21 08:36:00,correo,,"Estimados, le escribo desde un fondo de inversión con una propuesta de financiación para su negocio, con condiciones muy por debajo de las del mercado. A la espera de su respuesta.",spam,0,0,0,,0.6,spam
M0874,2024-05-21 09:51:00,formulario,C0342,¿cuánto tarda en llegar?,producto,0,0,1,1,5.9,envio
M0875,2024-05-21 10:02:00,chat,C0111,"¿dónde está mi pedido? También necesito la factura, que no me ha llegado.",factura,1,0,0,87,14.1,factura
M0876,2024-05-21 10:24:00,correo,C0258,"Buenos días, el seguimiento del pedido P-2024-93316 lleva 9 días sin moverse y la fecha prevista de entrega ya ha pasado. ¿Se ha perdido? A la espera de su respuesta.",envio,0,0,0,3,7.3,envio
M0877,2024-05-21 13:13:00,formulario,C0152,"Estimados, la batería de la barra de sonido de 2.1 canales ya no aguanta ni dos horas. la compré hace 8 meses y la uso siempre con el cargador que venía en la caja. Quedo a la espera.",garantia,0,0,0,157,8.7,garantia
M0878,2024-05-21 15:30:00,chat,C0363,"Buenos días, llevé el micrófono USB de sobremesa al servicio técnico que me indicaron hace 8 días y todavía no sé nada. ¿Cómo consulto el estado de la reparación? Muchas gracias.",garantia,0,0,0,696,5.9,garantia
M0879,2024-05-21 15:57:00,correo,C0013,"Buenos días, el seguimiento del pedido P-2024-74681 lleva 8 días sin moverse y la fecha prevista de entrega ya ha pasado. ¿Se ha perdido? Muchas gracias.",envio,0,0,0,4,3.4,envio
M0880,2024-05-21 16:48:00,telefono,C0140,"[Transcripción de llamada] Buenos días, llevé el altavoz bluetooth portátil al servicio técnico que me indicaron hace 4 días y todavía no sé nada. ¿Cómo consulto el estado de la reparación? Muchas gracias.",garantia,0,0,0,223,9.6,garantia
M0881,2024-05-21 16:53:00,formulario,C0170,¿cómo devuelvo un pedido?,devolucion,0,0,0,2,4.7,devolucion
M0882,2024-05-21 17:03:00,correo,C0071,"Hola, buenas, he pedido un teclado mecánico retroiluminado y otro artículo en el mismo pedido y solo me ha llegado uno. La caja venía bien cerrada, así que no parece cosa del transporte. Gracias de antemano.",envio,0,0,0,2,6.3,envio
M0883,2024-05-21 17:30:00,correo,C0192,"Buenos días, en la factura del pedido P-2024-67782 aparece un importe distinto del que pagué. Yo tengo un cargo de 394,81 euros en la tarjeta. A la espera de su respuesta.",factura,0,0,0,30,7.4,factura
M0884,2024-05-22 09:07:00,correo,C0012,"Buenos días, llevé el micrófono USB de sobremesa al servicio técnico que me indicaron hace 3 días y todavía no sé nada. ¿Cómo consulto el estado de la reparación? Saludos cordiales.",garantia,0,0,0,565,11.6,garantia
M0885,2024-05-22 10:24:00,chat,C0124,lleva 10 días en reparto,envio,0,0,0,3,4.2,envio
M0886,2024-05-22 10:40:00,formulario,C0359,"Estimados, me he equivocado al escribir la dirección de envío del pedido P-2024-99031, puse mal el número de portal. ¿Se puede corregir todavía o ya ha salido? Gracias de antemano.",envio,0,0,0,2,7.2,envio
M0887,2024-05-22 10:55:00,formulario,C0127,"Buenos días, el portátil Lenovo IdeaPad 3 ha llegado esta mañana y viene dañado. No sé si ha sido el transporte o venía así. Un saludo.",garantia,0,0,1,11,9.8,garantia
M0888,2024-05-22 12:10:00,correo,C0057,"Buenas tardes, el repartidor dice que ha intentado entregar la barra de sonido de 2.1 canales dos veces y yo he estado en casa las dos veces. Nadie ha llamado al timbre. Saludos cordiales.",envio,0,0,0,10,5.0,envio
M0889,2024-05-22 16:02:00,chat,C0112,lleva 9 meses y ya falla,garantia,0,0,0,521,9.3,producto
M0890,2024-05-22 18:07:00,correo,C0124,¿plazo de entrega?,producto,0,0,1,9,11.1,producto
M0891,2024-05-22 20:52:00,correo,C0270,¿me pueden dar el número de seguimiento?,envio,0,0,0,2,4.2,envio
M0892,2024-05-23 10:47:00,chat,C0042,se me ha estropeado el reloj inteligente con GPS,garantia,0,0,0,132,5.1,garantia
M0893,2024-05-23 17:44:00,formulario,C0257,"Hola, buenas, hice el pedido P-2024-49404 el 21 de marzo y sigue apareciendo como «en preparación». ¿Me pueden decir cuándo sale? Lo necesito para el fin de semana. Y además ha empezado a fallar: se apaga solo desde el primer día. Un saludo.",garantia,1,0,0,328,15.2,garantia
M0894,2024-05-24 08:58:00,formulario,C0071,"Buenas tardes, quería comprar el tocadiscos con previo incorporado pero aparece sin existencias. ¿Van a reponerlo o lo han descatalogado? Muchas gracias.",producto,0,0,0,88,8.0,producto
M0895,2024-05-24 09:05:00,formulario,,"Buenos días, en la ficha del micrófono USB de sobremesa pone una cosa en las características y otra distinta en la descripción. ¿Cuál de las dos es la buena? Quedo a la espera.",producto,0,0,0,,7.1,producto
M0896,2024-05-24 09:20:00,correo,C0269,"Estimados, necesito la factura del pedido P-2024-10143 con los datos fiscales de mi empresa, que la que me han mandado va a mi nombre particular. Y si no hay solución, quiero devolverlo y que me reembolsen. Un saludo.",devolucion,1,0,0,6,36.8,factura
M0897,2024-05-24 10:15:00,correo,C0137,"Hola, el altavoz bluetooth portátil lleva 10 días de retraso y ya no me hace falta. No sé si esperar o no. A la espera de su respuesta.",devolucion,0,0,1,15,9.6,devolucion
M0898,2024-05-24 14:22:00,telefono,C0214,"[Transcripción de llamada] Buenas, me he equivocado al escribir la dirección de envío del pedido P-2024-37427, puse mal el número de portal. ¿Se puede corregir todavía o ya ha salido? Un saludo.",envio,0,0,0,11,5.2,envio
M0899,2024-05-24 16:24:00,formulario,C0119,"Buenas, me he equivocado al escribir la dirección de envío del pedido P-2024-32488, puse mal el número de portal. ¿Se puede corregir todavía o ya ha salido? Gracias de antemano.",envio,0,0,0,4,3.7,envio
M0900,2024-05-24 17:11:00,correo,C0042,"Estimados, hice el pedido P-2024-29005 el 23 de septiembre y sigue apareciendo como «en preparación». ¿Me pueden decir cuándo sale? Lo necesito para el fin de semana. Gracias de antemano.",envio,0,0,0,5,5.6,envio
M0901,2024-05-24 18:50:00,correo,C0286,"Buenas, quiero devolver el monitor de 27 pulgadas que compré el 26 de septiembre. No es lo que esperaba y no le voy a dar uso. Aún estoy dentro de plazo, ¿verdad? A la espera de su respuesta.",devolucion,0,0,0,9,9.9,devolucion
M0902,2024-05-24 19:45:00,formulario,C0266,"Estimados, me han cobrado dos veces los 132,31 euros del pedido P-2024-85180. En el banco aparecen los dos cargos con la misma fecha. Un saludo.",factura,0,0,0,62,4.6,factura
M0903,2024-05-24 19:59:00,formulario,C0191,"Buenos días, el reembolso del pedido P-2024-51449 lo aceptaron hace 8 días y en la cuenta no ha entrado nada todavía. Gracias por la atención.",factura,0,0,0,88,5.9,factura
M0904,2024-05-25 13:12:00,correo,C0219,"Buenos días, el tocadiscos con previo incorporado me llegó con la carcasa rajada por un lado. La caja de fuera estaba intacta, así que venía así de fábrica. Gracias de antemano.",garantia,0,0,0,245,11.8,garantia
M0905,2024-05-25 13:52:00,correo,C0102,"Buenos días, la batería del micrófono USB de sobremesa ya no aguanta ni dos horas. lo compré hace 19 meses y lo uso siempre con el cargador que venía en la caja. Gracias por la atención.",garantia,0,0,0,632,8.7,garantia
M0906,2024-05-25 16:52:00,correo,C0315,¿me pueden dar el número de seguimiento?,envio,0,0,0,4,3.4,envio
M0907,2024-05-26 11:54:00,formulario,C0123,¿me pueden dar el número de seguimiento?,envio,0,0,0,3,3.4,envio
M0908,2024-05-26 16:35:00,correo,C0106,"Buenos días, me interesa el monitor de 27 pulgadas para un regalo. ¿lo mandan en caja neutra y sin el precio dentro? Gracias de antemano.",producto,0,0,0,139,19.4,producto
M0909,2024-05-27 09:25:00,correo,C0023,"Buenos días, el repartidor dice que ha intentado entregar el router wifi de doble banda dos veces y yo he estado en casa las dos veces. Nadie ha llamado al timbre. Saludos cordiales.",envio,0,0,0,1,12.7,envio
M0910,2024-05-27 10:29:00,correo,,"Buenas tardes, ¿el altavoz bluetooth portátil incluye los cables o hay que comprarlos aparte? Lo pregunto porque en la foto se ven y en el listado no aparecen. Un saludo.",producto,0,0,0,,9.3,producto
M0911,2024-05-27 10:40:00,correo,C0250,"Hola, buenas, hice el pedido P-2024-33311 el 19 de junio y sigue apareciendo como «en preparación». ¿Me pueden decir cuándo sale? Lo necesito para el fin de semana. Muchas gracias.",envio,0,0,0,9,6.6,envio
M0912,2024-05-27 11:34:00,correo,C0240,"Buenas tardes, necesito que el pedido P-2024-66015 lo dejen en el punto de recogida en vez de en casa, que por las mañanas no hay nadie. Y además ha empezado a fallar: se apaga solo desde el primer día. Un saludo.",garantia,1,0,0,690,31.8,garantia
M0913,2024-05-27 11:43:00,chat,C0195,¿me pueden dar el número de seguimiento?,envio,0,0,0,7,4.5,envio
M0914,2024-05-27 12:24:00,correo,C0191,"Buenos días, ¿es normal que un pedido tarde 13 días en salir del almacén? Lo hice el 10 de mayo y no tengo ni número de seguimiento. Saludos cordiales.",envio,0,0,0,2,3.6,envio
M0915,2024-05-27 12:57:00,correo,C0114,"Buenas tardes, en la ficha del auricular inalámbrico con cancelación de ruido pone una cosa en las características y otra distinta en la descripción. ¿Cuál de las dos es la buena? Aprovecho para pedirles la factura con el NIF de la empresa. Gracias de antemano.",factura,1,0,0,76,10.3,factura
M0916,2024-05-27 13:03:00,correo,,"Buenos días, me interesa el reloj inteligente con GPS para un regalo. ¿lo mandan en caja neutra y sin el precio dentro? A la espera de su respuesta.",producto,0,0,0,,3.7,producto
M0917,2024-05-27 13:32:00,formulario,C0262,"Hola, ¿me pueden mandar todas las facturas del año pasado? Las necesito para la declaración y en mi área de cliente solo salen las de los últimos tres meses. Un saludo.",factura,0,0,0,96,3.9,factura
M0918,2024-05-27 14:12:00,chat,C0372,¿cómo devuelvo un pedido? Y además ha empezado a fallar: se apaga solo desde el primer día.,garantia,1,0,0,419,19.3,garantia
M0919,2024-05-27 15:25:00,correo,C0375,necesito la factura del P-2024-68876,factura,0,0,0,4,6.2,factura
M0920,2024-05-27 17:54:00,chat,C0301,"Hola, buenas, la batería de la tablet de 10 pulgadas ya no aguanta ni dos horas. la compré hace 18 meses y la uso siempre con el cargador que venía en la caja. Un saludo.",garantia,0,0,0,686,13.1,garantia
M0921,2024-05-27 20:33:00,correo,C0208,"Hola, me he equivocado al escribir la dirección de envío del pedido P-2024-54423, puse mal el número de portal. ¿Se puede corregir todavía o ya ha salido? Un saludo.",envio,0,0,0,3,2.1,envio
M0922,2024-05-28 09:15:00,formulario,C0118,"Buenas tardes, el pedido P-2024-66383 no ha llegado y a estas alturas ya no me interesa. Hagan lo que tengan que hacer. A la espera de su respuesta.",envio,0,0,1,17,4.0,envio
M0923,2024-05-28 09:21:00,correo,C0221,la factura sale sin mi NIF,factura,0,0,0,19,6.0,devolucion
M0924,2024-05-28 09:25:00,chat,C0213,¿la devolución la pagáis vosotros?,devolucion,0,0,0,7,9.3,devolucion
M0925,2024-05-28 09:53:00,correo,C0240,"Buenas, ¿es normal que un pedido tarde 16 días en salir del almacén? Lo hice el 12 de mayo y no tengo ni número de seguimiento. Y además ha empezado a fallar: se apaga solo desde el primer día. Saludos cordiales.",garantia,1,0,0,259,13.2,garantia
M0926,2024-05-28 10:05:00,correo,C0026,"Buenas, el portátil Lenovo IdeaPad 3 vino con un fallo. Prefiero que me devuelvan el importe a que me lo arreglen. Gracias de antemano.",devolucion,0,1,0,5,3.6,garantia
M0927,2024-05-28 10:17:00,correo,C0173,"Hola, ¿es normal que un pedido tarde 11 días en salir del almacén? Lo hice el 25 de febrero y no tengo ni número de seguimiento. Gracias por la atención.",envio,0,0,0,7,2.4,envio
M0928,2024-05-28 10:47:00,formulario,C0351,"Hola, quiero devolver la tablet de 10 pulgadas que compré el 11 de marzo. No es lo que esperaba y no le voy a dar uso. Aún estoy dentro de plazo, ¿verdad? Aparte de eso, el aparato vino defectuoso y no hay manera de encenderlo. Gracias de antemano.",garantia,1,0,0,653,23.9,devolucion
M0929,2024-05-28 11:37:00,chat,C0196,"Hola, buenas, el pedido P-2024-99555 me ha llegado roto. La pantalla está rajada y no hay manera de encenderlo. Muchas gracias.",garantia,0,0,1,8,15.3,envio
M0930,2024-05-28 12:52:00,chat,C0016,¿lo tenéis en color negro?,producto,0,0,0,92,14.6,producto
M0931,2024-05-28 13:09:00,correo,,"Hola, buenas, última oportunidad: setenta por ciento de descuento en nuestro programa de facturación electrónica para pymes. Oferta válida solo esta semana. Gracias de antemano.",spam,0,0,0,,0.6,spam
M0932,2024-05-28 17:45:00,formulario,C0132,"Hola, buenas, quiero anular el pedido P-2024-90026, que lo hice esta mañana y todavía no ha salido. Si ya ha salido, díganme cómo lo devuelvo. Un saludo.",devolucion,0,0,0,3,6.6,devolucion
M0933,2024-05-28 18:33:00,formulario,C0397,"Buenos días, he pagado con transferencia el pedido P-2024-97104 y me sigue saliendo como pendiente de pago. Adjunto el justificante del banco. A la espera de su respuesta.",factura,0,0,0,118,19.5,factura
M0934,2024-05-28 18:55:00,formulario,,"Estimados, su paquete no ha podido ser entregado por un importe pendiente de 1,79 euros. Confirme sus datos en el enlace para reprogramar la entrega. Quedo a la espera.",spam,0,0,0,,1.1,spam
M0935,2024-05-29 09:58:00,chat,C0040,¿me pueden dar el número de seguimiento?,envio,0,0,0,0,3.0,envio
M0936,2024-05-29 10:32:00,correo,C0267,"Hola, quería saber los plazos de entrega de la funda de silicona reforzada para la zona de Valencia. Saludos cordiales.",envio,0,0,1,24,5.4,envio
M0937,2024-05-29 10:37:00,formulario,C0008,¿me mandáis la factura?,factura,0,0,0,8,2.4,factura
M0938,2024-05-29 11:33:00,telefono,C0232,"[Transcripción de llamada] Hola, ¿el reloj inteligente con GPS incluye los cables o hay que comprarlos aparte? Lo pregunto porque en la foto se ven y en el listado no aparecen. Gracias de antemano.",producto,0,0,0,131,9.6,factura
M0939,2024-05-29 11:41:00,correo,C0180,¿cómo devuelvo un pedido?,devolucion,0,0,0,13,8.5,devolucion
M0940,2024-05-29 11:59:00,chat,,¿hacéis descuento por volumen?,producto,0,0,0,,3.7,producto
M0941,2024-05-29 13:47:00,correo,,"Estimados, hemos detectado un acceso no autorizado a su cuenta de empresa. Verifique su identidad en las próximas veinticuatro horas o será suspendida. Muchas gracias.",spam,0,0,0,,1.3,spam
M0942,2024-05-29 14:27:00,chat,C0186,"¿cuándo me devolvéis los 632,27 euros?",factura,0,0,0,91,3.1,factura
M0943,2024-05-29 17:40:00,chat,C0092,me ha llegado roto,garantia,0,0,1,1,19.5,garantia
M0944,2024-05-29 17:43:00,correo,C0366,"Hola, buenas, me han llegado dos unidades del monitor de 27 pulgadas y yo solo pedí una. Quiero devolver la que sobra y que me reembolsen los 86,42 euros. Saludos cordiales.",devolucion,0,0,0,5,11.9,devolucion
M0945,2024-05-29 17:46:00,correo,C0001,"Estimados, en la ficha de la funda de silicona reforzada pone una cosa en las características y otra distinta en la descripción. ¿Cuál de las dos es la buena? Un saludo.",producto,0,0,0,224,12.2,spam
M0946,2024-05-29 17:47:00,chat,C0212,"Buenos días, el seguimiento del pedido P-2024-78487 lleva 6 días sin moverse y la fecha prevista de entrega ya ha pasado. ¿Se ha perdido? Muchas gracias.",envio,0,0,0,3,12.6,envio
M0947,2024-05-29 18:44:00,formulario,,¿tenéis la tablet de 10 pulgadas?,producto,0,0,0,,4.0,producto
M0948,2024-05-29 19:47:00,correo,C0087,"¿cuándo llega el P-2024-76532? Y si no hay solución, quiero devolverlo y que me reembolsen.",devolucion,1,0,0,9,9.4,devolucion
M0949,2024-05-30 09:31:00,correo,C0319,"¿cuándo me devolvéis los 817,09 euros?",factura,0,0,0,96,2.1,factura
M0950,2024-05-30 10:18:00,formulario,C0324,la impresora multifunción está defectuoso,garantia,0,1,0,477,21.9,garantia
M0951,2024-05-30 12:58:00,formulario,C0032,¿cómo devuelvo un pedido?,devolucion,0,0,0,7,10.8,factura
M0952,2024-05-30 13:29:00,correo,C0012,el teclado mecánico retroiluminado da problemas,devolucion,0,1,0,3,10.0,devolucion
M0953,2024-05-30 15:06:00,formulario,C0221,llegó golpeado y no va,garantia,0,0,1,9,9.1,garantia
M0954,2024-05-30 16:36:00,formulario,C0103,el móvil Redmi Note me llegó roto,garantia,0,0,0,149,5.8,garantia
M0955,2024-05-30 16:40:00,correo,C0297,"Estimados, tengo un problema con el monitor de 27 pulgadas y quiero devolverlo. No me sirve así. Gracias de antemano.",devolucion,0,1,0,8,16.0,devolucion
M0956,2024-05-30 17:30:00,formulario,,¿le interesa nuestra oferta?,spam,0,0,0,,1.6,spam
M0957,2024-05-31 11:16:00,formulario,C0184,la funda de silicona reforzada da problemas,devolucion,0,1,0,13,5.4,devolucion
M0958,2024-05-31 11:25:00,correo,C0307,"Hola, buenas, necesito que el pedido P-2024-10756 lo dejen en el punto de recogida en vez de en casa, que por las mañanas no hay nadie. Gracias por la atención.",envio,0,0,0,4,2.8,envio
M0959,2024-05-31 11:47:00,correo,C0399,"Buenos días, he pedido un teclado mecánico retroiluminado y otro artículo en el mismo pedido y solo me ha llegado uno. La caja venía bien cerrada, así que no parece cosa del transporte. Un saludo.",envio,0,0,0,3,7.5,envio
M0960,2024-05-31 11:53:00,chat,C0115,"no me sirve, la quiero devolver",devolucion,0,0,0,4,3.3,devolucion
M0961,2024-05-31 15:31:00,correo,C0120,"Buenas, el pedido P-2024-69906 me ha llegado roto. La pantalla está rajada y no hay manera de encenderlo. Gracias por la atención.",garantia,0,0,1,4,3.2,garantia
M0962,2024-05-31 16:15:00,correo,C0112,"Estimados, me han cobrado dos veces los 256,25 euros del pedido P-2024-60316. En el banco aparecen los dos cargos con la misma fecha. Muchas gracias.",factura,0,0,0,50,5.2,factura
M0963,2024-05-31 16:49:00,correo,C0120,"Buenos días, no ha llegado nada del pedido P-2024-40073 y necesito que me den una salida. Quedo a la espera.",envio,0,0,1,19,2.8,envio
M0964,2024-05-31 17:04:00,correo,C0284,"Hola, he pedido un altavoz bluetooth portátil y otro artículo en el mismo pedido y solo me ha llegado uno. La caja venía bien cerrada, así que no parece cosa del transporte. Muchas gracias.",envio,0,0,0,4,4.2,envio
M0965,2024-05-31 19:01:00,correo,,"Buenas, última oportunidad: setenta por ciento de descuento en nuestro programa de facturación electrónica para pymes. Oferta válida solo esta semana. A la espera de su respuesta.",spam,0,0,0,,1.3,spam
M0966,2024-05-31 19:32:00,formulario,C0016,"Buenas, compré el móvil Redmi Note hace 15 días y quiero cambiarlo por el modelo superior pagando la diferencia. ¿Se puede o tengo que devolverlo y volver a comprar? Gracias por la atención.",devolucion,0,0,0,4,6.7,devolucion
M0967,2024-06-03 08:27:00,correo,C0255,"Buenas, ¿me pueden decir en qué estado está mi reembolso del pedido P-2024-52509? Nadie me contesta. Gracias de antemano.",devolucion,0,0,1,27,10.6,devolucion
M0968,2024-06-03 09:26:00,formulario,C0188,quiero que me cambien el tocadiscos con previo incorporado,garantia,0,1,0,509,9.2,garantia
M0969,2024-06-03 11:11:00,formulario,C0157,"Buenas, llevo 5 días esperando el pedido P-2024-56607. Si no llega esta semana, no lo quiero. Gracias de antemano.",envio,0,0,1,18,9.5,devolucion
M0970,2024-06-03 12:33:00,correo,C0195,"Hola, he pedido una tablet de 10 pulgadas y otro artículo en el mismo pedido y solo me ha llegado uno. La caja venía bien cerrada, así que no parece cosa del transporte. Muchas gracias.",envio,0,0,0,8,4.9,envio
M0971,2024-06-03 12:50:00,correo,C0190,"Estimados, he pagado con transferencia el pedido P-2024-24232 y me sigue saliendo como pendiente de pago. Adjunto el justificante del banco. Gracias por la atención.",factura,0,0,0,119,7.0,factura
M0972,2024-06-03 13:39:00,telefono,C0245,"[Transcripción de llamada] Estimados, me ha llegado la funda de silicona reforzada con la carcasa partida. ¿Qué hago con él? Gracias de antemano.",garantia,0,0,1,6,17.7,garantia
M0973,2024-06-03 14:33:00,formulario,C0399,"Buenos días, ¿es normal que un pedido tarde 13 días en salir del almacén? Lo hice el 21 de abril y no tengo ni número de seguimiento. Gracias de antemano.",envio,0,0,0,6,6.9,envio
M0974,2024-06-03 15:46:00,chat,,quiero devolver la barra de sonido de 2.1 canales,devolucion,0,0,0,,3.8,devolucion
M0975,2024-06-03 16:59:00,chat,C0023,el portátil Lenovo IdeaPad 3 no enciende,garantia,0,0,0,91,8.8,envio
M0976,2024-06-03 17:22:00,telefono,C0076,"[Transcripción de llamada] Buenas, inicié la devolución del pedido P-2024-80311 por la web, mandé el paquete y han pasado 2 días sin noticias del reembolso. Quedo a la espera.",devolucion,0,0,0,13,11.4,devolucion
M0977,2024-06-03 17:27:00,correo,C0296,"Hola, necesito que recojan el monitor de 27 pulgadas y me den una solución, porque así no me sirve para nada. Un saludo.",devolucion,0,1,0,12,13.5,devolucion
M0978,2024-06-03 18:09:00,correo,C0355,"Estimados, el seguimiento del pedido P-2024-34832 lleva 10 días sin moverse y la fecha prevista de entrega ya ha pasado. ¿Se ha perdido? Muchas gracias.",envio,0,0,0,5,7.2,envio
M0979,2024-06-04 09:39:00,telefono,C0394,"[Transcripción de llamada] Hola, buenas, el repartidor dice que ha intentado entregar el router wifi de doble banda dos veces y yo he estado en casa las dos veces. Nadie ha llamado al timbre. Gracias de antemano.",envio,0,0,0,8,5.0,envio
M0980,2024-06-04 10:33:00,chat,C0023,"Estimados, el pedido P-2024-70653 figura como entregado desde ayer y aquí no ha llegado nada. He preguntado a los vecinos y tampoco saben nada. A la espera de su respuesta.",envio,0,0,0,1,4.1,envio
M0981,2024-06-04 11:53:00,chat,C0338,"Buenas tardes, ¿es normal que un pedido tarde 2 días en salir del almacén? Lo hice el 27 de febrero y no tengo ni número de seguimiento. Aprovecho para pedirles la factura con el NIF de la empresa. Saludos cordiales.",factura,1,0,0,113,5.0,factura
M0982,2024-06-04 13:04:00,chat,C0150,el altavoz bluetooth portátil vino dañado,garantia,0,0,1,6,14.4,garantia
M0983,2024-06-04 13:32:00,correo,C0233,quiero que me cambien el portátil Lenovo IdeaPad 3,garantia,0,1,0,408,9.4,garantia
M0984,2024-06-04 17:35:00,chat,,"Buenas, ¿el micrófono USB de sobremesa que tienen en la web es el modelo de este año o el del anterior? En la ficha no aparece la referencia completa. A la espera de su respuesta.",producto,0,0,0,,5.8,producto
M0985,2024-06-04 19:36:00,correo,C0314,"Buenas tardes, no ha llegado nada del pedido P-2024-23924 y necesito que me den una salida. Gracias por la atención.",devolucion,0,0,1,6,12.7,devolucion
M0986,2024-06-04 20:36:00,correo,C0251,"Buenas, en la factura del tocadiscos con previo incorporado no aparece el IVA desglosado y mi gestoría me la ha devuelto por eso. A la espera de su respuesta.",factura,0,0,0,119,34.1,factura
M0987,2024-06-05 08:04:00,correo,C0276,"Buenos días, ¿me pueden mandar todas las facturas del año pasado? Las necesito para la declaración y en mi área de cliente solo salen las de los últimos tres meses. Saludos cordiales.",factura,0,0,0,8,8.1,factura
M0988,2024-06-05 10:17:00,chat,C0069,"Estimados, ¿me pueden cambiar el altavoz bluetooth portátil por otro? Este viene con un defecto de fábrica. Un saludo.",garantia,0,1,0,379,14.9,garantia
M0989,2024-06-05 10:43:00,correo,C0346,"Estimados, en la factura del auricular inalámbrico con cancelación de ruido no aparece el IVA desglosado y mi gestoría me la ha devuelto por eso. Un saludo.",factura,0,0,0,20,17.1,factura
M0990,2024-06-05 11:02:00,formulario,,"Hola, en la ficha del cargador rápido de 65 W pone una cosa en las características y otra distinta en la descripción. ¿Cuál de las dos es la buena? Quedo a la espera.",producto,0,0,0,,9.3,producto
M0991,2024-06-05 12:20:00,correo,,"Buenas tardes, última oportunidad: setenta por ciento de descuento en nuestro programa de facturación electrónica para pymes. Oferta válida solo esta semana. Muchas gracias.",spam,0,0,0,,0.7,spam
M0992,2024-06-05 12:38:00,formulario,C0040,"Hola, buenas, he pedido un micrófono USB de sobremesa y otro artículo en el mismo pedido y solo me ha llegado uno. La caja venía bien cerrada, así que no parece cosa del transporte. Y si no hay solución, quiero devolverlo y que me reembolsen. Quedo a la espera.",devolucion,1,0,0,6,9.6,devolucion
M0993,2024-06-05 17:24:00,correo,C0050,"Buenas, compré el altavoz bluetooth portátil hace 15 meses y se ha vuelto a estropear de lo mismo que ya me repararon en marzo. Quedo a la espera.",garantia,0,0,0,429,17.0,devolucion
M0994,2024-06-05 18:34:00,correo,C0201,"Buenos días, el móvil Redmi Note del pedido P-2024-66989 hace un ruido raro desde la semana pasada y ahora se apaga solo cada poco rato. A la espera de su respuesta.",garantia,0,0,0,185,11.6,garantia
M0995,2024-06-05 20:54:00,correo,C0027,"Buenos días, compré el tocadiscos con previo incorporado y no va. ¿Me devuelven el importe o me lo reparan? Saludos cordiales.",garantia,0,1,0,398,11.4,garantia
M0996,2024-06-06 08:35:00,correo,C0077,"Estimados, estoy mirando el router wifi de doble banda y no me queda claro si es compatible con el equipo que ya tengo en casa. ¿Me lo pueden confirmar antes de comprarlo? Quedo a la espera.",producto,0,0,0,65,10.1,producto
M0997,2024-06-06 10:36:00,chat,C0204,lleva 14 días en reparto,envio,0,0,0,2,3.7,envio
M0998,2024-06-06 11:55:00,correo,C0170,"Buenos días, ¿la impresora multifunción incluye los cables o hay que comprarlos aparte? Lo pregunto porque en la foto se ven y en el listado no aparecen. Y de paso, el seguimiento sigue sin actualizarse. Un saludo.",envio,1,0,0,6,8.1,envio
M0999,2024-06-06 12:56:00,correo,C0240,el monitor de 27 pulgadas me llegó roto,garantia,0,0,0,293,11.6,garantia
M1000,2024-06-06 15:15:00,chat,C0195,lleva 7 días en reparto,envio,0,0,0,11,5.0,envio
M1001,2024-06-06 17:22:00,correo,C0326,"Buenos días, he pagado con transferencia el pedido P-2024-39760 y me sigue saliendo como pendiente de pago. Adjunto el justificante del banco. En cualquier caso, quiero iniciar la devolución. Un saludo.",devolucion,1,0,0,3,7.3,devolucion
M1002,2024-06-06 18:43:00,correo,C0203,"Estimados, en la factura del disco SSD de 1 TB no aparece el IVA desglosado y mi gestoría me la ha devuelto por eso. Saludos cordiales.",factura,0,0,0,41,5.4,factura
M1003,2024-06-06 19:31:00,formulario,,oferta exclusiva solo hoy,spam,0,0,0,,0.2,spam
M1004,2024-06-06 20:04:00,correo,,"Buenas, ofrecemos servicio de atención al cliente externalizado con agentes en horario ampliado. ¿Le interesa que le mandemos una propuesta sin compromiso? Saludos cordiales.",spam,0,0,0,,0.7,spam
M1005,2024-06-07 10:47:00,formulario,,tenemos una propuesta para su empresa,spam,0,0,0,,0.7,spam
M1006,2024-06-07 11:30:00,correo,C0390,"Estimados, quiero devolver la impresora multifunción que compré el 1 de junio. No es lo que esperaba y no le voy a dar uso. Aún estoy dentro de plazo, ¿verdad? Quedo a la espera.",devolucion,0,0,0,10,10.0,devolucion
M1007,2024-06-07 12:15:00,correo,C0010,"Buenas, he pedido una barra de sonido de 2.1 canales y otro artículo en el mismo pedido y solo me ha llegado uno. La caja venía bien cerrada, así que no parece cosa del transporte. Saludos cordiales.",envio,0,0,0,0,6.4,envio
M1008,2024-06-07 16:57:00,correo,C0304,"Estimados, compré el portátil Lenovo IdeaPad 3 hace 16 meses y se ha vuelto a estropear de lo mismo que ya me repararon en marzo. Gracias por la atención.",garantia,0,0,0,465,5.4,garantia
M1009,2024-06-07 17:00:00,correo,,"Buenas tardes, última oportunidad: setenta por ciento de descuento en nuestro programa de facturación electrónica para pymes. Oferta válida solo esta semana. Gracias de antemano.",spam,0,0,0,,2.4,spam
M1010,2024-06-07 17:58:00,correo,C0267,"Buenos días, el monitor de 27 pulgadas me llegó con la carcasa rajada por un lado. La caja de fuera estaba intacta, así que venía así de fábrica. Gracias por la atención.",garantia,0,0,0,508,7.6,garantia
M1011,2024-06-07 18:58:00,formulario,C0013,"Hola, buenas, la batería del monitor de 27 pulgadas ya no aguanta ni dos horas. lo compré hace 20 meses y lo uso siempre con el cargador que venía en la caja. Gracias de antemano.",garantia,0,0,0,352,11.5,garantia
M1012,2024-06-08 10:08:00,correo,,"Buenos días, ofrecemos servicio de atención al cliente externalizado con agentes en horario ampliado. ¿Le interesa que le mandemos una propuesta sin compromiso? Saludos cordiales.",spam,0,0,0,,0.6,spam
M1013,2024-06-08 12:38:00,correo,C0191,"Buenas tardes, acabo de abrir la caja de la tablet de 10 pulgadas y está golpeado por una esquina. No funciona. A la espera de su respuesta.",envio,0,0,1,0,3.3,envio
M1014,2024-06-08 13:15:00,correo,C0140,"Buenos días, he recibido el pedido P-2024-72064 y el aparato no va. La caja tiene un golpe en un lateral. Saludos cordiales.",garantia,0,0,1,6,16.1,envio
M1015,2024-06-08 13:22:00,correo,C0038,"Hola, buenas, quiero devolver la barra de sonido de 2.1 canales que compré el 6 de enero. No es lo que esperaba y no le voy a dar uso. Aún estoy dentro de plazo, ¿verdad? Saludos cordiales.",devolucion,0,0,0,2,6.1,devolucion
M1016,2024-06-08 14:33:00,formulario,C0052,"Hola, acabo de abrir la caja del auricular inalámbrico con cancelación de ruido y está golpeado por una esquina. No funciona. Gracias de antemano.",envio,0,0,1,5,8.6,envio
M1017,2024-06-10 09:06:00,formulario,C0198,"Buenas, quiero devolver el teclado mecánico retroiluminado que compré el 20 de abril. No es lo que esperaba y no le voy a dar uso. Aún estoy dentro de plazo, ¿verdad? Un saludo.",devolucion,0,0,0,8,8.7,devolucion
M1018,2024-06-10 09:23:00,correo,C0200,"Buenos días, en la ficha del disco SSD de 1 TB pone una cosa en las características y otra distinta en la descripción. ¿Cuál de las dos es la buena? Gracias por la atención.",producto,0,0,0,267,8.6,producto
M1019,2024-06-10 09:36:00,formulario,C0173,"Buenas, tengo un problema con la tablet de 10 pulgadas y quiero devolverla. No me sirve así. Muchas gracias.",devolucion,0,1,0,13,11.0,garantia
M1020,2024-06-10 09:54:00,formulario,C0218,"Hola, ¿el micrófono USB de sobremesa incluye los cables o hay que comprarlos aparte? Lo pregunto porque en la foto se ven y en el listado no aparecen. Gracias por la atención.",producto,0,0,0,183,8.2,producto
M1021,2024-06-10 10:55:00,chat,C0165,¿cuándo llega el P-2024-78879?,envio,0,0,0,5,2.2,envio
M1022,2024-06-10 14:04:00,correo,C0316,"Estimados, el pedido P-2024-41706 figura como entregado desde ayer y aquí no ha llegado nada. He preguntado a los vecinos y tampoco saben nada. Y además ha empezado a fallar: se apaga solo desde el primer día. Quedo a la espera.",garantia,1,0,0,182,17.8,garantia
M1023,2024-06-10 15:15:00,formulario,,¿el altavoz bluetooth portátil sirve para jugar?,producto,0,0,0,,5.2,producto
M1024,2024-06-10 16:11:00,chat,C0285,¿cuánto plazo tengo para devolver?,devolucion,0,0,0,2,9.9,devolucion
M1025,2024-06-10 16:55:00,correo,,"Estimados, estoy mirando la funda de silicona reforzada y no me queda claro si es compatible con el equipo que ya tengo en casa. ¿Me lo pueden confirmar antes de comprarla? Gracias por la atención.",producto,0,0,0,,2.6,producto
M1026,2024-06-10 16:58:00,formulario,C0253,el reloj inteligente con GPS da problemas,garantia,0,1,0,184,13.7,garantia
M1027,2024-06-10 17:25:00,correo,C0189,"Buenas, quiero anular el pedido P-2024-24688, que lo hice esta mañana y todavía no ha salido. Si ya ha salido, díganme cómo lo devuelvo. Y lo peor es que no funciona, así que habrá que repararlo. Muchas gracias.",garantia,1,0,0,270,18.7,garantia
M1028,2024-06-10 18:04:00,correo,C0122,"Hola, buenas, el móvil Redmi Note que compré hace 19 meses ha dejado de encender de un día para otro. No se ha caído ni se ha mojado. Quedo a la espera.",garantia,0,0,0,504,8.4,garantia
M1029,2024-06-10 19:41:00,chat,,¿tenéis el monitor de 27 pulgadas?,producto,0,0,0,,10.3,producto
M1030,2024-06-10 19:56:00,formulario,,"Hola, buenas, dudo entre la funda de silicona reforzada y otro modelo más caro. ¿Merece la pena la diferencia de 392,53 euros para un uso normal? Gracias de antemano.",producto,0,0,0,,5.5,producto
M1031,2024-06-11 08:07:00,correo,C0130,"Buenas tardes, quiero que se hagan cargo del monitor de 27 pulgadas, que ha salido malo desde el principio. Saludos cordiales.",garantia,0,1,0,340,18.1,devolucion
M1032,2024-06-11 10:40:00,correo,C0258,"Estimados, no ha llegado nada del pedido P-2024-59613 y necesito que me den una salida. Gracias por la atención.",devolucion,0,0,1,3,18.3,envio
M1033,2024-06-11 10:44:00,correo,C0389,"Buenas, el auricular inalámbrico con cancelación de ruido me llegó con la carcasa rajada por un lado. La caja de fuera estaba intacta, así que venía así de fábrica. Un saludo.",garantia,0,0,0,175,7.2,garantia
M1034,2024-06-11 11:06:00,formulario,C0352,"Hola, buenas, llevé el tocadiscos con previo incorporado al servicio técnico que me indicaron hace 17 días y todavía no sé nada. ¿Cómo consulto el estado de la reparación? Quedo a la espera.",garantia,0,0,0,83,9.1,garantia
M1035,2024-06-11 12:34:00,correo,C0013,"Buenas, quiero que se hagan cargo del reloj inteligente con GPS, que ha salido malo desde el principio. A la espera de su respuesta.",devolucion,0,1,0,13,20.3,devolucion
M1036,2024-06-11 13:13:00,correo,C0318,"Hola, me han llegado dos unidades del router wifi de doble banda y yo solo pedí una. Quiero devolver la que sobra y que me reembolsen los 673,41 euros. A la espera de su respuesta.",devolucion,0,0,0,11,7.5,devolucion
M1037,2024-06-11 14:18:00,correo,C0280,"Hola, la barra de sonido de 2.1 canales no me sirve para lo que la quería. la tengo sin abrir, con el precinto puesto y con la factura dentro de la caja. Quedo a la espera.",devolucion,0,0,0,10,4.2,devolucion
M1038,2024-06-11 16:29:00,correo,,"Buenas tardes, hemos detectado un acceso no autorizado a su cuenta de empresa. Verifique su identidad en las próximas veinticuatro horas o será suspendida. Saludos cordiales.",spam,0,0,0,,0.6,spam
M1039,2024-06-11 17:49:00,correo,,"Buenas tardes, estoy mirando la barra de sonido de 2.1 canales y no me queda claro si es compatible con el equipo que ya tengo en casa. ¿Me lo pueden confirmar antes de comprarla? Gracias por la atención.",producto,0,0,0,,32.5,producto
M1040,2024-06-11 18:05:00,correo,,"Hola, buenas, necesito que el pedido P-2024-48979 lo dejen en el punto de recogida en vez de en casa, que por las mañanas no hay nadie. Muchas gracias.",envio,0,0,0,,2.9,envio
M1041,2024-06-12 09:35:00,formulario,C0100,¿me pueden dar el número de seguimiento?,envio,0,0,0,7,2.9,envio
M1042,2024-06-12 10:26:00,telefono,C0328,[Transcripción de llamada] quiero anular el P-2024-42264,devolucion,0,0,0,5,7.0,devolucion
M1043,2024-06-12 13:14:00,chat,C0210,no me ha llegado nada todavía,envio,0,0,0,7,1.3,envio
M1044,2024-06-12 16:17:00,chat,C0278,"¿lo tenéis en color negro? Por cierto, ¿cuándo tienen previsto que llegue?",envio,1,0,0,6,4.9,envio
M1045,2024-06-12 16:33:00,telefono,,"[Transcripción de llamada] Hola, ofrecemos servicio de atención al cliente externalizado con agentes en horario ampliado. ¿Le interesa que le mandemos una propuesta sin compromiso? Muchas gracias.",spam,0,0,0,,1.9,spam
M1046,2024-06-12 17:22:00,correo,C0144,"el auricular inalámbrico con cancelación de ruido no va, lo quiero devolver",garantia,0,1,0,195,10.6,garantia
M1047,2024-06-12 19:30:00,correo,C0128,"Buenas, necesito la factura del pedido P-2024-72529 con los datos fiscales de mi empresa, que la que me han mandado va a mi nombre particular. Aparte de eso, el aparato vino defectuoso y no hay manera de encenderlo. Un saludo.",garantia,1,0,0,397,11.7,garantia
M1048,2024-06-12 19:53:00,telefono,C0048,"[Transcripción de llamada] Hola, ¿es normal que un pedido tarde 12 días en salir del almacén? Lo hice el 28 de junio y no tengo ni número de seguimiento. Gracias por la atención.",envio,0,0,0,9,4.2,envio
M1049,2024-06-13 08:52:00,formulario,C0144,necesito la factura del P-2024-17485,factura,0,0,0,26,6.8,devolucion
M1050,2024-06-13 12:57:00,correo,C0209,"Buenas, el seguimiento del pedido P-2024-11653 lleva 12 días sin moverse y la fecha prevista de entrega ya ha pasado. ¿Se ha perdido? Saludos cordiales.",envio,0,0,0,3,7.0,producto
M1051,2024-06-13 13:57:00,chat,,"Buenas, estoy mirando la impresora multifunción y no me queda claro si es compatible con el equipo que ya tengo en casa. ¿Me lo pueden confirmar antes de comprarla? Saludos cordiales.",producto,0,0,0,,11.6,producto
M1052,2024-06-13 16:06:00,correo,C0185,"Hola, he pagado con transferencia el pedido P-2024-78842 y me sigue saliendo como pendiente de pago. Adjunto el justificante del banco. Gracias de antemano.",factura,0,0,0,8,8.7,factura
M1053,2024-06-14 09:19:00,telefono,C0105,"[Transcripción de llamada] Buenas tardes, quiero anular el pedido P-2024-71533, que lo hice esta mañana y todavía no ha salido. Si ya ha salido, díganme cómo lo devuelvo. Muchas gracias.",devolucion,0,0,0,9,20.3,devolucion
M1054,2024-06-14 10:05:00,chat,C0300,"lleva 3 días en reparto. En cualquier caso, quiero iniciar la devolución.",devolucion,1,0,0,1,6.5,envio
M1055,2024-06-14 11:20:00,correo,,"Buenas, disponemos de una base de datos de más de doscientos mil contactos del sector del comercio electrónico. Se la podemos ceder a un precio simbólico. Gracias de antemano.",spam,0,0,0,,0.6,spam
M1056,2024-06-14 18:27:00,formulario,C0043,la barra de sonido de 2.1 canales está defectuoso,garantia,0,1,0,193,26.1,garantia
M1057,2024-06-14 19:58:00,correo,,"Estimados, somos una empresa de logística internacional con más de veinte años de experiencia y nos gustaría ofrecerles nuestras tarifas para el próximo trimestre. Muchas gracias.",spam,0,0,0,,0.9,spam
M1058,2024-06-15 12:22:00,chat,C0039,"Buenos días, ¿es normal que un pedido tarde 19 días en salir del almacén? Lo hice el 23 de noviembre y no tengo ni número de seguimiento. Aparte de eso, el aparato vino defectuoso y no hay manera de encenderlo. A la espera de su respuesta.",garantia,1,0,0,628,18.6,envio
M1059,2024-06-15 12:53:00,correo,C0240,"Buenas, quería comprar el altavoz bluetooth portátil pero aparece sin existencias. ¿Van a reponerlo o lo han descatalogado? Y además el importe cobrado no coincide con el del pedido. Muchas gracias.",factura,1,0,0,5,20.2,producto
M1060,2024-06-17 09:26:00,correo,C0095,"Buenas, hice el pedido P-2024-22310 el 23 de marzo y sigue apareciendo como «en preparación». ¿Me pueden decir cuándo sale? Lo necesito para el fin de semana. Saludos cordiales.",envio,0,0,0,6,2.3,envio
M1061,2024-06-17 09:58:00,chat,C0147,"Buenos días, ¿me pueden mandar todas las facturas del año pasado? Las necesito para la declaración y en mi área de cliente solo salen las de los últimos tres meses. Muchas gracias.",factura,0,0,0,104,7.0,factura
M1062,2024-06-17 10:22:00,correo,,"Buenos días, ¿el router wifi de doble banda que tienen en la web es el modelo de este año o el del anterior? En la ficha no aparece la referencia completa. Un saludo.",producto,0,0,0,,3.7,producto
M1063,2024-06-17 11:06:00,formulario,C0340,"Buenas, compré la barra de sonido de 2.1 canales hace 4 días y quiero cambiarla por el modelo superior pagando la diferencia. ¿Se puede o tengo que devolverla y volver a comprar? Gracias por la atención.",devolucion,0,0,0,8,6.8,devolucion
M1064,2024-06-17 11:41:00,chat,C0116,¿dónde está mi pedido?,envio,0,0,0,7,4.9,envio
M1065,2024-06-17 12:11:00,correo,C0215,"Buenos días, el monitor de 27 pulgadas me llegó con la carcasa rajada por un lado. La caja de fuera estaba intacta, así que venía así de fábrica. Quedo a la espera.",garantia,0,0,0,147,31.5,garantia
M1066,2024-06-17 12:15:00,chat,C0056,¿cuánto tarda en llegar si lo pido hoy? Añado que la entrega lleva ya 14 días de retraso.,envio,1,0,0,7,3.9,envio
M1067,2024-06-17 12:34:00,correo,C0053,"Estimados, el pedido P-2024-87213 figura como entregado desde ayer y aquí no ha llegado nada. He preguntado a los vecinos y tampoco saben nada. Y además el importe cobrado no coincide con el del pedido. Un saludo.",factura,1,0,0,108,10.8,factura
M1068,2024-06-17 13:44:00,correo,C0290,"Buenas, no estoy conforme con el router wifi de doble banda: ni funciona bien ni es lo que anunciaban. Quiero una solución. Gracias de antemano.",garantia,0,1,0,22,14.7,garantia
M1069,2024-06-17 15:04:00,correo,C0117,"Buenos días, inicié la devolución del pedido P-2024-31965 por la web, mandé el paquete y han pasado 19 días sin noticias del reembolso. Gracias por la atención.",devolucion,0,0,0,12,14.8,devolucion
M1070,2024-06-17 17:24:00,correo,C0005,lleva 19 meses y ya falla,garantia,0,0,0,322,11.0,garantia
M1071,2024-06-17 17:25:00,chat,,lleva 3 días en reparto,envio,0,0,0,,2.6,envio
M1072,2024-06-17 20:13:00,correo,C0113,"Buenos días, el reloj inteligente con GPS no me sirve para lo que lo quería. lo tengo sin abrir, con el precinto puesto y con la factura dentro de la caja. Gracias por la atención.",devolucion,0,0,0,2,10.2,devolucion
M1073,2024-06-18 12:01:00,correo,,"Buenas tardes, ¿necesita mejorar el posicionamiento de su tienda en línea? Le ofrecemos una auditoría gratuita y sin compromiso de su web. Gracias de antemano.",spam,0,0,0,,0.4,producto
M1074,2024-06-18 12:19:00,formulario,,"Buenas tardes, quería comprar la impresora multifunción pero aparece sin existencias. ¿Van a reponerla o la han descatalogado? Saludos cordiales.",producto,0,0,0,,12.7,producto
M1075,2024-06-18 12:53:00,correo,C0008,"Buenos días, necesito la factura del pedido P-2024-78358 con los datos fiscales de mi empresa, que la que me han mandado va a mi nombre particular. Saludos cordiales.",factura,0,0,0,62,7.6,factura
M1076,2024-06-18 15:00:00,chat,C0196,¿me pueden dar el número de seguimiento? Y además ha empezado a fallar: se apaga solo desde el primer día.,garantia,1,0,0,131,13.7,garantia
M1077,2024-06-18 15:20:00,correo,C0279,"Hola, buenas, compré la barra de sonido de 2.1 canales hace 13 días y quiero cambiarla por el modelo superior pagando la diferencia. ¿Se puede o tengo que devolverla y volver a comprar? Saludos cordiales.",devolucion,0,0,0,1,9.2,devolucion
M1078,2024-06-18 19:36:00,chat,,¿el monitor de 27 pulgadas viene con cables?,producto,0,0,0,,3.9,producto
M1079,2024-06-18 19:39:00,correo,C0284,"Buenas tardes, quiero que se hagan cargo de la funda de silicona reforzada, que ha salido malo desde el principio. Gracias por la atención.",devolucion,0,1,0,8,12.2,devolucion
M1080,2024-06-19 11:26:00,correo,C0210,"Buenas tardes, compré el router wifi de doble banda y no va. ¿Me devuelven el importe o me lo reparan? Gracias de antemano.",garantia,0,1,0,211,27.9,devolucion
M1081,2024-06-19 12:35:00,formulario,C0289,¿llega antes del viernes?,envio,0,0,1,8,4.7,producto
M1082,2024-06-19 13:27:00,correo,,"Hola, buenas, su paquete no ha podido ser entregado por un importe pendiente de 1,79 euros. Confirme sus datos en el enlace para reprogramar la entrega. Un saludo.",spam,0,0,0,,0.6,spam
M1083,2024-06-19 14:13:00,correo,C0397,"Buenas, el altavoz bluetooth portátil no me sirve para lo que lo quería. lo tengo sin abrir, con el precinto puesto y con la factura dentro de la caja. Y lo peor es que no funciona, así que habrá que repararlo. Un saludo.",garantia,1,0,0,687,11.8,garantia
M1084,2024-06-19 17:24:00,formulario,,"Buenas tardes, estoy mirando el auricular inalámbrico con cancelación de ruido y no me queda claro si es compatible con el equipo que ya tengo en casa. ¿Me lo pueden confirmar antes de comprarlo? Gracias por la atención.",producto,0,0,0,,10.6,spam
M1085,2024-06-20 10:38:00,chat,C0076,¿me mandáis la factura?,factura,0,0,0,85,4.0,factura
M1086,2024-06-20 11:11:00,correo,,"Buenas tardes, necesito que el pedido P-2024-65855 lo dejen en el punto de recogida en vez de en casa, que por las mañanas no hay nadie. Gracias de antemano.",envio,0,0,0,,3.2,envio
M1087,2024-06-20 12:42:00,formulario,C0035,¿hacéis descuento por volumen?,producto,0,0,0,159,13.6,producto
M1088,2024-06-20 14:01:00,correo,C0231,"Buenas tardes, necesito la factura del pedido P-2024-33248 con los datos fiscales de mi empresa, que la que me han mandado va a mi nombre particular. Gracias por la atención.",factura,0,0,0,17,4.6,factura
M1089,2024-06-20 15:44:00,chat,C0356,lleva 13 días en reparto,envio,0,0,0,0,4.7,envio
M1090,2024-06-20 15:48:00,correo,C0304,"Estimados, me he equivocado al escribir la dirección de envío del pedido P-2024-17852, puse mal el número de portal. ¿Se puede corregir todavía o ya ha salido? A la espera de su respuesta.",envio,0,0,0,1,4.1,envio
M1091,2024-06-20 16:55:00,formulario,C0238,"Hola, dudo entre la impresora multifunción y otro modelo más caro. ¿Merece la pena la diferencia de 397,55 euros para un uso normal? Quedo a la espera.",producto,0,0,0,173,10.0,producto
M1092,2024-06-20 17:23:00,correo,C0019,"Buenas tardes, ¿me pueden cambiar el auricular inalámbrico con cancelación de ruido por otro? Este viene con un defecto de fábrica. Saludos cordiales.",devolucion,0,1,0,2,8.3,devolucion
M1093,2024-06-21 10:05:00,formulario,C0365,quiero una solución con el micrófono USB de sobremesa,garantia,0,1,0,482,3.9,garantia
M1094,2024-06-21 10:11:00,formulario,C0025,"Buenas tardes, tengo un problema con el móvil Redmi Note y quiero devolverlo. No me sirve así. Un saludo.",garantia,0,1,0,27,7.3,garantia
M1095,2024-06-21 10:25:00,correo,C0231,"Buenos días, hice el pedido P-2024-44046 el 13 de noviembre y sigue apareciendo como «en preparación». ¿Me pueden decir cuándo sale? Lo necesito para el fin de semana. Muchas gracias.",envio,0,0,0,9,5.9,envio
M1096,2024-06-21 12:26:00,telefono,C0248,[Transcripción de llamada] ¿cuándo me devolvéis el dinero?,devolucion,0,0,1,12,8.6,devolucion
M1097,2024-06-21 13:50:00,chat,C0342,sigue sin llegar,envio,0,0,0,0,1.0,envio
M1098,2024-06-21 13:58:00,formulario,C0318,"Estimados, en la factura del teclado mecánico retroiluminado no aparece el IVA desglosado y mi gestoría me la ha devuelto por eso. Gracias de antemano.",factura,0,0,0,1,3.1,factura
M1099,2024-06-21 15:02:00,telefono,C0060,"[Transcripción de llamada] Buenas, estoy mirando el auricular inalámbrico con cancelación de ruido y no me queda claro si es compatible con el equipo que ya tengo en casa. ¿Me lo pueden confirmar antes de comprarlo? Gracias de antemano.",producto,0,0,0,364,4.6,producto
M1100,2024-06-21 16:44:00,formulario,,¿el auricular inalámbrico con cancelación de ruido sirve para jugar?,producto,0,0,0,,7.5,producto
M1101,2024-06-21 17:27:00,telefono,C0324,"[Transcripción de llamada] Hola, el pedido P-2024-11213 no ha llegado y a estas alturas ya no me interesa. Hagan lo que tengan que hacer. A la espera de su respuesta.",devolucion,0,0,1,16,14.0,envio
M1102,2024-06-21 17:32:00,chat,C0042,"Buenos días, el auricular inalámbrico con cancelación de ruido que compré hace 9 meses ha dejado de encender de un día para otro. No se ha caído ni se ha mojado. Gracias por la atención.",garantia,0,0,0,379,14.9,garantia
M1103,2024-06-21 17:34:00,telefono,,"[Transcripción de llamada] Buenas, ¿el portátil Lenovo IdeaPad 3 incluye los cables o hay que comprarlos aparte? Lo pregunto porque en la foto se ven y en el listado no aparecen. Saludos cordiales.",producto,0,0,0,,12.8,producto
M1104,2024-06-21 19:49:00,correo,C0362,"Hola, llevo 17 días esperando el pedido P-2024-51713. Si no llega esta semana, no lo quiero. Saludos cordiales.",envio,0,0,1,2,4.4,devolucion
M1105,2024-06-22 09:44:00,correo,C0169,"Buenos días, el seguimiento del pedido P-2024-75245 lleva 13 días sin moverse y la fecha prevista de entrega ya ha pasado. ¿Se ha perdido? Gracias por la atención.",envio,0,0,0,9,5.6,envio
M1106,2024-06-22 15:44:00,chat,C0278,la factura sale sin mi NIF,factura,0,0,0,29,4.4,factura
M1107,2024-06-23 15:24:00,correo,C0276,"Buenos días, el pedido P-2024-17802 me ha llegado bien pero me he arrepentido de la compra. ¿Cómo inicio la devolución y quién paga el transporte de vuelta? Muchas gracias.",devolucion,0,0,0,11,7.9,devolucion
M1108,2024-06-24 08:14:00,formulario,,¿el tocadiscos con previo incorporado sirve para jugar?,producto,0,0,0,,11.2,producto
M1109,2024-06-24 09:41:00,correo,C0284,¿cómo devuelvo un pedido?,devolucion,0,0,0,12,4.6,devolucion
M1110,2024-06-24 10:17:00,formulario,C0039,quiero que me cambien el tocadiscos con previo incorporado,garantia,0,1,0,530,9.4,garantia
M1111,2024-06-24 10:32:00,telefono,C0363,"[Transcripción de llamada] Estimados, me he equivocado al escribir la dirección de envío del pedido P-2024-34631, puse mal el número de portal. ¿Se puede corregir todavía o ya ha salido? Gracias por la atención.",envio,0,0,0,4,2.6,envio
M1112,2024-06-24 10:37:00,formulario,,"Buenos días, ¿el tocadiscos con previo incorporado incluye los cables o hay que comprarlos aparte? Lo pregunto porque en la foto se ven y en el listado no aparecen. Gracias de antemano.",producto,0,0,0,,6.9,producto
M1113,2024-06-24 11:25:00,formulario,,"Buenos días, dudo entre el altavoz bluetooth portátil y otro modelo más caro. ¿Merece la pena la diferencia de 845,14 euros para un uso normal? Un saludo.",producto,0,0,0,,4.4,producto
M1114,2024-06-24 11:29:00,chat,C0072,necesito la factura del P-2024-62505,factura,0,0,0,94,3.1,devolucion
M1115,2024-06-24 11:53:00,telefono,C0142,"[Transcripción de llamada] Hola, llevé el portátil Lenovo IdeaPad 3 al servicio técnico que me indicaron hace 3 días y todavía no sé nada. ¿Cómo consulto el estado de la reparación? Gracias por la atención.",garantia,0,0,0,266,9.9,garantia
M1116,2024-06-24 12:07:00,correo,C0319,"Buenos días, no estoy conforme con el portátil Lenovo IdeaPad 3: ni funciona bien ni es lo que anunciaban. Quiero una solución. A la espera de su respuesta.",garantia,0,1,0,90,20.1,garantia
M1117,2024-06-24 13:05:00,formulario,C0082,"no me sirve, lo quiero devolver",devolucion,0,0,0,2,7.0,devolucion
M1118,2024-06-24 17:18:00,correo,C0374,"Hola, ¿el auricular inalámbrico con cancelación de ruido que tienen en la web es el modelo de este año o el del anterior? En la ficha no aparece la referencia completa. Por cierto, ¿cuándo tienen previsto que llegue? Un saludo.",envio,1,0,0,11,8.4,envio
M1119,2024-06-25 08:53:00,correo,C0326,"Hola, el cargador rápido de 65 W no funciona como debería. ¿Qué tengo que hacer para que me den una solución? Un saludo.",devolucion,0,1,0,2,11.7,devolucion
M1120,2024-06-25 10:48:00,chat,C0219,¿el cargador rápido de 65 W sirve para jugar? Y además el importe cobrado no coincide con el del pedido.,factura,1,0,0,110,6.7,factura
M1121,2024-06-25 11:51:00,formulario,C0127,"Hola, buenas, necesito que el pedido P-2024-60991 lo dejen en el punto de recogida en vez de en casa, que por las mañanas no hay nadie. Y si no hay solución, quiero devolverlo y que me reembolsen. A la espera de su respuesta.",devolucion,1,0,0,7,7.9,devolucion
M1122,2024-06-25 12:49:00,correo,C0171,"Buenos días, quiero que se hagan cargo del tocadiscos con previo incorporado, que ha salido malo desde el principio. Un saludo.",devolucion,0,1,0,4,10.8,garantia
M1123,2024-06-25 13:07:00,formulario,C0184,quiero anular el P-2024-37551. Y además ha empezado a fallar: se apaga solo desde el primer día.,garantia,1,0,0,160,15.7,garantia
M1124,2024-06-25 13:21:00,correo,C0232,"Hola, buenas, el teclado mecánico retroiluminado del pedido P-2024-72237 hace un ruido raro desde la semana pasada y ahora se apaga solo cada poco rato. Muchas gracias.",garantia,0,0,0,510,19.9,garantia
M1125,2024-06-25 15:47:00,correo,C0180,"Buenas tardes, tengo un problema con el disco SSD de 1 TB y quiero devolverlo. No me sirve así. Muchas gracias.",devolucion,0,1,0,6,10.9,devolucion
M1126,2024-06-25 16:25:00,formulario,C0131,¿cuánto plazo tengo para devolver?,devolucion,0,0,0,13,8.2,devolucion
M1127,2024-06-25 17:10:00,telefono,C0331,"[Transcripción de llamada] Hola, buenas, inicié la devolución del pedido P-2024-71402 por la web, mandé el paquete y han pasado 9 días sin noticias del reembolso. Y lo peor es que no funciona, así que habrá que repararlo. Saludos cordiales.",garantia,1,0,0,331,30.7,garantia
M1128,2024-06-25 18:04:00,correo,C0296,"Buenas tardes, el repartidor dice que ha intentado entregar el altavoz bluetooth portátil dos veces y yo he estado en casa las dos veces. Nadie ha llamado al timbre. Gracias por la atención.",envio,0,0,0,4,3.2,envio
M1129,2024-06-25 20:26:00,correo,C0124,"Buenas, necesito que el pedido P-2024-68479 lo dejen en el punto de recogida en vez de en casa, que por las mañanas no hay nadie. Quedo a la espera.",envio,0,0,0,0,2.5,envio
M1130,2024-06-26 09:02:00,formulario,C0248,"Buenos días, ¿es normal que un pedido tarde 17 días en salir del almacén? Lo hice el 8 de febrero y no tengo ni número de seguimiento. A la espera de su respuesta.",envio,0,0,0,7,4.3,envio
M1131,2024-06-26 09:35:00,formulario,,propuesta de colaboración comercial,spam,0,0,0,,1.1,spam
M1132,2024-06-26 09:53:00,formulario,C0155,"Hola, ¿me pueden mandar todas las facturas del año pasado? Las necesito para la declaración y en mi área de cliente solo salen las de los últimos tres meses. Muchas gracias.",factura,0,0,0,104,10.8,factura
M1133,2024-06-26 10:52:00,correo,C0176,"Hola, buenas, el seguimiento del pedido P-2024-49402 lleva 12 días sin moverse y la fecha prevista de entrega ya ha pasado. ¿Se ha perdido? Gracias de antemano.",envio,0,0,0,1,8.9,envio
M1134,2024-06-26 11:01:00,chat,C0195,"Hola, el cargador rápido de 65 W ha dejado de conectarse después de una actualización y el fabricante me dice que hable con la tienda donde lo compré. Muchas gracias.",garantia,0,0,0,269,10.4,devolucion
M1135,2024-06-26 15:21:00,correo,C0074,"Buenos días, inicié la devolución del pedido P-2024-55015 por la web, mandé el paquete y han pasado 15 días sin noticias del reembolso. Quedo a la espera.",devolucion,0,0,0,13,11.0,devolucion
M1136,2024-06-26 17:09:00,correo,C0318,"Buenas, quería comprar el teclado mecánico retroiluminado pero aparece sin existencias. ¿Van a reponerlo o lo han descatalogado? A la espera de su respuesta.",producto,0,0,0,276,5.3,factura
M1137,2024-06-26 18:06:00,chat,C0107,"Hola, compré el teclado mecánico retroiluminado hace 13 días y quiero cambiarlo por el modelo superior pagando la diferencia. ¿Se puede o tengo que devolverlo y volver a comprar? Muchas gracias.",devolucion,0,0,0,1,5.8,devolucion
M1138,2024-06-27 10:02:00,formulario,C0314,"no funciona, ¿qué hago?",garantia,0,1,0,142,5.7,devolucion
M1139,2024-06-27 11:10:00,formulario,C0105,"Buenos días, estoy mirando el disco SSD de 1 TB y no me queda claro si es compatible con el equipo que ya tengo en casa. ¿Me lo pueden confirmar antes de comprarlo? También necesito la factura, que no me ha llegado. Quedo a la espera.",factura,1,0,0,87,8.7,factura
M1140,2024-06-27 11:51:00,correo,,"Estimados, ¿el teclado mecánico retroiluminado que tienen en la web es el modelo de este año o el del anterior? En la ficha no aparece la referencia completa. Gracias de antemano.",producto,0,0,0,,12.2,producto
M1141,2024-06-27 12:37:00,correo,C0165,lleva 17 días y paso,envio,0,0,1,12,3.2,devolucion
M1142,2024-06-27 14:41:00,formulario,C0312,¿la tablet de 10 pulgadas sirve para jugar?,producto,0,0,0,118,9.3,producto
M1143,2024-06-27 15:08:00,correo,C0205,"Hola, buenas, ¿me pueden cambiar la barra de sonido de 2.1 canales por otro? Este viene con un defecto de fábrica. Muchas gracias.",devolucion,0,1,0,3,13.9,devolucion
M1144,2024-06-27 15:38:00,correo,C0157,"Estimados, el teclado mecánico retroiluminado del pedido P-2024-28408 hace un ruido raro desde la semana pasada y ahora se apaga solo cada poco rato. Quedo a la espera.",garantia,0,0,0,505,13.3,garantia
M1145,2024-06-27 17:08:00,correo,C0051,"Buenas tardes, ¿me pueden mandar todas las facturas del año pasado? Las necesito para la declaración y en mi área de cliente solo salen las de los últimos tres meses. Muchas gracias.",factura,0,0,0,96,7.0,factura
M1146,2024-06-27 18:25:00,formulario,C0017,"Buenas tardes, quiero que se hagan cargo de la barra de sonido de 2.1 canales, que ha salido malo desde el principio. Quedo a la espera.",garantia,0,1,0,382,14.2,garantia
M1147,2024-06-28 08:12:00,chat,C0119,¿dónde está mi pedido?,envio,0,0,0,0,5.2,envio
M1148,2024-06-28 09:20:00,formulario,C0239,"Hola, compré el teclado mecánico retroiluminado hace 10 meses y se ha vuelto a estropear de lo mismo que ya me repararon en marzo. Un saludo.",garantia,0,0,0,34,9.0,garantia
M1149,2024-06-28 09:47:00,correo,C0169,"Buenas tardes, he pedido un micrófono USB de sobremesa y otro artículo en el mismo pedido y solo me ha llegado uno. La caja venía bien cerrada, así que no parece cosa del transporte. Gracias por la atención.",envio,0,0,0,2,6.8,envio
M1150,2024-06-28 18:14:00,correo,C0291,"Buenas, compré el reloj inteligente con GPS hace 7 días y quiero cambiarlo por el modelo superior pagando la diferencia. ¿Se puede o tengo que devolverlo y volver a comprar? Gracias de antemano.",devolucion,0,0,0,7,24.9,devolucion
M1151,2024-06-28 19:14:00,correo,C0192,"Hola, la batería del portátil Lenovo IdeaPad 3 ya no aguanta ni dos horas. lo compré hace 19 meses y lo uso siempre con el cargador que venía en la caja. Gracias por la atención.",garantia,0,0,0,29,16.6,garantia
M1152,2024-06-29 11:00:00,chat,,¿lo tenéis en color negro?,producto,0,0,0,,10.8,producto
M1153,2024-06-29 18:12:00,correo,,¿cuánto tarda en llegar si lo pido hoy?,producto,0,0,0,,5.1,producto
M1154,2024-07-01 09:00:00,correo,C0304,"Buenas, el disco SSD de 1 TB del pedido P-2024-54136 hace un ruido raro desde la semana pasada y ahora se apaga solo cada poco rato. Gracias de antemano.",garantia,0,0,0,613,7.0,garantia
M1155,2024-07-01 09:13:00,correo,,"Hola, ofrecemos servicio de atención al cliente externalizado con agentes en horario ampliado. ¿Le interesa que le mandemos una propuesta sin compromiso? Gracias de antemano.",spam,0,0,0,,0.4,spam
M1156,2024-07-01 09:14:00,correo,C0374,"Hola, hace tiempo que espero la devolución del importe del pedido P-2024-42162 y no tengo noticias. A la espera de su respuesta.",devolucion,0,0,1,23,4.8,devolucion
M1157,2024-07-01 09:18:00,formulario,C0042,"Hola, he recibido el pedido P-2024-87955 y el aparato no va. La caja tiene un golpe en un lateral. Muchas gracias.",envio,0,0,1,5,6.5,garantia
M1158,2024-07-01 09:26:00,correo,C0204,no me ha llegado nada todavía,envio,0,0,0,3,5.8,envio
M1159,2024-07-01 09:46:00,formulario,,"Buenas tardes, somos una empresa de logística internacional con más de veinte años de experiencia y nos gustaría ofrecerles nuestras tarifas para el próximo trimestre. Quedo a la espera.",spam,0,0,0,,0.9,spam
M1160,2024-07-01 09:54:00,chat,C0301,¿dónde está mi pedido?,envio,0,0,0,11,4.8,envio
M1161,2024-07-01 10:39:00,formulario,C0255,"Hola, buenas, me he equivocado al escribir la dirección de envío del pedido P-2024-27424, puse mal el número de portal. ¿Se puede corregir todavía o ya ha salido? Saludos cordiales.",envio,0,0,0,1,3.6,envio
M1162,2024-07-01 11:07:00,formulario,C0192,"Estimados, quiero devolver la impresora multifunción que compré el 25 de julio. No es lo que esperaba y no le voy a dar uso. Aún estoy dentro de plazo, ¿verdad? Muchas gracias.",devolucion,0,0,0,8,15.4,devolucion
M1163,2024-07-01 12:10:00,formulario,,"Buenas, en la ficha de la barra de sonido de 2.1 canales pone una cosa en las características y otra distinta en la descripción. ¿Cuál de las dos es la buena? Gracias de antemano.",producto,0,0,0,,1.9,producto
M1164,2024-07-01 12:52:00,correo,,"Buenas tardes, me interesa el tocadiscos con previo incorporado para un regalo. ¿lo mandan en caja neutra y sin el precio dentro? Gracias por la atención.",producto,0,0,0,,13.0,producto
M1165,2024-07-01 13:04:00,correo,C0319,"Hola, el reloj inteligente con GPS vino con un fallo. Prefiero que me devuelvan el importe a que me lo arreglen. Saludos cordiales.",garantia,0,1,0,68,8.7,garantia
M1166,2024-07-01 14:03:00,correo,C0175,"Estimados, quería comprar la funda de silicona reforzada pero aparece sin existencias. ¿Van a reponerla o la han descatalogado? También necesito la factura, que no me ha llegado. Muchas gracias.",factura,1,0,0,69,14.3,factura
M1167,2024-07-01 14:24:00,correo,C0260,"Buenas tardes, hice el pedido P-2024-71140 el 2 de enero y sigue apareciendo como «en preparación». ¿Me pueden decir cuándo sale? Lo necesito para el fin de semana. Gracias de antemano.",envio,0,0,0,4,4.1,envio
M1168,2024-07-01 15:48:00,formulario,C0176,"Buenas, necesito saber el plazo de entrega de la impresora multifunción, que tengo una fecha límite. Gracias por la atención.",envio,0,0,1,3,6.8,envio
M1169,2024-07-01 17:56:00,correo,C0212,"Estimados, en la ficha del tocadiscos con previo incorporado pone una cosa en las características y otra distinta en la descripción. ¿Cuál de las dos es la buena? A la espera de su respuesta.",producto,0,0,0,319,9.2,producto
M1170,2024-07-01 20:24:00,chat,C0269,"Buenas tardes, he pedido un micrófono USB de sobremesa y otro artículo en el mismo pedido y solo me ha llegado uno. La caja venía bien cerrada, así que no parece cosa del transporte. A la espera de su respuesta.",envio,0,0,0,2,7.9,envio
M1171,2024-07-02 09:27:00,telefono,C0319,"[Transcripción de llamada] Buenas tardes, la barra de sonido de 2.1 canales no me sirve para lo que la quería. la tengo sin abrir, con el precinto puesto y con la factura dentro de la caja. Muchas gracias.",devolucion,0,0,0,9,7.3,devolucion
M1172,2024-07-02 09:44:00,correo,C0324,"Hola, el reembolso del pedido P-2024-20227 lo aceptaron hace 11 días y en la cuenta no ha entrado nada todavía. Aparte de eso, el aparato vino defectuoso y no hay manera de encenderlo. Gracias por la atención.",garantia,1,0,0,331,21.0,garantia
M1173,2024-07-02 10:20:00,correo,C0124,"Buenas, no me quedo con el portátil Lenovo IdeaPad 3: da problemas desde el primer día. Gracias de antemano.",devolucion,0,1,0,14,8.4,devolucion
M1174,2024-07-02 10:29:00,correo,C0026,"Buenos días, la impresora multifunción vino con un fallo. Prefiero que me devuelvan el importe a que me la arreglen. Gracias de antemano.",devolucion,0,1,0,5,10.9,devolucion
M1175,2024-07-02 10:55:00,formulario,C0223,"Buenos días, en la factura del pedido P-2024-71306 aparece un importe distinto del que pagué. Yo tengo un cargo de 337,24 euros en la tarjeta. Saludos cordiales.",factura,0,0,0,72,10.5,factura
M1176,2024-07-02 11:17:00,correo,C0216,"Buenas tardes, el altavoz bluetooth portátil ha dejado de conectarse después de una actualización y el fabricante me dice que hable con la tienda donde lo compré. Gracias de antemano.",garantia,0,0,0,627,5.5,garantia
M1177,2024-07-02 12:54:00,correo,C0286,"Hola, buenas, el seguimiento del pedido P-2024-55367 lleva 17 días sin moverse y la fecha prevista de entrega ya ha pasado. ¿Se ha perdido? En cualquier caso, quiero iniciar la devolución. Quedo a la espera.",devolucion,1,0,0,6,12.3,devolucion
M1178,2024-07-02 14:25:00,correo,,"Buenas tardes, dudo entre el cargador rápido de 65 W y otro modelo más caro. ¿Merece la pena la diferencia de 734,56 euros para un uso normal? Un saludo.",producto,0,0,0,,7.5,spam
M1179,2024-07-02 16:51:00,formulario,C0300,"Buenas tardes, en la ficha de la impresora multifunción pone una cosa en las características y otra distinta en la descripción. ¿Cuál de las dos es la buena? Por cierto, ¿cuándo tienen previsto que llegue? Gracias por la atención.",envio,1,0,0,2,12.1,envio
M1180,2024-07-02 17:51:00,correo,,"Buenas, última oportunidad: setenta por ciento de descuento en nuestro programa de facturación electrónica para pymes. Oferta válida solo esta semana. Gracias por la atención.",spam,0,0,0,,2.6,spam
M1181,2024-07-02 18:27:00,formulario,,"Buenas tardes, hemos detectado un acceso no autorizado a su cuenta de empresa. Verifique su identidad en las próximas veinticuatro horas o será suspendida. Un saludo.",spam,0,0,0,,0.6,spam
M1182,2024-07-03 08:21:00,formulario,C0128,"Hola, me han cobrado dos veces los 52,54 euros del pedido P-2024-82965. En el banco aparecen los dos cargos con la misma fecha. Saludos cordiales.",factura,0,0,0,18,6.3,factura
M1183,2024-07-03 10:16:00,correo,C0320,"Hola, buenas, en la factura del teclado mecánico retroiluminado no aparece el IVA desglosado y mi gestoría me la ha devuelto por eso. Gracias por la atención.",factura,0,0,0,87,8.6,factura
M1184,2024-07-03 10:26:00,formulario,C0207,"Hola, ¿en cuántos días se entrega la impresora multifunción? Es para un regalo y voy justo de tiempo. A la espera de su respuesta.",producto,0,0,1,18,10.5,envio
M1185,2024-07-03 10:50:00,correo,C0068,"Hola, buenas, ¿en cuántos días se entrega el router wifi de doble banda? Es para un regalo y voy justo de tiempo. A la espera de su respuesta.",envio,0,0,1,24,8.5,envio
M1186,2024-07-03 11:02:00,correo,,"Buenos días, dudo entre el monitor de 27 pulgadas y otro modelo más caro. ¿Merece la pena la diferencia de 574,60 euros para un uso normal? Gracias por la atención.",producto,0,0,0,,8.7,producto
M1187,2024-07-03 12:55:00,correo,C0203,"Buenas, el teclado mecánico retroiluminado ha dejado de funcionar y quiero devolverlo y recuperar mi dinero. Quedo a la espera.",garantia,0,1,0,140,18.6,garantia
M1188,2024-07-03 16:05:00,formulario,,"Hola, buenas, ofrecemos servicio de atención al cliente externalizado con agentes en horario ampliado. ¿Le interesa que le mandemos una propuesta sin compromiso? Muchas gracias.",spam,0,0,0,,0.8,spam
M1189,2024-07-03 16:13:00,correo,C0365,"Hola, hice el pedido P-2024-92396 el 26 de enero y sigue apareciendo como «en preparación». ¿Me pueden decir cuándo sale? Lo necesito para el fin de semana. A la espera de su respuesta.",envio,0,0,0,3,9.9,envio
M1190,2024-07-03 20:31:00,correo,,"Buenos días, quiero devolver el monitor de 27 pulgadas que compré el 27 de noviembre. No es lo que esperaba y no le voy a dar uso. Aún estoy dentro de plazo, ¿verdad? Saludos cordiales.",devolucion,0,0,0,,8.0,devolucion
M1191,2024-07-04 08:36:00,correo,C0284,¿cuánto plazo tengo para devolver?,devolucion,0,0,0,2,9.6,devolucion
M1192,2024-07-04 09:29:00,correo,C0376,"Estimados, el pedido P-2024-74130 figura como entregado desde ayer y aquí no ha llegado nada. He preguntado a los vecinos y tampoco saben nada. A la espera de su respuesta.",envio,0,0,0,9,5.3,envio
M1193,2024-07-04 11:50:00,correo,C0046,"Buenas tardes, dudo entre la barra de sonido de 2.1 canales y otro modelo más caro. ¿Merece la pena la diferencia de 484,05 euros para un uso normal? Un saludo.",producto,0,0,0,272,5.1,envio
M1194,2024-07-04 17:07:00,correo,C0327,"Estimados, dudo entre el router wifi de doble banda y otro modelo más caro. ¿Merece la pena la diferencia de 156,44 euros para un uso normal? Muchas gracias.",producto,0,0,0,38,9.9,producto
M1195,2024-07-05 09:13:00,correo,C0007,"Hola, buenas, inicié la devolución del pedido P-2024-37912 por la web, mandé el paquete y han pasado 6 días sin noticias del reembolso. Saludos cordiales.",devolucion,0,0,0,3,15.5,devolucion
M1196,2024-07-05 09:46:00,formulario,C0279,"Buenos días, he recibido el pedido P-2024-90710 y el aparato no va. La caja tiene un golpe en un lateral. A la espera de su respuesta.",envio,0,0,1,1,5.7,envio
M1197,2024-07-05 10:01:00,formulario,C0039,¿me pueden dar el número de seguimiento?,envio,0,0,0,8,4.3,envio
M1198,2024-07-05 14:51:00,correo,C0098,"Hola, el reembolso del pedido P-2024-23155 lo aceptaron hace 4 días y en la cuenta no ha entrado nada todavía. Gracias de antemano.",factura,0,0,0,27,3.5,factura
M1199,2024-07-05 15:33:00,chat,C0059,"Hola, buenas, necesito que el pedido P-2024-24202 lo dejen en el punto de recogida en vez de en casa, que por las mañanas no hay nadie. Gracias por la atención.",envio,0,0,0,0,5.3,envio
M1200,2024-07-05 16:55:00,correo,C0035,"Estimados, ¿es normal que un pedido tarde 8 días en salir del almacén? Lo hice el 20 de enero y no tengo ni número de seguimiento. Gracias de antemano.",envio,0,0,0,3,2.2,envio
M1201,2024-07-05 17:23:00,telefono,C0331,"[Transcripción de llamada] Buenos días, el altavoz bluetooth portátil ha dejado de conectarse después de una actualización y el fabricante me dice que hable con la tienda donde lo compré. Gracias de antemano.",garantia,0,0,0,111,15.8,garantia
M1202,2024-07-05 17:45:00,formulario,C0043,"Estimados, el seguimiento del pedido P-2024-73764 lleva 2 días sin moverse y la fecha prevista de entrega ya ha pasado. ¿Se ha perdido? Gracias por la atención.",envio,0,0,0,3,4.1,envio
M1203,2024-07-05 18:35:00,formulario,C0090,"Hola, el repartidor dice que ha intentado entregar el cargador rápido de 65 W dos veces y yo he estado en casa las dos veces. Nadie ha llamado al timbre. Muchas gracias.",envio,0,0,0,6,7.3,envio
M1204,2024-07-05 19:34:00,chat,C0067,no me ha llegado nada todavía,envio,0,0,0,7,3.5,envio
M1205,2024-07-05 19:43:00,correo,C0191,"Estimados, el pedido P-2024-21577 no ha llegado y a estas alturas ya no me interesa. Hagan lo que tengan que hacer. Saludos cordiales.",envio,0,0,1,1,10.5,devolucion
M1206,2024-07-06 12:27:00,telefono,C0097,[Transcripción de llamada] la impresora multifunción da problemas,garantia,0,1,0,477,10.5,garantia
M1207,2024-07-06 15:29:00,correo,C0321,"Buenas tardes, ¿me pueden decir en qué estado está mi reembolso del pedido P-2024-33300? Nadie me contesta. Muchas gracias.",devolucion,0,0,1,25,10.5,devolucion
M1208,2024-07-06 19:11:00,correo,C0378,"Estimados, estoy mirando el cargador rápido de 65 W y no me queda claro si es compatible con el equipo que ya tengo en casa. ¿Me lo pueden confirmar antes de comprarlo? Saludos cordiales.",producto,0,0,0,383,6.8,producto
M1209,2024-07-07 12:30:00,telefono,,"[Transcripción de llamada] Hola, quería comprar el reloj inteligente con GPS pero aparece sin existencias. ¿Van a reponerlo o lo han descatalogado? Gracias por la atención.",producto,0,0,0,,9.9,producto
M1210,2024-07-07 13:55:00,telefono,C0368,"[Transcripción de llamada] Buenos días, la impresora multifunción ha dejado de funcionar y quiero devolverla y recuperar mi dinero. A la espera de su respuesta.",devolucion,0,1,0,8,8.2,garantia
M1211,2024-07-07 15:44:00,chat,,"Estimados, dudo entre el reloj inteligente con GPS y otro modelo más caro. ¿Merece la pena la diferencia de 859,42 euros para un uso normal? Muchas gracias.",producto,0,0,0,,10.5,producto
M1212,2024-07-08 09:57:00,formulario,,¿cuánto tarda en llegar si lo pido hoy?,producto,0,0,0,,6.8,producto
M1213,2024-07-08 10:04:00,formulario,C0049,"¿dónde está mi pedido? Y si no hay solución, quiero devolverlo y que me reembolsen.",devolucion,1,0,0,7,8.2,devolucion
M1214,2024-07-08 10:09:00,chat,C0328,me habéis cobrado dos veces,factura,0,0,0,54,5.8,factura
M1215,2024-07-08 14:43:00,correo,C0204,"Hola, buenas, me he equivocado al escribir la dirección de envío del pedido P-2024-59281, puse mal el número de portal. ¿Se puede corregir todavía o ya ha salido? Gracias de antemano.",envio,0,0,0,11,5.6,envio
M1216,2024-07-08 16:04:00,correo,,tenemos una propuesta para su empresa,spam,0,0,0,,0.3,spam
M1217,2024-07-08 17:59:00,chat,C0016,"Buenas, el auricular inalámbrico con cancelación de ruido vino con un fallo. Prefiero que me devuelvan el importe a que me lo arreglen. Muchas gracias.",devolucion,0,1,0,11,6.5,devolucion
M1218,2024-07-08 18:08:00,correo,C0267,"Hola, ¿es normal que un pedido tarde 6 días en salir del almacén? Lo hice el 24 de noviembre y no tengo ni número de seguimiento. Gracias de antemano.",envio,0,0,0,0,7.7,devolucion
M1219,2024-07-08 19:45:00,correo,C0172,"Buenos días, quiero devolver la tablet de 10 pulgadas que compré el 7 de octubre. No es lo que esperaba y no le voy a dar uso. Aún estoy dentro de plazo, ¿verdad? Gracias de antemano.",devolucion,0,0,0,7,7.3,devolucion
M1220,2024-07-09 10:03:00,formulario,C0336,"el router wifi de doble banda no va, lo quiero devolver",devolucion,0,1,0,9,13.5,devolucion
M1221,2024-07-09 14:55:00,correo,C0272,"Estimados, en la factura del pedido P-2024-56742 aparece un importe distinto del que pagué. Yo tengo un cargo de 612,43 euros en la tarjeta. En cualquier caso, quiero iniciar la devolución. Muchas gracias.",devolucion,1,0,0,7,13.3,devolucion
M1222,2024-07-09 19:30:00,formulario,C0147,el router wifi de doble banda vino dañado,envio,0,0,1,11,2.6,envio
M1223,2024-07-10 09:01:00,correo,C0036,¿cuánto plazo tengo para devolver?,devolucion,0,0,0,13,12.6,devolucion
M1224,2024-07-10 10:45:00,chat,C0254,sigue sin llegar. Llegados a este punto prefiero devolver el pedido entero.,devolucion,1,0,0,9,13.1,devolucion
M1225,2024-07-10 11:14:00,formulario,,"Buenos días, he pagado con transferencia el pedido P-2024-49689 y me sigue saliendo como pendiente de pago. Adjunto el justificante del banco. A la espera de su respuesta.",factura,0,0,0,,7.1,factura
M1226,2024-07-10 17:30:00,formulario,C0132,"Buenas, no ha llegado nada del pedido P-2024-76569 y necesito que me den una salida. Quedo a la espera.",devolucion,0,0,1,11,15.2,envio
M1227,2024-07-10 18:54:00,formulario,C0127,"Buenos días, en la factura del tocadiscos con previo incorporado no aparece el IVA desglosado y mi gestoría me la ha devuelto por eso. Un saludo.",factura,0,0,0,108,13.0,factura
M1228,2024-07-11 13:03:00,chat,C0287,"¿cuánto tarda en llegar si lo pido hoy? Y de paso, el seguimiento sigue sin actualizarse.",envio,1,0,0,9,12.1,envio
M1229,2024-07-11 14:51:00,formulario,C0013,el portátil Lenovo IdeaPad 3 me llegó roto,garantia,0,0,0,25,10.7,garantia
M1230,2024-07-11 19:38:00,formulario,C0284,la impresora multifunción me llegó roto,garantia,0,0,0,270,7.5,garantia
M1231,2024-07-12 08:52:00,formulario,C0234,"Hola, buenas, el pedido P-2024-69987 me ha llegado bien pero me he arrepentido de la compra. ¿Cómo inicio la devolución y quién paga el transporte de vuelta? A la espera de su respuesta.",devolucion,0,0,0,4,6.9,devolucion
M1232,2024-07-12 09:45:00,correo,C0368,"Buenas, necesito que recojan el cargador rápido de 65 W y me den una solución, porque así no me sirve para nada. A la espera de su respuesta.",devolucion,0,1,0,5,10.3,devolucion
M1233,2024-07-12 10:31:00,correo,C0068,"Buenos días, me ha llegado el reloj inteligente con GPS con la carcasa partida. ¿Qué hago con él? Un saludo.",envio,0,0,1,8,8.0,envio
M1234,2024-07-12 11:08:00,telefono,C0359,"[Transcripción de llamada] Hola, buenas, me interesa la impresora multifunción para un regalo. ¿la mandan en caja neutra y sin el precio dentro? Gracias de antemano.",producto,0,0,0,149,4.7,producto
M1235,2024-07-12 11:24:00,chat,C0097,¿tenéis la impresora multifunción?,producto,0,0,0,297,10.3,producto
M1236,2024-07-12 12:32:00,correo,C0365,"Estimados, compré el portátil Lenovo IdeaPad 3 hace 8 meses y se ha vuelto a estropear de lo mismo que ya me repararon en marzo. Saludos cordiales.",garantia,0,0,0,251,3.5,garantia
M1237,2024-07-12 14:23:00,telefono,C0359,"[Transcripción de llamada] Estimados, necesito la factura del pedido P-2024-64590 con los datos fiscales de mi empresa, que la que me han mandado va a mi nombre particular. A la espera de su respuesta.",factura,0,0,0,18,3.4,factura
M1238,2024-07-12 15:04:00,formulario,C0016,"Buenas tardes, inicié la devolución del pedido P-2024-94820 por la web, mandé el paquete y han pasado 4 días sin noticias del reembolso. Quedo a la espera.",devolucion,0,0,0,7,9.5,devolucion
M1239,2024-07-12 16:40:00,correo,C0144,"Hola, en la ficha del teclado mecánico retroiluminado pone una cosa en las características y otra distinta en la descripción. ¿Cuál de las dos es la buena? Saludos cordiales.",producto,0,0,0,398,4.8,producto
M1240,2024-07-12 16:50:00,correo,C0283,"Buenas, necesito saber el plazo de entrega del cargador rápido de 65 W, que tengo una fecha límite. A la espera de su respuesta.",envio,0,0,1,14,7.5,envio
M1241,2024-07-12 18:22:00,formulario,C0394,"Buenos días, el pedido P-2024-17354 me ha llegado bien pero me he arrepentido de la compra. ¿Cómo inicio la devolución y quién paga el transporte de vuelta? Gracias de antemano.",devolucion,0,0,0,2,8.7,devolucion
M1242,2024-07-12 18:40:00,correo,,"Buenas tardes, ¿el móvil Redmi Note que tienen en la web es el modelo de este año o el del anterior? En la ficha no aparece la referencia completa. Y además el importe cobrado no coincide con el del pedido. Un saludo.",factura,1,0,0,,9.0,factura
M1243,2024-07-13 08:06:00,correo,C0334,"Buenas tardes, el pedido P-2024-79135 sigue sin aparecer y yo ya lo he comprado en otro sitio. Saludos cordiales.",envio,0,0,1,16,3.8,envio
M1244,2024-07-13 14:01:00,telefono,C0371,"[Transcripción de llamada] Buenas, necesito que el pedido P-2024-27464 lo dejen en el punto de recogida en vez de en casa, que por las mañanas no hay nadie. Gracias de antemano.",envio,0,0,0,10,3.7,envio
M1245,2024-07-14 09:49:00,formulario,,aumente sus ventas un 300 %,spam,0,0,0,,0.8,spam
M1246,2024-07-14 10:06:00,telefono,C0056,"[Transcripción de llamada] Hola, he recibido el pedido P-2024-84862 y el aparato no va. La caja tiene un golpe en un lateral. Muchas gracias.",envio,0,0,1,0,6.0,garantia
M1247,2024-07-15 08:05:00,correo,C0226,"Buenas, el cargador rápido de 65 W del pedido P-2024-84464 hace un ruido raro desde la semana pasada y ahora se apaga solo cada poco rato. Saludos cordiales.",garantia,0,0,0,554,17.4,garantia
M1248,2024-07-15 09:23:00,correo,C0048,"Hola, necesito que recojan la impresora multifunción y me den una solución, porque así no me sirve para nada. Gracias por la atención.",garantia,0,1,0,67,16.8,devolucion
M1249,2024-07-15 09:41:00,formulario,C0344,"Buenos días, el pedido P-2024-44233 me ha llegado bien pero me he arrepentido de la compra. ¿Cómo inicio la devolución y quién paga el transporte de vuelta? Gracias por la atención.",devolucion,0,0,0,9,9.8,devolucion
M1250,2024-07-15 09:46:00,correo,C0270,"Hola, buenas, ¿es normal que un pedido tarde 17 días en salir del almacén? Lo hice el 23 de octubre y no tengo ni número de seguimiento. Gracias por la atención.",envio,0,0,0,0,9.6,devolucion
M1251,2024-07-15 13:11:00,telefono,C0049,"[Transcripción de llamada] Buenas tardes, el teclado mecánico retroiluminado ha dejado de funcionar y quiero devolverlo y recuperar mi dinero. Gracias por la atención.",devolucion,0,1,0,11,8.7,devolucion
M1252,2024-07-15 13:33:00,correo,C0114,"Hola, he pedido una barra de sonido de 2.1 canales y otro artículo en el mismo pedido y solo me ha llegado uno. La caja venía bien cerrada, así que no parece cosa del transporte. A la espera de su respuesta.",envio,0,0,0,1,4.8,garantia
M1253,2024-07-15 15:48:00,chat,C0234,¿cuánto plazo tengo para devolver?,devolucion,0,0,0,13,8.5,devolucion
M1254,2024-07-15 15:48:00,formulario,,"Buenas tardes, ¿el auricular inalámbrico con cancelación de ruido incluye los cables o hay que comprarlos aparte? Lo pregunto porque en la foto se ven y en el listado no aparecen. Saludos cordiales.",producto,0,0,0,,10.0,producto
M1255,2024-07-15 17:04:00,chat,C0400,la impresora multifunción no enciende,garantia,0,0,0,65,11.4,garantia
M1256,2024-07-15 19:17:00,correo,C0071,"Buenas tardes, me interesa la barra de sonido de 2.1 canales para un regalo. ¿la mandan en caja neutra y sin el precio dentro? También necesito la factura, que no me ha llegado. Quedo a la espera.",factura,1,0,0,54,4.8,producto
M1257,2024-07-15 20:45:00,correo,C0309,"Buenas, el portátil Lenovo IdeaPad 3 ha dejado de conectarse después de una actualización y el fabricante me dice que hable con la tienda donde lo compré. Gracias por la atención.",garantia,0,0,0,476,6.9,garantia
M1258,2024-07-16 11:35:00,formulario,,tenemos una propuesta para su empresa,spam,0,0,0,,1.1,producto
M1259,2024-07-16 11:39:00,formulario,C0338,¿me pueden dar el número de seguimiento?,envio,0,0,0,9,3.3,garantia
M1260,2024-07-16 11:39:00,chat,,¿le interesa nuestra oferta?,spam,0,0,0,,0.6,spam
M1261,2024-07-16 12:56:00,correo,,"Estimados, ¿la funda de silicona reforzada incluye los cables o hay que comprarlos aparte? Lo pregunto porque en la foto se ven y en el listado no aparecen. Saludos cordiales.",producto,0,0,0,,7.3,producto
M1262,2024-07-16 17:58:00,formulario,C0333,"Buenas, la tablet de 10 pulgadas me llegó con la carcasa rajada por un lado. La caja de fuera estaba intacta, así que venía así de fábrica. Muchas gracias.",garantia,0,0,0,568,18.0,devolucion
M1263,2024-07-16 19:20:00,correo,C0193,"Estimados, quiero saber cuándo me devuelven los 150,73 euros del pedido P-2024-15155. Llevo semanas esperando. A la espera de su respuesta.",factura,0,0,1,26,8.5,devolucion
M1264,2024-07-17 10:28:00,formulario,C0280,"Hola, me han llegado dos unidades del router wifi de doble banda y yo solo pedí una. Quiero devolver la que sobra y que me reembolsen los 706,60 euros. Gracias por la atención.",devolucion,0,0,0,3,12.3,devolucion
M1265,2024-07-17 11:07:00,correo,C0362,"Buenas tardes, ¿me pueden mandar todas las facturas del año pasado? Las necesito para la declaración y en mi área de cliente solo salen las de los últimos tres meses. Un saludo.",factura,0,0,0,117,4.0,factura
M1266,2024-07-17 11:41:00,correo,C0260,"Hola, buenas, compré el reloj inteligente con GPS hace 8 meses y se ha vuelto a estropear de lo mismo que ya me repararon en marzo. Saludos cordiales.",garantia,0,0,0,438,5.5,garantia
M1267,2024-07-17 12:44:00,correo,C0284,"Buenas, quería comprar el reloj inteligente con GPS pero aparece sin existencias. ¿Van a reponerlo o lo han descatalogado? Añado que la entrega lleva ya 10 días de retraso. Saludos cordiales.",envio,1,0,0,4,5.8,envio
M1268,2024-07-17 14:37:00,correo,C0122,"Estimados, la impresora multifunción vino con un fallo. Prefiero que me devuelvan el importe a que me la arreglen. Saludos cordiales.",garantia,0,1,0,341,6.9,garantia
M1269,2024-07-17 20:56:00,chat,C0109,¿cuándo llega el P-2024-71436?,envio,0,0,0,3,4.7,devolucion
M1270,2024-07-18 09:21:00,correo,,"Buenas, ¿necesita mejorar el posicionamiento de su tienda en línea? Le ofrecemos una auditoría gratuita y sin compromiso de su web. Gracias de antemano.",spam,0,0,0,,0.7,spam
M1271,2024-07-18 10:25:00,correo,C0398,"Buenos días, en la factura del pedido P-2024-29728 aparece un importe distinto del que pagué. Yo tengo un cargo de 229,12 euros en la tarjeta. Gracias de antemano.",factura,0,0,0,30,3.6,factura
M1272,2024-07-18 10:54:00,correo,C0099,"Hola, el seguimiento del pedido P-2024-17091 lleva 10 días sin moverse y la fecha prevista de entrega ya ha pasado. ¿Se ha perdido? A la espera de su respuesta.",envio,0,0,0,3,7.3,envio
M1273,2024-07-18 11:13:00,correo,,"Buenas tardes, el tocadiscos con previo incorporado que compré hace 2 meses ha dejado de encender de un día para otro. No se ha caído ni se ha mojado. Saludos cordiales.",garantia,0,0,0,,9.5,garantia
M1274,2024-07-18 11:33:00,telefono,C0075,"[Transcripción de llamada] Estimados, el móvil Redmi Note vino con un fallo. Prefiero que me devuelvan el importe a que me lo arreglen. Gracias por la atención.",devolucion,0,1,0,5,11.8,devolucion
M1275,2024-07-18 15:00:00,correo,C0180,"Buenas, he pedido un cargador rápido de 65 W y otro artículo en el mismo pedido y solo me ha llegado uno. La caja venía bien cerrada, así que no parece cosa del transporte. A la espera de su respuesta.",envio,0,0,0,1,12.5,envio
M1276,2024-07-18 16:19:00,chat,C0158,quiero que me cambien el disco SSD de 1 TB,devolucion,0,1,0,5,8.1,garantia
M1277,2024-07-18 16:47:00,formulario,C0258,me ha llegado roto,envio,0,0,1,2,3.9,envio
M1278,2024-07-18 17:54:00,correo,C0196,"Buenas tardes, he pedido un cargador rápido de 65 W y otro artículo en el mismo pedido y solo me ha llegado uno. La caja venía bien cerrada, así que no parece cosa del transporte. Quedo a la espera.",envio,0,0,0,7,6.0,envio
M1279,2024-07-18 20:29:00,chat,C0185,"si no llega hoy, anulad",envio,0,0,1,13,3.5,devolucion
M1280,2024-07-19 10:38:00,correo,C0128,"Buenas, necesito que el pedido P-2024-36724 lo dejen en el punto de recogida en vez de en casa, que por las mañanas no hay nadie. Gracias de antemano.",envio,0,0,0,9,7.9,envio
M1281,2024-07-19 11:11:00,correo,C0023,"Hola, buenas, quería comprar el router wifi de doble banda pero aparece sin existencias. ¿Van a reponerlo o lo han descatalogado? Quedo a la espera.",producto,0,0,0,106,12.2,producto
M1282,2024-07-19 11:43:00,formulario,C0370,"Buenas tardes, quiero saber cuándo me devuelven los 387,30 euros del pedido P-2024-91457. Llevo semanas esperando. Gracias de antemano.",devolucion,0,0,1,21,10.3,devolucion
M1283,2024-07-19 12:10:00,chat,C0239,"no me cuadra el importe. Y lo peor es que no funciona, así que habrá que repararlo.",garantia,1,0,0,99,15.2,garantia
M1284,2024-07-19 12:43:00,formulario,C0240,"Hola, buenas, quiero anular el pedido P-2024-30996, que lo hice esta mañana y todavía no ha salido. Si ya ha salido, díganme cómo lo devuelvo. Muchas gracias.",devolucion,0,0,0,1,20.4,devolucion
M1285,2024-07-19 14:54:00,correo,C0227,"Hola, me han llegado dos unidades de la impresora multifunción y yo solo pedí una. Quiero devolver la que sobra y que me reembolsen los 302,90 euros. Y lo peor es que no funciona, así que habrá que repararlo. A la espera de su respuesta.",garantia,1,0,0,567,12.2,devolucion
M1286,2024-07-19 16:42:00,formulario,C0146,"Buenas, quiero que se hagan cargo del reloj inteligente con GPS, que ha salido malo desde el principio. Gracias de antemano.",garantia,0,1,0,293,14.7,garantia
M1287,2024-07-19 16:49:00,chat,C0173,lleva 13 días en reparto,envio,0,0,0,1,14.0,devolucion
M1288,2024-07-19 17:17:00,correo,C0113,"Estimados, la impresora multifunción que compré hace 22 meses ha dejado de encender de un día para otro. No se ha caído ni se ha mojado. Saludos cordiales.",garantia,0,0,0,579,8.0,garantia
M1289,2024-07-19 18:25:00,chat,C0281,"Hola, buenas, el pedido P-2024-19313 figura como entregado desde ayer y aquí no ha llegado nada. He preguntado a los vecinos y tampoco saben nada. Quedo a la espera.",envio,0,0,0,1,3.7,garantia
M1290,2024-07-20 09:18:00,correo,C0003,"Buenas tardes, necesito la factura del pedido P-2024-20300 con los datos fiscales de mi empresa, que la que me han mandado va a mi nombre particular. Quedo a la espera.",factura,0,0,0,63,8.1,factura
M1291,2024-07-21 11:00:00,correo,C0326,"Buenas tardes, necesito que recojan el móvil Redmi Note y me den una solución, porque así no me sirve para nada. Gracias por la atención.",garantia,0,1,0,529,11.8,garantia
M1292,2024-07-21 12:07:00,telefono,,"[Transcripción de llamada] Buenos días, su paquete no ha podido ser entregado por un importe pendiente de 1,79 euros. Confirme sus datos en el enlace para reprogramar la entrega. Quedo a la espera.",spam,0,0,0,,1.6,spam
M1293,2024-07-22 09:07:00,chat,,"Buenas tardes, ¿el monitor de 27 pulgadas incluye los cables o hay que comprarlos aparte? Lo pregunto porque en la foto se ven y en el listado no aparecen. Saludos cordiales.",producto,0,0,0,,6.1,envio
M1294,2024-07-22 10:34:00,correo,C0210,"Hola, he pedido un router wifi de doble banda y otro artículo en el mismo pedido y solo me ha llegado uno. La caja venía bien cerrada, así que no parece cosa del transporte. A la espera de su respuesta.",envio,0,0,0,2,5.9,envio
M1295,2024-07-22 10:45:00,correo,C0183,"Estimados, hice el pedido P-2024-66070 el 14 de septiembre y sigue apareciendo como «en preparación». ¿Me pueden decir cuándo sale? Lo necesito para el fin de semana. Muchas gracias.",envio,0,0,0,8,5.1,envio
M1296,2024-07-22 15:01:00,correo,,¿hacéis descuento por volumen?,producto,0,0,0,,14.7,producto
M1297,2024-07-22 15:41:00,formulario,C0034,¿cuándo llega el P-2024-57043?,envio,0,0,0,5,6.0,envio
M1298,2024-07-22 16:14:00,correo,,"Hola, buenas, disponemos de una base de datos de más de doscientos mil contactos del sector del comercio electrónico. Se la podemos ceder a un precio simbólico. Un saludo.",spam,0,0,0,,1.0,spam
M1299,2024-07-22 17:04:00,formulario,C0146,"Hola, buenas, me he equivocado al escribir la dirección de envío del pedido P-2024-51829, puse mal el número de portal. ¿Se puede corregir todavía o ya ha salido? Un saludo.",envio,0,0,0,6,5.2,envio
M1300,2024-07-22 17:41:00,correo,,"Buenas tardes, última oportunidad: setenta por ciento de descuento en nuestro programa de facturación electrónica para pymes. Oferta válida solo esta semana. Quedo a la espera.",spam,0,0,0,,1.2,spam
M1301,2024-07-22 19:18:00,correo,C0171,"Hola, buenas, ¿es normal que un pedido tarde 10 días en salir del almacén? Lo hice el 14 de septiembre y no tengo ni número de seguimiento. Saludos cordiales.",envio,0,0,0,1,2.9,producto
M1302,2024-07-23 08:25:00,formulario,C0085,"Buenas, compré el disco SSD de 1 TB hace 15 días y quiero cambiarlo por el modelo superior pagando la diferencia. ¿Se puede o tengo que devolverlo y volver a comprar? Un saludo.",devolucion,0,0,0,2,12.5,devolucion
M1303,2024-07-23 09:42:00,formulario,C0124,¿me mandáis la factura?,factura,0,0,0,119,2.5,factura
M1304,2024-07-23 10:08:00,correo,C0318,"Buenas, en la factura del router wifi de doble banda no aparece el IVA desglosado y mi gestoría me la ha devuelto por eso. Gracias por la atención.",factura,0,0,0,55,11.9,factura
M1305,2024-07-23 11:04:00,formulario,C0045,"Buenas, necesito que el pedido P-2024-75705 lo dejen en el punto de recogida en vez de en casa, que por las mañanas no hay nadie. Muchas gracias.",envio,0,0,0,11,5.2,envio
M1306,2024-07-23 11:13:00,formulario,,"Buenos días, dudo entre el micrófono USB de sobremesa y otro modelo más caro. ¿Merece la pena la diferencia de 187,92 euros para un uso normal? A la espera de su respuesta.",producto,0,0,0,,11.1,producto
M1307,2024-07-23 11:50:00,formulario,C0229,"Buenas tardes, llevé el cargador rápido de 65 W al servicio técnico que me indicaron hace 17 días y todavía no sé nada. ¿Cómo consulto el estado de la reparación? Saludos cordiales.",garantia,0,0,0,226,10.8,garantia
M1308,2024-07-23 13:33:00,chat,C0248,no me ha llegado nada todavía,envio,0,0,0,6,2.9,envio
M1309,2024-07-23 16:04:00,correo,C0085,"Buenos días, he pedido un reloj inteligente con GPS y otro artículo en el mismo pedido y solo me ha llegado uno. La caja venía bien cerrada, así que no parece cosa del transporte. Un saludo.",envio,0,0,0,0,6.7,envio
M1310,2024-07-23 16:20:00,telefono,C0027,"[Transcripción de llamada] Hola, buenas, el pedido P-2024-73306 me ha llegado bien pero me he arrepentido de la compra. ¿Cómo inicio la devolución y quién paga el transporte de vuelta? A la espera de su respuesta.",devolucion,0,0,0,12,6.2,devolucion
M1311,2024-07-23 17:37:00,formulario,C0195,"Estimados, necesito que el pedido P-2024-74646 lo dejen en el punto de recogida en vez de en casa, que por las mañanas no hay nadie. Gracias de antemano.",envio,0,0,0,4,4.9,envio
M1312,2024-07-24 09:11:00,chat,C0170,quiero anular el P-2024-42543,devolucion,0,0,0,3,5.7,devolucion
M1313,2024-07-24 09:22:00,telefono,C0151,"[Transcripción de llamada] ¿cuándo me devolvéis los 668,24 euros? Y si no hay solución, quiero devolverlo y que me reembolsen.",devolucion,1,0,0,12,22.5,devolucion
M1314,2024-07-24 09:41:00,chat,C0317,"¿dónde está mi pedido? Y lo peor es que no funciona, así que habrá que repararlo.",garantia,1,0,0,588,14.4,envio
M1315,2024-07-24 10:18:00,formulario,C0270,"Hola, buenas, me han llegado dos unidades del monitor de 27 pulgadas y yo solo pedí una. Quiero devolver la que sobra y que me reembolsen los 391,01 euros. Gracias por la atención.",devolucion,0,0,0,4,16.7,devolucion
M1316,2024-07-24 14:25:00,formulario,,aumente sus ventas un 300 %,spam,0,0,0,,1.1,spam
M1317,2024-07-24 16:18:00,correo,C0185,"Buenos días, el teclado mecánico retroiluminado que me vendieron no va bien y quiero que me lo cambien o que me devuelvan el dinero. Gracias de antemano.",devolucion,0,1,0,12,11.9,devolucion
M1318,2024-07-24 17:07:00,formulario,C0338,"Hola, hace tiempo que espero la devolución del importe del pedido P-2024-17350 y no tengo noticias. Gracias por la atención.",factura,0,0,1,14,13.7,devolucion
M1319,2024-07-25 10:10:00,telefono,,"[Transcripción de llamada] Buenas tardes, quería comprar el teclado mecánico retroiluminado pero aparece sin existencias. ¿Van a reponerlo o lo han descatalogado? Quedo a la espera.",producto,0,0,0,,5.2,producto
M1320,2024-07-25 12:16:00,correo,C0195,"Buenas, quería comprar el altavoz bluetooth portátil pero aparece sin existencias. ¿Van a reponerlo o lo han descatalogado? Y además el importe cobrado no coincide con el del pedido. Gracias de antemano.",factura,1,0,0,116,4.1,factura
M1321,2024-07-25 17:46:00,correo,C0255,"Hola, el auricular inalámbrico con cancelación de ruido no funciona como debería. ¿Qué tengo que hacer para que me den una solución? Gracias por la atención.",devolucion,0,1,0,8,10.7,devolucion
M1322,2024-07-25 19:43:00,correo,C0010,"Buenas tardes, llevé la tablet de 10 pulgadas al servicio técnico que me indicaron hace 13 días y todavía no sé nada. ¿Cómo consulto el estado de la reparación? Gracias de antemano.",garantia,0,0,0,339,13.8,garantia
M1323,2024-07-26 10:39:00,chat,,¿cuánto tarda en llegar si lo pido hoy?,producto,0,0,0,,5.5,producto
M1324,2024-07-26 11:55:00,chat,C0142,"quiero anular el P-2024-46894. Aparte de eso, el aparato vino defectuoso y no hay manera de encenderlo.",garantia,1,0,0,104,25.8,garantia
M1325,2024-07-26 14:37:00,correo,C0136,"Hola, acabo de abrir la caja del cargador rápido de 65 W y está golpeado por una esquina. No funciona. A la espera de su respuesta.",garantia,0,0,1,10,17.7,garantia
M1326,2024-07-26 16:06:00,correo,C0068,"Buenos días, he recibido el pedido P-2024-20346 y el aparato no va. La caja tiene un golpe en un lateral. Quedo a la espera.",garantia,0,0,1,8,9.2,garantia
M1327,2024-07-26 16:13:00,telefono,C0124,"[Transcripción de llamada] Hola, necesito la factura del pedido P-2024-91944 con los datos fiscales de mi empresa, que la que me han mandado va a mi nombre particular. Gracias de antemano.",factura,0,0,0,82,13.5,factura
M1328,2024-07-26 16:37:00,chat,,¿el teclado mecánico retroiluminado viene con cables?,producto,0,0,0,,3.3,producto
M1329,2024-07-26 17:48:00,correo,C0026,"Buenos días, quiero devolver el altavoz bluetooth portátil que compré el 7 de enero. No es lo que esperaba y no le voy a dar uso. Aún estoy dentro de plazo, ¿verdad? Y lo peor es que no funciona, así que habrá que repararlo. Gracias por la atención.",garantia,1,0,0,681,19.1,devolucion
M1330,2024-07-26 18:24:00,telefono,C0085,[Transcripción de llamada] la tablet de 10 pulgadas da problemas,devolucion,0,1,0,5,6.4,garantia
M1331,2024-07-26 19:15:00,formulario,C0304,"Buenos días, el tocadiscos con previo incorporado no me sirve para lo que lo quería. lo tengo sin abrir, con el precinto puesto y con la factura dentro de la caja. Saludos cordiales.",devolucion,0,0,0,12,15.9,devolucion
M1332,2024-07-27 11:55:00,telefono,,"[Transcripción de llamada] Estimados, última oportunidad: setenta por ciento de descuento en nuestro programa de facturación electrónica para pymes. Oferta válida solo esta semana. Gracias de antemano.",spam,0,0,0,,1.0,spam
M1333,2024-07-27 12:50:00,chat,C0182,¿tenéis el micrófono USB de sobremesa?,producto,0,0,0,344,5.2,producto
M1334,2024-07-28 10:15:00,correo,,¿hacéis descuento por volumen?,producto,0,0,0,,3.4,producto
M1335,2024-07-28 10:16:00,formulario,C0103,quiero devolver el cargador rápido de 65 W,devolucion,0,0,0,11,5.3,devolucion
M1336,2024-07-28 17:41:00,formulario,C0315,"Hola, buenas, me han cobrado dos veces los 624,57 euros del pedido P-2024-46420. En el banco aparecen los dos cargos con la misma fecha. Quedo a la espera.",factura,0,0,0,109,8.7,factura
M1337,2024-07-29 08:05:00,correo,C0221,"Hola, me han cobrado dos veces los 282,18 euros del pedido P-2024-61979. En el banco aparecen los dos cargos con la misma fecha. Y lo peor es que no funciona, así que habrá que repararlo. A la espera de su respuesta.",garantia,1,0,0,641,11.6,garantia
M1338,2024-07-29 08:57:00,formulario,,"Buenas tardes, quería comprar el tocadiscos con previo incorporado pero aparece sin existencias. ¿Van a reponerlo o lo han descatalogado? A la espera de su respuesta.",producto,0,0,0,,8.5,producto
M1339,2024-07-29 10:03:00,chat,C0137,¿el teclado mecánico retroiluminado viene con cables? Y además el importe cobrado no coincide con el del pedido.,factura,1,0,0,98,6.1,factura
M1340,2024-07-29 15:47:00,chat,C0207,"¿cuándo me devolvéis los 423,58 euros?",factura,0,0,0,52,7.4,factura
M1341,2024-07-29 19:06:00,formulario,C0269,"el disco SSD de 1 TB no va, lo quiero devolver",devolucion,0,1,0,3,15.8,garantia
M1342,2024-07-30 09:29:00,formulario,C0355,¿cuándo llega el P-2024-90541?,envio,0,0,0,7,3.0,envio
M1343,2024-07-30 13:52:00,formulario,C0231,"Hola, buenas, ¿el reloj inteligente con GPS que tienen en la web es el modelo de este año o el del anterior? En la ficha no aparece la referencia completa. Gracias por la atención.",producto,0,0,0,125,3.7,producto
M1344,2024-07-30 14:39:00,chat,C0284,"Hola, la batería del router wifi de doble banda ya no aguanta ni dos horas. lo compré hace 2 meses y lo uso siempre con el cargador que venía en la caja. A la espera de su respuesta.",garantia,0,0,0,640,10.2,garantia
M1345,2024-07-30 17:45:00,correo,C0274,"Hola, buenas, la tablet de 10 pulgadas del pedido P-2024-81232 hace un ruido raro desde la semana pasada y ahora se apaga solo cada poco rato. A la espera de su respuesta.",garantia,0,0,0,199,7.2,garantia
M1346,2024-07-30 18:22:00,chat,,confirme sus datos aquí,spam,0,0,0,,0.5,spam
M1347,2024-07-31 11:11:00,telefono,,[Transcripción de llamada] ¿le interesa nuestra oferta?,spam,0,0,0,,1.0,spam
M1348,2024-07-31 12:09:00,correo,C0155,"Hola, buenas, el micrófono USB de sobremesa vino con un fallo. Prefiero que me devuelvan el importe a que me lo arreglen. Muchas gracias.",devolucion,0,1,0,10,15.9,devolucion
M1349,2024-07-31 13:38:00,correo,C0181,"Estimados, acabo de abrir la caja de la tablet de 10 pulgadas y está golpeado por una esquina. No funciona. Saludos cordiales.",envio,0,0,1,4,4.6,envio
M1350,2024-07-31 15:18:00,formulario,C0120,"necesito la factura del P-2024-30615. Aparte de eso, el aparato vino defectuoso y no hay manera de encenderlo.",garantia,1,0,0,588,15.9,garantia
M1351,2024-07-31 15:32:00,correo,C0154,"Hola, buenas, ¿es normal que un pedido tarde 14 días en salir del almacén? Lo hice el 14 de marzo y no tengo ni número de seguimiento. Quedo a la espera.",envio,0,0,0,11,8.3,envio
M1352,2024-07-31 17:21:00,correo,C0357,"Buenas tardes, tengo un problema con el teclado mecánico retroiluminado y quiero devolverlo. No me sirve así. Muchas gracias.",garantia,0,1,0,141,9.7,garantia
M1353,2024-08-01 09:03:00,chat,C0196,"la barra de sonido de 2.1 canales no va, la quiero devolver",garantia,0,1,0,77,18.3,garantia
M1354,2024-08-01 09:13:00,correo,C0223,"Buenos días, quería comprar el móvil Redmi Note pero aparece sin existencias. ¿Van a reponerlo o lo han descatalogado? Gracias de antemano.",producto,0,0,0,162,5.9,producto
M1355,2024-08-01 11:21:00,correo,,"Estimados, ¿la barra de sonido de 2.1 canales que tienen en la web es el modelo de este año o el del anterior? En la ficha no aparece la referencia completa. Gracias por la atención.",producto,0,0,0,,5.7,producto
M1356,2024-08-01 13:06:00,formulario,C0131,"Estimados, el teclado mecánico retroiluminado que compré hace 7 meses ha dejado de encender de un día para otro. No se ha caído ni se ha mojado. A la espera de su respuesta.",garantia,0,0,0,55,9.0,devolucion
M1357,2024-08-02 09:25:00,formulario,,"Hola, su paquete no ha podido ser entregado por un importe pendiente de 1,79 euros. Confirme sus datos en el enlace para reprogramar la entrega. Un saludo.",spam,0,0,0,,1.5,spam
M1358,2024-08-02 10:41:00,correo,,oferta exclusiva solo hoy,spam,0,0,0,,0.5,spam
M1359,2024-08-02 12:28:00,chat,C0359,"Buenas tardes, quiero devolver el micrófono USB de sobremesa que compré el 9 de febrero. No es lo que esperaba y no le voy a dar uso. Aún estoy dentro de plazo, ¿verdad? Saludos cordiales.",devolucion,0,0,0,12,12.9,devolucion
M1360,2024-08-02 17:26:00,telefono,,"[Transcripción de llamada] Estimados, ¿el teclado mecánico retroiluminado incluye los cables o hay que comprarlos aparte? Lo pregunto porque en la foto se ven y en el listado no aparecen. Muchas gracias.",producto,0,0,0,,9.3,envio
M1361,2024-08-03 13:06:00,correo,C0265,"Hola, buenas, sigo sin ver el dinero del cargador rápido de 65 W en mi cuenta. ¿Cómo va eso? Gracias por la atención.",devolucion,0,0,1,44,7.5,devolucion
M1362,2024-08-03 14:23:00,telefono,C0010,"[Transcripción de llamada] Buenas tardes, el tocadiscos con previo incorporado lleva 18 días de retraso y ya no me hace falta. No sé si esperar o no. A la espera de su respuesta.",devolucion,0,0,1,19,6.5,devolucion
M1363,2024-08-03 16:01:00,formulario,C0166,"Buenas, en la factura del pedido P-2024-47781 aparece un importe distinto del que pagué. Yo tengo un cargo de 194,77 euros en la tarjeta. Muchas gracias.",factura,0,0,0,42,6.1,factura
M1364,2024-08-03 18:54:00,correo,,"Buenas tardes, le escribo desde un fondo de inversión con una propuesta de financiación para su negocio, con condiciones muy por debajo de las del mercado. A la espera de su respuesta.",spam,0,0,0,,0.8,spam
M1365,2024-08-04 19:57:00,correo,C0117,"Buenas tardes, el reembolso del pedido P-2024-41496 lo aceptaron hace 7 días y en la cuenta no ha entrado nada todavía. A la espera de su respuesta.",factura,0,0,0,110,16.3,factura
M1366,2024-08-05 08:32:00,telefono,C0266,"[Transcripción de llamada] ¿la devolución la pagáis vosotros? Y lo peor es que no funciona, así que habrá que repararlo.",garantia,1,0,0,417,15.9,garantia
M1367,2024-08-05 09:30:00,correo,C0314,"Buenos días, compré el teclado mecánico retroiluminado y no va. ¿Me devuelven el importe o me lo reparan? Gracias de antemano.",devolucion,0,1,0,14,9.8,garantia
M1368,2024-08-05 09:33:00,chat,C0376,"Hola, buenas, necesito saber el plazo de entrega del auricular inalámbrico con cancelación de ruido, que tengo una fecha límite. Un saludo.",envio,0,0,1,13,4.6,producto
M1369,2024-08-05 10:58:00,chat,C0328,¿plazo de entrega?,envio,0,0,1,4,5.1,envio
M1370,2024-08-05 11:34:00,formulario,C0095,"Buenos días, ¿me pueden cambiar el micrófono USB de sobremesa por otro? Este viene con un defecto de fábrica. A la espera de su respuesta.",devolucion,0,1,0,11,17.4,devolucion
M1371,2024-08-05 15:17:00,chat,,aumente sus ventas un 300 %,spam,0,0,0,,1.7,spam
M1372,2024-08-05 15:25:00,telefono,C0239,"[Transcripción de llamada] Buenos días, he pedido un router wifi de doble banda y otro artículo en el mismo pedido y solo me ha llegado uno. La caja venía bien cerrada, así que no parece cosa del transporte. Muchas gracias.",envio,0,0,0,6,2.6,garantia
M1373,2024-08-05 15:32:00,correo,C0225,"Estimados, hice el pedido P-2024-79741 el 27 de septiembre y sigue apareciendo como «en preparación». ¿Me pueden decir cuándo sale? Lo necesito para el fin de semana. Un saludo.",envio,0,0,0,2,5.5,devolucion
M1374,2024-08-05 16:14:00,correo,C0040,"Buenas, el seguimiento del pedido P-2024-52039 lleva 6 días sin moverse y la fecha prevista de entrega ya ha pasado. ¿Se ha perdido? Saludos cordiales.",envio,0,0,0,9,14.3,envio
M1375,2024-08-05 17:08:00,chat,C0158,la factura sale sin mi NIF,factura,0,0,0,50,26.8,factura
M1376,2024-08-05 18:12:00,formulario,C0359,quiero devolver el micrófono USB de sobremesa,devolucion,0,0,0,4,5.9,garantia
M1377,2024-08-05 18:34:00,correo,,"Buenas tardes, quería comprar el router wifi de doble banda pero aparece sin existencias. ¿Van a reponerlo o lo han descatalogado? Un saludo.",producto,0,0,0,,26.2,producto
M1378,2024-08-05 19:21:00,correo,C0011,"Buenas tardes, la impresora multifunción no me sirve para lo que la quería. la tengo sin abrir, con el precinto puesto y con la factura dentro de la caja. A la espera de su respuesta.",devolucion,0,0,0,7,4.9,devolucion
M1379,2024-08-06 09:39:00,formulario,C0038,"¿la tenéis en color negro? Por cierto, ¿cuándo tienen previsto que llegue?",envio,1,0,0,5,5.5,envio
M1380,2024-08-06 10:36:00,correo,,"Buenas, somos una empresa de logística internacional con más de veinte años de experiencia y nos gustaría ofrecerles nuestras tarifas para el próximo trimestre. Un saludo.",spam,0,0,0,,0.4,spam
M1381,2024-08-06 10:42:00,formulario,,"Hola, buenas, disponemos de una base de datos de más de doscientos mil contactos del sector del comercio electrónico. Se la podemos ceder a un precio simbólico. A la espera de su respuesta.",spam,0,0,0,,1.6,spam
M1382,2024-08-06 13:42:00,correo,,"Hola, me interesa el reloj inteligente con GPS para un regalo. ¿lo mandan en caja neutra y sin el precio dentro? A la espera de su respuesta.",producto,0,0,0,,5.2,producto
M1383,2024-08-06 13:58:00,correo,C0399,"Buenos días, quería saber los plazos de entrega del cargador rápido de 65 W para la zona de Valencia. Gracias de antemano.",envio,0,0,1,3,9.0,envio
M1384,2024-08-06 15:43:00,correo,C0291,se me ha estropeado el micrófono USB de sobremesa,garantia,0,0,0,246,9.2,garantia
M1385,2024-08-06 16:15:00,correo,C0373,"Estimados, necesito que el pedido P-2024-42838 lo dejen en el punto de recogida en vez de en casa, que por las mañanas no hay nadie. Saludos cordiales.",envio,0,0,0,9,6.1,envio
M1386,2024-08-06 19:27:00,correo,C0384,"Buenos días, quería saber los plazos de entrega de la funda de silicona reforzada para la zona de Valencia. Gracias por la atención.",envio,0,0,1,13,4.4,producto
M1387,2024-08-07 09:34:00,formulario,C0046,el micrófono USB de sobremesa está defectuoso,garantia,0,1,0,216,9.4,garantia
M1388,2024-08-07 10:04:00,chat,C0207,"Hola, ¿cuánto tardaría en llegarme el router wifi de doble banda si lo pido hoy? Lo necesito para el viernes. Gracias por la atención.",producto,0,0,1,17,9.4,producto
M1389,2024-08-07 16:41:00,chat,C0356,"Hola, buenas, me han llegado dos unidades del tocadiscos con previo incorporado y yo solo pedí una. Quiero devolver la que sobra y que me reembolsen los 803,62 euros. Un saludo.",devolucion,0,0,0,2,9.5,devolucion
M1390,2024-08-07 17:20:00,telefono,C0107,"[Transcripción de llamada] Buenas tardes, el router wifi de doble banda ha dejado de funcionar y quiero devolverlo y recuperar mi dinero. Muchas gracias.",devolucion,0,1,0,7,5.8,devolucion
M1391,2024-08-07 20:05:00,telefono,C0397,[Transcripción de llamada] no me cuadra el importe,factura,0,0,0,116,8.0,factura
M1392,2024-08-08 10:57:00,formulario,C0393,"Buenas, ¿me pueden decir en qué estado está mi reembolso del pedido P-2024-18856? Nadie me contesta. Gracias de antemano.",factura,0,0,1,42,45.6,devolucion
M1393,2024-08-08 15:09:00,chat,C0085,"Hola, buenas, ¿es normal que un pedido tarde 7 días en salir del almacén? Lo hice el 21 de marzo y no tengo ni número de seguimiento. Y si no hay solución, quiero devolverlo y que me reembolsen. Gracias de antemano.",devolucion,1,0,0,7,9.0,devolucion
M1394,2024-08-08 15:20:00,correo,C0393,"Buenas, la barra de sonido de 2.1 canales del pedido P-2024-16131 hace un ruido raro desde la semana pasada y ahora se apaga solo cada poco rato. A la espera de su respuesta.",garantia,0,0,0,618,9.4,garantia
M1395,2024-08-08 16:28:00,formulario,C0328,"Buenas tardes, el pedido P-2024-12967 me ha llegado bien pero me he arrepentido de la compra. ¿Cómo inicio la devolución y quién paga el transporte de vuelta? A la espera de su respuesta.",devolucion,0,0,0,7,13.9,devolucion
M1396,2024-08-08 16:37:00,formulario,C0039,la factura sale sin mi NIF,factura,0,0,0,14,30.1,factura
M1397,2024-08-08 16:51:00,formulario,C0278,necesito la factura del P-2024-83346,factura,0,0,0,71,6.1,factura
M1398,2024-08-08 17:37:00,correo,C0364,"Buenos días, me han cobrado dos veces los 877,89 euros del pedido P-2024-41382. En el banco aparecen los dos cargos con la misma fecha. Muchas gracias.",factura,0,0,0,57,2.9,factura
M1399,2024-08-08 17:41:00,correo,C0302,"Estimados, quiero tramitar la devolución de la tablet de 10 pulgadas, que está defectuoso. Gracias de antemano.",garantia,0,1,0,77,20.4,garantia
M1400,2024-08-08 19:25:00,correo,C0262,"Hola, buenas, me han cobrado dos veces los 681,38 euros del pedido P-2024-61053. En el banco aparecen los dos cargos con la misma fecha. Gracias por la atención.",factura,0,0,0,96,12.8,factura
M1401,2024-08-08 20:35:00,correo,C0286,"Hola, llevé la barra de sonido de 2.1 canales al servicio técnico que me indicaron hace 20 días y todavía no sé nada. ¿Cómo consulto el estado de la reparación? Gracias por la atención.",garantia,0,0,0,446,8.6,garantia
M1402,2024-08-09 09:31:00,correo,C0029,"Estimados, el repartidor dice que ha intentado entregar el portátil Lenovo IdeaPad 3 dos veces y yo he estado en casa las dos veces. Nadie ha llamado al timbre. Un saludo.",envio,0,0,0,5,2.7,envio
M1403,2024-08-09 09:59:00,formulario,C0345,"está en garantía, ¿no?",garantia,0,0,0,141,13.0,garantia
M1404,2024-08-09 10:00:00,correo,C0191,"Buenas, quiero anular el pedido P-2024-61920, que lo hice esta mañana y todavía no ha salido. Si ya ha salido, díganme cómo lo devuelvo. Saludos cordiales.",devolucion,0,0,0,8,8.3,devolucion
M1405,2024-08-09 10:30:00,formulario,C0105,"Buenos días, el monitor de 27 pulgadas que compré hace 19 meses ha dejado de encender de un día para otro. No se ha caído ni se ha mojado. Un saludo.",garantia,0,0,0,653,3.9,garantia
M1406,2024-08-09 12:50:00,correo,C0185,"Buenas, el pedido P-2024-24428 figura como entregado desde ayer y aquí no ha llegado nada. He preguntado a los vecinos y tampoco saben nada. Un saludo.",envio,0,0,0,7,4.6,envio
M1407,2024-08-09 14:53:00,correo,C0221,"Buenos días, estoy mirando el tocadiscos con previo incorporado y no me queda claro si es compatible con el equipo que ya tengo en casa. ¿Me lo pueden confirmar antes de comprarlo? Y además el importe cobrado no coincide con el del pedido. Un saludo.",factura,1,0,0,27,18.3,factura
M1408,2024-08-09 16:33:00,formulario,C0196,"Estimados, no estoy conforme con el monitor de 27 pulgadas: ni funciona bien ni es lo que anunciaban. Quiero una solución. Quedo a la espera.",devolucion,0,1,0,5,9.5,devolucion
M1409,2024-08-10 09:32:00,correo,,confirme sus datos aquí,spam,0,0,0,,0.6,spam
M1410,2024-08-10 11:21:00,formulario,C0047,"Hola, buenas, el auricular inalámbrico con cancelación de ruido ha dejado de conectarse después de una actualización y el fabricante me dice que hable con la tienda donde lo compré. A la espera de su respuesta.",garantia,0,0,0,92,16.2,garantia
M1411,2024-08-10 15:35:00,chat,C0291,me habéis cobrado dos veces,factura,0,0,0,89,12.6,factura
M1412,2024-08-10 18:57:00,correo,,"Estimados, ¿la funda de silicona reforzada incluye los cables o hay que comprarlos aparte? Lo pregunto porque en la foto se ven y en el listado no aparecen. Un saludo.",producto,0,0,0,,4.7,producto
M1413,2024-08-10 20:29:00,formulario,C0043,"Estimados, el seguimiento del pedido P-2024-84164 lleva 13 días sin moverse y la fecha prevista de entrega ya ha pasado. ¿Se ha perdido? Un saludo.",envio,0,0,0,7,1.7,envio
M1414,2024-08-11 16:24:00,telefono,C0113,[Transcripción de llamada] sigue sin llegar,envio,0,0,0,5,4.1,envio
M1415,2024-08-11 16:29:00,correo,C0107,"¿hacéis descuento por volumen? También necesito la factura, que no me ha llegado.",factura,1,0,0,36,4.4,factura
M1416,2024-08-11 18:31:00,correo,C0049,¿el tocadiscos con previo incorporado sirve para jugar?,producto,0,0,0,291,2.6,producto
M1417,2024-08-12 09:16:00,telefono,C0166,"[Transcripción de llamada] Buenas, compré la barra de sonido de 2.1 canales hace 10 días y quiero cambiarla por el modelo superior pagando la diferencia. ¿Se puede o tengo que devolverla y volver a comprar? Y además ha empezado a fallar: se apaga solo desde el primer día. Quedo a la espera.",garantia,1,0,0,295,17.3,garantia
M1418,2024-08-12 09:23:00,formulario,C0219,lleva 19 meses y ya falla,garantia,0,0,0,625,6.5,garantia
M1419,2024-08-12 09:31:00,correo,C0198,"Hola, el portátil Lenovo IdeaPad 3 no me sirve para lo que lo quería. lo tengo sin abrir, con el precinto puesto y con la factura dentro de la caja. A la espera de su respuesta.",devolucion,0,0,0,2,7.4,devolucion
M1420,2024-08-12 10:04:00,correo,C0021,"Hola, buenas, dudo entre el altavoz bluetooth portátil y otro modelo más caro. ¿Merece la pena la diferencia de 442,82 euros para un uso normal? Saludos cordiales.",producto,0,0,0,94,5.8,producto
M1421,2024-08-12 10:33:00,correo,C0183,sigue sin llegar,envio,0,0,0,3,2.9,envio
M1422,2024-08-12 12:02:00,correo,C0286,"Estimados, compré el disco SSD de 1 TB hace 7 meses y se ha vuelto a estropear de lo mismo que ya me repararon en marzo. Saludos cordiales.",garantia,0,0,0,538,13.3,garantia
M1423,2024-08-12 12:51:00,correo,C0258,"Buenas, el reloj inteligente con GPS ha dejado de conectarse después de una actualización y el fabricante me dice que hable con la tienda donde lo compré. Muchas gracias.",garantia,0,0,0,60,16.6,garantia
M1424,2024-08-12 12:58:00,chat,C0272,necesito la factura del P-2024-10461,factura,0,0,0,24,6.9,factura
M1425,2024-08-12 13:23:00,correo,C0331,"Buenos días, el reembolso del pedido P-2024-14442 lo aceptaron hace 15 días y en la cuenta no ha entrado nada todavía. A la espera de su respuesta.",factura,0,0,0,94,4.4,factura
M1426,2024-08-12 14:05:00,correo,,"Buenas tardes, ¿el móvil Redmi Note incluye los cables o hay que comprarlos aparte? Lo pregunto porque en la foto se ven y en el listado no aparecen. A la espera de su respuesta.",producto,0,0,0,,11.4,producto
M1427,2024-08-12 17:43:00,correo,,"Hola, buenas, su paquete no ha podido ser entregado por un importe pendiente de 1,79 euros. Confirme sus datos en el enlace para reprogramar la entrega. Gracias de antemano.",spam,0,0,0,,0.6,producto
M1428,2024-08-12 17:51:00,chat,C0070,quiero que me cambien el tocadiscos con previo incorporado,devolucion,0,1,0,13,10.0,devolucion
M1429,2024-08-12 18:22:00,chat,,"Buenas, ¿el auricular inalámbrico con cancelación de ruido que tienen en la web es el modelo de este año o el del anterior? En la ficha no aparece la referencia completa. Saludos cordiales.",producto,0,0,0,,5.4,producto
M1430,2024-08-13 10:50:00,formulario,C0396,"Hola, quiero devolver el router wifi de doble banda que compré el 26 de febrero. No es lo que esperaba y no le voy a dar uso. Aún estoy dentro de plazo, ¿verdad? Un saludo.",devolucion,0,0,0,12,9.2,devolucion
M1431,2024-08-13 10:50:00,formulario,,"Hola, disponemos de una base de datos de más de doscientos mil contactos del sector del comercio electrónico. Se la podemos ceder a un precio simbólico. Muchas gracias.",spam,0,0,0,,1.0,spam
M1432,2024-08-13 11:20:00,chat,,¿cuánto tarda en llegar si lo pido hoy?,producto,0,0,0,,3.3,producto
M1433,2024-08-13 11:50:00,correo,C0253,"Hola, ¿me pueden mandar todas las facturas del año pasado? Las necesito para la declaración y en mi área de cliente solo salen las de los últimos tres meses. A la espera de su respuesta.",factura,0,0,0,23,11.4,spam
M1434,2024-08-13 13:28:00,formulario,C0215,el tocadiscos con previo incorporado me llegó roto,garantia,0,0,0,307,13.6,garantia
M1435,2024-08-13 16:32:00,correo,C0155,"Estimados, me he equivocado al escribir la dirección de envío del pedido P-2024-65578, puse mal el número de portal. ¿Se puede corregir todavía o ya ha salido? Quedo a la espera.",envio,0,0,0,7,3.0,envio
M1436,2024-08-13 16:57:00,telefono,C0113,"[Transcripción de llamada] Buenas tardes, el pedido P-2024-21753 me ha llegado roto. La pantalla está rajada y no hay manera de encenderlo. Quedo a la espera.",garantia,0,0,1,4,21.3,garantia
M1437,2024-08-13 18:28:00,correo,C0103,"Buenas tardes, necesito la factura del pedido P-2024-12123 con los datos fiscales de mi empresa, que la que me han mandado va a mi nombre particular. Gracias de antemano.",factura,0,0,0,102,6.5,factura
M1438,2024-08-13 19:53:00,formulario,C0201,quiero que me cambien el móvil Redmi Note,devolucion,0,1,0,7,14.5,devolucion
M1439,2024-08-14 10:08:00,chat,C0072,"Buenas, el pedido P-2024-45466 figura como entregado desde ayer y aquí no ha llegado nada. He preguntado a los vecinos y tampoco saben nada. Gracias por la atención.",envio,0,0,0,4,3.8,envio
M1440,2024-08-14 15:08:00,chat,C0045,necesito la factura del P-2024-30418,factura,0,0,0,64,9.6,factura
M1441,2024-08-14 16:12:00,correo,,"Buenas tardes, hemos detectado un acceso no autorizado a su cuenta de empresa. Verifique su identidad en las próximas veinticuatro horas o será suspendida. Gracias de antemano.",spam,0,0,0,,1.4,spam
M1442,2024-08-15 08:02:00,telefono,C0009,[Transcripción de llamada] ¿cómo devuelvo un pedido?,devolucion,0,0,0,6,5.2,devolucion
M1443,2024-08-15 09:23:00,correo,C0022,"Buenas tardes, el auricular inalámbrico con cancelación de ruido del pedido P-2024-62458 hace un ruido raro desde la semana pasada y ahora se apaga solo cada poco rato. Saludos cordiales.",garantia,0,0,0,324,8.3,garantia
M1444,2024-08-15 18:55:00,telefono,C0307,[Transcripción de llamada] ¿me pueden dar el número de seguimiento?,envio,0,0,0,8,5.2,envio
M1445,2024-08-15 18:57:00,chat,C0343,"Estimados, llevé la tablet de 10 pulgadas al servicio técnico que me indicaron hace 8 días y todavía no sé nada. ¿Cómo consulto el estado de la reparación? Gracias de antemano.",garantia,0,0,0,448,9.9,garantia
M1446,2024-08-16 08:20:00,formulario,,"Hola, buenas, quiero anular el pedido P-2024-92878, que lo hice esta mañana y todavía no ha salido. Si ya ha salido, díganme cómo lo devuelvo. Quedo a la espera.",devolucion,0,0,0,,14.7,devolucion
M1447,2024-08-16 09:44:00,correo,C0171,"Estimados, compré el reloj inteligente con GPS y no va. ¿Me devuelven el importe o me lo reparan? A la espera de su respuesta.",devolucion,0,1,0,9,12.9,devolucion
M1448,2024-08-16 10:22:00,chat,C0030,"¿cuándo llega el P-2024-31266? Y si no hay solución, quiero devolverlo y que me reembolsen.",devolucion,1,0,0,2,14.6,devolucion
M1449,2024-08-16 11:44:00,correo,C0291,"Hola, buenas, inicié la devolución del pedido P-2024-22455 por la web, mandé el paquete y han pasado 4 días sin noticias del reembolso. Un saludo.",devolucion,0,0,0,13,5.7,devolucion
M1450,2024-08-16 13:10:00,chat,C0146,lleva 11 días en reparto,envio,0,0,0,5,2.8,envio
M1451,2024-08-16 16:19:00,formulario,,"Hola, buenas, ¿el auricular inalámbrico con cancelación de ruido que tienen en la web es el modelo de este año o el del anterior? En la ficha no aparece la referencia completa. Gracias de antemano.",producto,0,0,0,,16.9,producto
M1452,2024-08-16 17:20:00,correo,C0112,"Hola, buenas, me he equivocado al escribir la dirección de envío del pedido P-2024-83082, puse mal el número de portal. ¿Se puede corregir todavía o ya ha salido? Quedo a la espera.",envio,0,0,0,6,3.2,envio
M1453,2024-08-16 17:49:00,chat,C0004,"no funciona, ¿qué hago?",devolucion,0,1,0,5,6.3,devolucion
M1454,2024-08-16 18:45:00,correo,C0159,"Estimados, ¿me pueden mandar todas las facturas del año pasado? Las necesito para la declaración y en mi área de cliente solo salen las de los últimos tres meses. Gracias por la atención.",factura,0,0,0,58,7.1,factura
M1455,2024-08-16 19:25:00,correo,C0301,"Buenas tardes, quiero devolver el auricular inalámbrico con cancelación de ruido que compré el 23 de noviembre. No es lo que esperaba y no le voy a dar uso. Aún estoy dentro de plazo, ¿verdad? Quedo a la espera.",devolucion,0,0,0,13,7.2,devolucion
M1456,2024-08-17 16:00:00,correo,C0223,"Hola, buenas, el router wifi de doble banda no me sirve para lo que lo quería. lo tengo sin abrir, con el precinto puesto y con la factura dentro de la caja. Gracias de antemano.",devolucion,0,0,0,8,5.7,devolucion
M1457,2024-08-17 18:24:00,formulario,C0122,"Estimados, no ha llegado nada del pedido P-2024-88378 y necesito que me den una salida. Un saludo.",devolucion,0,0,1,11,16.2,devolucion
M1458,2024-08-18 11:53:00,telefono,C0006,"[Transcripción de llamada] Buenas, en la ficha del altavoz bluetooth portátil pone una cosa en las características y otra distinta en la descripción. ¿Cuál de las dos es la buena? Quedo a la espera.",producto,0,0,0,80,5.2,producto
M1459,2024-08-18 17:37:00,formulario,C0211,"Hola, buenas, en la factura del cargador rápido de 65 W no aparece el IVA desglosado y mi gestoría me la ha devuelto por eso. A la espera de su respuesta.",factura,0,0,0,34,13.1,factura
M1460,2024-08-19 08:13:00,correo,C0204,"Buenas tardes, el auricular inalámbrico con cancelación de ruido ha dejado de conectarse después de una actualización y el fabricante me dice que hable con la tienda donde lo compré. Gracias por la atención.",garantia,0,0,0,199,10.0,garantia
M1461,2024-08-19 09:02:00,formulario,C0011,¿dónde está mi pedido?,envio,0,0,0,5,1.7,envio
M1462,2024-08-19 11:06:00,correo,C0361,"Buenas, el móvil Redmi Note ha dejado de funcionar y quiero devolverlo y recuperar mi dinero. Un saludo.",devolucion,0,1,0,13,14.2,devolucion
M1463,2024-08-19 11:28:00,chat,C0089,"Estimados, ¿es normal que un pedido tarde 5 días en salir del almacén? Lo hice el 22 de junio y no tengo ni número de seguimiento. A la espera de su respuesta.",envio,0,0,0,10,3.1,envio
M1464,2024-08-19 12:07:00,correo,C0135,"Estimados, compré el tocadiscos con previo incorporado y no va. ¿Me devuelven el importe o me lo reparan? Un saludo.",garantia,0,1,0,83,17.7,garantia
M1465,2024-08-19 12:53:00,formulario,,"Buenas, última oportunidad: setenta por ciento de descuento en nuestro programa de facturación electrónica para pymes. Oferta válida solo esta semana. Quedo a la espera.",spam,0,0,0,,2.8,spam
M1466,2024-08-19 14:01:00,formulario,,"Estimados, me interesa el disco SSD de 1 TB para un regalo. ¿lo mandan en caja neutra y sin el precio dentro? Un saludo.",producto,0,0,0,,2.6,producto
M1467,2024-08-19 16:56:00,formulario,C0173,"Buenas tardes, hice el pedido P-2024-72111 el 18 de octubre y sigue apareciendo como «en preparación». ¿Me pueden decir cuándo sale? Lo necesito para el fin de semana. Saludos cordiales.",envio,0,0,0,0,4.0,envio
M1468,2024-08-19 17:24:00,correo,C0365,"Buenas, compré el móvil Redmi Note hace 3 días y quiero cambiarlo por el modelo superior pagando la diferencia. ¿Se puede o tengo que devolverlo y volver a comprar? A la espera de su respuesta.",devolucion,0,0,0,12,14.2,envio
M1469,2024-08-19 17:40:00,correo,C0399,"Hola, la barra de sonido de 2.1 canales ha dejado de funcionar y quiero devolverla y recuperar mi dinero. Gracias de antemano.",garantia,0,1,0,320,5.2,garantia
M1470,2024-08-19 18:40:00,correo,C0388,"Hola, buenas, necesito saber el plazo de entrega de la tablet de 10 pulgadas, que tengo una fecha límite. Gracias por la atención.",producto,0,0,1,26,17.5,producto
M1471,2024-08-19 19:03:00,chat,C0048,llegó golpeado y no va,garantia,0,0,1,10,9.3,garantia
M1472,2024-08-19 19:55:00,formulario,C0353,¿cuándo llega el P-2024-84126?,envio,0,0,0,0,3.3,producto
M1473,2024-08-19 19:58:00,chat,C0034,lleva 16 días en reparto,envio,0,0,0,2,3.0,envio
M1474,2024-08-20 10:22:00,formulario,,"Hola, en la ficha del auricular inalámbrico con cancelación de ruido pone una cosa en las características y otra distinta en la descripción. ¿Cuál de las dos es la buena? Gracias de antemano.",producto,0,0,0,,9.0,producto
M1475,2024-08-20 10:34:00,correo,C0183,"Hola, ¿cuánto tardaría en llegarme el portátil Lenovo IdeaPad 3 si lo pido hoy? Lo necesito para el viernes. Quedo a la espera.",producto,0,0,1,29,8.1,envio
M1476,2024-08-20 11:32:00,chat,C0208,¿me pueden dar el número de seguimiento?,envio,0,0,0,5,8.8,envio
M1477,2024-08-20 16:47:00,correo,,"Buenas, última oportunidad: setenta por ciento de descuento en nuestro programa de facturación electrónica para pymes. Oferta válida solo esta semana. Gracias por la atención.",spam,0,0,0,,0.5,spam
M1478,2024-08-20 17:42:00,formulario,C0156,"Hola, buenas, el cargador rápido de 65 W que compré hace 10 meses ha dejado de encender de un día para otro. No se ha caído ni se ha mojado. Gracias de antemano.",garantia,0,0,0,423,28.8,garantia
M1479,2024-08-20 17:47:00,formulario,C0128,"Hola, hace tiempo que espero la devolución del importe del pedido P-2024-18239 y no tengo noticias. Gracias por la atención.",devolucion,0,0,1,3,11.3,factura
M1480,2024-08-20 18:22:00,telefono,C0190,"[Transcripción de llamada] Hola, buenas, quiero devolver el tocadiscos con previo incorporado que compré el 7 de enero. No es lo que esperaba y no le voy a dar uso. Aún estoy dentro de plazo, ¿verdad? Saludos cordiales.",devolucion,0,0,0,13,12.3,devolucion
M1481,2024-08-20 20:43:00,correo,C0373,"Buenos días, quería saber los plazos de entrega de la tablet de 10 pulgadas para la zona de Valencia. Saludos cordiales.",envio,0,0,1,2,3.9,envio
M1482,2024-08-21 09:33:00,correo,C0056,"Estimados, ¿el portátil Lenovo IdeaPad 3 que tienen en la web es el modelo de este año o el del anterior? En la ficha no aparece la referencia completa. Y de paso, el seguimiento sigue sin actualizarse. Saludos cordiales.",envio,1,0,0,2,12.2,envio
M1483,2024-08-21 09:46:00,telefono,C0123,"[Transcripción de llamada] Estimados, el pedido P-2024-22376 me ha llegado roto. La pantalla está rajada y no hay manera de encenderlo. Quedo a la espera.",envio,0,0,1,1,7.6,envio
M1484,2024-08-21 10:54:00,formulario,C0331,"Estimados, el pedido P-2024-49281 figura como entregado desde ayer y aquí no ha llegado nada. He preguntado a los vecinos y tampoco saben nada. Gracias de antemano.",envio,0,0,0,11,3.3,envio
M1485,2024-08-21 13:49:00,formulario,C0347,"Estimados, ¿me pueden cambiar la tablet de 10 pulgadas por otro? Este viene con un defecto de fábrica. Gracias de antemano.",devolucion,0,1,0,9,17.5,devolucion
M1486,2024-08-21 16:00:00,correo,C0319,"Estimados, ¿me pueden mandar todas las facturas del año pasado? Las necesito para la declaración y en mi área de cliente solo salen las de los últimos tres meses. Quedo a la espera.",factura,0,0,0,48,21.3,factura
M1487,2024-08-21 16:40:00,correo,C0053,la factura sale sin mi NIF,factura,0,0,0,14,9.8,factura
M1488,2024-08-21 17:07:00,correo,C0183,"Buenos días, estoy mirando el micrófono USB de sobremesa y no me queda claro si es compatible con el equipo que ya tengo en casa. ¿Me lo pueden confirmar antes de comprarlo? A la espera de su respuesta.",producto,0,0,0,50,4.4,producto
M1489,2024-08-21 17:18:00,correo,C0293,"Buenos días, necesito la factura del pedido P-2024-99595 con los datos fiscales de mi empresa, que la que me han mandado va a mi nombre particular. Muchas gracias.",factura,0,0,0,85,19.0,producto
M1490,2024-08-21 20:32:00,formulario,C0305,"Estimados, el auricular inalámbrico con cancelación de ruido me llegó con la carcasa rajada por un lado. La caja de fuera estaba intacta, así que venía así de fábrica. Muchas gracias.",garantia,0,0,0,652,22.0,garantia
M1491,2024-08-22 10:03:00,telefono,C0312,"[Transcripción de llamada] Buenas tardes, he pagado con transferencia el pedido P-2024-47184 y me sigue saliendo como pendiente de pago. Adjunto el justificante del banco. Gracias por la atención.",factura,0,0,0,73,11.5,factura
M1492,2024-08-22 11:42:00,correo,C0240,"Hola, buenas, me han cobrado dos veces los 535,55 euros del pedido P-2024-69658. En el banco aparecen los dos cargos con la misma fecha. Muchas gracias.",factura,0,0,0,19,4.5,factura
M1493,2024-08-22 11:51:00,telefono,C0217,"[Transcripción de llamada] Buenas tardes, inicié la devolución del pedido P-2024-69814 por la web, mandé el paquete y han pasado 3 días sin noticias del reembolso. A la espera de su respuesta.",devolucion,0,0,0,13,6.0,devolucion
M1494,2024-08-22 12:47:00,chat,C0089,no me ha llegado nada todavía,envio,0,0,0,9,3.6,envio
M1495,2024-08-22 12:53:00,telefono,C0097,[Transcripción de llamada] ¿cuándo llega el P-2024-37607?,envio,0,0,0,3,2.7,envio
M1496,2024-08-22 13:50:00,correo,C0342,"no me sirve, la quiero devolver. Aparte de eso, el aparato vino defectuoso y no hay manera de encenderlo.",garantia,1,0,0,442,15.3,devolucion
M1497,2024-08-22 13:51:00,telefono,,[Transcripción de llamada] oferta exclusiva solo hoy,spam,0,0,0,,0.6,spam
M1498,2024-08-22 13:52:00,formulario,C0340,"Hola, buenas, ¿el router wifi de doble banda que tienen en la web es el modelo de este año o el del anterior? En la ficha no aparece la referencia completa. A la espera de su respuesta.",producto,0,0,0,224,4.0,producto
M1499,2024-08-22 16:43:00,formulario,C0397,"Hola, buenas, el seguimiento del pedido P-2024-88845 lleva 6 días sin moverse y la fecha prevista de entrega ya ha pasado. ¿Se ha perdido? Gracias de antemano.",envio,0,0,0,7,3.2,envio
M1500,2024-08-22 17:17:00,chat,C0140,"Hola, he pedido un altavoz bluetooth portátil y otro artículo en el mismo pedido y solo me ha llegado uno. La caja venía bien cerrada, así que no parece cosa del transporte. Saludos cordiales.",envio,0,0,0,0,5.7,envio
M1501,2024-08-22 17:24:00,chat,C0393,quiero anular el P-2024-21586,devolucion,0,0,0,8,15.1,devolucion
M1502,2024-08-22 18:17:00,correo,C0068,"Hola, el pedido P-2024-21497 me ha llegado roto. La pantalla está rajada y no hay manera de encenderla. Muchas gracias.",garantia,0,0,1,3,11.1,envio
M1503,2024-08-23 08:44:00,chat,,tenemos una propuesta para su empresa,spam,0,0,0,,0.5,spam
M1504,2024-08-23 09:11:00,correo,C0026,"Estimados, ¿me pueden cambiar el teclado mecánico retroiluminado por otro? Este viene con un defecto de fábrica. Gracias de antemano.",devolucion,0,1,0,12,4.6,devolucion
M1505,2024-08-23 09:19:00,correo,C0231,"Estimados, dudo entre el router wifi de doble banda y otro modelo más caro. ¿Merece la pena la diferencia de 263,96 euros para un uso normal? A la espera de su respuesta.",producto,0,0,0,230,5.9,envio
M1506,2024-08-23 09:49:00,correo,C0190,"Buenas tardes, ¿es normal que un pedido tarde 17 días en salir del almacén? Lo hice el 28 de enero y no tengo ni número de seguimiento. Un saludo.",envio,0,0,0,11,3.2,envio
M1507,2024-08-23 11:38:00,correo,C0397,"Buenas, el pedido P-2024-84067 me ha llegado bien pero me he arrepentido de la compra. ¿Cómo inicio la devolución y quién paga el transporte de vuelta? Gracias de antemano.",devolucion,0,0,0,1,6.7,devolucion
M1508,2024-08-23 13:42:00,chat,,"Buenos días, dudo entre el router wifi de doble banda y otro modelo más caro. ¿Merece la pena la diferencia de 549,02 euros para un uso normal? Un saludo.",producto,0,0,0,,9.8,producto
M1509,2024-08-23 14:02:00,correo,C0159,"Estimados, el repartidor dice que ha intentado entregar el cargador rápido de 65 W dos veces y yo he estado en casa las dos veces. Nadie ha llamado al timbre. Muchas gracias.",envio,0,0,0,4,1.5,envio
M1510,2024-08-24 09:33:00,formulario,C0370,"Buenas tardes, ¿me pueden mandar todas las facturas del año pasado? Las necesito para la declaración y en mi área de cliente solo salen las de los últimos tres meses. En cualquier caso, quiero iniciar la devolución. Muchas gracias.",devolucion,1,0,0,1,17.1,devolucion
M1511,2024-08-24 10:28:00,correo,C0285,"Estimados, no estoy conforme con el router wifi de doble banda: ni funciona bien ni es lo que anunciaban. Quiero una solución. Quedo a la espera.",garantia,0,1,0,299,8.8,garantia
M1512,2024-08-24 11:51:00,correo,C0369,"Buenos días, hace tiempo que espero la devolución del importe del pedido P-2024-95683 y no tengo noticias. Saludos cordiales.",factura,0,0,1,22,21.7,devolucion
M1513,2024-08-24 12:37:00,correo,C0286,"Hola, el móvil Redmi Note ha dejado de conectarse después de una actualización y el fabricante me dice que hable con la tienda donde lo compré. Quedo a la espera.",garantia,0,0,0,604,18.8,garantia
M1514,2024-08-24 17:26:00,chat,C0065,lleva 16 días en reparto,envio,0,0,0,9,5.2,envio
M1515,2024-08-25 18:38:00,chat,,confirme sus datos aquí,spam,0,0,0,,0.7,spam
M1516,2024-08-25 18:54:00,formulario,C0272,¿lo tenéis en color negro?,producto,0,0,0,349,4.9,producto
M1517,2024-08-26 09:32:00,telefono,,"[Transcripción de llamada] Estimados, ofrecemos servicio de atención al cliente externalizado con agentes en horario ampliado. ¿Le interesa que le mandemos una propuesta sin compromiso? Gracias de antemano.",spam,0,0,0,,1.1,spam
M1518,2024-08-26 09:59:00,formulario,C0398,sigue sin llegar,envio,0,0,0,7,3.1,envio
M1519,2024-08-26 10:40:00,formulario,C0307,"Estimados, inicié la devolución del pedido P-2024-16676 por la web, mandé el paquete y han pasado 20 días sin noticias del reembolso. A la espera de su respuesta.",devolucion,0,0,0,9,8.0,devolucion
M1520,2024-08-26 11:19:00,correo,,"Buenos días, hemos detectado un acceso no autorizado a su cuenta de empresa. Verifique su identidad en las próximas veinticuatro horas o será suspendida. Saludos cordiales.",spam,0,0,0,,0.5,spam
M1521,2024-08-26 11:50:00,chat,C0203,"Buenas tardes, el reloj inteligente con GPS ha llegado esta mañana y viene dañado. No sé si ha sido el transporte o venía así. Quedo a la espera.",envio,0,0,1,9,6.0,envio
M1522,2024-08-26 11:53:00,chat,,"Buenos días, hemos detectado un acceso no autorizado a su cuenta de empresa. Verifique su identidad en las próximas veinticuatro horas o será suspendida. Gracias de antemano.",spam,0,0,0,,0.5,spam
M1523,2024-08-26 12:09:00,chat,C0072,¿me pueden dar el número de seguimiento?,envio,0,0,0,4,6.2,envio
M1524,2024-08-26 12:14:00,formulario,C0071,"Hola, ¿el altavoz bluetooth portátil incluye los cables o hay que comprarlos aparte? Lo pregunto porque en la foto se ven y en el listado no aparecen. Añado que la entrega lleva ya 13 días de retraso. Gracias de antemano.",envio,1,0,0,5,5.4,envio
M1525,2024-08-26 12:58:00,correo,C0210,"Buenas tardes, necesito que el pedido P-2024-79698 lo dejen en el punto de recogida en vez de en casa, que por las mañanas no hay nadie. Saludos cordiales.",envio,0,0,0,1,7.9,envio
M1526,2024-08-26 13:19:00,chat,C0200,"Buenas, hice el pedido P-2024-41822 el 25 de octubre y sigue apareciendo como «en preparación». ¿Me pueden decir cuándo sale? Lo necesito para el fin de semana. A la espera de su respuesta.",envio,0,0,0,6,6.3,envio
M1527,2024-08-26 14:13:00,telefono,C0282,[Transcripción de llamada] el altavoz bluetooth portátil me llegó roto,garantia,0,0,0,625,21.1,garantia
M1528,2024-08-26 15:03:00,formulario,,"Hola, buenas, última oportunidad: setenta por ciento de descuento en nuestro programa de facturación electrónica para pymes. Oferta válida solo esta semana. A la espera de su respuesta.",spam,0,0,0,,0.5,spam
M1529,2024-08-26 15:04:00,formulario,,"Buenas tardes, ¿el disco SSD de 1 TB que tienen en la web es el modelo de este año o el del anterior? En la ficha no aparece la referencia completa. Saludos cordiales.",producto,0,0,0,,7.3,factura
M1530,2024-08-26 15:58:00,correo,C0165,"Estimados, el disco SSD de 1 TB que compré hace 3 meses ha dejado de encender de un día para otro. No se ha caído ni se ha mojado. Un saludo.",garantia,0,0,0,671,22.6,garantia
M1531,2024-08-26 16:10:00,correo,C0111,"Hola, necesito que el pedido P-2024-49013 lo dejen en el punto de recogida en vez de en casa, que por las mañanas no hay nadie. Un saludo.",envio,0,0,0,2,7.1,envio
M1532,2024-08-26 16:50:00,correo,C0012,no me cuadra el importe. Y además ha empezado a fallar: se apaga solo desde el primer día.,garantia,1,0,0,356,14.5,garantia
M1533,2024-08-26 16:56:00,correo,C0102,"Buenas tardes, ¿el altavoz bluetooth portátil incluye los cables o hay que comprarlos aparte? Lo pregunto porque en la foto se ven y en el listado no aparecen. Un saludo.",producto,0,0,0,364,4.0,envio
M1534,2024-08-26 18:57:00,correo,C0026,"Hola, buenas, he pedido un móvil Redmi Note y otro artículo en el mismo pedido y solo me ha llegado uno. La caja venía bien cerrada, así que no parece cosa del transporte. Quedo a la espera.",envio,0,0,0,1,4.8,envio
M1535,2024-08-26 19:24:00,formulario,C0195,¿cuándo llega el P-2024-30612?,envio,0,0,0,2,1.8,envio
M1536,2024-08-27 10:06:00,formulario,C0380,"Buenos días, en la factura de la tablet de 10 pulgadas no aparece el IVA desglosado y mi gestoría me la ha devuelto por eso. Saludos cordiales.",factura,0,0,0,20,4.7,factura
M1537,2024-08-27 10:34:00,chat,C0175,"Buenos días, el dinero del pedido P-2024-37936 no me ha entrado todavía. ¿Con quién tengo que hablar? Gracias de antemano.",devolucion,0,0,1,26,18.7,factura
M1538,2024-08-27 10:36:00,chat,C0203,¿cómo devuelvo un pedido?,devolucion,0,0,0,4,9.6,devolucion
M1539,2024-08-27 11:25:00,correo,C0380,"Hola, buenas, compré el cargador rápido de 65 W hace 7 días y quiero cambiarlo por el modelo superior pagando la diferencia. ¿Se puede o tengo que devolverlo y volver a comprar? A la espera de su respuesta.",devolucion,0,0,0,4,8.5,devolucion
M1540,2024-08-27 11:42:00,formulario,C0284,¿cómo devuelvo un pedido?,devolucion,0,0,0,11,6.4,devolucion
M1541,2024-08-27 12:06:00,correo,,"Buenos días, su paquete no ha podido ser entregado por un importe pendiente de 1,79 euros. Confirme sus datos en el enlace para reprogramar la entrega. Un saludo.",spam,0,0,0,,0.8,spam
M1542,2024-08-27 12:07:00,correo,,"Hola, buenas, ¿necesita mejorar el posicionamiento de su tienda en línea? Le ofrecemos una auditoría gratuita y sin compromiso de su web. Saludos cordiales.",spam,0,0,0,,0.9,spam
M1543,2024-08-27 13:48:00,telefono,C0312,[Transcripción de llamada] ¿dónde está mi pedido?,envio,0,0,0,4,2.4,envio
M1544,2024-08-27 15:00:00,formulario,C0269,"Hola, el portátil Lenovo IdeaPad 3 ha dejado de funcionar y quiero devolverlo y recuperar mi dinero. Saludos cordiales.",garantia,0,1,0,73,15.9,garantia
M1545,2024-08-27 15:57:00,correo,C0388,"Buenas, compré el monitor de 27 pulgadas y no va. ¿Me devuelven el importe o me lo reparan? Muchas gracias.",garantia,0,1,0,35,18.1,garantia
M1546,2024-08-27 16:51:00,chat,C0374,¿dónde está mi pedido?,envio,0,0,0,3,6.8,envio
M1547,2024-08-27 19:47:00,correo,C0379,"Estimados, la impresora multifunción lleva 7 días de retraso y ya no me hace falta. No sé si esperar o no. Saludos cordiales.",envio,0,0,1,16,8.5,devolucion
M1548,2024-08-28 10:42:00,correo,C0086,"Estimados, el seguimiento del pedido P-2024-45992 lleva 9 días sin moverse y la fecha prevista de entrega ya ha pasado. ¿Se ha perdido? Saludos cordiales.",envio,0,0,0,3,6.3,envio
M1549,2024-08-28 11:25:00,chat,,¿cuánto tarda en llegar si lo pido hoy?,producto,0,0,0,,5.9,producto
M1550,2024-08-28 11:51:00,formulario,,"Hola, ofrecemos servicio de atención al cliente externalizado con agentes en horario ampliado. ¿Le interesa que le mandemos una propuesta sin compromiso? Gracias por la atención.",spam,0,0,0,,0.6,spam
M1551,2024-08-28 13:02:00,formulario,C0380,¿el altavoz bluetooth portátil viene con cables?,producto,0,0,0,316,2.5,producto
M1552,2024-08-29 08:38:00,formulario,C0059,"Hola, hice el pedido P-2024-31948 el 7 de julio y sigue apareciendo como «en preparación». ¿Me pueden decir cuándo sale? Lo necesito para el fin de semana. Y además el importe cobrado no coincide con el del pedido. Saludos cordiales.",factura,1,0,0,49,3.1,factura
M1553,2024-08-29 09:25:00,chat,C0374,¿la impresora multifunción viene con cables? Y además el importe cobrado no coincide con el del pedido.,factura,1,0,0,67,9.4,factura
M1554,2024-08-29 10:15:00,chat,C0178,no me cuadra el importe,factura,0,0,0,1,4.2,factura
M1555,2024-08-29 10:45:00,chat,C0071,¿tenéis el reloj inteligente con GPS?,producto,0,0,0,132,5.1,producto
M1556,2024-08-29 11:33:00,correo,C0212,"Buenas, he recibido el pedido P-2024-55928 y el aparato no va. La caja tiene un golpe en un lateral. A la espera de su respuesta.",envio,0,0,1,9,6.5,garantia
M1557,2024-08-29 11:34:00,telefono,C0183,"[Transcripción de llamada] sigue sin llegar. Aparte de eso, el aparato vino defectuoso y no hay manera de encenderlo.",garantia,1,0,0,201,7.6,garantia
M1558,2024-08-29 15:08:00,correo,C0142,"Estimados, el móvil Redmi Note del pedido P-2024-81694 hace un ruido raro desde la semana pasada y ahora se apaga solo cada poco rato. Muchas gracias.",garantia,0,0,0,553,28.6,garantia
M1559,2024-08-29 16:53:00,correo,,"Buenas tardes, hemos detectado un acceso no autorizado a su cuenta de empresa. Verifique su identidad en las próximas veinticuatro horas o será suspendida. Gracias de antemano.",spam,0,0,0,,1.1,spam
M1560,2024-08-30 10:23:00,chat,,aumente sus ventas un 300 %,spam,0,0,0,,0.4,spam
M1561,2024-08-30 10:29:00,correo,C0030,"Buenas tardes, no ha llegado nada del pedido P-2024-59409 y necesito que me den una salida. Gracias de antemano.",devolucion,0,0,1,17,22.0,envio
M1562,2024-08-30 10:46:00,correo,C0242,"Hola, dudo entre la funda de silicona reforzada y otro modelo más caro. ¿Merece la pena la diferencia de 214,93 euros para un uso normal? Aprovecho para pedirles la factura con el NIF de la empresa. Gracias por la atención.",factura,1,0,0,114,11.2,factura
M1563,2024-08-30 13:12:00,chat,C0001,no me cuadra el importe,factura,0,0,0,6,6.2,factura
M1564,2024-08-30 17:34:00,correo,,"Buenas, le escribo desde un fondo de inversión con una propuesta de financiación para su negocio, con condiciones muy por debajo de las del mercado. Gracias de antemano.",spam,0,0,0,,0.7,factura
M1565,2024-08-30 17:39:00,chat,C0296,¿el tocadiscos con previo incorporado viene con cables? Aprovecho para pedirles la factura con el NIF de la empresa.,factura,1,0,0,29,9.6,factura
M1566,2024-08-31 09:09:00,chat,,"Hola, ¿el disco SSD de 1 TB que tienen en la web es el modelo de este año o el del anterior? En la ficha no aparece la referencia completa. Gracias de antemano.",producto,0,0,0,,10.7,producto
M1567,2024-08-31 09:55:00,formulario,C0243,¿dónde está mi pedido?,envio,0,0,0,5,4.9,envio
M1568,2024-08-31 14:22:00,correo,C0257,"Buenas, el micrófono USB de sobremesa vino con un fallo. Prefiero que me devuelvan el importe a que me lo arreglen. Saludos cordiales.",devolucion,0,1,0,13,14.1,devolucion
M1569,2024-09-01 11:18:00,formulario,C0223,"Buenas, el pedido P-2024-65919 figura como entregado desde ayer y aquí no ha llegado nada. He preguntado a los vecinos y tampoco saben nada. Y además ha empezado a fallar: se apaga solo desde el primer día. Gracias por la atención.",garantia,1,0,0,602,14.0,devolucion
M1570,2024-09-01 11:22:00,formulario,C0167,"Buenos días, la barra de sonido de 2.1 canales que compré hace 10 meses ha dejado de encender de un día para otro. No se ha caído ni se ha mojado. A la espera de su respuesta.",garantia,0,0,0,439,14.3,garantia
M1571,2024-09-01 12:21:00,correo,C0230,"Hola, buenas, ¿el monitor de 27 pulgadas que tienen en la web es el modelo de este año o el del anterior? En la ficha no aparece la referencia completa. Y además el importe cobrado no coincide con el del pedido. Gracias de antemano.",factura,1,0,0,34,11.2,producto
M1572,2024-09-01 18:36:00,correo,C0228,"¿el cargador rápido de 65 W sirve para jugar? Por cierto, ¿cuándo tienen previsto que llegue?",envio,1,0,0,5,6.6,envio
M1573,2024-09-01 20:46:00,correo,C0190,"Hola, buenas, he pedido un cargador rápido de 65 W y otro artículo en el mismo pedido y solo me ha llegado uno. La caja venía bien cerrada, así que no parece cosa del transporte. Gracias por la atención.",envio,0,0,0,4,6.2,envio
M1574,2024-09-02 12:52:00,chat,C0196,¿cuándo llega el P-2024-47780?,envio,0,0,0,8,1.8,envio
M1575,2024-09-02 14:21:00,correo,,"Buenos días, ¿el portátil Lenovo IdeaPad 3 que tienen en la web es el modelo de este año o el del anterior? En la ficha no aparece la referencia completa. Gracias por la atención.",producto,0,0,0,,5.8,producto
M1576,2024-09-02 15:15:00,correo,C0351,"Buenas, me he equivocado al escribir la dirección de envío del pedido P-2024-86717, puse mal el número de portal. ¿Se puede corregir todavía o ya ha salido? Saludos cordiales.",envio,0,0,0,6,1.8,envio
M1577,2024-09-02 15:36:00,correo,C0078,"Hola, buenas, ¿me pueden mandar todas las facturas del año pasado? Las necesito para la declaración y en mi área de cliente solo salen las de los últimos tres meses. Y si no hay solución, quiero devolverlo y que me reembolsen. Gracias por la atención.",devolucion,1,0,0,4,8.5,devolucion
M1578,2024-09-02 15:56:00,correo,C0327,"Buenas tardes, quiero anular el pedido P-2024-88655, que lo hice esta mañana y todavía no ha salido. Si ya ha salido, díganme cómo la devuelvo. A la espera de su respuesta.",devolucion,0,0,0,13,6.7,devolucion
M1579,2024-09-02 16:10:00,correo,C0246,"Estimados, el pedido P-2024-22167 figura como entregado desde ayer y aquí no ha llegado nada. He preguntado a los vecinos y tampoco saben nada. Gracias de antemano.",envio,0,0,0,5,6.2,devolucion
M1580,2024-09-02 18:53:00,correo,,"Hola, buenas, quería comprar la barra de sonido de 2.1 canales pero aparece sin existencias. ¿Van a reponerla o la han descatalogado? A la espera de su respuesta.",producto,0,0,0,,6.7,producto
M1581,2024-09-02 19:15:00,chat,C0305,"si no llega hoy, anulad",envio,0,0,1,17,2.2,envio
M1582,2024-09-02 20:38:00,correo,C0003,"Buenas tardes, necesito la factura del pedido P-2024-35153 con los datos fiscales de mi empresa, que la que me han mandado va a mi nombre particular. Y si no hay solución, quiero devolverlo y que me reembolsen. Saludos cordiales.",devolucion,1,0,0,1,11.6,devolucion
M1583,2024-09-02 20:50:00,formulario,C0085,"Buenas, el teclado mecánico retroiluminado ha llegado esta mañana y viene dañado. No sé si ha sido el transporte o venía así. Muchas gracias.",garantia,0,0,1,0,13.8,envio
M1584,2024-09-03 09:37:00,correo,C0115,"Buenas tardes, el seguimiento del pedido P-2024-32843 lleva 11 días sin moverse y la fecha prevista de entrega ya ha pasado. ¿Se ha perdido? Un saludo.",envio,0,0,0,10,7.4,envio
M1585,2024-09-03 11:06:00,correo,C0300,"Buenas tardes, quiero devolver la barra de sonido de 2.1 canales que compré el 6 de marzo. No es lo que esperaba y no le voy a dar uso. Aún estoy dentro de plazo, ¿verdad? Un saludo.",devolucion,0,0,0,11,7.7,devolucion
M1586,2024-09-03 11:28:00,formulario,C0379,"Hola, necesito saber el plazo de entrega del micrófono USB de sobremesa, que tengo una fecha límite. Quedo a la espera.",envio,0,0,1,11,10.6,producto
M1587,2024-09-03 12:28:00,correo,C0063,"Buenas tardes, no ha llegado nada del pedido P-2024-26422 y necesito que me den una salida. Muchas gracias.",envio,0,0,1,17,10.7,devolucion
M1588,2024-09-03 12:31:00,chat,C0164,no llega y ya no lo quiero,envio,0,0,1,4,2.4,devolucion
M1589,2024-09-03 12:51:00,formulario,,"Buenas tardes, ¿necesita mejorar el posicionamiento de su tienda en línea? Le ofrecemos una auditoría gratuita y sin compromiso de su web. Quedo a la espera.",spam,0,0,0,,0.5,spam
M1590,2024-09-03 13:50:00,correo,C0302,"Estimados, ¿cuánto tardaría en llegarme el monitor de 27 pulgadas si lo pido hoy? Lo necesito para el viernes. Quedo a la espera.",producto,0,0,1,5,7.3,envio
M1591,2024-09-03 16:19:00,telefono,C0056,"[Transcripción de llamada] Buenas tardes, en la ficha del reloj inteligente con GPS pone una cosa en las características y otra distinta en la descripción. ¿Cuál de las dos es la buena? Quedo a la espera.",producto,0,0,0,259,4.3,producto
M1592,2024-09-03 17:17:00,correo,C0289,"Buenos días, me ha llegado la impresora multifunción con la carcasa partida. ¿Qué hago con él? Saludos cordiales.",garantia,0,0,1,6,23.1,envio
M1593,2024-09-03 17:35:00,correo,C0241,"Buenos días, llevé la barra de sonido de 2.1 canales al servicio técnico que me indicaron hace 11 días y todavía no sé nada. ¿Cómo consulto el estado de la reparación? Gracias por la atención.",garantia,0,0,0,632,18.8,garantia
M1594,2024-09-04 16:53:00,correo,C0009,"Buenas tardes, el micrófono USB de sobremesa me llegó con la carcasa rajada por un lado. La caja de fuera estaba intacta, así que venía así de fábrica. Un saludo.",garantia,0,0,0,477,5.8,garantia
M1595,2024-09-04 16:59:00,chat,C0391,¿dónde está mi pedido?,envio,0,0,0,2,3.6,envio
M1596,2024-09-04 17:19:00,correo,C0148,"Buenos días, el pedido P-2024-92135 sigue sin aparecer y yo ya lo he comprado en otro sitio. Quedo a la espera.",envio,0,0,1,18,3.2,envio
M1597,2024-09-04 19:22:00,correo,C0085,"Hola, necesito que recojan el monitor de 27 pulgadas y me den una solución, porque así no me sirve para nada. Un saludo.",garantia,0,1,0,192,8.9,garantia
M1598,2024-09-05 10:01:00,telefono,C0388,"[Transcripción de llamada] Hola, he recibido el pedido P-2024-72586 y el aparato no va. La caja tiene un golpe en un lateral. Gracias por la atención.",envio,0,0,1,0,3.5,envio
M1599,2024-09-05 10:16:00,formulario,C0046,"Buenos días, quería comprar el tocadiscos con previo incorporado pero aparece sin existencias. ¿Van a reponerlo o lo han descatalogado? Y de paso, el seguimiento sigue sin actualizarse. Gracias de antemano.",envio,1,0,0,3,5.8,producto
M1600,2024-09-05 12:47:00,formulario,C0231,"Buenas, ¿el cargador rápido de 65 W que tienen en la web es el modelo de este año o el del anterior? En la ficha no aparece la referencia completa. A la espera de su respuesta.",producto,0,0,0,249,5.1,producto
M1601,2024-09-05 13:19:00,correo,C0400,"Buenas, me han llegado dos unidades del reloj inteligente con GPS y yo solo pedí una. Quiero devolver la que sobra y que me reembolsen los 372,71 euros. Muchas gracias.",devolucion,0,0,0,5,10.1,devolucion
M1602,2024-09-05 13:34:00,correo,C0369,"Buenas tardes, el pedido P-2024-44445 figura como entregado desde ayer y aquí no ha llegado nada. He preguntado a los vecinos y tampoco saben nada. También necesito la factura, que no me ha llegado. Gracias de antemano.",factura,1,0,0,61,11.2,factura
M1603,2024-09-05 15:14:00,telefono,C0139,"[Transcripción de llamada] Hola, quiero tramitar la devolución del auricular inalámbrico con cancelación de ruido, que está defectuoso. Saludos cordiales.",garantia,0,1,0,370,39.3,garantia
M1604,2024-09-05 15:37:00,formulario,C0145,"Hola, buenas, el seguimiento del pedido P-2024-74290 lleva 19 días sin moverse y la fecha prevista de entrega ya ha pasado. ¿Se ha perdido? Un saludo.",envio,0,0,0,5,3.3,envio
M1605,2024-09-05 16:26:00,correo,C0146,"Buenos días, el reembolso del pedido P-2024-19972 lo aceptaron hace 10 días y en la cuenta no ha entrado nada todavía. Un saludo.",factura,0,0,0,92,6.6,factura
M1606,2024-09-05 19:59:00,correo,C0237,"Buenos días, llevé la barra de sonido de 2.1 canales al servicio técnico que me indicaron hace 16 días y todavía no sé nada. ¿Cómo consulto el estado de la reparación? A la espera de su respuesta.",garantia,0,0,0,483,15.2,garantia
M1607,2024-09-06 09:57:00,telefono,C0057,"[Transcripción de llamada] Hola, buenas, ¿cuánto tardaría en llegarme el portátil Lenovo IdeaPad 3 si lo pido hoy? Lo necesito para el viernes. Saludos cordiales.",envio,0,0,1,14,2.0,envio
M1608,2024-09-06 10:09:00,correo,,"Hola, ¿la impresora multifunción incluye los cables o hay que comprarlos aparte? Lo pregunto porque en la foto se ven y en el listado no aparecen. A la espera de su respuesta.",producto,0,0,0,,2.8,producto
M1609,2024-09-06 10:55:00,chat,,¿el monitor de 27 pulgadas viene con cables?,producto,0,0,0,,6.3,producto
M1610,2024-09-06 11:10:00,correo,,"Buenas tardes, disponemos de una base de datos de más de doscientos mil contactos del sector del comercio electrónico. Se la podemos ceder a un precio simbólico. Quedo a la espera.",spam,0,0,0,,0.4,spam
M1611,2024-09-06 11:28:00,telefono,C0238,"[Transcripción de llamada] Hola, buenas, he pedido un disco SSD de 1 TB y otro artículo en el mismo pedido y solo me ha llegado uno. La caja venía bien cerrada, así que no parece cosa del transporte. A la espera de su respuesta.",envio,0,0,0,6,3.4,envio
M1612,2024-09-06 11:55:00,chat,,¿cuánto tarda en llegar si lo pido hoy?,producto,0,0,0,,2.9,producto
M1613,2024-09-06 12:34:00,correo,C0267,"Buenas, el reembolso del pedido P-2024-24862 lo aceptaron hace 18 días y en la cuenta no ha entrado nada todavía. Quedo a la espera.",factura,0,0,0,95,11.6,factura
M1614,2024-09-06 14:57:00,formulario,C0159,"Hola, buenas, quiero anular el pedido P-2024-11280, que lo hice esta mañana y todavía no ha salido. Si ya ha salido, díganme cómo lo devuelvo. Muchas gracias.",devolucion,0,0,0,6,8.8,devolucion
M1615,2024-09-06 17:34:00,chat,,¿cuánto tarda en llegar si lo pido hoy?,producto,0,0,0,,5.8,producto
M1616,2024-09-06 17:45:00,formulario,,"Hola, buenas, me interesa el disco SSD de 1 TB para un regalo. ¿lo mandan en caja neutra y sin el precio dentro? Gracias por la atención.",producto,0,0,0,,8.9,producto
M1617,2024-09-06 18:25:00,correo,,"Hola, disponemos de una base de datos de más de doscientos mil contactos del sector del comercio electrónico. Se la podemos ceder a un precio simbólico. Muchas gracias.",spam,0,0,0,,2.1,spam
M1618,2024-09-06 18:37:00,correo,C0228,"Buenos días, quiero anular el pedido P-2024-52671, que lo hice esta mañana y todavía no ha salido. Si ya ha salido, díganme cómo la devuelvo. Muchas gracias.",devolucion,0,0,0,9,24.1,devolucion
M1619,2024-09-06 19:07:00,correo,C0192,quiero anular el P-2024-92992,devolucion,0,0,0,9,6.8,devolucion
M1620,2024-09-09 10:05:00,formulario,,"Buenos días, última oportunidad: setenta por ciento de descuento en nuestro programa de facturación electrónica para pymes. Oferta válida solo esta semana. Quedo a la espera.",spam,0,0,0,,0.8,spam
M1621,2024-09-09 10:20:00,correo,C0300,"Buenas tardes, llevé el router wifi de doble banda al servicio técnico que me indicaron hace 8 días y todavía no sé nada. ¿Cómo consulto el estado de la reparación? Quedo a la espera.",garantia,0,0,0,356,16.8,garantia
M1622,2024-09-09 10:31:00,telefono,C0352,"[Transcripción de llamada] Estimados, necesito la factura del pedido P-2024-37048 con los datos fiscales de mi empresa, que la que me han mandado va a mi nombre particular. Un saludo.",factura,0,0,0,40,9.2,devolucion
M1623,2024-09-09 10:38:00,chat,C0240,me habéis cobrado dos veces,factura,0,0,0,97,10.3,factura
M1624,2024-09-09 11:37:00,formulario,C0016,"Buenas, necesito saber el plazo de entrega del móvil Redmi Note, que tengo una fecha límite. Muchas gracias.",envio,0,0,1,28,5.3,producto
M1625,2024-09-09 12:41:00,correo,C0372,"Estimados, en la factura de la impresora multifunción no aparece el IVA desglosado y mi gestoría me la ha devuelto por eso. A la espera de su respuesta.",factura,0,0,0,116,7.2,factura
M1626,2024-09-09 12:56:00,correo,C0383,"Buenas, quiero anular el pedido P-2024-97312, que lo hice esta mañana y todavía no ha salido. Si ya ha salido, díganme cómo lo devuelvo. Y lo peor es que no funciona, así que habrá que repararlo. Gracias de antemano.",garantia,1,0,0,650,35.9,devolucion
M1627,2024-09-09 15:29:00,correo,C0025,"Buenas tardes, el repartidor dice que ha intentado entregar la impresora multifunción dos veces y yo he estado en casa las dos veces. Nadie ha llamado al timbre. A la espera de su respuesta.",envio,0,0,0,0,5.4,envio
M1628,2024-09-09 16:55:00,formulario,C0009,el altavoz bluetooth portátil vino dañado,garantia,0,0,1,11,23.3,envio
M1629,2024-09-09 17:39:00,correo,C0330,"Buenas, necesito la factura del pedido P-2024-39038 con los datos fiscales de mi empresa, que la que me han mandado va a mi nombre particular. Saludos cordiales.",factura,0,0,0,35,3.0,devolucion
M1630,2024-09-09 18:07:00,correo,C0290,"Buenos días, el monitor de 27 pulgadas vino con un fallo. Prefiero que me devuelvan el importe a que me lo arreglen. Gracias de antemano.",devolucion,0,1,0,11,13.7,devolucion
M1631,2024-09-09 18:56:00,correo,C0168,"Hola, compré el disco SSD de 1 TB hace 18 días y quiero cambiarlo por el modelo superior pagando la diferencia. ¿Se puede o tengo que devolverlo y volver a comprar? Gracias de antemano.",devolucion,0,0,0,7,8.0,devolucion
M1632,2024-09-09 19:19:00,formulario,C0377,¿me mandáis la factura?,factura,0,0,0,104,9.6,factura
M1633,2024-09-09 20:42:00,correo,C0332,¿cuánto tarda en llegar si lo pido hoy?,producto,0,0,0,159,4.4,producto
M1634,2024-09-10 09:27:00,formulario,C0156,¿cuándo me devolvéis el dinero?,devolucion,0,0,1,15,9.8,factura
M1635,2024-09-10 09:39:00,formulario,C0084,"Buenas tardes, he pagado con transferencia el pedido P-2024-29194 y me sigue saliendo como pendiente de pago. Adjunto el justificante del banco. Gracias de antemano.",factura,0,0,0,82,9.5,devolucion
M1636,2024-09-10 09:43:00,chat,C0017,quiero devolver la tablet de 10 pulgadas. Y además ha empezado a fallar: se apaga solo desde el primer día.,garantia,1,0,0,262,25.0,garantia
M1637,2024-09-10 12:23:00,formulario,C0313,"Hola, buenas, necesito que el pedido P-2024-98626 lo dejen en el punto de recogida en vez de en casa, que por las mañanas no hay nadie. Gracias de antemano.",envio,0,0,0,9,3.1,envio
M1638,2024-09-10 13:43:00,chat,C0066,"Buenos días, ¿me pueden mandar todas las facturas del año pasado? Las necesito para la declaración y en mi área de cliente solo salen las de los últimos tres meses. Saludos cordiales.",factura,0,0,0,50,14.8,factura
M1639,2024-09-10 16:35:00,formulario,C0057,quiero una solución con el monitor de 27 pulgadas,devolucion,0,1,0,3,6.9,devolucion
M1640,2024-09-10 16:51:00,telefono,,[Transcripción de llamada] ¿le interesa nuestra oferta?,spam,0,0,0,,0.9,spam
M1641,2024-09-10 17:27:00,formulario,C0167,"Buenas tardes, me interesa el móvil Redmi Note para un regalo. ¿lo mandan en caja neutra y sin el precio dentro? Muchas gracias.",producto,0,0,0,69,5.0,envio
M1642,2024-09-11 10:53:00,correo,C0250,"Buenos días, llevé la impresora multifunción al servicio técnico que me indicaron hace 17 días y todavía no sé nada. ¿Cómo consulto el estado de la reparación? Muchas gracias.",garantia,0,0,0,697,8.8,garantia
M1643,2024-09-11 12:38:00,telefono,C0314,"[Transcripción de llamada] Estimados, el reembolso del pedido P-2024-85946 lo aceptaron hace 4 días y en la cuenta no ha entrado nada todavía. Un saludo.",factura,0,0,0,110,5.5,factura
M1644,2024-09-11 13:43:00,chat,C0237,la factura sale sin mi NIF,factura,0,0,0,41,12.7,factura
M1645,2024-09-11 19:02:00,chat,C0195,"Hola, buenas, acabo de abrir la caja del auricular inalámbrico con cancelación de ruido y está golpeado por una esquina. No funciona. Gracias de antemano.",garantia,0,0,1,7,13.6,garantia
M1646,2024-09-12 11:05:00,formulario,C0336,"Hola, el seguimiento del pedido P-2024-63079 lleva 11 días sin moverse y la fecha prevista de entrega ya ha pasado. ¿Se ha perdido? Un saludo.",envio,0,0,0,10,4.2,envio
M1647,2024-09-12 11:44:00,correo,C0042,"Buenas, compré el teclado mecánico retroiluminado hace 6 meses y se ha vuelto a estropear de lo mismo que ya me repararon en marzo. Gracias por la atención.",garantia,0,0,0,267,17.8,garantia
M1648,2024-09-12 11:51:00,correo,C0384,"Hola, buenas, el repartidor dice que ha intentado entregar el auricular inalámbrico con cancelación de ruido dos veces y yo he estado en casa las dos veces. Nadie ha llamado al timbre. Quedo a la espera.",envio,0,0,0,5,8.1,devolucion
M1649,2024-09-12 14:17:00,formulario,,¿el router wifi de doble banda viene con cables?,producto,0,0,0,,3.4,producto
M1650,2024-09-12 16:18:00,correo,C0137,"Estimados, el portátil Lenovo IdeaPad 3 ha dejado de funcionar y quiero devolverlo y recuperar mi dinero. Gracias de antemano.",devolucion,0,1,0,5,18.1,devolucion
M1651,2024-09-13 10:41:00,formulario,C0321,"Buenas, compré la funda de silicona reforzada hace 4 días y quiero cambiarla por el modelo superior pagando la diferencia. ¿Se puede o tengo que devolverla y volver a comprar? Muchas gracias.",devolucion,0,0,0,12,10.1,devolucion
M1652,2024-09-13 11:43:00,chat,C0131,no me ha llegado nada todavía,envio,0,0,0,0,3.6,envio
M1653,2024-09-13 13:41:00,formulario,C0091,"Estimados, me he equivocado al escribir la dirección de envío del pedido P-2024-22506, puse mal el número de portal. ¿Se puede corregir todavía o ya ha salido? Muchas gracias.",envio,0,0,0,11,3.4,envio
M1654,2024-09-13 13:58:00,correo,C0272,"Hola, hice el pedido P-2024-81277 el 22 de enero y sigue apareciendo como «en preparación». ¿Me pueden decir cuándo sale? Lo necesito para el fin de semana. Un saludo.",envio,0,0,0,5,5.4,envio
M1655,2024-09-16 09:02:00,formulario,C0092,"Buenas tardes, el reembolso del pedido P-2024-16108 lo aceptaron hace 4 días y en la cuenta no ha entrado nada todavía. Muchas gracias.",factura,0,0,0,45,3.5,factura
M1656,2024-09-16 11:01:00,correo,C0220,"Buenas tardes, quiero devolver el tocadiscos con previo incorporado que compré el 22 de octubre. No es lo que esperaba y no le voy a dar uso. Aún estoy dentro de plazo, ¿verdad? Gracias por la atención.",devolucion,0,0,0,4,8.5,devolucion
M1657,2024-09-16 11:03:00,correo,,oferta exclusiva solo hoy,spam,0,0,0,,0.4,spam
M1658,2024-09-16 11:48:00,telefono,C0091,"[Transcripción de llamada] Buenas tardes, inicié la devolución del pedido P-2024-26855 por la web, mandé el paquete y han pasado 13 días sin noticias del reembolso. Muchas gracias.",devolucion,0,0,0,10,17.3,devolucion
M1659,2024-09-16 14:26:00,telefono,C0185,"[Transcripción de llamada] Hola, buenas, estoy mirando el tocadiscos con previo incorporado y no me queda claro si es compatible con el equipo que ya tengo en casa. ¿Me lo pueden confirmar antes de comprarlo? Añado que la entrega lleva ya 8 días de retraso. A la espera de su respuesta.",envio,1,0,0,6,2.2,envio
M1660,2024-09-16 16:02:00,chat,C0176,¿hacéis descuento por volumen?,producto,0,0,0,334,7.5,producto
M1661,2024-09-16 16:03:00,correo,C0201,"Hola, el seguimiento del pedido P-2024-94145 lleva 18 días sin moverse y la fecha prevista de entrega ya ha pasado. ¿Se ha perdido? Quedo a la espera.",envio,0,0,0,8,8.1,envio
M1662,2024-09-16 16:30:00,correo,,"Buenos días, me han cobrado dos veces los 872,59 euros del pedido P-2024-83544. En el banco aparecen los dos cargos con la misma fecha. Un saludo.",factura,0,0,0,,10.6,factura
M1663,2024-09-16 17:09:00,correo,C0177,"Buenas, quería comprar la impresora multifunción pero aparece sin existencias. ¿Van a reponerla o la han descatalogado? También necesito la factura, que no me ha llegado. Gracias por la atención.",factura,1,0,0,58,12.4,factura
M1664,2024-09-16 18:00:00,correo,C0172,"Hola, en la ficha de la impresora multifunción pone una cosa en las características y otra distinta en la descripción. ¿Cuál de las dos es la buena? Gracias por la atención.",producto,0,0,0,198,3.4,producto
M1665,2024-09-16 18:12:00,chat,C0165,"Buenas tardes, el seguimiento del pedido P-2024-87134 lleva 18 días sin moverse y la fecha prevista de entrega ya ha pasado. ¿Se ha perdido? Un saludo.",envio,0,0,0,8,6.4,envio
M1666,2024-09-16 18:28:00,formulario,C0304,"¿cuándo llega el P-2024-88452? Y lo peor es que no funciona, así que habrá que repararlo.",garantia,1,0,0,605,18.1,garantia
M1667,2024-09-16 18:29:00,correo,C0234,"Buenas tardes, necesito saber el plazo de entrega de la impresora multifunción, que tengo una fecha límite. Gracias por la atención.",producto,0,0,1,20,8.1,envio
M1668,2024-09-17 08:11:00,correo,C0200,¿la devolución la pagáis vosotros?,devolucion,0,0,0,4,9.2,devolucion
M1669,2024-09-17 08:46:00,telefono,C0196,"[Transcripción de llamada] Hola, buenas, el pedido P-2024-93669 figura como entregado desde ayer y aquí no ha llegado nada. He preguntado a los vecinos y tampoco saben nada. Y lo peor es que no funciona, así que habrá que repararlo. Quedo a la espera.",garantia,1,0,0,315,20.7,garantia
M1670,2024-09-17 10:11:00,correo,C0259,"Estimados, necesito que el pedido P-2024-79238 lo dejen en el punto de recogida en vez de en casa, que por las mañanas no hay nadie. Quedo a la espera.",envio,0,0,0,1,5.9,envio
M1671,2024-09-17 11:30:00,chat,C0140,el disco SSD de 1 TB no enciende,garantia,0,0,0,647,6.4,garantia
M1672,2024-09-17 13:09:00,telefono,C0217,"[Transcripción de llamada] Buenos días, ¿me pueden decir en qué estado está mi reembolso del pedido P-2024-97978? Nadie me contesta. A la espera de su respuesta.",devolucion,0,0,1,12,7.3,devolucion
M1673,2024-09-17 14:32:00,chat,C0159,¿hacéis descuento por volumen?,producto,0,0,0,192,4.6,producto
M1674,2024-09-17 15:10:00,formulario,C0264,¿cómo pido la reparación?,garantia,0,0,0,374,11.1,garantia
M1675,2024-09-17 17:00:00,formulario,C0122,"Estimados, quiero devolver el disco SSD de 1 TB que compré el 17 de marzo. No es lo que esperaba y no le voy a dar uso. Aún estoy dentro de plazo, ¿verdad? Gracias de antemano.",devolucion,0,0,0,11,7.0,devolucion
M1676,2024-09-17 17:01:00,correo,C0330,"Buenas, no me quedo con la funda de silicona reforzada: da problemas desde el primer día. Gracias de antemano.",devolucion,0,1,0,10,7.9,devolucion
M1677,2024-09-18 08:45:00,chat,C0390,¿cuánto tarda en llegar?,producto,0,0,1,0,2.7,producto
M1678,2024-09-18 11:34:00,correo,C0011,"Estimados, en la factura de la tablet de 10 pulgadas no aparece el IVA desglosado y mi gestoría me la ha devuelto por eso. Quedo a la espera.",factura,0,0,0,55,5.7,factura
M1679,2024-09-18 12:20:00,chat,,"Hola, buenas, estoy mirando el monitor de 27 pulgadas y no me queda claro si es compatible con el equipo que ya tengo en casa. ¿Me lo pueden confirmar antes de comprarlo? Gracias por la atención.",producto,0,0,0,,11.3,producto
M1680,2024-09-18 13:01:00,formulario,,oferta exclusiva solo hoy,spam,0,0,0,,1.0,spam
M1681,2024-09-18 14:08:00,formulario,C0283,"Hola, quería comprar la barra de sonido de 2.1 canales pero aparece sin existencias. ¿Van a reponerla o la han descatalogado? A la espera de su respuesta.",producto,0,0,0,113,7.1,producto
M1682,2024-09-18 14:44:00,correo,C0389,"Buenas, inicié la devolución del pedido P-2024-84098 por la web, mandé el paquete y han pasado 12 días sin noticias del reembolso. Saludos cordiales.",devolucion,0,0,0,6,5.1,devolucion
M1683,2024-09-18 15:25:00,formulario,,"Buenas tardes, quiero devolver el cargador rápido de 65 W que compré el 26 de marzo. No es lo que esperaba y no le voy a dar uso. Aún estoy dentro de plazo, ¿verdad? Saludos cordiales.",devolucion,0,0,0,,6.4,devolucion
M1684,2024-09-18 17:18:00,formulario,,quiero anular el P-2024-55461,devolucion,0,0,0,,7.8,devolucion
M1685,2024-09-18 19:26:00,telefono,C0280,"[Transcripción de llamada] Hola, buenas, he pagado con transferencia el pedido P-2024-43937 y me sigue saliendo como pendiente de pago. Adjunto el justificante del banco. Gracias por la atención.",factura,0,0,0,82,3.5,factura
M1686,2024-09-19 09:58:00,correo,C0231,"Hola, buenas, dudo entre el tocadiscos con previo incorporado y otro modelo más caro. ¿Merece la pena la diferencia de 899,46 euros para un uso normal? Por cierto, ¿cuándo tienen previsto que llegue? Saludos cordiales.",envio,1,0,0,3,7.1,envio
M1687,2024-09-19 10:26:00,chat,C0204,"Hola, buenas, necesito que el pedido P-2024-65066 lo dejen en el punto de recogida en vez de en casa, que por las mañanas no hay nadie. Quedo a la espera.",envio,0,0,0,2,4.7,envio
M1688,2024-09-19 13:21:00,formulario,C0361,"Hola, he pagado con transferencia el pedido P-2024-68532 y me sigue saliendo como pendiente de pago. Adjunto el justificante del banco. Gracias por la atención.",factura,0,0,0,1,8.5,factura
M1689,2024-09-19 15:32:00,correo,C0109,"Estimados, en la factura del monitor de 27 pulgadas no aparece el IVA desglosado y mi gestoría me la ha devuelto por eso. Aparte de eso, el aparato vino defectuoso y no hay manera de encenderlo. Gracias por la atención.",garantia,1,0,0,497,11.5,garantia
M1690,2024-09-19 16:16:00,formulario,C0281,"Hola, ¿me pueden decir en qué estado está mi reembolso del pedido P-2024-69965? Nadie me contesta. A la espera de su respuesta.",factura,0,0,1,7,13.9,factura
M1691,2024-09-19 16:52:00,correo,C0154,"Hola, buenas, necesito que el pedido P-2024-85796 lo dejen en el punto de recogida en vez de en casa, que por las mañanas no hay nadie. Aparte de eso, el aparato vino defectuoso y no hay manera de encenderlo. Saludos cordiales.",garantia,1,0,0,387,12.4,devolucion
M1692,2024-09-20 09:39:00,formulario,C0252,"Buenas tardes, en la factura de la funda de silicona reforzada no aparece el IVA desglosado y mi gestoría me la ha devuelto por eso. Gracias por la atención.",factura,0,0,0,71,7.0,factura
M1693,2024-09-20 09:50:00,correo,C0223,"Buenas, no me quedo con el monitor de 27 pulgadas: da problemas desde el primer día. Muchas gracias.",devolucion,0,1,0,8,8.1,devolucion
M1694,2024-09-20 10:10:00,telefono,C0377,"[Transcripción de llamada] Buenos días, ¿el teclado mecánico retroiluminado incluye los cables o hay que comprarlos aparte? Lo pregunto porque en la foto se ven y en el listado no aparecen. A la espera de su respuesta.",producto,0,0,0,379,4.2,producto
M1695,2024-09-20 10:32:00,formulario,C0398,¿cuándo llega el P-2024-23175?,envio,0,0,0,1,6.3,envio
M1696,2024-09-20 12:49:00,correo,C0143,"Hola, buenas, el pedido P-2024-43646 me ha llegado bien pero me he arrepentido de la compra. ¿Cómo inicio la devolución y quién paga el transporte de vuelta? Gracias de antemano.",devolucion,0,0,0,5,4.8,devolucion
M1697,2024-09-20 13:25:00,formulario,C0320,no me ha llegado nada todavía,envio,0,0,0,6,3.2,envio
M1698,2024-09-20 17:18:00,correo,C0002,¿dónde está mi pedido?,envio,0,0,0,10,20.3,producto
M1699,2024-09-20 19:47:00,formulario,C0227,la factura sale sin mi NIF,factura,0,0,0,66,5.7,factura
M1700,2024-09-21 09:23:00,correo,C0341,"Hola, el pedido P-2024-49394 figura como entregado desde ayer y aquí no ha llegado nada. He preguntado a los vecinos y tampoco saben nada. Gracias por la atención.",envio,0,0,0,3,1.6,envio
M1701,2024-09-22 17:58:00,correo,C0343,¿la devolución la pagáis vosotros?,devolucion,0,0,0,5,12.7,devolucion
M1702,2024-09-22 18:57:00,telefono,C0338,"[Transcripción de llamada] Hola, me interesa el router wifi de doble banda para un regalo. ¿lo mandan en caja neutra y sin el precio dentro? También necesito la factura, que no me ha llegado. Quedo a la espera.",factura,1,0,0,98,35.2,factura
M1703,2024-09-23 09:21:00,chat,C0385,¿cuándo llega el P-2024-38920?,envio,0,0,0,8,4.0,envio
M1704,2024-09-23 09:25:00,telefono,,"[Transcripción de llamada] Buenas, me interesa la barra de sonido de 2.1 canales para un regalo. ¿la mandan en caja neutra y sin el precio dentro? A la espera de su respuesta.",producto,0,0,0,,13.9,producto
M1705,2024-09-23 09:31:00,correo,,"Hola, en la ficha del tocadiscos con previo incorporado pone una cosa en las características y otra distinta en la descripción. ¿Cuál de las dos es la buena? Muchas gracias.",producto,0,0,0,,11.6,producto
M1706,2024-09-23 10:11:00,correo,C0265,¿cuándo llega el P-2024-15557?,envio,0,0,0,7,2.9,envio
M1707,2024-09-23 11:06:00,telefono,C0164,"[Transcripción de llamada] Buenos días, inicié la devolución del pedido P-2024-65868 por la web, mandé el paquete y han pasado 10 días sin noticias del reembolso. A la espera de su respuesta.",devolucion,0,0,0,12,11.2,devolucion
M1708,2024-09-23 11:08:00,formulario,,"Buenas, ¿la tablet de 10 pulgadas incluye los cables o hay que comprarlos aparte? Lo pregunto porque en la foto se ven y en el listado no aparecen. A la espera de su respuesta.",producto,0,0,0,,11.5,producto
M1709,2024-09-23 12:28:00,correo,C0335,"Buenos días, me he equivocado al escribir la dirección de envío del pedido P-2024-96797, puse mal el número de portal. ¿Se puede corregir todavía o ya ha salido? Un saludo.",envio,0,0,0,2,4.1,envio
M1710,2024-09-23 13:04:00,correo,C0122,"Estimados, quiero tramitar la devolución del monitor de 27 pulgadas, que está defectuoso. Quedo a la espera.",devolucion,0,1,0,8,9.3,garantia
M1711,2024-09-23 13:18:00,chat,C0192,¿el micrófono USB de sobremesa viene con cables?,producto,0,0,0,269,3.7,producto
M1712,2024-09-23 13:47:00,telefono,,"[Transcripción de llamada] Buenas tardes, ¿el micrófono USB de sobremesa incluye los cables o hay que comprarlos aparte? Lo pregunto porque en la foto se ven y en el listado no aparecen. Saludos cordiales.",producto,0,0,0,,7.2,producto
M1713,2024-09-23 16:02:00,formulario,C0078,"Buenos días, en la factura de la tablet de 10 pulgadas no aparece el IVA desglosado y mi gestoría me la ha devuelto por eso. Quedo a la espera.",factura,0,0,0,34,10.7,factura
M1714,2024-09-23 17:02:00,formulario,C0271,la factura sale sin mi NIF,factura,0,0,0,68,12.3,factura
M1715,2024-09-23 17:02:00,correo,C0246,"Buenas, sigo sin ver el dinero del monitor de 27 pulgadas en mi cuenta. ¿Cómo va eso? Un saludo.",devolucion,0,0,1,7,10.5,devolucion
M1716,2024-09-23 17:08:00,formulario,C0349,"Buenas, el altavoz bluetooth portátil no me sirve para lo que lo quería. lo tengo sin abrir, con el precinto puesto y con la factura dentro de la caja. Gracias por la atención.",devolucion,0,0,0,4,17.1,devolucion
M1717,2024-09-23 17:36:00,correo,C0070,"Buenas tardes, me han llegado dos unidades de la funda de silicona reforzada y yo solo pedí una. Quiero devolver la que sobra y que me reembolsen los 691,53 euros. Muchas gracias.",devolucion,0,0,0,6,10.8,devolucion
M1718,2024-09-23 17:36:00,correo,,"Hola, el disco SSD de 1 TB me llegó con la carcasa rajada por un lado. La caja de fuera estaba intacta, así que venía así de fábrica. Gracias por la atención.",garantia,0,0,0,,11.7,garantia
M1719,2024-09-23 18:20:00,correo,,"Hola, ¿la barra de sonido de 2.1 canales que tienen en la web es el modelo de este año o el del anterior? En la ficha no aparece la referencia completa. Quedo a la espera.",producto,0,0,0,,9.8,factura
M1720,2024-09-23 20:19:00,correo,C0060,"Estimados, el reloj inteligente con GPS ha llegado esta mañana y viene dañado. No sé si ha sido el transporte o venía así. Gracias de antemano.",garantia,0,0,1,10,14.6,garantia
M1721,2024-09-24 08:08:00,formulario,C0078,"Buenos días, quiero devolver el teclado mecánico retroiluminado que compré el 11 de febrero. No es lo que esperaba y no le voy a dar uso. Aún estoy dentro de plazo, ¿verdad? Un saludo.",devolucion,0,0,0,7,11.8,devolucion
M1722,2024-09-24 10:16:00,correo,,"Estimados, me interesa el teclado mecánico retroiluminado para un regalo. ¿lo mandan en caja neutra y sin el precio dentro? Gracias de antemano.",producto,0,0,0,,3.5,producto
M1723,2024-09-24 10:27:00,formulario,,me habéis cobrado dos veces,factura,0,0,0,,12.0,factura
M1724,2024-09-24 10:36:00,correo,C0211,"Buenas, llevo 3 días esperando el pedido P-2024-55432. Si no llega esta semana, no lo quiero. Saludos cordiales.",envio,0,0,1,8,5.9,devolucion
M1725,2024-09-24 10:42:00,correo,,"Hola, ¿necesita mejorar el posicionamiento de su tienda en línea? Le ofrecemos una auditoría gratuita y sin compromiso de su web. A la espera de su respuesta.",spam,0,0,0,,1.5,spam
M1726,2024-09-24 11:38:00,correo,C0111,"Estimados, en la ficha de la funda de silicona reforzada pone una cosa en las características y otra distinta en la descripción. ¿Cuál de las dos es la buena? Quedo a la espera.",producto,0,0,0,260,12.4,producto
M1727,2024-09-24 12:04:00,telefono,,"[Transcripción de llamada] Buenos días, me interesa la impresora multifunción para un regalo. ¿la mandan en caja neutra y sin el precio dentro? A la espera de su respuesta.",producto,0,0,0,,8.3,producto
M1728,2024-09-24 12:23:00,telefono,C0314,"[Transcripción de llamada] Buenas, el pedido P-2024-83092 figura como entregado desde ayer y aquí no ha llegado nada. He preguntado a los vecinos y tampoco saben nada. Gracias por la atención.",envio,0,0,0,5,5.6,envio
M1729,2024-09-24 18:26:00,telefono,C0251,"[Transcripción de llamada] Buenas, el reloj inteligente con GPS no funciona como debería. ¿Qué tengo que hacer para que me den una solución? Saludos cordiales.",devolucion,0,1,0,7,7.7,devolucion
M1730,2024-09-25 10:18:00,correo,C0278,"Hola, buenas, inicié la devolución del pedido P-2024-53651 por la web, mandé el paquete y han pasado 6 días sin noticias del reembolso. Gracias por la atención.",devolucion,0,0,0,4,8.4,devolucion
M1731,2024-09-25 10:24:00,telefono,C0224,"[Transcripción de llamada] Buenas tardes, el pedido P-2024-98974 me ha llegado roto. La pantalla está rajada y no hay manera de encenderlo. Muchas gracias.",envio,0,0,1,8,9.8,garantia
M1732,2024-09-25 12:17:00,chat,C0013,¿me pueden dar el número de seguimiento?,envio,0,0,0,7,4.1,envio
M1733,2024-09-25 12:59:00,formulario,C0058,"Hola, en la ficha del router wifi de doble banda pone una cosa en las características y otra distinta en la descripción. ¿Cuál de las dos es la buena? Saludos cordiales.",producto,0,0,0,269,6.2,producto
M1734,2024-09-25 16:22:00,formulario,,"Buenas, la impresora multifunción no me sirve para lo que la quería. la tengo sin abrir, con el precinto puesto y con la factura dentro de la caja. Un saludo.",devolucion,0,0,0,,10.4,devolucion
M1735,2024-09-25 16:33:00,telefono,,[Transcripción de llamada] ¿cuánto plazo tengo para devolver?,devolucion,0,0,0,,4.4,devolucion
M1736,2024-09-25 17:20:00,formulario,C0137,"Buenas, necesito que el pedido P-2024-17940 lo dejen en el punto de recogida en vez de en casa, que por las mañanas no hay nadie. También necesito la factura, que no me ha llegado. Gracias de antemano.",factura,1,0,0,12,6.4,factura
M1737,2024-09-25 17:56:00,correo,C0074,"Buenos días, en la factura del pedido P-2024-97365 aparece un importe distinto del que pagué. Yo tengo un cargo de 516,06 euros en la tarjeta. A la espera de su respuesta.",factura,0,0,0,94,4.6,factura
M1738,2024-09-25 20:09:00,chat,,¿cuánto tarda en llegar si lo pido hoy?,producto,0,0,0,,3.6,envio
M1739,2024-09-26 10:11:00,correo,C0085,"Hola, el pedido P-2024-97813 me ha llegado bien pero me he arrepentido de la compra. ¿Cómo inicio la devolución y quién paga el transporte de vuelta? Gracias de antemano.",devolucion,0,0,0,10,6.9,devolucion
M1740,2024-09-26 10:32:00,formulario,C0304,"¿cuándo llega el P-2024-62463? También necesito la factura, que no me ha llegado.",factura,1,0,0,100,10.1,devolucion
M1741,2024-09-26 11:35:00,correo,C0372,"Hola, acabo de abrir la caja de la tablet de 10 pulgadas y está golpeado por una esquina. No funciona. Gracias de antemano.",garantia,0,0,1,7,17.3,garantia
M1742,2024-09-26 12:17:00,chat,,¿me mandáis la factura?,factura,0,0,0,,5.2,factura
M1743,2024-09-26 12:24:00,formulario,,"Buenos días, su paquete no ha podido ser entregado por un importe pendiente de 1,79 euros. Confirme sus datos en el enlace para reprogramar la entrega. Gracias de antemano.",spam,0,0,0,,1.2,spam
M1744,2024-09-26 13:01:00,correo,C0219,"Buenos días, hice el pedido P-2024-32013 el 10 de septiembre y sigue apareciendo como «en preparación». ¿Me pueden decir cuándo sale? Lo necesito para el fin de semana. Llegados a este punto prefiero devolver el pedido entero. Quedo a la espera.",devolucion,1,0,0,8,16.9,devolucion
M1745,2024-09-26 16:41:00,chat,C0280,"Buenos días, tengo un problema con el micrófono USB de sobremesa y quiero devolverlo. No me sirve así. Gracias de antemano.",garantia,0,1,0,249,15.0,garantia
M1746,2024-09-26 19:51:00,correo,C0089,"Buenos días, la funda de silicona reforzada lleva 13 días de retraso y ya no me hace falta. No sé si esperar o no. Un saludo.",envio,0,0,1,4,5.4,devolucion
M1747,2024-09-27 10:19:00,chat,,¿le interesa nuestra oferta?,spam,0,0,0,,0.5,spam
M1748,2024-09-27 10:20:00,correo,,"Hola, ¿la barra de sonido de 2.1 canales que tienen en la web es el modelo de este año o el del anterior? En la ficha no aparece la referencia completa. Gracias por la atención.",producto,0,0,0,,4.7,producto
M1749,2024-09-27 12:23:00,telefono,C0047,"[Transcripción de llamada] Hola, en la factura del pedido P-2024-51139 aparece un importe distinto del que pagué. Yo tengo un cargo de 326,95 euros en la tarjeta. Y si no hay solución, quiero devolverlo y que me reembolsen. Gracias por la atención.",devolucion,1,0,0,9,7.9,devolucion
M1750,2024-09-27 15:26:00,correo,,"Buenas tardes, última oportunidad: setenta por ciento de descuento en nuestro programa de facturación electrónica para pymes. Oferta válida solo esta semana. Quedo a la espera.",spam,0,0,0,,0.7,spam
M1751,2024-09-27 16:09:00,formulario,C0165,¿me pueden dar el número de seguimiento?,envio,0,0,0,4,5.5,envio
M1752,2024-09-27 17:08:00,correo,C0085,"Buenas, el portátil Lenovo IdeaPad 3 lleva 13 días de retraso y ya no me hace falta. No sé si esperar o no. Gracias por la atención.",envio,0,0,1,19,2.2,envio
M1753,2024-09-27 19:35:00,correo,,"Buenas, le escribo desde un fondo de inversión con una propuesta de financiación para su negocio, con condiciones muy por debajo de las del mercado. Quedo a la espera.",spam,0,0,0,,0.5,spam
M1754,2024-09-28 12:49:00,telefono,C0267,[Transcripción de llamada] ¿cómo devuelvo un pedido?,devolucion,0,0,0,12,14.6,devolucion
M1755,2024-09-28 14:25:00,formulario,C0388,"Estimados, compré la barra de sonido de 2.1 canales hace 15 días y quiero cambiarla por el modelo superior pagando la diferencia. ¿Se puede o tengo que devolverla y volver a comprar? A la espera de su respuesta.",devolucion,0,0,0,10,4.9,devolucion
M1756,2024-09-28 17:18:00,correo,C0202,"Buenos días, el repartidor dice que ha intentado entregar la tablet de 10 pulgadas dos veces y yo he estado en casa las dos veces. Nadie ha llamado al timbre. Saludos cordiales.",envio,0,0,0,4,3.4,envio
M1757,2024-09-28 17:42:00,chat,C0289,"Estimados, el monitor de 27 pulgadas que compré hace 22 meses ha dejado de encender de un día para otro. No se ha caído ni se ha mojado. Muchas gracias.",garantia,0,0,0,505,6.2,garantia
M1758,2024-09-29 09:53:00,formulario,C0134,¿cuánto tarda en llegar si lo pido hoy?,producto,0,0,0,302,5.3,producto
M1759,2024-09-29 18:18:00,formulario,C0136,"Estimados, ¿el portátil Lenovo IdeaPad 3 incluye los cables o hay que comprarlos aparte? Lo pregunto porque en la foto se ven y en el listado no aparecen. Gracias por la atención.",producto,0,0,0,289,25.2,producto
M1760,2024-09-30 08:03:00,chat,C0052,¿la devolución la pagáis vosotros?,devolucion,0,0,0,12,11.3,devolucion
M1761,2024-09-30 09:27:00,correo,C0037,"Hola, buenas, el pedido P-2024-40035 me ha llegado roto. La pantalla está rajada y no hay manera de encenderlo. Gracias de antemano.",envio,0,0,1,2,3.8,garantia
M1762,2024-09-30 09:58:00,correo,C0137,"Buenos días, el altavoz bluetooth portátil del pedido P-2024-44059 hace un ruido raro desde la semana pasada y ahora se apaga solo cada poco rato. Quedo a la espera.",garantia,0,0,0,273,5.5,garantia
M1763,2024-09-30 13:00:00,telefono,,"[Transcripción de llamada] Buenos días, ¿necesita mejorar el posicionamiento de su tienda en línea? Le ofrecemos una auditoría gratuita y sin compromiso de su web. Muchas gracias.",spam,0,0,0,,0.5,spam
M1764,2024-09-30 13:48:00,correo,,"Buenas, somos una empresa de logística internacional con más de veinte años de experiencia y nos gustaría ofrecerles nuestras tarifas para el próximo trimestre. Muchas gracias.",spam,0,0,0,,0.4,spam
M1765,2024-09-30 16:16:00,telefono,C0181,[Transcripción de llamada] la barra de sonido de 2.1 canales no enciende,garantia,0,0,0,686,11.2,garantia
M1766,2024-09-30 16:42:00,correo,C0209,"Hola, buenas, he pedido un cargador rápido de 65 W y otro artículo en el mismo pedido y solo me ha llegado uno. La caja venía bien cerrada, así que no parece cosa del transporte. A la espera de su respuesta.",envio,0,0,0,11,7.5,envio
M1767,2024-09-30 16:50:00,correo,C0227,"Hola, buenas, me he equivocado al escribir la dirección de envío del pedido P-2024-74887, puse mal el número de portal. ¿Se puede corregir todavía o ya ha salido? Gracias por la atención.",envio,0,0,0,0,11.6,envio
M1768,2024-09-30 17:33:00,chat,C0281,"Hola, llevo 10 días esperando el pedido P-2024-39386. Si no llega esta semana, no lo quiero. Un saludo.",envio,0,0,1,17,2.7,envio
M1769,2024-09-30 17:47:00,formulario,,"Buenas tardes, ¿el teclado mecánico retroiluminado que tienen en la web es el modelo de este año o el del anterior? En la ficha no aparece la referencia completa. A la espera de su respuesta.",producto,0,0,0,,3.9,spam
M1770,2024-09-30 18:02:00,telefono,C0170,"[Transcripción de llamada] Buenos días, no estoy conforme con la funda de silicona reforzada: ni funciona bien ni es lo que anunciaban. Quiero una solución. Un saludo.",garantia,0,1,0,274,13.7,garantia
M1771,2024-09-30 18:27:00,correo,C0186,"Estimados, compré el reloj inteligente con GPS hace 3 días y quiero cambiarlo por el modelo superior pagando la diferencia. ¿Se puede o tengo que devolverlo y volver a comprar? Gracias de antemano.",devolucion,0,0,0,7,15.8,devolucion
M1772,2024-09-30 19:49:00,correo,C0347,"Hola, buenas, he pedido un auricular inalámbrico con cancelación de ruido y otro artículo en el mismo pedido y solo me ha llegado uno. La caja venía bien cerrada, así que no parece cosa del transporte. Quedo a la espera.",envio,0,0,0,3,2.2,envio
M1773,2024-09-30 19:51:00,formulario,C0100,"Buenos días, el pedido P-2024-95171 figura como entregado desde ayer y aquí no ha llegado nada. He preguntado a los vecinos y tampoco saben nada. Gracias por la atención.",envio,0,0,0,11,4.3,envio
M1774,2024-10-01 08:20:00,correo,C0346,"Buenas, el pedido P-2024-82470 sigue sin aparecer y yo ya lo he comprado en otro sitio. Gracias de antemano.",devolucion,0,0,1,10,12.2,envio
M1775,2024-10-01 09:22:00,chat,,oferta exclusiva solo hoy,spam,0,0,0,,1.6,spam
M1776,2024-10-01 09:47:00,correo,C0045,"Buenas, compré la tablet de 10 pulgadas hace 9 días y quiero cambiarla por el modelo superior pagando la diferencia. ¿Se puede o tengo que devolverla y volver a comprar? Saludos cordiales.",devolucion,0,0,0,10,16.9,devolucion
M1777,2024-10-01 10:06:00,correo,C0106,"Buenas tardes, me he equivocado al escribir la dirección de envío del pedido P-2024-41756, puse mal el número de portal. ¿Se puede corregir todavía o ya ha salido? Gracias de antemano.",envio,0,0,0,4,5.5,envio
M1778,2024-10-01 10:18:00,correo,C0376,"Estimados, tengo un problema con el auricular inalámbrico con cancelación de ruido y quiero devolverlo. No me sirve así. Gracias de antemano.",garantia,0,1,0,340,12.1,devolucion
M1779,2024-10-01 10:46:00,correo,C0255,"Buenas, necesito que recojan el reloj inteligente con GPS y me den una solución, porque así no me sirve para nada. Muchas gracias.",garantia,0,1,0,17,14.9,garantia
M1780,2024-10-01 11:13:00,formulario,,¿la funda de silicona reforzada sirve para jugar?,producto,0,0,0,,3.2,producto
M1781,2024-10-01 11:30:00,telefono,C0265,"[Transcripción de llamada] Hola, buenas, inicié la devolución del pedido P-2024-33648 por la web, mandé el paquete y han pasado 8 días sin noticias del reembolso. Saludos cordiales.",devolucion,0,0,0,11,10.7,devolucion
M1782,2024-10-01 12:38:00,correo,C0037,"Hola, buenas, necesito que el pedido P-2024-76611 lo dejen en el punto de recogida en vez de en casa, que por las mañanas no hay nadie. Quedo a la espera.",envio,0,0,0,0,4.7,envio
M1783,2024-10-01 15:29:00,telefono,C0256,"[Transcripción de llamada] Estimados, hice el pedido P-2024-52518 el 12 de febrero y sigue apareciendo como «en preparación». ¿Me pueden decir cuándo sale? Lo necesito para el fin de semana. Gracias por la atención.",envio,0,0,0,6,6.9,envio
M1784,2024-10-01 16:19:00,correo,C0151,"Buenas, no ha llegado nada del pedido P-2024-11058 y necesito que me den una salida. Gracias de antemano.",envio,0,0,1,12,5.4,envio
M1785,2024-10-01 17:07:00,chat,C0190,"Estimados, el pedido P-2024-70427 figura como entregado desde ayer y aquí no ha llegado nada. He preguntado a los vecinos y tampoco saben nada. Saludos cordiales.",envio,0,0,0,3,4.8,envio
M1786,2024-10-01 18:04:00,correo,C0321,"Buenos días, ¿cuánto tardaría en llegarme el reloj inteligente con GPS si lo pido hoy? Lo necesito para el viernes. Gracias por la atención.",envio,0,0,1,7,6.8,producto
M1787,2024-10-02 10:02:00,formulario,C0272,"Hola, en la factura del pedido P-2024-26599 aparece un importe distinto del que pagué. Yo tengo un cargo de 595,01 euros en la tarjeta. Un saludo.",factura,0,0,0,110,4.1,factura
M1788,2024-10-02 11:38:00,telefono,C0278,"[Transcripción de llamada] si no llega hoy, anulad",envio,0,0,1,10,2.9,devolucion
M1789,2024-10-02 16:00:00,formulario,,"Hola, ofrecemos servicio de atención al cliente externalizado con agentes en horario ampliado. ¿Le interesa que le mandemos una propuesta sin compromiso? Muchas gracias.",spam,0,0,0,,1.0,spam
M1790,2024-10-02 17:08:00,correo,C0321,"Buenas, he pedido un móvil Redmi Note y otro artículo en el mismo pedido y solo me ha llegado uno. La caja venía bien cerrada, así que no parece cosa del transporte. Quedo a la espera.",envio,0,0,0,8,3.3,envio
M1791,2024-10-02 17:37:00,correo,,"Hola, buenas, estoy mirando el disco SSD de 1 TB y no me queda claro si es compatible con el equipo que ya tengo en casa. ¿Me lo pueden confirmar antes de comprarlo? Quedo a la espera.",producto,0,0,0,,5.2,producto
M1792,2024-10-02 20:07:00,chat,C0205,"Hola, el repartidor dice que ha intentado entregar el tocadiscos con previo incorporado dos veces y yo he estado en casa las dos veces. Nadie ha llamado al timbre. A la espera de su respuesta.",envio,0,0,0,9,3.5,envio
M1793,2024-10-03 10:59:00,correo,C0398,"Hola, me he equivocado al escribir la dirección de envío del pedido P-2024-61246, puse mal el número de portal. ¿Se puede corregir todavía o ya ha salido? A la espera de su respuesta.",envio,0,0,0,6,2.9,envio
M1794,2024-10-03 11:30:00,formulario,C0060,"Buenas, el pedido P-2024-88833 me ha llegado bien pero me he arrepentido de la compra. ¿Cómo inicio la devolución y quién paga el transporte de vuelta? Saludos cordiales.",devolucion,0,0,0,8,9.7,devolucion
M1795,2024-10-03 12:47:00,formulario,,"Estimados, estoy mirando el router wifi de doble banda y no me queda claro si es compatible con el equipo que ya tengo en casa. ¿Me lo pueden confirmar antes de comprarlo? Muchas gracias.",producto,0,0,0,,5.4,producto
M1796,2024-10-03 13:00:00,chat,,"Buenos días, le escribo desde un fondo de inversión con una propuesta de financiación para su negocio, con condiciones muy por debajo de las del mercado. Muchas gracias.",spam,0,0,0,,0.5,spam
M1797,2024-10-03 17:12:00,correo,C0193,"Buenas, el pedido P-2024-10018 figura como entregado desde ayer y aquí no ha llegado nada. He preguntado a los vecinos y tampoco saben nada. Y además ha empezado a fallar: se apaga solo desde el primer día. A la espera de su respuesta.",garantia,1,0,0,109,10.3,garantia
M1798,2024-10-03 17:38:00,correo,C0103,el disco SSD de 1 TB me llegó roto,garantia,0,0,0,270,22.8,garantia
M1799,2024-10-03 18:29:00,correo,C0278,"Buenos días, necesito que el pedido P-2024-40845 lo dejen en el punto de recogida en vez de en casa, que por las mañanas no hay nadie. Y si no hay solución, quiero devolverlo y que me reembolsen. Quedo a la espera.",devolucion,1,0,0,13,13.3,devolucion
M1800,2024-10-04 08:58:00,correo,,"Buenas, somos una empresa de logística internacional con más de veinte años de experiencia y nos gustaría ofrecerles nuestras tarifas para el próximo trimestre. A la espera de su respuesta.",spam,0,0,0,,1.1,spam
M1801,2024-10-04 12:42:00,chat,C0306,¿cuándo llega el P-2024-11828?,envio,0,0,0,1,7.7,envio
M1802,2024-10-04 17:30:00,formulario,C0385,"Hola, buenas, quiero devolver el disco SSD de 1 TB que compré el 22 de junio. No es lo que esperaba y no le voy a dar uso. Aún estoy dentro de plazo, ¿verdad? Y además ha empezado a fallar: se apaga solo desde el primer día. Gracias de antemano.",garantia,1,0,0,607,18.4,garantia
M1803,2024-10-04 20:36:00,correo,C0191,"Buenos días, acabo de abrir la caja del teclado mecánico retroiluminado y está golpeado por una esquina. No funciona. Gracias por la atención.",garantia,0,0,1,6,22.7,envio
M1804,2024-10-05 08:57:00,telefono,C0128,[Transcripción de llamada] no me ha llegado nada todavía,envio,0,0,0,7,4.9,envio
M1805,2024-10-05 09:00:00,chat,C0330,me habéis cobrado dos veces. Llegados a este punto prefiero devolver el pedido entero.,devolucion,1,0,0,3,7.5,devolucion
M1806,2024-10-05 09:42:00,chat,,¿el monitor de 27 pulgadas sirve para jugar?,producto,0,0,0,,3.0,producto
M1807,2024-10-05 11:44:00,chat,C0360,"sigue sin llegar. En cualquier caso, quiero iniciar la devolución.",devolucion,1,0,0,10,7.3,devolucion
M1808,2024-10-06 09:10:00,chat,C0276,"¿me pueden dar el número de seguimiento? Aparte de eso, el aparato vino defectuoso y no hay manera de encenderlo.",garantia,1,0,0,27,13.9,garantia
M1809,2024-10-06 12:00:00,correo,C0070,"Estimados, el micrófono USB de sobremesa ha dejado de conectarse después de una actualización y el fabricante me dice que hable con la tienda donde lo compré. Gracias de antemano.",garantia,0,0,0,661,19.3,garantia
M1810,2024-10-06 12:54:00,correo,C0338,"Hola, hace tiempo que espero la devolución del importe del pedido P-2024-54426 y no tengo noticias. Gracias de antemano.",factura,0,0,1,5,6.9,devolucion
M1811,2024-10-06 13:43:00,correo,C0192,"Estimados, quiero devolver el altavoz bluetooth portátil que compré el 27 de enero. No es lo que esperaba y no le voy a dar uso. Aún estoy dentro de plazo, ¿verdad? Muchas gracias.",devolucion,0,0,0,6,8.6,devolucion
M1812,2024-10-07 08:17:00,chat,C0356,"sigue sin llegar. Aparte de eso, el aparato vino defectuoso y no hay manera de encenderlo.",garantia,1,0,0,626,11.2,envio
M1813,2024-10-07 09:04:00,telefono,C0284,"[Transcripción de llamada] Hola, ¿en cuántos días se entrega el micrófono USB de sobremesa? Es para un regalo y voy justo de tiempo. Saludos cordiales.",producto,0,0,1,20,11.5,producto
M1814,2024-10-07 09:27:00,correo,C0225,"Hola, buenas, el pedido P-2024-24975 no ha llegado y a estas alturas ya no me interesa. Hagan lo que tengan que hacer. Muchas gracias.",envio,0,0,1,12,7.6,devolucion
M1815,2024-10-07 10:00:00,formulario,C0237,no me cuadra el importe,factura,0,0,0,113,4.5,factura
M1816,2024-10-07 10:09:00,chat,C0388,el portátil Lenovo IdeaPad 3 vino dañado,envio,0,0,1,1,2.3,envio
M1817,2024-10-07 10:43:00,chat,C0315,¿el disco SSD de 1 TB sirve para jugar?,producto,0,0,0,142,6.5,producto
M1818,2024-10-07 11:32:00,chat,C0051,"no funciona, ¿qué hago?",devolucion,0,1,0,9,8.5,devolucion
M1819,2024-10-07 11:47:00,telefono,C0092,"[Transcripción de llamada] Hola, buenas, el pedido P-2024-94853 sigue sin aparecer y yo ya lo he comprado en otro sitio. Quedo a la espera.",envio,0,0,1,11,8.0,envio
M1820,2024-10-07 12:14:00,correo,C0383,"Hola, buenas, compré el disco SSD de 1 TB hace 17 meses y se ha vuelto a estropear de lo mismo que ya me repararon en marzo. Gracias de antemano.",garantia,0,0,0,625,11.0,garantia
M1821,2024-10-07 12:18:00,formulario,C0072,"Buenos días, me he equivocado al escribir la dirección de envío del pedido P-2024-49935, puse mal el número de portal. ¿Se puede corregir todavía o ya ha salido? A la espera de su respuesta.",envio,0,0,0,10,3.0,envio
M1822,2024-10-07 12:51:00,chat,C0185,¿me pueden dar el número de seguimiento?,envio,0,0,0,3,4.3,envio
M1823,2024-10-07 14:39:00,chat,,"Hola, dudo entre el auricular inalámbrico con cancelación de ruido y otro modelo más caro. ¿Merece la pena la diferencia de 683,75 euros para un uso normal? A la espera de su respuesta.",producto,0,0,0,,5.0,producto
M1824,2024-10-07 15:25:00,correo,C0042,"Buenas, en la factura del tocadiscos con previo incorporado no aparece el IVA desglosado y mi gestoría me la ha devuelto por eso. Quedo a la espera.",factura,0,0,0,47,4.3,factura
M1825,2024-10-07 15:44:00,formulario,C0042,"Buenas tardes, compré el micrófono USB de sobremesa hace 20 días y quiero cambiarlo por el modelo superior pagando la diferencia. ¿Se puede o tengo que devolverlo y volver a comprar? Quedo a la espera.",devolucion,0,0,0,12,11.6,devolucion
M1826,2024-10-07 16:17:00,correo,C0002,"Hola, buenas, ¿el router wifi de doble banda que tienen en la web es el modelo de este año o el del anterior? En la ficha no aparece la referencia completa. Muchas gracias.",producto,0,0,0,83,5.7,producto
M1827,2024-10-07 17:50:00,correo,C0321,"Buenas, quiero anular el pedido P-2024-69269, que lo hice esta mañana y todavía no ha salido. Si ya ha salido, díganme cómo lo devuelvo. Gracias de antemano.",devolucion,0,0,0,10,3.8,devolucion
M1828,2024-10-08 08:16:00,telefono,C0256,"[Transcripción de llamada] Buenas, el pedido P-2024-55323 figura como entregado desde ayer y aquí no ha llegado nada. He preguntado a los vecinos y tampoco saben nada. Gracias de antemano.",envio,0,0,0,7,4.7,envio
M1829,2024-10-08 09:21:00,correo,,"Buenas tardes, estoy mirando el tocadiscos con previo incorporado y no me queda claro si es compatible con el equipo que ya tengo en casa. ¿Me lo pueden confirmar antes de comprarlo? Gracias de antemano.",producto,0,0,0,,5.6,producto
M1830,2024-10-08 11:29:00,formulario,,"Hola, ¿el teclado mecánico retroiluminado que tienen en la web es el modelo de este año o el del anterior? En la ficha no aparece la referencia completa. Gracias de antemano.",producto,0,0,0,,8.9,producto
M1831,2024-10-08 17:03:00,formulario,C0136,"Hola, he pedido un altavoz bluetooth portátil y otro artículo en el mismo pedido y solo me ha llegado uno. La caja venía bien cerrada, así que no parece cosa del transporte. Un saludo.",envio,0,0,0,1,5.7,envio
M1832,2024-10-08 18:41:00,correo,C0200,"Buenas tardes, la batería del portátil Lenovo IdeaPad 3 ya no aguanta ni dos horas. lo compré hace 9 meses y lo uso siempre con el cargador que venía en la caja. Un saludo.",garantia,0,0,0,301,16.6,garantia
M1833,2024-10-09 14:30:00,chat,C0372,"Buenas, me he equivocado al escribir la dirección de envío del pedido P-2024-98586, puse mal el número de portal. ¿Se puede corregir todavía o ya ha salido? Gracias de antemano.",envio,0,0,0,8,4.0,envio
M1834,2024-10-09 15:20:00,formulario,C0060,"¿cuándo me devolvéis los 668,00 euros?",factura,0,0,0,70,5.8,factura
M1835,2024-10-09 16:44:00,telefono,C0302,"[Transcripción de llamada] Hola, buenas, el altavoz bluetooth portátil ha dejado de conectarse después de una actualización y el fabricante me dice que hable con la tienda donde lo compré. Quedo a la espera.",garantia,0,0,0,458,5.4,garantia
M1836,2024-10-09 17:48:00,chat,,propuesta de colaboración comercial,spam,0,0,0,,0.5,spam
M1837,2024-10-10 09:34:00,chat,C0060,"Hola, necesito que recojan el portátil Lenovo IdeaPad 3 y me den una solución, porque así no me sirve para nada. A la espera de su respuesta.",garantia,0,1,0,228,6.8,garantia
M1838,2024-10-10 10:27:00,formulario,C0196,"Buenos días, ¿es normal que un pedido tarde 3 días en salir del almacén? Lo hice el 12 de septiembre y no tengo ni número de seguimiento. Gracias de antemano.",envio,0,0,0,9,7.6,envio
M1839,2024-10-10 10:56:00,correo,C0289,"Buenos días, el pedido P-2024-87927 figura como entregado desde ayer y aquí no ha llegado nada. He preguntado a los vecinos y tampoco saben nada. Saludos cordiales.",envio,0,0,0,1,5.3,envio
M1840,2024-10-10 11:02:00,chat,C0269,"Buenas, compré la barra de sonido de 2.1 canales y no va. ¿Me devuelven el importe o me la reparan? Gracias por la atención.",garantia,0,1,0,524,8.2,garantia
M1841,2024-10-10 11:43:00,chat,C0072,"Buenas tardes, me he equivocado al escribir la dirección de envío del pedido P-2024-75288, puse mal el número de portal. ¿Se puede corregir todavía o ya ha salido? También necesito la factura, que no me ha llegado. Muchas gracias.",factura,1,0,0,88,12.1,spam
M1842,2024-10-10 11:46:00,formulario,C0002,"Buenas tardes, inicié la devolución del pedido P-2024-49619 por la web, mandé el paquete y han pasado 17 días sin noticias del reembolso. Un saludo.",devolucion,0,0,0,8,7.9,devolucion
M1843,2024-10-10 12:11:00,formulario,,propuesta de colaboración comercial,spam,0,0,0,,0.2,spam
M1844,2024-10-10 14:00:00,formulario,C0251,"Estimados, quería comprar la impresora multifunción pero aparece sin existencias. ¿Van a reponerla o la han descatalogado? Añado que la entrega lleva ya 20 días de retraso. Gracias de antemano.",envio,1,0,0,10,5.8,envio
M1845,2024-10-10 16:20:00,chat,C0038,"¿tenéis el cargador rápido de 65 W? También necesito la factura, que no me ha llegado.",factura,1,0,0,99,5.8,producto
M1846,2024-10-10 17:21:00,correo,C0363,"Estimados, el pedido P-2024-33533 me ha llegado bien pero me he arrepentido de la compra. ¿Cómo inicio la devolución y quién paga el transporte de vuelta? Quedo a la espera.",devolucion,0,0,0,13,4.4,devolucion
M1847,2024-10-10 18:24:00,formulario,C0006,lleva 10 días y paso,envio,0,0,1,19,4.0,devolucion
M1848,2024-10-10 18:35:00,telefono,C0301,"[Transcripción de llamada] Hola, buenas, sigo sin ver el dinero del auricular inalámbrico con cancelación de ruido en mi cuenta. ¿Cómo va eso? Muchas gracias.",factura,0,0,1,13,9.6,factura
M1849,2024-10-11 10:43:00,formulario,C0077,"Buenas, me han llegado dos unidades del portátil Lenovo IdeaPad 3 y yo solo pedí una. Quiero devolver la que sobra y que me reembolsen los 366,54 euros. Gracias de antemano.",devolucion,0,0,0,13,10.2,devolucion
M1850,2024-10-11 10:48:00,chat,C0177,quiero anular el P-2024-87649,devolucion,0,0,0,13,7.4,devolucion
M1851,2024-10-11 13:04:00,formulario,C0107,"Buenas tardes, ¿en cuántos días se entrega el altavoz bluetooth portátil? Es para un regalo y voy justo de tiempo. A la espera de su respuesta.",envio,0,0,1,4,4.6,envio
M1852,2024-10-11 13:07:00,correo,C0355,"Estimados, el reloj inteligente con GPS no me sirve para lo que lo quería. lo tengo sin abrir, con el precinto puesto y con la factura dentro de la caja. Quedo a la espera.",devolucion,0,0,0,9,8.2,devolucion
M1853,2024-10-11 17:18:00,correo,C0227,"Hola, el pedido P-2024-61281 no ha llegado y a estas alturas ya no me interesa. Hagan lo que tengan que hacer. Gracias de antemano.",envio,0,0,1,18,7.2,devolucion
M1854,2024-10-12 11:44:00,correo,C0226,"Estimados, no me quedo con la barra de sonido de 2.1 canales: da problemas desde el primer día. Un saludo.",devolucion,0,1,0,10,22.8,devolucion
M1855,2024-10-13 09:23:00,correo,C0374,"Hola, necesito que el pedido P-2024-21250 lo dejen en el punto de recogida en vez de en casa, que por las mañanas no hay nadie. Quedo a la espera.",envio,0,0,0,4,2.3,envio
M1856,2024-10-13 10:44:00,chat,C0186,"no me sirve, la quiero devolver",devolucion,0,0,0,1,11.3,devolucion
M1857,2024-10-13 11:27:00,telefono,C0328,"[Transcripción de llamada] Hola, ¿cuánto tardaría en llegarme el auricular inalámbrico con cancelación de ruido si lo pido hoy? Lo necesito para el viernes. A la espera de su respuesta.",producto,0,0,1,6,19.9,envio
M1858,2024-10-14 08:14:00,correo,,"Hola, disponemos de una base de datos de más de doscientos mil contactos del sector del comercio electrónico. Se la podemos ceder a un precio simbólico. Gracias por la atención.",spam,0,0,0,,1.7,spam
M1859,2024-10-14 10:10:00,telefono,C0236,"[Transcripción de llamada] Estimados, compré la funda de silicona reforzada hace 17 días y quiero cambiarla por el modelo superior pagando la diferencia. ¿Se puede o tengo que devolverla y volver a comprar? A la espera de su respuesta.",devolucion,0,0,0,3,9.1,devolucion
M1860,2024-10-14 10:21:00,chat,C0086,la factura sale sin mi NIF,factura,0,0,0,64,5.8,factura
M1861,2024-10-14 13:17:00,formulario,C0366,"Buenas tardes, dudo entre el altavoz bluetooth portátil y otro modelo más caro. ¿Merece la pena la diferencia de 161,28 euros para un uso normal? Añado que la entrega lleva ya 3 días de retraso. A la espera de su respuesta.",envio,1,0,0,6,7.1,envio
M1862,2024-10-14 17:27:00,formulario,C0006,"Buenas tardes, me han llegado dos unidades de la tablet de 10 pulgadas y yo solo pedí una. Quiero devolver la que sobra y que me reembolsen los 536,62 euros. Quedo a la espera.",devolucion,0,0,0,7,11.6,devolucion
M1863,2024-10-14 18:32:00,formulario,C0043,sigue sin llegar,envio,0,0,0,5,5.3,envio
M1864,2024-10-14 19:35:00,correo,C0139,"Hola, ¿el disco SSD de 1 TB que tienen en la web es el modelo de este año o el del anterior? En la ficha no aparece la referencia completa. Muchas gracias.",producto,0,0,0,318,3.1,producto
M1865,2024-10-14 20:05:00,chat,C0060,"Buenos días, el repartidor dice que ha intentado entregar el micrófono USB de sobremesa dos veces y yo he estado en casa las dos veces. Nadie ha llamado al timbre. Y lo peor es que no funciona, así que habrá que repararlo. Un saludo.",garantia,1,0,0,360,11.1,garantia
M1866,2024-10-14 20:39:00,correo,C0210,"Buenas, el repartidor dice que ha intentado entregar la impresora multifunción dos veces y yo he estado en casa las dos veces. Nadie ha llamado al timbre. Gracias por la atención.",envio,0,0,0,6,4.7,envio
M1867,2024-10-15 09:15:00,correo,C0021,"Buenos días, el portátil Lenovo IdeaPad 3 ha dejado de conectarse después de una actualización y el fabricante me dice que hable con la tienda donde lo compré. Gracias por la atención.",garantia,0,0,0,417,8.4,garantia
M1868,2024-10-15 10:46:00,correo,C0317,"Hola, hice el pedido P-2024-12352 el 25 de marzo y sigue apareciendo como «en preparación». ¿Me pueden decir cuándo sale? Lo necesito para el fin de semana. A la espera de su respuesta.",envio,0,0,0,2,7.6,envio
M1869,2024-10-15 11:29:00,correo,C0147,"Estimados, dudo entre el router wifi de doble banda y otro modelo más caro. ¿Merece la pena la diferencia de 790,73 euros para un uso normal? Y de paso, el seguimiento sigue sin actualizarse. Un saludo.",envio,1,0,0,3,15.6,devolucion
M1870,2024-10-15 16:36:00,correo,C0278,"Buenos días, en la factura del monitor de 27 pulgadas no aparece el IVA desglosado y mi gestoría me la ha devuelto por eso. Gracias de antemano.",factura,0,0,0,75,9.9,factura
M1871,2024-10-15 19:38:00,formulario,,¿le interesa nuestra oferta?,spam,0,0,0,,0.6,factura
M1872,2024-10-16 10:21:00,chat,C0391,"Hola, hice el pedido P-2024-64842 el 6 de junio y sigue apareciendo como «en preparación». ¿Me pueden decir cuándo sale? Lo necesito para el fin de semana. Aparte de eso, el aparato vino defectuoso y no hay manera de encenderlo. Saludos cordiales.",garantia,1,0,0,273,14.7,garantia
M1873,2024-10-16 11:23:00,correo,C0324,"Hola, buenas, el reembolso del pedido P-2024-52029 lo aceptaron hace 6 días y en la cuenta no ha entrado nada todavía. Aparte de eso, el aparato vino defectuoso y no hay manera de encenderlo. Quedo a la espera.",garantia,1,0,0,659,9.1,factura
M1874,2024-10-16 16:38:00,telefono,C0198,"[Transcripción de llamada] Buenas, llevo 19 días esperando el pedido P-2024-60375. Si no llega esta semana, no lo quiero. Un saludo.",envio,0,0,1,4,10.8,envio
M1875,2024-10-16 17:59:00,telefono,C0135,"[Transcripción de llamada] Hola, he pedido un portátil Lenovo IdeaPad 3 y otro artículo en el mismo pedido y solo me ha llegado uno. La caja venía bien cerrada, así que no parece cosa del transporte. También necesito la factura, que no me ha llegado. Gracias por la atención.",factura,1,0,0,53,2.2,factura
M1876,2024-10-16 18:09:00,correo,C0209,"Estimados, dudo entre el disco SSD de 1 TB y otro modelo más caro. ¿Merece la pena la diferencia de 212,89 euros para un uso normal? Y además el importe cobrado no coincide con el del pedido. Gracias de antemano.",factura,1,0,0,40,9.7,producto
M1877,2024-10-16 18:27:00,formulario,,"Buenas tardes, estoy mirando el portátil Lenovo IdeaPad 3 y no me queda claro si es compatible con el equipo que ya tengo en casa. ¿Me lo pueden confirmar antes de comprarlo? Quedo a la espera.",producto,0,0,0,,3.2,producto
M1878,2024-10-17 08:54:00,correo,C0093,"Buenas, compré el auricular inalámbrico con cancelación de ruido y no va. ¿Me devuelven el importe o me lo reparan? Muchas gracias.",garantia,0,1,0,74,14.7,garantia
M1879,2024-10-17 09:30:00,correo,C0008,"Estimados, he recibido el pedido P-2024-32141 y el aparato no va. La caja tiene un golpe en un lateral. Un saludo.",garantia,0,0,1,9,15.6,envio
M1880,2024-10-17 10:03:00,formulario,C0057,¿cuánto tarda en llegar si lo pido hoy?,producto,0,0,0,229,15.5,producto
M1881,2024-10-17 12:59:00,formulario,C0214,¿en qué estado está mi reembolso?,factura,0,0,1,6,7.0,factura
M1882,2024-10-17 18:06:00,correo,C0348,"Buenos días, he pagado con transferencia el pedido P-2024-72327 y me sigue saliendo como pendiente de pago. Adjunto el justificante del banco. Un saludo.",factura,0,0,0,80,12.7,factura
M1883,2024-10-17 19:15:00,correo,C0019,"Estimados, me interesa la tablet de 10 pulgadas para un regalo. ¿la mandan en caja neutra y sin el precio dentro? A la espera de su respuesta.",producto,0,0,0,220,10.0,producto
M1884,2024-10-17 19:23:00,correo,C0338,"Buenos días, estoy mirando el micrófono USB de sobremesa y no me queda claro si es compatible con el equipo que ya tengo en casa. ¿Me lo pueden confirmar antes de comprarlo? A la espera de su respuesta.",producto,0,0,0,31,4.1,producto
M1885,2024-10-18 08:18:00,formulario,C0238,"Buenas tardes, me interesa el disco SSD de 1 TB para un regalo. ¿lo mandan en caja neutra y sin el precio dentro? Muchas gracias.",producto,0,0,0,224,22.8,producto
M1886,2024-10-18 12:34:00,correo,C0040,"Buenas tardes, ¿la impresora multifunción que tienen en la web es el modelo de este año o el del anterior? En la ficha no aparece la referencia completa. Aprovecho para pedirles la factura con el NIF de la empresa. Gracias de antemano.",factura,1,0,0,119,17.4,factura
M1887,2024-10-18 14:37:00,formulario,C0128,"¿dónde está mi pedido? En cualquier caso, quiero iniciar la devolución.",devolucion,1,0,0,6,12.2,devolucion
M1888,2024-10-18 17:10:00,correo,,"Estimados, quería comprar el monitor de 27 pulgadas pero aparece sin existencias. ¿Van a reponerlo o lo han descatalogado? Muchas gracias.",producto,0,0,0,,7.3,producto
M1889,2024-10-18 17:33:00,correo,C0184,"Buenos días, compré la tablet de 10 pulgadas hace 14 días y quiero cambiarla por el modelo superior pagando la diferencia. ¿Se puede o tengo que devolverla y volver a comprar? Saludos cordiales.",devolucion,0,0,0,6,6.7,devolucion
M1890,2024-10-18 18:08:00,correo,,"Hola, buenas, el pedido P-2024-22450 figura como entregado desde ayer y aquí no ha llegado nada. He preguntado a los vecinos y tampoco saben nada. También necesito la factura, que no me ha llegado. Gracias de antemano.",factura,1,0,0,,4.4,devolucion
M1891,2024-10-18 19:17:00,telefono,C0056,"[Transcripción de llamada] Buenas, tengo un problema con el reloj inteligente con GPS y quiero devolverlo. No me sirve así. Gracias de antemano.",garantia,0,1,0,471,17.9,garantia
M1892,2024-10-18 19:47:00,correo,,"Estimados, ofrecemos servicio de atención al cliente externalizado con agentes en horario ampliado. ¿Le interesa que le mandemos una propuesta sin compromiso? Gracias por la atención.",spam,0,0,0,,0.2,spam
M1893,2024-10-19 10:17:00,formulario,C0210,"Hola, buenas, no estoy conforme con el micrófono USB de sobremesa: ni funciona bien ni es lo que anunciaban. Quiero una solución. Gracias de antemano.",garantia,0,1,0,183,12.5,garantia
M1894,2024-10-19 13:36:00,correo,C0215,"Buenas tardes, quiero saber cuándo me devuelven los 845,34 euros del pedido P-2024-61582. Llevo semanas esperando. Gracias de antemano.",factura,0,0,1,13,14.5,devolucion
M1895,2024-10-20 11:22:00,formulario,,"Hola, hemos detectado un acceso no autorizado a su cuenta de empresa. Verifique su identidad en las próximas veinticuatro horas o será suspendida. Gracias de antemano.",spam,0,0,0,,0.5,spam
M1896,2024-10-20 11:47:00,formulario,C0234,"Buenas tardes, estoy mirando el portátil Lenovo IdeaPad 3 y no me queda claro si es compatible con el equipo que ya tengo en casa. ¿Me lo pueden confirmar antes de comprarlo? Y de paso, el seguimiento sigue sin actualizarse. Muchas gracias.",envio,1,0,0,4,4.1,producto
M1897,2024-10-21 08:36:00,correo,C0227,"Buenas tardes, ¿la funda de silicona reforzada incluye los cables o hay que comprarlos aparte? Lo pregunto porque en la foto se ven y en el listado no aparecen. Gracias por la atención.",producto,0,0,0,209,3.9,producto
M1898,2024-10-21 09:37:00,correo,C0255,"Hola, inicié la devolución del pedido P-2024-16691 por la web, mandé el paquete y han pasado 17 días sin noticias del reembolso. Un saludo.",devolucion,0,0,0,12,10.1,devolucion
M1899,2024-10-21 10:18:00,correo,,"Buenas, me han llegado dos unidades del micrófono USB de sobremesa y yo solo pedí una. Quiero devolver la que sobra y que me reembolsen los 79,90 euros. Quedo a la espera.",devolucion,0,0,0,,8.0,devolucion
M1900,2024-10-21 10:25:00,formulario,C0333,la factura sale sin mi NIF,factura,0,0,0,40,5.8,factura
M1901,2024-10-21 10:30:00,chat,C0376,"Estimados, el pedido P-2024-43802 figura como entregado desde ayer y aquí no ha llegado nada. He preguntado a los vecinos y tampoco saben nada. Saludos cordiales.",envio,0,0,0,4,1.5,envio
M1902,2024-10-21 10:59:00,formulario,C0384,el disco SSD de 1 TB me llegó roto,garantia,0,0,0,535,8.5,garantia
M1903,2024-10-21 11:19:00,chat,C0371,"Buenas tardes, el altavoz bluetooth portátil del pedido P-2024-51171 hace un ruido raro desde la semana pasada y ahora se apaga solo cada poco rato. Un saludo.",garantia,0,0,0,306,13.2,garantia
M1904,2024-10-21 12:11:00,formulario,C0256,"Buenas, hice el pedido P-2024-11288 el 20 de mayo y sigue apareciendo como «en preparación». ¿Me pueden decir cuándo sale? Lo necesito para el fin de semana. Gracias por la atención.",envio,0,0,0,10,4.2,envio
M1905,2024-10-21 15:16:00,correo,C0237,"Buenas tardes, el teclado mecánico retroiluminado vino con un fallo. Prefiero que me devuelvan el importe a que me lo arreglen. Saludos cordiales.",garantia,0,1,0,347,11.2,garantia
M1906,2024-10-21 16:43:00,correo,,"Buenas tardes, la tablet de 10 pulgadas que compré hace 10 meses ha dejado de encender de un día para otro. No se ha caído ni se ha mojado. Muchas gracias.",garantia,0,0,0,,10.6,garantia
M1907,2024-10-21 17:09:00,chat,C0394,"Hola, el repartidor dice que ha intentado entregar la barra de sonido de 2.1 canales dos veces y yo he estado en casa las dos veces. Nadie ha llamado al timbre. Gracias de antemano.",envio,0,0,0,8,5.2,envio
M1908,2024-10-21 17:41:00,correo,,"Hola, buenas, disponemos de una base de datos de más de doscientos mil contactos del sector del comercio electrónico. Se la podemos ceder a un precio simbólico. Muchas gracias.",spam,0,0,0,,0.6,spam
M1909,2024-10-21 18:49:00,telefono,C0180,"[Transcripción de llamada] Buenos días, el repartidor dice que ha intentado entregar la barra de sonido de 2.1 canales dos veces y yo he estado en casa las dos veces. Nadie ha llamado al timbre. Quedo a la espera.",envio,0,0,0,5,6.6,envio
M1910,2024-10-21 19:40:00,chat,C0102,"Hola, en la factura del pedido P-2024-37521 aparece un importe distinto del que pagué. Yo tengo un cargo de 53,24 euros en la tarjeta. Muchas gracias.",factura,0,0,0,68,15.8,factura
M1911,2024-10-21 19:41:00,formulario,C0289,"Buenas tardes, me he equivocado al escribir la dirección de envío del pedido P-2024-61345, puse mal el número de portal. ¿Se puede corregir todavía o ya ha salido? Gracias de antemano.",envio,0,0,0,5,16.9,envio
M1912,2024-10-21 20:07:00,correo,C0359,"Hola, necesito la factura del pedido P-2024-20747 con los datos fiscales de mi empresa, que la que me han mandado va a mi nombre particular. Muchas gracias.",factura,0,0,0,116,5.8,factura
M1913,2024-10-21 20:26:00,correo,C0107,quiero una solución con el portátil Lenovo IdeaPad 3,devolucion,0,1,0,8,3.1,garantia
M1914,2024-10-22 11:16:00,correo,C0215,"Hola, buenas, el monitor de 27 pulgadas del pedido P-2024-56587 hace un ruido raro desde la semana pasada y ahora se apaga solo cada poco rato. Un saludo.",garantia,0,0,0,327,5.8,garantia
M1915,2024-10-22 11:30:00,formulario,C0215,"¿hacéis descuento por volumen? También necesito la factura, que no me ha llegado.",factura,1,0,0,82,18.0,factura
M1916,2024-10-22 11:37:00,correo,,"Buenas tardes, hemos detectado un acceso no autorizado a su cuenta de empresa. Verifique su identidad en las próximas veinticuatro horas o será suspendida. Gracias por la atención.",spam,0,0,0,,0.9,spam
M1917,2024-10-22 15:26:00,correo,,"Buenas tardes, disponemos de una base de datos de más de doscientos mil contactos del sector del comercio electrónico. Se la podemos ceder a un precio simbólico. Un saludo.",spam,0,0,0,,1.9,producto
M1918,2024-10-22 17:32:00,chat,C0011,¿cuándo llega el P-2024-83510?,envio,0,0,0,3,5.2,envio
M1919,2024-10-22 18:39:00,chat,C0267,¿el router wifi de doble banda viene con cables?,producto,0,0,0,192,5.1,producto
M1920,2024-10-22 19:21:00,formulario,C0301,"Buenas, quería comprar la funda de silicona reforzada pero aparece sin existencias. ¿Van a reponerla o la han descatalogado? Gracias de antemano.",producto,0,0,0,54,2.4,producto
M1921,2024-10-22 20:33:00,telefono,C0218,"[Transcripción de llamada] si no llega hoy, anulad",devolucion,0,0,1,10,7.8,devolucion
M1922,2024-10-22 20:57:00,correo,C0188,"Hola, buenas, el repartidor dice que ha intentado entregar la barra de sonido de 2.1 canales dos veces y yo he estado en casa las dos veces. Nadie ha llamado al timbre. Muchas gracias.",envio,0,0,0,4,2.8,envio
M1923,2024-10-23 08:52:00,correo,C0251,"Hola, buenas, me han llegado dos unidades del tocadiscos con previo incorporado y yo solo pedí una. Quiero devolver la que sobra y que me reembolsen los 309,92 euros. Un saludo.",devolucion,0,0,0,1,9.2,devolucion
M1924,2024-10-23 08:55:00,chat,C0342,"Hola, en la ficha de la funda de silicona reforzada pone una cosa en las características y otra distinta en la descripción. ¿Cuál de las dos es la buena? Gracias de antemano.",producto,0,0,0,341,5.3,producto
M1925,2024-10-23 09:32:00,correo,C0196,"está en garantía, ¿no?",garantia,0,0,0,125,11.0,garantia
M1926,2024-10-23 10:45:00,formulario,C0248,"Hola, el cargador rápido de 65 W ha dejado de funcionar y quiero devolverlo y recuperar mi dinero. Un saludo.",garantia,0,1,0,540,12.5,garantia
M1927,2024-10-23 14:02:00,formulario,C0027,"Buenos días, no me quedo con el teclado mecánico retroiluminado: da problemas desde el primer día. Un saludo.",devolucion,0,1,0,13,11.8,devolucion
M1928,2024-10-23 17:56:00,chat,C0045,¿la devolución la pagáis vosotros?,devolucion,0,0,0,4,7.0,devolucion
M1929,2024-10-23 18:12:00,correo,C0255,"Hola, buenas, he recibido el pedido P-2024-75668 y el aparato no va. La caja tiene un golpe en un lateral. Un saludo.",envio,0,0,1,5,8.2,envio
M1930,2024-10-23 18:54:00,correo,C0056,"si no llega hoy, anulad",envio,0,0,1,6,5.1,envio
M1931,2024-10-24 08:41:00,correo,C0057,"Hola, la batería del monitor de 27 pulgadas ya no aguanta ni dos horas. lo compré hace 8 meses y lo uso siempre con el cargador que venía en la caja. A la espera de su respuesta.",garantia,0,0,0,463,11.3,garantia
M1932,2024-10-24 10:01:00,telefono,C0116,"[Transcripción de llamada] Buenas, he pedido un router wifi de doble banda y otro artículo en el mismo pedido y solo me ha llegado uno. La caja venía bien cerrada, así que no parece cosa del transporte. Aparte de eso, el aparato vino defectuoso y no hay manera de encenderlo. Gracias por la atención.",garantia,1,0,0,343,9.2,garantia
M1933,2024-10-24 10:33:00,correo,C0191,"Buenas, inicié la devolución del pedido P-2024-50937 por la web, mandé el paquete y han pasado 5 días sin noticias del reembolso. Un saludo.",devolucion,0,0,0,2,8.9,devolucion
M1934,2024-10-24 12:31:00,telefono,C0086,"[Transcripción de llamada] Hola, buenas, hice el pedido P-2024-45282 el 21 de octubre y sigue apareciendo como «en preparación». ¿Me pueden decir cuándo sale? Lo necesito para el fin de semana. Gracias de antemano.",envio,0,0,0,9,2.7,envio
M1935,2024-10-24 13:14:00,correo,C0364,"Buenos días, en la factura del reloj inteligente con GPS no aparece el IVA desglosado y mi gestoría me la ha devuelto por eso. Quedo a la espera.",factura,0,0,0,45,8.8,factura
M1936,2024-10-24 16:37:00,formulario,C0204,"¿cuándo me devolvéis los 583,46 euros?",factura,0,0,0,84,3.1,factura
M1937,2024-10-25 10:35:00,formulario,C0269,"Buenas, el móvil Redmi Note que me vendieron no va bien y quiero que me lo cambien o que me devuelvan el dinero. Un saludo.",garantia,0,1,0,478,19.0,garantia
M1938,2024-10-25 11:20:00,correo,C0192,"Estimados, la funda de silicona reforzada me llegó con la carcasa rajada por un lado. La caja de fuera estaba intacta, así que venía así de fábrica. Muchas gracias.",garantia,0,0,0,388,13.3,garantia
M1939,2024-10-25 12:57:00,correo,C0118,"Buenas tardes, el seguimiento del pedido P-2024-79820 lleva 14 días sin moverse y la fecha prevista de entrega ya ha pasado. ¿Se ha perdido? Saludos cordiales.",envio,0,0,0,8,11.9,envio
M1940,2024-10-25 14:06:00,formulario,C0233,"Buenos días, en la ficha del altavoz bluetooth portátil pone una cosa en las características y otra distinta en la descripción. ¿Cuál de las dos es la buena? Muchas gracias.",producto,0,0,0,30,6.2,producto
M1941,2024-10-25 17:23:00,formulario,C0057,"Buenos días, estoy mirando el altavoz bluetooth portátil y no me queda claro si es compatible con el equipo que ya tengo en casa. ¿Me lo pueden confirmar antes de comprarlo? Muchas gracias.",producto,0,0,0,66,5.0,producto
M1942,2024-10-25 18:56:00,formulario,,tenemos una propuesta para su empresa,spam,0,0,0,,3.3,spam
M1943,2024-10-25 19:57:00,formulario,,"Buenos días, le escribo desde un fondo de inversión con una propuesta de financiación para su negocio, con condiciones muy por debajo de las del mercado. Saludos cordiales.",spam,0,0,0,,0.9,spam
M1944,2024-10-25 20:54:00,telefono,,"[Transcripción de llamada] Hola, ¿necesita mejorar el posicionamiento de su tienda en línea? Le ofrecemos una auditoría gratuita y sin compromiso de su web. Gracias por la atención.",spam,0,0,0,,0.8,spam
M1945,2024-10-26 14:20:00,correo,,"Buenas, ofrecemos servicio de atención al cliente externalizado con agentes en horario ampliado. ¿Le interesa que le mandemos una propuesta sin compromiso? Un saludo.",spam,0,0,0,,0.2,spam
M1946,2024-10-27 10:17:00,correo,,"Buenas tardes, última oportunidad: setenta por ciento de descuento en nuestro programa de facturación electrónica para pymes. Oferta válida solo esta semana. A la espera de su respuesta.",spam,0,0,0,,0.4,spam
M1947,2024-10-28 10:01:00,correo,C0196,"Hola, el monitor de 27 pulgadas no funciona como debería. ¿Qué tengo que hacer para que me den una solución? Gracias de antemano.",garantia,0,1,0,48,15.5,garantia
M1948,2024-10-28 10:37:00,correo,C0042,"Buenos días, el monitor de 27 pulgadas no me sirve para lo que lo quería. lo tengo sin abrir, con el precinto puesto y con la factura dentro de la caja. Aparte de eso, el aparato vino defectuoso y no hay manera de encenderlo. Saludos cordiales.",garantia,1,0,0,369,16.6,garantia
M1949,2024-10-28 10:38:00,correo,C0179,"está en garantía, ¿no?",garantia,0,0,0,46,13.5,garantia
M1950,2024-10-28 10:45:00,formulario,,tenemos una propuesta para su empresa,spam,0,0,0,,0.9,spam
M1951,2024-10-28 10:47:00,chat,C0056,"Hola, buenas, quiero anular el pedido P-2024-61113, que lo hice esta mañana y todavía no ha salido. Si ya ha salido, díganme cómo lo devuelvo. A la espera de su respuesta.",devolucion,0,0,0,2,9.3,devolucion
M1952,2024-10-28 10:55:00,correo,C0050,"Buenos días, la batería del altavoz bluetooth portátil ya no aguanta ni dos horas. lo compré hace 7 meses y lo uso siempre con el cargador que venía en la caja. Quedo a la espera.",garantia,0,0,0,162,8.1,garantia
M1953,2024-10-28 11:00:00,correo,C0048,no me ha llegado nada todavía. Y además ha empezado a fallar: se apaga solo desde el primer día.,garantia,1,0,0,353,21.3,garantia
M1954,2024-10-28 11:31:00,correo,C0261,"Buenas, necesito que recojan el portátil Lenovo IdeaPad 3 y me den una solución, porque así no me sirve para nada. Muchas gracias.",garantia,0,1,0,131,16.6,garantia
M1955,2024-10-28 11:38:00,telefono,C0063,"[Transcripción de llamada] Buenas, hice el pedido P-2024-28511 el 21 de enero y sigue apareciendo como «en preparación». ¿Me pueden decir cuándo sale? Lo necesito para el fin de semana. Gracias por la atención.",envio,0,0,0,9,3.8,envio
M1956,2024-10-28 12:28:00,correo,C0234,"Hola, buenas, el seguimiento del pedido P-2024-47919 lleva 10 días sin moverse y la fecha prevista de entrega ya ha pasado. ¿Se ha perdido? A la espera de su respuesta.",envio,0,0,0,6,5.0,producto
M1957,2024-10-28 12:41:00,correo,C0311,"Hola, me han cobrado dos veces los 735,98 euros del pedido P-2024-11380. En el banco aparecen los dos cargos con la misma fecha. Muchas gracias.",factura,0,0,0,13,5.5,factura
M1958,2024-10-28 14:36:00,correo,C0313,"Estimados, me interesa el móvil Redmi Note para un regalo. ¿lo mandan en caja neutra y sin el precio dentro? Por cierto, ¿cuándo tienen previsto que llegue? Gracias de antemano.",envio,1,0,0,0,4.6,producto
M1959,2024-10-28 15:28:00,formulario,C0155,"Buenas tardes, hice el pedido P-2024-44338 el 11 de junio y sigue apareciendo como «en preparación». ¿Me pueden decir cuándo sale? Lo necesito para el fin de semana. Quedo a la espera.",envio,0,0,0,3,1.5,envio
M1960,2024-10-28 16:36:00,formulario,C0118,¿cuándo llega el P-2024-86137?,envio,0,0,0,9,4.0,envio
M1961,2024-10-28 18:03:00,correo,C0010,"no me ha llegado nada todavía. En cualquier caso, quiero iniciar la devolución.",devolucion,1,0,0,1,10.0,envio
M1962,2024-10-28 18:37:00,correo,C0361,"Estimados, quería comprar el auricular inalámbrico con cancelación de ruido pero aparece sin existencias. ¿Van a reponerlo o lo han descatalogado? Aprovecho para pedirles la factura con el NIF de la empresa. A la espera de su respuesta.",factura,1,0,0,117,3.7,factura
M1963,2024-10-28 18:42:00,chat,C0020,"Hola, buenas, el seguimiento del pedido P-2024-32913 lleva 18 días sin moverse y la fecha prevista de entrega ya ha pasado. ¿Se ha perdido? Muchas gracias.",envio,0,0,0,5,3.9,envio
M1964,2024-10-28 20:09:00,correo,,"Buenas tardes, me interesa el cargador rápido de 65 W para un regalo. ¿lo mandan en caja neutra y sin el precio dentro? Saludos cordiales.",producto,0,0,0,,4.4,producto
M1965,2024-10-29 08:47:00,chat,C0389,"Estimados, no me quedo con el auricular inalámbrico con cancelación de ruido: da problemas desde el primer día. A la espera de su respuesta.",garantia,0,1,0,81,16.5,garantia
M1966,2024-10-29 09:34:00,correo,C0047,"Buenas tardes, ¿me pueden decir en qué estado está mi reembolso del pedido P-2024-49692? Nadie me contesta. Quedo a la espera.",factura,0,0,1,9,20.6,factura
M1967,2024-10-29 09:53:00,chat,C0229,"Hola, me han llegado dos unidades del disco SSD de 1 TB y yo solo pedí una. Quiero devolver la que sobra y que me reembolsen los 469,43 euros. Muchas gracias.",devolucion,0,0,0,3,7.3,devolucion
M1968,2024-10-29 11:10:00,telefono,C0304,"[Transcripción de llamada] Buenos días, el micrófono USB de sobremesa vino con un fallo. Prefiero que me devuelvan el importe a que me lo arreglen. Un saludo.",garantia,0,1,0,405,27.6,garantia
M1969,2024-10-29 11:28:00,correo,,"Buenas, ofrecemos servicio de atención al cliente externalizado con agentes en horario ampliado. ¿Le interesa que le mandemos una propuesta sin compromiso? Gracias de antemano.",spam,0,0,0,,0.6,spam
M1970,2024-10-29 12:58:00,chat,C0380,sigue sin llegar,envio,0,0,0,2,5.2,garantia
M1971,2024-10-29 13:33:00,correo,C0058,"Hola, buenas, ¿es normal que un pedido tarde 12 días en salir del almacén? Lo hice el 18 de junio y no tengo ni número de seguimiento. Un saludo.",envio,0,0,0,6,7.6,envio
M1972,2024-10-29 16:18:00,chat,C0370,"Estimados, necesito la factura del pedido P-2024-76355 con los datos fiscales de mi empresa, que la que me han mandado va a mi nombre particular. Saludos cordiales.",factura,0,0,0,21,19.2,factura
M1973,2024-10-29 16:21:00,correo,C0180,"Hola, he pedido una barra de sonido de 2.1 canales y otro artículo en el mismo pedido y solo me ha llegado uno. La caja venía bien cerrada, así que no parece cosa del transporte. Saludos cordiales.",envio,0,0,0,10,5.2,envio
M1974,2024-10-29 19:34:00,chat,C0372,"¿me mandáis la factura? En cualquier caso, quiero iniciar la devolución.",devolucion,1,0,0,11,14.4,devolucion
M1975,2024-10-30 08:38:00,formulario,C0038,"no funciona, ¿qué hago?",devolucion,0,1,0,9,9.5,devolucion
M1976,2024-10-30 10:02:00,formulario,C0115,"Estimados, he recibido el pedido P-2024-13016 y el aparato no va. La caja tiene un golpe en un lateral. A la espera de su respuesta.",envio,0,0,1,3,3.0,garantia
M1977,2024-10-30 14:31:00,chat,C0241,"no me sirve, la quiero devolver",devolucion,0,0,0,8,9.6,devolucion
M1978,2024-10-30 14:50:00,telefono,C0321,[Transcripción de llamada] ¿cómo devuelvo un pedido?,devolucion,0,0,0,10,8.7,devolucion
M1979,2024-10-30 15:01:00,correo,,"Hola, estoy mirando el teclado mecánico retroiluminado y no me queda claro si es compatible con el equipo que ya tengo en casa. ¿Me lo pueden confirmar antes de comprarlo? Gracias por la atención.",producto,0,0,0,,5.9,producto
M1980,2024-10-30 15:06:00,chat,C0019,"Estimados, el pedido P-2024-29802 no ha llegado y a estas alturas ya no me interesa. Hagan lo que tengan que hacer. Un saludo.",envio,0,0,1,7,2.5,devolucion
M1981,2024-10-30 18:04:00,formulario,C0122,"Buenas tardes, necesito que el pedido P-2024-39325 lo dejen en el punto de recogida en vez de en casa, que por las mañanas no hay nadie. En cualquier caso, quiero iniciar la devolución. Quedo a la espera.",devolucion,1,0,0,11,8.9,devolucion
M1982,2024-10-31 09:44:00,correo,C0233,"Estimados, la impresora multifunción lleva 19 días de retraso y ya no me hace falta. No sé si esperar o no. Gracias por la atención.",envio,0,0,1,13,11.0,envio
M1983,2024-10-31 10:39:00,telefono,,"[Transcripción de llamada] Hola, última oportunidad: setenta por ciento de descuento en nuestro programa de facturación electrónica para pymes. Oferta válida solo esta semana. Gracias de antemano.",spam,0,0,0,,1.6,spam
M1984,2024-10-31 11:45:00,formulario,C0281,quiero devolver el altavoz bluetooth portátil,devolucion,0,0,0,4,6.6,devolucion
M1985,2024-10-31 12:26:00,correo,C0159,"Buenas tardes, compré el auricular inalámbrico con cancelación de ruido hace 2 días y quiero cambiarlo por el modelo superior pagando la diferencia. ¿Se puede o tengo que devolverlo y volver a comprar? A la espera de su respuesta.",devolucion,0,0,0,10,10.4,devolucion
M1986,2024-10-31 12:56:00,correo,C0113,"Buenos días, ¿en cuántos días se entrega el auricular inalámbrico con cancelación de ruido? Es para un regalo y voy justo de tiempo. Gracias por la atención.",producto,0,0,1,18,8.1,producto
M1987,2024-10-31 13:38:00,correo,,"Hola, me interesa el altavoz bluetooth portátil para un regalo. ¿lo mandan en caja neutra y sin el precio dentro? Aprovecho para pedirles la factura con el NIF de la empresa. Muchas gracias.",factura,1,0,0,,12.1,factura
M1988,2024-10-31 18:01:00,correo,C0228,"Hola, buenas, necesito que el pedido P-2024-61139 lo dejen en el punto de recogida en vez de en casa, que por las mañanas no hay nadie. Saludos cordiales.",envio,0,0,0,11,6.2,envio
M1989,2024-11-01 10:01:00,formulario,C0011,"Buenas tardes, ¿es normal que un pedido tarde 8 días en salir del almacén? Lo hice el 11 de septiembre y no tengo ni número de seguimiento. A la espera de su respuesta.",envio,0,0,0,2,6.7,envio
M1990,2024-11-01 10:05:00,correo,C0144,"Buenas, dudo entre el teclado mecánico retroiluminado y otro modelo más caro. ¿Merece la pena la diferencia de 130,68 euros para un uso normal? Aprovecho para pedirles la factura con el NIF de la empresa. Gracias por la atención.",factura,1,0,0,110,16.2,factura
M1991,2024-11-01 11:36:00,correo,C0210,"Estimados, quiero devolver el router wifi de doble banda que compré el 11 de mayo. No es lo que esperaba y no le voy a dar uso. Aún estoy dentro de plazo, ¿verdad? Un saludo.",devolucion,0,0,0,8,9.5,devolucion
M1992,2024-11-01 12:49:00,correo,C0147,"Buenos días, quiero anular el pedido P-2024-37119, que lo hice esta mañana y todavía no ha salido. Si ya ha salido, díganme cómo lo devuelvo. Y además ha empezado a fallar: se apaga solo desde el primer día. Saludos cordiales.",garantia,1,0,0,513,19.1,devolucion
M1993,2024-11-01 13:46:00,correo,C0079,"Hola, buenas, quería comprar el tocadiscos con previo incorporado pero aparece sin existencias. ¿Van a reponerlo o lo han descatalogado? Por cierto, ¿cuándo tienen previsto que llegue? Gracias por la atención.",envio,1,0,0,11,3.0,envio
M1994,2024-11-01 18:08:00,chat,C0340,"Buenas tardes, el monitor de 27 pulgadas del pedido P-2024-48000 hace un ruido raro desde la semana pasada y ahora se apaga solo cada poco rato. Quedo a la espera.",garantia,0,0,0,412,14.6,garantia
M1995,2024-11-01 19:51:00,correo,C0318,"Buenas tardes, quiero saber cuándo me devuelven los 509,28 euros del pedido P-2024-86171. Llevo semanas esperando. Un saludo.",factura,0,0,1,33,9.9,devolucion
M1996,2024-11-02 16:06:00,chat,,"Buenos días, ¿la impresora multifunción incluye los cables o hay que comprarlos aparte? Lo pregunto porque en la foto se ven y en el listado no aparecen. Gracias de antemano.",producto,0,0,0,,3.9,producto
M1997,2024-11-03 11:15:00,chat,C0177,¿dónde está mi pedido?,envio,0,0,0,10,5.3,envio
M1998,2024-11-03 11:50:00,formulario,,"Estimados, en la factura del tocadiscos con previo incorporado no aparece el IVA desglosado y mi gestoría me la ha devuelto por eso. Muchas gracias.",factura,0,0,0,,13.0,factura
M1999,2024-11-03 17:23:00,formulario,C0389,¿cómo devuelvo un pedido?,devolucion,0,0,0,2,8.6,devolucion
M2000,2024-11-04 08:33:00,correo,C0090,"Buenos días, dudo entre el cargador rápido de 65 W y otro modelo más caro. ¿Merece la pena la diferencia de 557,66 euros para un uso normal? Por cierto, ¿cuándo tienen previsto que llegue? Un saludo.",envio,1,0,0,3,5.4,envio
M2001,2024-11-04 09:56:00,correo,C0153,"Buenas, el repartidor dice que ha intentado entregar la impresora multifunción dos veces y yo he estado en casa las dos veces. Nadie ha llamado al timbre. En cualquier caso, quiero iniciar la devolución. Saludos cordiales.",devolucion,1,0,0,10,7.3,devolucion
M2002,2024-11-04 10:09:00,correo,C0071,"Estimados, me han llegado dos unidades del portátil Lenovo IdeaPad 3 y yo solo pedí una. Quiero devolver la que sobra y que me reembolsen los 766,91 euros. Gracias por la atención.",devolucion,0,0,0,10,6.9,devolucion
M2003,2024-11-04 11:01:00,chat,C0021,"no me sirve, lo quiero devolver",devolucion,0,0,0,7,5.6,envio
M2004,2024-11-04 12:11:00,correo,C0236,"Hola, buenas, ¿me pueden mandar todas las facturas del año pasado? Las necesito para la declaración y en mi área de cliente solo salen las de los últimos tres meses. A la espera de su respuesta.",factura,0,0,0,95,13.6,factura
M2005,2024-11-04 12:48:00,correo,,"Buenas tardes, ¿necesita mejorar el posicionamiento de su tienda en línea? Le ofrecemos una auditoría gratuita y sin compromiso de su web. Quedo a la espera.",spam,0,0,0,,1.4,spam
M2006,2024-11-04 15:45:00,correo,C0038,"Buenos días, en la factura del router wifi de doble banda no aparece el IVA desglosado y mi gestoría me la ha devuelto por eso. Un saludo.",factura,0,0,0,10,11.8,factura
M2007,2024-11-04 16:09:00,formulario,,¿tenéis la funda de silicona reforzada?,producto,0,0,0,,6.2,producto
M2008,2024-11-04 17:07:00,telefono,C0149,"[Transcripción de llamada] Buenas tardes, quería comprar la impresora multifunción pero aparece sin existencias. ¿Van a reponerla o la han descatalogado? Por cierto, ¿cuándo tienen previsto que llegue? A la espera de su respuesta.",envio,1,0,0,4,6.6,envio
M2009,2024-11-04 17:37:00,correo,C0023,"Buenos días, quiero devolver la impresora multifunción que compré el 21 de junio. No es lo que esperaba y no le voy a dar uso. Aún estoy dentro de plazo, ¿verdad? Gracias de antemano.",devolucion,0,0,0,3,3.8,devolucion
M2010,2024-11-04 18:04:00,correo,C0150,"Estimados, llevé el portátil Lenovo IdeaPad 3 al servicio técnico que me indicaron hace 7 días y todavía no sé nada. ¿Cómo consulto el estado de la reparación? Gracias de antemano.",garantia,0,0,0,500,10.1,garantia
M2011,2024-11-04 18:14:00,correo,C0077,"Buenas, el pedido P-2024-53772 me ha llegado roto. La pantalla está rajada y no hay manera de encenderlo. Quedo a la espera.",envio,0,0,1,10,4.3,envio
M2012,2024-11-04 18:20:00,formulario,C0020,¿cuándo llega el P-2024-25491?,envio,0,0,0,1,3.3,envio
M2013,2024-11-04 18:28:00,correo,C0362,"Buenas tardes, hice el pedido P-2024-54898 el 24 de julio y sigue apareciendo como «en preparación». ¿Me pueden decir cuándo sale? Lo necesito para el fin de semana. Saludos cordiales.",envio,0,0,0,7,6.7,envio
M2014,2024-11-04 18:30:00,formulario,C0222,"Buenas, el seguimiento del pedido P-2024-57422 lleva 11 días sin moverse y la fecha prevista de entrega ya ha pasado. ¿Se ha perdido? Saludos cordiales.",envio,0,0,0,7,6.1,envio
M2015,2024-11-05 11:16:00,formulario,C0080,"Buenas tardes, ¿es normal que un pedido tarde 14 días en salir del almacén? Lo hice el 17 de octubre y no tengo ni número de seguimiento. Un saludo.",envio,0,0,0,9,1.9,envio
M2016,2024-11-05 15:35:00,chat,C0300,¿la devolución la pagáis vosotros? Y además ha empezado a fallar: se apaga solo desde el primer día.,garantia,1,0,0,452,10.7,garantia
M2017,2024-11-05 16:18:00,correo,C0144,"Buenos días, necesito que recojan la impresora multifunción y me den una solución, porque así no me sirve para nada. Quedo a la espera.",devolucion,0,1,0,6,14.4,devolucion
M2018,2024-11-05 16:46:00,correo,,"Buenas tardes, estoy mirando el auricular inalámbrico con cancelación de ruido y no me queda claro si es compatible con el equipo que ya tengo en casa. ¿Me lo pueden confirmar antes de comprarlo? Gracias de antemano.",producto,0,0,0,,7.8,producto
M2019,2024-11-06 09:08:00,correo,C0286,"Hola, buenas, la impresora multifunción ha dejado de conectarse después de una actualización y el fabricante me dice que hable con la tienda donde la compré. Gracias de antemano.",garantia,0,0,0,410,17.0,garantia
M2020,2024-11-06 09:22:00,correo,C0302,"Hola, necesito que el pedido P-2024-11668 lo dejen en el punto de recogida en vez de en casa, que por las mañanas no hay nadie. Saludos cordiales.",envio,0,0,0,2,5.4,envio
M2021,2024-11-06 11:55:00,formulario,,"Buenas tardes, quería comprar el disco SSD de 1 TB pero aparece sin existencias. ¿Van a reponerlo o lo han descatalogado? Gracias de antemano.",producto,0,0,0,,3.4,producto
M2022,2024-11-06 12:54:00,chat,,¿hacéis descuento por volumen?,producto,0,0,0,,3.0,producto
M2023,2024-11-06 14:41:00,correo,C0190,"Buenas tardes, el portátil Lenovo IdeaPad 3 no me sirve para lo que lo quería. lo tengo sin abrir, con el precinto puesto y con la factura dentro de la caja. Un saludo.",devolucion,0,0,0,4,12.8,devolucion
M2024,2024-11-06 18:17:00,chat,,¿el portátil Lenovo IdeaPad 3 sirve para jugar?,producto,0,0,0,,3.3,producto
M2025,2024-11-06 18:34:00,correo,C0267,"Hola, hice el pedido P-2024-68062 el 15 de junio y sigue apareciendo como «en preparación». ¿Me pueden decir cuándo sale? Lo necesito para el fin de semana. Y si no hay solución, quiero devolverlo y que me reembolsen. Gracias por la atención.",devolucion,1,0,0,11,15.4,devolucion
M2026,2024-11-06 18:53:00,telefono,C0334,"[Transcripción de llamada] Buenas, el portátil Lenovo IdeaPad 3 ha llegado esta mañana y viene dañado. No sé si ha sido el transporte o venía así. A la espera de su respuesta.",garantia,0,0,1,0,8.0,garantia
M2027,2024-11-06 19:45:00,correo,C0286,"Buenos días, el disco SSD de 1 TB no me sirve para lo que lo quería. lo tengo sin abrir, con el precinto puesto y con la factura dentro de la caja. Muchas gracias.",devolucion,0,0,0,6,24.0,factura
M2028,2024-11-07 10:27:00,correo,,"Hola, buenas, hemos detectado un acceso no autorizado a su cuenta de empresa. Verifique su identidad en las próximas veinticuatro horas o será suspendida. Saludos cordiales.",spam,0,0,0,,1.7,spam
M2029,2024-11-07 10:46:00,telefono,C0167,[Transcripción de llamada] ¿el móvil Redmi Note sirve para jugar?,producto,0,0,0,74,10.2,producto
M2030,2024-11-07 12:05:00,correo,C0090,"Hola, el seguimiento del pedido P-2024-11752 lleva 5 días sin moverse y la fecha prevista de entrega ya ha pasado. ¿Se ha perdido? Saludos cordiales.",envio,0,0,0,8,3.4,envio
M2031,2024-11-07 12:19:00,formulario,,"Buenas tardes, su paquete no ha podido ser entregado por un importe pendiente de 1,79 euros. Confirme sus datos en el enlace para reprogramar la entrega. Un saludo.",spam,0,0,0,,0.4,spam
M2032,2024-11-07 13:56:00,telefono,C0145,"[Transcripción de llamada] Buenas, estoy mirando el altavoz bluetooth portátil y no me queda claro si es compatible con el equipo que ya tengo en casa. ¿Me lo pueden confirmar antes de comprarlo? Aprovecho para pedirles la factura con el NIF de la empresa. Muchas gracias.",factura,1,0,0,87,7.9,factura
M2033,2024-11-07 17:21:00,formulario,C0204,¿la devolución la pagáis vosotros?,devolucion,0,0,0,10,12.9,devolucion
M2034,2024-11-07 18:02:00,formulario,,"Buenos días, su paquete no ha podido ser entregado por un importe pendiente de 1,79 euros. Confirme sus datos en el enlace para reprogramar la entrega. A la espera de su respuesta.",spam,0,0,0,,0.5,spam
M2035,2024-11-07 18:19:00,correo,C0317,"Buenas, quería saber los plazos de entrega del reloj inteligente con GPS para la zona de Valencia. Un saludo.",envio,0,0,1,28,4.3,producto
M2036,2024-11-07 20:42:00,formulario,C0377,¿cómo devuelvo un pedido?,devolucion,0,0,0,9,11.5,devolucion
M2037,2024-11-08 08:34:00,correo,,"Hola, buenas, somos una empresa de logística internacional con más de veinte años de experiencia y nos gustaría ofrecerles nuestras tarifas para el próximo trimestre. Quedo a la espera.",spam,0,0,0,,0.6,spam
M2038,2024-11-08 09:23:00,formulario,C0142,no llega y ya no lo quiero,envio,0,0,1,17,3.6,devolucion
M2039,2024-11-08 09:36:00,correo,,¿le interesa nuestra oferta?,spam,0,0,0,,0.4,spam
M2040,2024-11-08 09:52:00,telefono,,"[Transcripción de llamada] Hola, buenas, le escribo desde un fondo de inversión con una propuesta de financiación para su negocio, con condiciones muy por debajo de las del mercado. A la espera de su respuesta.",spam,0,0,0,,2.1,spam
M2041,2024-11-08 11:16:00,correo,C0166,"Hola, buenas, ¿es normal que un pedido tarde 2 días en salir del almacén? Lo hice el 15 de octubre y no tengo ni número de seguimiento. A la espera de su respuesta.",envio,0,0,0,4,5.5,envio
M2042,2024-11-08 15:12:00,correo,C0294,"Hola, buenas, necesito que el pedido P-2024-12842 lo dejen en el punto de recogida en vez de en casa, que por las mañanas no hay nadie. Saludos cordiales.",envio,0,0,0,5,3.0,envio
M2043,2024-11-08 15:27:00,formulario,C0303,"Buenos días, me ha llegado el teclado mecánico retroiluminado con la carcasa partida. ¿Qué hago con él? A la espera de su respuesta.",garantia,0,0,1,8,8.7,envio
M2044,2024-11-08 17:14:00,chat,,"Buenos días, ¿el auricular inalámbrico con cancelación de ruido que tienen en la web es el modelo de este año o el del anterior? En la ficha no aparece la referencia completa. A la espera de su respuesta.",producto,0,0,0,,9.5,envio
M2045,2024-11-08 17:42:00,formulario,C0192,quiero una solución con el cargador rápido de 65 W,devolucion,0,1,0,14,6.0,devolucion
M2046,2024-11-08 19:16:00,correo,C0291,"Estimados, compré el altavoz bluetooth portátil hace 6 meses y se ha vuelto a estropear de lo mismo que ya me repararon en marzo. Gracias por la atención.",garantia,0,0,0,52,11.1,garantia
M2047,2024-11-08 19:17:00,correo,C0268,la factura sale sin mi NIF,factura,0,0,0,115,14.5,devolucion
M2048,2024-11-09 10:09:00,correo,C0150,"Buenas, he pedido un monitor de 27 pulgadas y otro artículo en el mismo pedido y solo me ha llegado uno. La caja venía bien cerrada, así que no parece cosa del transporte. En cualquier caso, quiero iniciar la devolución. Saludos cordiales.",devolucion,1,0,0,13,9.2,devolucion
M2049,2024-11-09 10:15:00,correo,,"Hola, buenas, somos una empresa de logística internacional con más de veinte años de experiencia y nos gustaría ofrecerles nuestras tarifas para el próximo trimestre. Muchas gracias.",spam,0,0,0,,0.5,spam
M2050,2024-11-09 10:21:00,correo,C0294,"Hola, buenas, el portátil Lenovo IdeaPad 3 no me sirve para lo que lo quería. lo tengo sin abrir, con el precinto puesto y con la factura dentro de la caja. Gracias por la atención.",devolucion,0,0,0,9,6.8,devolucion
M2051,2024-11-09 11:35:00,formulario,,"Hola, buenas, hemos detectado un acceso no autorizado a su cuenta de empresa. Verifique su identidad en las próximas veinticuatro horas o será suspendida. Un saludo.",spam,0,0,0,,0.4,spam
M2052,2024-11-10 12:24:00,telefono,C0285,"[Transcripción de llamada] Buenas tardes, el reembolso del pedido P-2024-15360 lo aceptaron hace 16 días y en la cuenta no ha entrado nada todavía. Quedo a la espera.",factura,0,0,0,119,5.4,factura
M2053,2024-11-10 16:20:00,correo,C0219,"Estimados, compré el router wifi de doble banda hace 6 días y quiero cambiarlo por el modelo superior pagando la diferencia. ¿Se puede o tengo que devolverlo y volver a comprar? Saludos cordiales.",devolucion,0,0,0,5,24.3,garantia
M2054,2024-11-11 08:29:00,formulario,,lleva 6 meses y ya falla,garantia,0,0,0,,8.9,garantia
M2055,2024-11-11 09:38:00,correo,C0382,"Estimados, en la factura del pedido P-2024-51389 aparece un importe distinto del que pagué. Yo tengo un cargo de 726,88 euros en la tarjeta. Gracias por la atención.",factura,0,0,0,21,3.8,producto
M2056,2024-11-11 09:50:00,correo,C0073,¿hacéis descuento por volumen?,producto,0,0,0,175,7.5,producto
M2057,2024-11-11 10:02:00,formulario,C0040,"Buenos días, el repartidor dice que ha intentado entregar el reloj inteligente con GPS dos veces y yo he estado en casa las dos veces. Nadie ha llamado al timbre. A la espera de su respuesta.",envio,0,0,0,10,5.6,envio
M2058,2024-11-11 10:29:00,formulario,C0017,quiero devolver el reloj inteligente con GPS,devolucion,0,0,0,7,8.1,devolucion
M2059,2024-11-11 10:36:00,formulario,C0149,"Hola, buenas, compré la barra de sonido de 2.1 canales hace 3 meses y se ha vuelto a estropear de lo mismo que ya me repararon en marzo. Un saludo.",garantia,0,0,0,254,27.2,envio
M2060,2024-11-11 10:55:00,telefono,C0195,"[Transcripción de llamada] Buenos días, me he equivocado al escribir la dirección de envío del pedido P-2024-21101, puse mal el número de portal. ¿Se puede corregir todavía o ya ha salido? Quedo a la espera.",envio,0,0,0,6,5.3,envio
M2061,2024-11-11 11:05:00,correo,,"Buenas tardes, ¿necesita mejorar el posicionamiento de su tienda en línea? Le ofrecemos una auditoría gratuita y sin compromiso de su web. Saludos cordiales.",spam,0,0,0,,1.7,spam
M2062,2024-11-11 11:59:00,correo,C0165,"Estimados, hice el pedido P-2024-75935 el 21 de julio y sigue apareciendo como «en preparación». ¿Me pueden decir cuándo sale? Lo necesito para el fin de semana. Muchas gracias.",envio,0,0,0,2,5.6,envio
M2063,2024-11-11 12:04:00,correo,C0287,"Hola, buenas, quería saber los plazos de entrega del teclado mecánico retroiluminado para la zona de Valencia. Gracias de antemano.",envio,0,0,1,16,4.4,envio
M2064,2024-11-11 13:53:00,telefono,C0156,[Transcripción de llamada] el altavoz bluetooth portátil da problemas,devolucion,0,1,0,9,8.1,devolucion
M2065,2024-11-11 19:43:00,formulario,C0131,¿me pueden dar el número de seguimiento? Y además ha empezado a fallar: se apaga solo desde el primer día.,garantia,1,0,0,280,14.8,garantia
M2066,2024-11-12 10:50:00,telefono,C0265,"[Transcripción de llamada] Buenas tardes, he pagado con transferencia el pedido P-2024-14066 y me sigue saliendo como pendiente de pago. Adjunto el justificante del banco. Quedo a la espera.",factura,0,0,0,88,4.8,factura
M2067,2024-11-12 11:20:00,formulario,C0180,"Estimados, ¿es normal que un pedido tarde 4 días en salir del almacén? Lo hice el 3 de noviembre y no tengo ni número de seguimiento. Saludos cordiales.",envio,0,0,0,5,1.8,envio
M2068,2024-11-12 12:28:00,formulario,C0302,me ha llegado roto,envio,0,0,1,9,7.1,garantia
M2069,2024-11-12 15:27:00,correo,C0363,"Buenas, el repartidor dice que ha intentado entregar el router wifi de doble banda dos veces y yo he estado en casa las dos veces. Nadie ha llamado al timbre. Un saludo.",envio,0,0,0,3,8.3,envio
M2070,2024-11-12 17:32:00,formulario,C0289,sigo sin cobrar el reembolso,devolucion,0,0,1,6,5.4,devolucion
M2071,2024-11-12 17:41:00,telefono,C0049,"[Transcripción de llamada] Buenos días, la tablet de 10 pulgadas ha llegado esta mañana y viene dañado. No sé si ha sido el transporte o venía así. Gracias por la atención.",garantia,0,0,1,1,13.5,garantia
M2072,2024-11-12 19:50:00,formulario,C0080,"Buenas, el router wifi de doble banda lleva 11 días de retraso y ya no me hace falta. No sé si esperar o no. Saludos cordiales.",envio,0,0,1,9,5.8,devolucion
M2073,2024-11-13 10:11:00,correo,C0042,"Buenos días, acabo de abrir la caja del micrófono USB de sobremesa y está golpeado por una esquina. No funciona. Gracias de antemano.",garantia,0,0,1,6,16.0,garantia
M2074,2024-11-13 10:24:00,correo,C0069,"Estimados, en la factura del pedido P-2024-84218 aparece un importe distinto del que pagué. Yo tengo un cargo de 154,26 euros en la tarjeta. Gracias por la atención.",factura,0,0,0,11,5.1,factura
M2075,2024-11-13 12:23:00,correo,,"Buenas tardes, le escribo desde un fondo de inversión con una propuesta de financiación para su negocio, con condiciones muy por debajo de las del mercado. Muchas gracias.",spam,0,0,0,,0.4,spam
M2076,2024-11-13 12:53:00,chat,,¿hacéis descuento por volumen?,producto,0,0,0,,10.5,producto
M2077,2024-11-13 12:57:00,formulario,,"Buenas, en la ficha del altavoz bluetooth portátil pone una cosa en las características y otra distinta en la descripción. ¿Cuál de las dos es la buena? Gracias de antemano.",producto,0,0,0,,3.3,producto
M2078,2024-11-14 09:40:00,correo,C0122,"Hola, buenas, ¿es normal que un pedido tarde 20 días en salir del almacén? Lo hice el 4 de junio y no tengo ni número de seguimiento. Aparte de eso, el aparato vino defectuoso y no hay manera de encenderlo. A la espera de su respuesta.",garantia,1,0,0,265,11.5,garantia
M2079,2024-11-14 10:49:00,formulario,C0318,"sigue sin llegar. Y lo peor es que no funciona, así que habrá que repararlo.",garantia,1,0,0,644,13.4,garantia
M2080,2024-11-14 12:49:00,chat,C0165,me habéis cobrado dos veces,factura,0,0,0,53,7.5,factura
M2081,2024-11-14 13:42:00,correo,,"Buenos días, hemos detectado un acceso no autorizado a su cuenta de empresa. Verifique su identidad en las próximas veinticuatro horas o será suspendida. Gracias de antemano.",spam,0,0,0,,1.7,spam
M2082,2024-11-14 13:56:00,chat,C0017,"la funda de silicona reforzada no va, la quiero devolver",garantia,0,1,0,335,8.2,garantia
M2083,2024-11-14 16:13:00,formulario,C0239,lleva 20 días en reparto,envio,0,0,0,3,5.1,producto
M2084,2024-11-14 18:57:00,correo,C0188,"Buenas tardes, necesito que el pedido P-2024-69231 lo dejen en el punto de recogida en vez de en casa, que por las mañanas no hay nadie. Aparte de eso, el aparato vino defectuoso y no hay manera de encenderlo. Un saludo.",garantia,1,0,0,269,21.3,garantia
M2085,2024-11-14 20:15:00,telefono,C0382,"[Transcripción de llamada] Estimados, el pedido P-2024-18526 figura como entregado desde ayer y aquí no ha llegado nada. He preguntado a los vecinos y tampoco saben nada. Muchas gracias.",envio,0,0,0,2,3.1,envio
M2086,2024-11-15 08:29:00,formulario,C0019,"Buenos días, el seguimiento del pedido P-2024-61031 lleva 6 días sin moverse y la fecha prevista de entrega ya ha pasado. ¿Se ha perdido? Saludos cordiales.",envio,0,0,0,1,3.7,envio
M2087,2024-11-15 10:21:00,formulario,,"Buenas, somos una empresa de logística internacional con más de veinte años de experiencia y nos gustaría ofrecerles nuestras tarifas para el próximo trimestre. Gracias por la atención.",spam,0,0,0,,0.5,spam
M2088,2024-11-15 11:06:00,chat,C0346,quiero devolver el micrófono USB de sobremesa,devolucion,0,0,0,5,7.6,devolucion
M2089,2024-11-15 13:36:00,chat,,¿la tablet de 10 pulgadas sirve para jugar?,producto,0,0,0,,9.5,envio
M2090,2024-11-15 18:47:00,telefono,C0219,"[Transcripción de llamada] Buenas, el pedido P-2024-75136 sigue sin aparecer y yo ya lo he comprado en otro sitio. Muchas gracias.",envio,0,0,1,1,8.4,envio
M2091,2024-11-16 10:19:00,correo,C0306,"Buenas tardes, ¿me pueden mandar todas las facturas del año pasado? Las necesito para la declaración y en mi área de cliente solo salen las de los últimos tres meses. Muchas gracias.",factura,0,0,0,36,6.1,factura
M2092,2024-11-17 09:54:00,correo,C0188,"Hola, buenas, he pedido una impresora multifunción y otro artículo en el mismo pedido y solo me ha llegado uno. La caja venía bien cerrada, así que no parece cosa del transporte. Gracias de antemano.",envio,0,0,0,2,3.8,envio
M2093,2024-11-17 12:10:00,correo,,"Hola, buenas, el pedido P-2024-50497 figura como entregado desde ayer y aquí no ha llegado nada. He preguntado a los vecinos y tampoco saben nada. A la espera de su respuesta.",envio,0,0,0,,2.5,envio
M2094,2024-11-17 16:08:00,correo,C0219,"Hola, el auricular inalámbrico con cancelación de ruido no funciona como debería. ¿Qué tengo que hacer para que me den una solución? Saludos cordiales.",devolucion,0,1,0,2,8.2,devolucion
M2095,2024-11-18 11:29:00,formulario,,¿lo tenéis en color negro?,producto,0,0,0,,10.3,producto
M2096,2024-11-18 12:02:00,chat,C0383,me habéis cobrado dos veces,factura,0,0,0,113,20.6,factura
M2097,2024-11-18 12:18:00,correo,C0328,"Hola, buenas, necesito que el pedido P-2024-83033 lo dejen en el punto de recogida en vez de en casa, que por las mañanas no hay nadie. Quedo a la espera.",envio,0,0,0,2,11.4,envio
M2098,2024-11-18 14:23:00,telefono,C0023,"[Transcripción de llamada] Buenas, necesito la factura del pedido P-2024-42917 con los datos fiscales de mi empresa, que la que me han mandado va a mi nombre particular. Muchas gracias.",factura,0,0,0,4,7.5,factura
M2099,2024-11-18 15:34:00,formulario,C0231,¿lo tenéis en color negro? Y además el importe cobrado no coincide con el del pedido.,factura,1,0,0,67,10.9,factura
M2100,2024-11-18 19:49:00,correo,C0280,"Buenos días, dudo entre el altavoz bluetooth portátil y otro modelo más caro. ¿Merece la pena la diferencia de 563,48 euros para un uso normal? A la espera de su respuesta.",producto,0,0,0,270,3.5,producto
M2101,2024-11-18 20:52:00,correo,C0319,"Hola, buenas, ¿el router wifi de doble banda incluye los cables o hay que comprarlos aparte? Lo pregunto porque en la foto se ven y en el listado no aparecen. Aprovecho para pedirles la factura con el NIF de la empresa. Un saludo.",factura,1,0,0,84,6.6,factura
M2102,2024-11-19 09:10:00,correo,C0011,"Estimados, ¿me pueden mandar todas las facturas del año pasado? Las necesito para la declaración y en mi área de cliente solo salen las de los últimos tres meses. En cualquier caso, quiero iniciar la devolución. Saludos cordiales.",devolucion,1,0,0,13,12.6,devolucion
M2103,2024-11-19 10:17:00,correo,C0112,"Buenas tardes, necesito la factura del pedido P-2024-93035 con los datos fiscales de mi empresa, que la que me han mandado va a mi nombre particular. Saludos cordiales.",factura,0,0,0,44,14.7,factura
M2104,2024-11-19 10:24:00,formulario,C0317,"Estimados, el seguimiento del pedido P-2024-25656 lleva 14 días sin moverse y la fecha prevista de entrega ya ha pasado. ¿Se ha perdido? Gracias por la atención.",envio,0,0,0,2,3.2,envio
M2105,2024-11-19 10:53:00,chat,C0315,¿me pueden dar el número de seguimiento?,envio,0,0,0,7,6.5,envio
M2106,2024-11-19 14:35:00,telefono,,"[Transcripción de llamada] Hola, me interesa el portátil Lenovo IdeaPad 3 para un regalo. ¿lo mandan en caja neutra y sin el precio dentro? Saludos cordiales.",producto,0,0,0,,5.6,producto
M2107,2024-11-20 08:21:00,formulario,C0342,"Estimados, quiero anular el pedido P-2024-59990, que lo hice esta mañana y todavía no ha salido. Si ya ha salido, díganme cómo lo devuelvo. Aparte de eso, el aparato vino defectuoso y no hay manera de encenderlo. Gracias por la atención.",garantia,1,0,0,418,9.5,garantia
M2108,2024-11-20 10:05:00,chat,C0313,quiero una solución con la impresora multifunción,garantia,0,1,0,335,19.4,garantia
M2109,2024-11-20 10:29:00,formulario,C0398,"Buenas tardes, inicié la devolución del pedido P-2024-95762 por la web, mandé el paquete y han pasado 17 días sin noticias del reembolso. Un saludo.",devolucion,0,0,0,12,8.0,devolucion
M2110,2024-11-20 11:44:00,formulario,C0366,"Buenas tardes, el altavoz bluetooth portátil ha llegado esta mañana y viene dañado. No sé si ha sido el transporte o venía así. A la espera de su respuesta.",garantia,0,0,1,6,10.0,envio
M2111,2024-11-20 16:36:00,correo,C0229,"Estimados, compré la impresora multifunción hace 17 días y quiero cambiarla por el modelo superior pagando la diferencia. ¿Se puede o tengo que devolverla y volver a comprar? Un saludo.",devolucion,0,0,0,7,6.3,devolucion
M2112,2024-11-20 18:43:00,formulario,C0211,"Hola, buenas, quería comprar el teclado mecánico retroiluminado pero aparece sin existencias. ¿Van a reponerlo o lo han descatalogado? Saludos cordiales.",producto,0,0,0,164,11.1,producto
M2113,2024-11-20 19:42:00,correo,C0146,"Estimados, compré la barra de sonido de 2.1 canales hace 2 días y quiero cambiarla por el modelo superior pagando la diferencia. ¿Se puede o tengo que devolverla y volver a comprar? Un saludo.",devolucion,0,0,0,2,10.8,devolucion
M2114,2024-11-21 08:46:00,correo,C0193,"Hola, buenas, el seguimiento del pedido P-2024-99537 lleva 19 días sin moverse y la fecha prevista de entrega ya ha pasado. ¿Se ha perdido? Gracias por la atención.",envio,0,0,0,8,6.1,envio
M2115,2024-11-21 11:35:00,correo,C0332,"Buenas tardes, quiero devolver el reloj inteligente con GPS que compré el 17 de enero. No es lo que esperaba y no le voy a dar uso. Aún estoy dentro de plazo, ¿verdad? Saludos cordiales.",devolucion,0,0,0,5,5.0,devolucion
M2116,2024-11-21 18:18:00,correo,C0051,"Buenos días, no ha llegado nada del pedido P-2024-21729 y necesito que me den una salida. Quedo a la espera.",envio,0,0,1,17,8.0,devolucion
M2117,2024-11-21 18:21:00,correo,C0182,"Hola, buenas, el micrófono USB de sobremesa no me sirve para lo que lo quería. lo tengo sin abrir, con el precinto puesto y con la factura dentro de la caja. Saludos cordiales.",devolucion,0,0,0,8,13.1,devolucion
M2118,2024-11-21 18:23:00,formulario,C0231,"Hola, buenas, en la ficha del monitor de 27 pulgadas pone una cosa en las características y otra distinta en la descripción. ¿Cuál de las dos es la buena? Por cierto, ¿cuándo tienen previsto que llegue? Saludos cordiales.",envio,1,0,0,9,9.8,envio
M2119,2024-11-21 18:24:00,correo,C0122,¿cuándo llega el P-2024-55910?,envio,0,0,0,2,2.9,envio
M2120,2024-11-22 09:07:00,formulario,C0168,¿cómo devuelvo un pedido?,devolucion,0,0,0,9,5.4,devolucion
M2121,2024-11-22 09:53:00,formulario,,¿lo tenéis en color negro?,producto,0,0,0,,4.9,producto
M2122,2024-11-22 10:24:00,formulario,C0356,quiero anular el P-2024-68107,devolucion,0,0,0,4,11.6,devolucion
M2123,2024-11-22 14:11:00,formulario,C0178,"Buenas tardes, compré el disco SSD de 1 TB y no va. ¿Me devuelven el importe o me lo reparan? Gracias de antemano.",devolucion,0,1,0,14,13.4,devolucion
M2124,2024-11-22 16:57:00,chat,C0362,"Estimados, el reloj inteligente con GPS que me vendieron no va bien y quiero que me lo cambien o que me devuelvan el dinero. Muchas gracias.",garantia,0,1,0,427,4.7,garantia
M2125,2024-11-22 17:19:00,formulario,C0279,sigo sin cobrar el reembolso,devolucion,0,0,1,39,9.9,factura
M2126,2024-11-22 17:47:00,correo,C0215,"Buenos días, el repartidor dice que ha intentado entregar el micrófono USB de sobremesa dos veces y yo he estado en casa las dos veces. Nadie ha llamado al timbre. A la espera de su respuesta.",envio,0,0,0,1,6.3,envio
M2127,2024-11-23 18:44:00,correo,C0128,sigue sin llegar,envio,0,0,0,5,3.8,envio
M2128,2024-11-25 08:12:00,chat,,¿hacéis descuento por volumen?,producto,0,0,0,,3.7,producto
M2129,2024-11-25 09:06:00,correo,,"Estimados, estoy mirando el micrófono USB de sobremesa y no me queda claro si es compatible con el equipo que ya tengo en casa. ¿Me lo pueden confirmar antes de comprarlo? Un saludo.",producto,0,0,0,,4.4,producto
M2130,2024-11-25 09:11:00,telefono,,"[Transcripción de llamada] Buenas, su paquete no ha podido ser entregado por un importe pendiente de 1,79 euros. Confirme sus datos en el enlace para reprogramar la entrega. Un saludo.",spam,0,0,0,,0.7,spam
M2131,2024-11-25 10:30:00,chat,C0227,¿me pueden dar el número de seguimiento?,envio,0,0,0,8,6.2,envio
M2132,2024-11-25 11:40:00,formulario,,"Estimados, ¿la tablet de 10 pulgadas incluye los cables o hay que comprarlos aparte? Lo pregunto porque en la foto se ven y en el listado no aparecen. Saludos cordiales.",producto,0,0,0,,10.6,producto
M2133,2024-11-25 13:37:00,correo,C0139,"si no llega hoy, anulad",envio,0,0,1,18,9.4,devolucion
M2134,2024-11-25 14:11:00,chat,C0369,¿cuánto plazo tengo para devolver?,devolucion,0,0,0,5,14.2,devolucion
M2135,2024-11-25 17:14:00,formulario,C0236,¿cuándo llega el P-2024-24400?,envio,0,0,0,9,3.4,envio
M2136,2024-11-25 17:18:00,correo,,"Hola, buenas, estoy mirando la tablet de 10 pulgadas y no me queda claro si es compatible con el equipo que ya tengo en casa. ¿Me lo pueden confirmar antes de comprarla? Saludos cordiales.",producto,0,0,0,,9.1,producto
M2137,2024-11-25 17:42:00,chat,C0132,"Buenas, el seguimiento del pedido P-2024-77195 lleva 13 días sin moverse y la fecha prevista de entrega ya ha pasado. ¿Se ha perdido? Gracias por la atención.",envio,0,0,0,7,4.2,envio
M2138,2024-11-25 17:55:00,telefono,C0052,"[Transcripción de llamada] Hola, buenas, necesito que el pedido P-2024-28951 lo dejen en el punto de recogida en vez de en casa, que por las mañanas no hay nadie. Quedo a la espera.",envio,0,0,0,8,6.1,envio
M2139,2024-11-25 18:50:00,correo,C0155,"Buenas tardes, el repartidor dice que ha intentado entregar el cargador rápido de 65 W dos veces y yo he estado en casa las dos veces. Nadie ha llamado al timbre. Saludos cordiales.",envio,0,0,0,6,9.9,envio
M2140,2024-11-25 18:55:00,chat,C0107,¿plazo de entrega?,envio,0,0,1,22,2.0,producto
M2141,2024-11-26 08:56:00,correo,C0146,quiero anular el P-2024-76763,devolucion,0,0,0,11,7.3,devolucion
M2142,2024-11-26 09:59:00,correo,C0371,"Estimados, la batería del teclado mecánico retroiluminado ya no aguanta ni dos horas. lo compré hace 22 meses y lo uso siempre con el cargador que venía en la caja. Gracias por la atención.",garantia,0,0,0,438,13.9,garantia
M2143,2024-11-26 10:44:00,correo,C0138,"Buenas tardes, el pedido P-2024-79506 me ha llegado bien pero me he arrepentido de la compra. ¿Cómo inicio la devolución y quién paga el transporte de vuelta? Saludos cordiales.",devolucion,0,0,0,7,6.9,devolucion
M2144,2024-11-26 11:01:00,correo,,¿le interesa nuestra oferta?,spam,0,0,0,,0.4,spam
M2145,2024-11-26 11:21:00,correo,C0232,"Estimados, me han llegado dos unidades del teclado mecánico retroiluminado y yo solo pedí una. Quiero devolver la que sobra y que me reembolsen los 820,38 euros. Saludos cordiales.",devolucion,0,0,0,9,8.3,devolucion
M2146,2024-11-26 11:32:00,formulario,C0186,llegó golpeado y no va,envio,0,0,1,3,6.9,envio
M2147,2024-11-26 11:49:00,chat,C0168,"Buenos días, compré el altavoz bluetooth portátil y no va. ¿Me devuelven el importe o me lo reparan? Gracias de antemano.",garantia,0,1,0,324,27.8,garantia
M2148,2024-11-26 12:13:00,correo,C0206,"Hola, buenas, me han cobrado dos veces los 219,84 euros del pedido P-2024-38521. En el banco aparecen los dos cargos con la misma fecha. Saludos cordiales.",factura,0,0,0,116,9.7,factura
M2149,2024-11-26 13:47:00,correo,C0107,"Buenas, hice el pedido P-2024-36621 el 13 de mayo y sigue apareciendo como «en preparación». ¿Me pueden decir cuándo sale? Lo necesito para el fin de semana. Quedo a la espera.",envio,0,0,0,8,4.8,envio
M2150,2024-11-26 16:07:00,formulario,C0078,"Buenas tardes, no ha llegado nada del pedido P-2024-64713 y necesito que me den una salida. Un saludo.",devolucion,0,0,1,15,10.6,envio
M2151,2024-11-26 16:20:00,chat,C0342,la factura sale sin mi NIF,factura,0,0,0,80,7.0,factura
M2152,2024-11-26 17:30:00,formulario,,"Hola, el repartidor dice que ha intentado entregar el disco SSD de 1 TB dos veces y yo he estado en casa las dos veces. Nadie ha llamado al timbre. Saludos cordiales.",envio,0,0,0,,3.6,envio
M2153,2024-11-26 17:56:00,correo,C0079,"Buenos días, llevé el router wifi de doble banda al servicio técnico que me indicaron hace 10 días y todavía no sé nada. ¿Cómo consulto el estado de la reparación? A la espera de su respuesta.",garantia,0,0,0,511,5.6,garantia
M2154,2024-11-27 10:11:00,correo,,"Buenas, ¿el teclado mecánico retroiluminado incluye los cables o hay que comprarlos aparte? Lo pregunto porque en la foto se ven y en el listado no aparecen. Gracias de antemano.",producto,0,0,0,,6.2,producto
M2155,2024-11-27 11:17:00,formulario,C0064,"Hola, me he equivocado al escribir la dirección de envío del pedido P-2024-82266, puse mal el número de portal. ¿Se puede corregir todavía o ya ha salido? A la espera de su respuesta.",envio,0,0,0,8,12.0,envio
M2156,2024-11-27 17:30:00,formulario,C0019,"Buenas tardes, ¿en cuántos días se entrega el portátil Lenovo IdeaPad 3? Es para un regalo y voy justo de tiempo. Muchas gracias.",envio,0,0,1,9,2.9,envio
M2157,2024-11-28 11:58:00,correo,C0307,"Buenas tardes, el altavoz bluetooth portátil ha dejado de conectarse después de una actualización y el fabricante me dice que hable con la tienda donde lo compré. A la espera de su respuesta.",garantia,0,0,0,330,22.7,garantia
M2158,2024-11-28 15:08:00,chat,C0301,"Buenas tardes, ¿en cuántos días se entrega el monitor de 27 pulgadas? Es para un regalo y voy justo de tiempo. A la espera de su respuesta.",producto,0,0,1,2,8.4,envio
M2159,2024-11-28 15:17:00,correo,C0246,"Hola, buenas, inicié la devolución del pedido P-2024-10600 por la web, mandé el paquete y han pasado 3 días sin noticias del reembolso. Saludos cordiales.",devolucion,0,0,0,7,6.7,devolucion
M2160,2024-11-29 09:25:00,formulario,C0304,"Buenas, hice el pedido P-2024-61331 el 18 de junio y sigue apareciendo como «en preparación». ¿Me pueden decir cuándo sale? Lo necesito para el fin de semana. Muchas gracias.",envio,0,0,0,11,6.5,envio
M2161,2024-11-29 09:27:00,correo,,"Hola, buenas, quería comprar el móvil Redmi Note pero aparece sin existencias. ¿Van a reponerlo o lo han descatalogado? Saludos cordiales.",producto,0,0,0,,5.5,producto
M2162,2024-11-29 09:32:00,chat,C0138,"Buenas, quiero anular el pedido P-2024-86010, que lo hice esta mañana y todavía no ha salido. Si ya ha salido, díganme cómo lo devuelvo. Saludos cordiales.",devolucion,0,0,0,6,10.1,devolucion
M2163,2024-11-29 10:50:00,telefono,C0317,[Transcripción de llamada] el auricular inalámbrico con cancelación de ruido no enciende,garantia,0,0,0,194,18.3,garantia
M2164,2024-11-29 11:28:00,chat,C0359,¿cuándo llega el P-2024-43434?,envio,0,0,0,3,1.8,envio
M2165,2024-11-29 11:43:00,correo,,"Hola, buenas, le escribo desde un fondo de inversión con una propuesta de financiación para su negocio, con condiciones muy por debajo de las del mercado. Muchas gracias.",spam,0,0,0,,1.3,spam
M2166,2024-11-29 14:42:00,correo,,"Hola, somos una empresa de logística internacional con más de veinte años de experiencia y nos gustaría ofrecerles nuestras tarifas para el próximo trimestre. Gracias por la atención.",spam,0,0,0,,1.5,spam
M2167,2024-11-29 16:49:00,formulario,C0155,"Hola, me han llegado dos unidades de la impresora multifunción y yo solo pedí una. Quiero devolver la que sobra y que me reembolsen los 355,28 euros. Saludos cordiales.",devolucion,0,0,0,5,11.6,devolucion
M2168,2024-11-29 17:14:00,correo,C0050,"Buenas tardes, inicié la devolución del pedido P-2024-96126 por la web, mandé el paquete y han pasado 12 días sin noticias del reembolso. Un saludo.",devolucion,0,0,0,3,8.3,garantia
M2169,2024-11-30 09:01:00,chat,C0255,¿la devolución la pagáis vosotros?,devolucion,0,0,0,9,10.6,devolucion
M2170,2024-11-30 11:02:00,correo,C0268,"Buenas, el micrófono USB de sobremesa vino con un fallo. Prefiero que me devuelvan el importe a que me lo arreglen. Gracias de antemano.",garantia,0,1,0,194,20.8,garantia
M2171,2024-11-30 12:03:00,correo,C0135,"Hola, buenas, compré el micrófono USB de sobremesa y no va. ¿Me devuelven el importe o me lo reparan? Saludos cordiales.",garantia,0,1,0,449,12.5,garantia
M2172,2024-11-30 17:28:00,correo,C0010,"Buenos días, llevé el router wifi de doble banda al servicio técnico que me indicaron hace 2 días y todavía no sé nada. ¿Cómo consulto el estado de la reparación? Gracias por la atención.",garantia,0,0,0,161,18.8,garantia
M2173,2024-11-30 19:20:00,correo,C0093,"Buenos días, en la ficha del tocadiscos con previo incorporado pone una cosa en las características y otra distinta en la descripción. ¿Cuál de las dos es la buena? Gracias por la atención.",producto,0,0,0,239,6.8,producto
M2174,2024-12-01 11:32:00,correo,,"Buenos días, última oportunidad: setenta por ciento de descuento en nuestro programa de facturación electrónica para pymes. Oferta válida solo esta semana. Gracias por la atención.",spam,0,0,0,,3.0,producto
M2175,2024-12-01 17:27:00,chat,,"Buenas tardes, ofrecemos servicio de atención al cliente externalizado con agentes en horario ampliado. ¿Le interesa que le mandemos una propuesta sin compromiso? A la espera de su respuesta.",spam,0,0,0,,0.5,spam
M2176,2024-12-01 19:47:00,correo,C0146,"Buenas tardes, hice el pedido P-2024-72811 el 14 de julio y sigue apareciendo como «en preparación». ¿Me pueden decir cuándo sale? Lo necesito para el fin de semana. Gracias por la atención.",envio,0,0,0,10,7.0,producto
M2177,2024-12-02 09:03:00,correo,C0320,"Hola, ¿es normal que un pedido tarde 3 días en salir del almacén? Lo hice el 13 de febrero y no tengo ni número de seguimiento. Quedo a la espera.",envio,0,0,0,9,7.5,producto
M2178,2024-12-02 09:12:00,formulario,C0115,quiero una solución con el disco SSD de 1 TB,devolucion,0,1,0,11,8.1,devolucion
M2179,2024-12-02 09:18:00,telefono,C0228,"[Transcripción de llamada] Hola, el disco SSD de 1 TB lleva 19 días de retraso y ya no me hace falta. No sé si esperar o no. Gracias de antemano.",devolucion,0,0,1,8,12.2,devolucion
M2180,2024-12-02 09:23:00,formulario,C0175,"¿cuándo llega el P-2024-51984? Y si no hay solución, quiero devolverlo y que me reembolsen.",devolucion,1,0,0,3,13.9,devolucion
M2181,2024-12-02 10:45:00,telefono,,"[Transcripción de llamada] Hola, somos una empresa de logística internacional con más de veinte años de experiencia y nos gustaría ofrecerles nuestras tarifas para el próximo trimestre. Quedo a la espera.",spam,0,0,0,,0.9,spam
M2182,2024-12-02 11:01:00,formulario,C0089,la funda de silicona reforzada me llegó roto,garantia,0,0,0,189,9.3,garantia
M2183,2024-12-02 12:38:00,telefono,C0113,"[Transcripción de llamada] Buenos días, necesito saber el plazo de entrega de la barra de sonido de 2.1 canales, que tengo una fecha límite. Un saludo.",producto,0,0,1,10,10.8,producto
M2184,2024-12-02 13:18:00,formulario,C0020,¿el reloj inteligente con GPS sirve para jugar?,producto,0,0,0,260,9.6,producto
M2185,2024-12-02 15:16:00,chat,C0358,no me ha llegado nada todavía,envio,0,0,0,4,4.5,envio
M2186,2024-12-02 16:07:00,correo,C0305,"Buenos días, no estoy conforme con el auricular inalámbrico con cancelación de ruido: ni funciona bien ni es lo que anunciaban. Quiero una solución. Muchas gracias.",devolucion,0,1,0,5,7.5,devolucion
M2187,2024-12-02 17:34:00,correo,C0295,sigue sin llegar,envio,0,0,0,11,6.8,envio
M2188,2024-12-02 17:37:00,formulario,C0394,"Buenas tardes, he pedido un disco SSD de 1 TB y otro artículo en el mismo pedido y solo me ha llegado uno. La caja venía bien cerrada, así que no parece cosa del transporte. Gracias de antemano.",envio,0,0,0,6,8.6,envio
M2189,2024-12-02 18:40:00,formulario,C0353,"Buenas, me han llegado dos unidades de la impresora multifunción y yo solo pedí una. Quiero devolver la que sobra y que me reembolsen los 463,29 euros. Saludos cordiales.",devolucion,0,0,0,11,6.6,devolucion
M2190,2024-12-02 19:53:00,correo,C0258,"Hola, buenas, ¿el móvil Redmi Note que tienen en la web es el modelo de este año o el del anterior? En la ficha no aparece la referencia completa. Un saludo.",producto,0,0,0,361,4.0,producto
M2191,2024-12-02 19:54:00,chat,,"Hola, buenas, en la ficha de la tablet de 10 pulgadas pone una cosa en las características y otra distinta en la descripción. ¿Cuál de las dos es la buena? Gracias por la atención.",producto,0,0,0,,4.7,producto
M2192,2024-12-03 11:37:00,chat,C0187,¿me pueden dar el número de seguimiento?,envio,0,0,0,11,3.9,envio
M2193,2024-12-03 12:36:00,telefono,C0053,"[Transcripción de llamada] la barra de sonido de 2.1 canales no va, la quiero devolver",garantia,0,1,0,324,12.4,garantia
M2194,2024-12-03 12:47:00,chat,C0373,"Buenos días, el disco SSD de 1 TB ha dejado de funcionar y quiero devolverlo y recuperar mi dinero. Gracias de antemano.",garantia,0,1,0,304,7.4,garantia
M2195,2024-12-03 16:07:00,formulario,C0071,¿el reloj inteligente con GPS sirve para jugar?,producto,0,0,0,147,3.8,producto
M2196,2024-12-03 16:39:00,formulario,C0310,"Buenas, compré el monitor de 27 pulgadas hace 15 meses y se ha vuelto a estropear de lo mismo que ya me repararon en marzo. Saludos cordiales.",garantia,0,0,0,203,19.1,garantia
M2197,2024-12-03 18:53:00,formulario,C0230,"Buenos días, me han cobrado dos veces los 641,22 euros del pedido P-2024-30070. En el banco aparecen los dos cargos con la misma fecha. Un saludo.",factura,0,0,0,105,20.7,factura
M2198,2024-12-04 08:52:00,correo,C0284,"Hola, estoy mirando la funda de silicona reforzada y no me queda claro si es compatible con el equipo que ya tengo en casa. ¿Me lo pueden confirmar antes de comprarla? Un saludo.",producto,0,0,0,46,5.1,producto
M2199,2024-12-04 10:06:00,correo,C0119,"Buenas tardes, he pagado con transferencia el pedido P-2024-73702 y me sigue saliendo como pendiente de pago. Adjunto el justificante del banco. Muchas gracias.",factura,0,0,0,116,8.7,factura
M2200,2024-12-04 10:56:00,telefono,C0331,[Transcripción de llamada] ¿cuánto tarda en llegar?,envio,0,0,1,1,12.4,producto
M2201,2024-12-04 11:02:00,chat,C0219,¿me pueden dar el número de seguimiento?,envio,0,0,0,7,2.4,envio
M2202,2024-12-04 11:49:00,correo,C0023,¿me mandáis la factura?,factura,0,0,0,43,12.0,factura
M2203,2024-12-04 11:51:00,telefono,,"[Transcripción de llamada] Buenas tardes, hice el pedido P-2024-19553 el 21 de noviembre y sigue apareciendo como «en preparación». ¿Me pueden decir cuándo sale? Lo necesito para el fin de semana. Aprovecho para pedirles la factura con el NIF de la empresa. Saludos cordiales.",factura,1,0,0,,27.2,factura
M2204,2024-12-04 15:14:00,formulario,C0162,"Buenas, ¿el teclado mecánico retroiluminado incluye los cables o hay que comprarlos aparte? Lo pregunto porque en la foto se ven y en el listado no aparecen. Muchas gracias.",producto,0,0,0,250,5.5,producto
M2205,2024-12-04 18:52:00,correo,C0031,"Buenas tardes, el pedido P-2024-93916 sigue sin aparecer y yo ya lo he comprado en otro sitio. Saludos cordiales.",devolucion,0,0,1,19,10.6,envio
M2206,2024-12-04 18:53:00,correo,,"Buenas tardes, estoy mirando el móvil Redmi Note y no me queda claro si es compatible con el equipo que ya tengo en casa. ¿Me lo pueden confirmar antes de comprarlo? Gracias de antemano.",producto,0,0,0,,5.9,producto
M2207,2024-12-05 09:08:00,correo,C0042,"Buenas tardes, el pedido P-2024-34666 figura como entregado desde ayer y aquí no ha llegado nada. He preguntado a los vecinos y tampoco saben nada. A la espera de su respuesta.",envio,0,0,0,10,5.1,envio
M2208,2024-12-05 13:52:00,telefono,C0128,"[Transcripción de llamada] Buenas tardes, no me quedo con el tocadiscos con previo incorporado: da problemas desde el primer día. Saludos cordiales.",devolucion,0,1,0,12,9.1,devolucion
M2209,2024-12-05 15:36:00,chat,C0011,"Estimados, quiero saber cuándo me devuelven los 474,69 euros del pedido P-2024-91897. Llevo semanas esperando. Saludos cordiales.",factura,0,0,1,31,5.6,devolucion
M2210,2024-12-05 16:29:00,formulario,C0212,"Estimados, llevo 13 días esperando el pedido P-2024-42858. Si no llega esta semana, no lo quiero. Gracias de antemano.",envio,0,0,1,10,13.8,envio
M2211,2024-12-05 16:55:00,telefono,C0294,"[Transcripción de llamada] Buenas tardes, necesito que recojan el router wifi de doble banda y me den una solución, porque así no me sirve para nada. Muchas gracias.",garantia,0,1,0,260,28.2,garantia
M2212,2024-12-05 17:08:00,formulario,,"Hola, buenas, le escribo desde un fondo de inversión con una propuesta de financiación para su negocio, con condiciones muy por debajo de las del mercado. Quedo a la espera.",spam,0,0,0,,1.0,spam
M2213,2024-12-05 17:25:00,correo,C0156,"Estimados, el pedido P-2024-92112 sigue sin aparecer y yo ya lo he comprado en otro sitio. A la espera de su respuesta.",devolucion,0,0,1,15,12.5,envio
M2214,2024-12-05 17:34:00,formulario,C0109,"Buenas, me interesa la tablet de 10 pulgadas para un regalo. ¿la mandan en caja neutra y sin el precio dentro? También necesito la factura, que no me ha llegado. Un saludo.",factura,1,0,0,96,8.8,producto
M2215,2024-12-05 18:46:00,telefono,C0276,"[Transcripción de llamada] Estimados, el dinero del pedido P-2024-32615 no me ha entrado todavía. ¿Con quién tengo que hablar? Gracias por la atención.",factura,0,0,1,18,11.6,devolucion
M2216,2024-12-05 18:56:00,chat,C0092,¿en qué estado está mi reembolso?,devolucion,0,0,1,24,8.6,factura
M2217,2024-12-06 10:45:00,correo,C0095,"Buenos días, el pedido P-2024-80386 figura como entregado desde ayer y aquí no ha llegado nada. He preguntado a los vecinos y tampoco saben nada. En cualquier caso, quiero iniciar la devolución. Un saludo.",devolucion,1,0,0,12,27.7,devolucion
M2218,2024-12-06 11:18:00,chat,,¿hacéis descuento por volumen?,producto,0,0,0,,4.7,producto
M2219,2024-12-06 12:08:00,chat,C0101,¿cuándo llega el P-2024-18033?,envio,0,0,0,3,2.7,envio
M2220,2024-12-06 13:43:00,correo,C0212,"Estimados, necesito saber el plazo de entrega del portátil Lenovo IdeaPad 3, que tengo una fecha límite. Gracias por la atención.",producto,0,0,1,2,11.5,envio
M2221,2024-12-06 14:11:00,formulario,C0196,"Buenas, quería comprar el micrófono USB de sobremesa pero aparece sin existencias. ¿Van a reponerlo o lo han descatalogado? Por cierto, ¿cuándo tienen previsto que llegue? Gracias de antemano.",envio,1,0,0,5,12.2,envio
M2222,2024-12-06 18:10:00,formulario,,"Hola, le escribo desde un fondo de inversión con una propuesta de financiación para su negocio, con condiciones muy por debajo de las del mercado. Muchas gracias.",spam,0,0,0,,0.8,spam
M2223,2024-12-06 18:35:00,chat,C0361,"Hola, ¿me pueden mandar todas las facturas del año pasado? Las necesito para la declaración y en mi área de cliente solo salen las de los últimos tres meses. Gracias de antemano.",factura,0,0,0,32,10.9,factura
M2224,2024-12-06 20:05:00,correo,C0227,"Estimados, el pedido P-2024-96677 figura como entregado desde ayer y aquí no ha llegado nada. He preguntado a los vecinos y tampoco saben nada. Y si no hay solución, quiero devolverlo y que me reembolsen. Gracias por la atención.",devolucion,1,0,0,3,10.3,devolucion
M2225,2024-12-06 20:44:00,chat,C0011,sigue sin llegar,envio,0,0,0,11,4.5,envio
M2226,2024-12-07 09:32:00,formulario,C0358,¿tenéis la barra de sonido de 2.1 canales?,producto,0,0,0,337,5.9,producto
M2227,2024-12-07 11:32:00,correo,C0229,"Buenas, el altavoz bluetooth portátil me llegó con la carcasa rajada por un lado. La caja de fuera estaba intacta, así que venía así de fábrica. Quedo a la espera.",garantia,0,0,0,427,6.8,garantia
M2228,2024-12-07 17:04:00,formulario,C0184,"Buenas tardes, quiero devolver el disco SSD de 1 TB que compré el 9 de noviembre. No es lo que esperaba y no le voy a dar uso. Aún estoy dentro de plazo, ¿verdad? Un saludo.",devolucion,0,0,0,2,6.6,devolucion
M2229,2024-12-07 17:50:00,chat,C0056,sigue sin llegar,envio,0,0,0,3,4.5,devolucion
M2230,2024-12-08 16:10:00,correo,C0203,"Buenas tardes, inicié la devolución del pedido P-2024-75638 por la web, mandé el paquete y han pasado 12 días sin noticias del reembolso. Gracias por la atención.",devolucion,0,0,0,6,8.1,devolucion
M2231,2024-12-08 17:06:00,chat,C0303,¿el router wifi de doble banda sirve para jugar? Y además el importe cobrado no coincide con el del pedido.,factura,1,0,0,81,5.3,factura
M2232,2024-12-08 17:22:00,formulario,C0139,"Hola, buenas, me he equivocado al escribir la dirección de envío del pedido P-2024-42842, puse mal el número de portal. ¿Se puede corregir todavía o ya ha salido? Gracias por la atención.",envio,0,0,0,10,3.8,envio
M2233,2024-12-09 08:15:00,correo,C0038,"Buenas tardes, me han llegado dos unidades del portátil Lenovo IdeaPad 3 y yo solo pedí una. Quiero devolver la que sobra y que me reembolsen los 75,48 euros. Un saludo.",devolucion,0,0,0,1,13.2,devolucion
M2234,2024-12-09 09:34:00,telefono,C0190,"[Transcripción de llamada] Buenas tardes, el reloj inteligente con GPS del pedido P-2024-11310 hace un ruido raro desde la semana pasada y ahora se apaga solo cada poco rato. Quedo a la espera.",garantia,0,0,0,684,8.2,garantia
M2235,2024-12-09 10:15:00,correo,C0157,¿cuánto tarda en llegar?,producto,0,0,1,27,14.5,producto
M2236,2024-12-09 12:15:00,formulario,C0132,"Buenos días, el pedido P-2024-90836 me ha llegado bien pero me he arrepentido de la compra. ¿Cómo inicio la devolución y quién paga el transporte de vuelta? Y lo peor es que no funciona, así que habrá que repararlo. Gracias por la atención.",garantia,1,0,0,353,10.9,devolucion
M2237,2024-12-09 13:01:00,correo,,tenemos una propuesta para su empresa,spam,0,0,0,,0.5,spam
M2238,2024-12-09 15:13:00,telefono,C0026,[Transcripción de llamada] ¿cuánto plazo tengo para devolver?,devolucion,0,0,0,6,5.2,devolucion
M2239,2024-12-09 16:34:00,correo,C0033,"Estimados, quiero devolver el micrófono USB de sobremesa que compré el 24 de marzo. No es lo que esperaba y no le voy a dar uso. Aún estoy dentro de plazo, ¿verdad? Muchas gracias.",devolucion,0,0,0,1,20.2,devolucion
M2240,2024-12-09 17:16:00,correo,C0271,"Buenas, hace tiempo que espero la devolución del importe del pedido P-2024-72676 y no tengo noticias. Muchas gracias.",devolucion,0,0,1,44,13.3,devolucion
M2241,2024-12-09 17:28:00,telefono,C0365,"[Transcripción de llamada] Buenas tardes, llevé la tablet de 10 pulgadas al servicio técnico que me indicaron hace 4 días y todavía no sé nada. ¿Cómo consulto el estado de la reparación? Quedo a la espera.",garantia,0,0,0,244,20.4,garantia
M2242,2024-12-09 17:49:00,formulario,C0241,"Estimados, el teclado mecánico retroiluminado que me vendieron no va bien y quiero que me lo cambien o que me devuelvan el dinero. Quedo a la espera.",devolucion,0,1,0,13,7.5,garantia
M2243,2024-12-09 17:53:00,correo,C0224,"Hola, buenas, ¿me pueden mandar todas las facturas del año pasado? Las necesito para la declaración y en mi área de cliente solo salen las de los últimos tres meses. Un saludo.",factura,0,0,0,92,10.3,factura
M2244,2024-12-09 18:05:00,telefono,C0158,"[Transcripción de llamada] Buenas tardes, en la factura del router wifi de doble banda no aparece el IVA desglosado y mi gestoría me la ha devuelto por eso. A la espera de su respuesta.",factura,0,0,0,3,12.3,factura
M2245,2024-12-09 18:20:00,telefono,,[Transcripción de llamada] ¿tenéis el cargador rápido de 65 W?,producto,0,0,0,,11.7,producto
M2246,2024-12-09 19:58:00,chat,C0143,"¿cuándo me devolvéis los 28,91 euros?",factura,0,0,0,60,10.0,factura
M2247,2024-12-09 19:59:00,correo,C0240,"Buenas tardes, ¿la funda de silicona reforzada que tienen en la web es el modelo de este año o el del anterior? En la ficha no aparece la referencia completa. Aprovecho para pedirles la factura con el NIF de la empresa. Un saludo.",factura,1,0,0,109,12.0,factura
M2248,2024-12-10 08:46:00,correo,C0178,"Estimados, quiero devolver el portátil Lenovo IdeaPad 3 que compré el 20 de abril. No es lo que esperaba y no le voy a dar uso. Aún estoy dentro de plazo, ¿verdad? Gracias por la atención.",devolucion,0,0,0,3,9.5,devolucion
M2249,2024-12-10 09:35:00,formulario,,quiero anular el P-2024-81325,devolucion,0,0,0,,11.9,devolucion
M2250,2024-12-10 12:26:00,correo,C0147,"Buenas tardes, estoy mirando la funda de silicona reforzada y no me queda claro si es compatible con el equipo que ya tengo en casa. ¿Me lo pueden confirmar antes de comprarla? Muchas gracias.",producto,0,0,0,256,7.7,producto
M2251,2024-12-10 16:14:00,chat,,no me cuadra el importe,factura,0,0,0,,4.5,factura
M2252,2024-12-11 08:30:00,chat,C0215,"¿lo tenéis en color negro? Por cierto, ¿cuándo tienen previsto que llegue?",envio,1,0,0,3,4.3,envio
M2253,2024-12-11 09:33:00,chat,C0255,se me ha estropeado el altavoz bluetooth portátil,garantia,0,0,0,458,7.3,garantia
M2254,2024-12-11 11:36:00,chat,C0045,lleva 14 días en reparto,envio,0,0,0,0,3.7,envio
M2255,2024-12-11 12:33:00,correo,C0075,"Estimados, el pedido P-2024-47378 me ha llegado bien pero me he arrepentido de la compra. ¿Cómo inicio la devolución y quién paga el transporte de vuelta? Un saludo.",devolucion,0,0,0,7,4.0,devolucion
M2256,2024-12-11 13:35:00,chat,C0042,la factura sale sin mi NIF,factura,0,0,0,32,9.9,factura
M2257,2024-12-11 15:45:00,chat,,tenemos una propuesta para su empresa,spam,0,0,0,,0.9,producto
M2258,2024-12-11 17:47:00,correo,C0389,"Hola, me han llegado dos unidades de la barra de sonido de 2.1 canales y yo solo pedí una. Quiero devolver la que sobra y que me reembolsen los 302,90 euros. Gracias de antemano.",devolucion,0,0,0,5,6.7,devolucion
M2259,2024-12-11 19:02:00,chat,C0006,"Buenos días, quiero anular el pedido P-2024-96160, que lo hice esta mañana y todavía no ha salido. Si ya ha salido, díganme cómo lo devuelvo. A la espera de su respuesta.",devolucion,0,0,0,5,8.9,devolucion
M2260,2024-12-12 08:20:00,formulario,C0260,"Hola, el repartidor dice que ha intentado entregar el reloj inteligente con GPS dos veces y yo he estado en casa las dos veces. Nadie ha llamado al timbre. Muchas gracias.",envio,0,0,0,6,5.0,envio
M2261,2024-12-12 09:20:00,chat,,¿lo tenéis en color negro?,producto,0,0,0,,7.1,producto
M2262,2024-12-12 09:30:00,formulario,,"Buenas, en la factura del micrófono USB de sobremesa no aparece el IVA desglosado y mi gestoría me la ha devuelto por eso. Quedo a la espera.",factura,0,0,0,,3.7,factura
M2263,2024-12-12 09:48:00,chat,C0325,"¿la impresora multifunción sirve para jugar? Por cierto, ¿cuándo tienen previsto que llegue?",envio,1,0,0,5,5.8,producto
M2264,2024-12-12 10:37:00,correo,,oferta exclusiva solo hoy,spam,0,0,0,,1.0,spam
M2265,2024-12-12 10:47:00,correo,C0119,"Estimados, me he equivocado al escribir la dirección de envío del pedido P-2024-24403, puse mal el número de portal. ¿Se puede corregir todavía o ya ha salido? Gracias de antemano.",envio,0,0,0,11,7.7,envio
M2266,2024-12-12 11:06:00,correo,C0272,"Hola, buenas, la barra de sonido de 2.1 canales que me vendieron no va bien y quiero que me la cambien o que me devuelvan el dinero. Muchas gracias.",garantia,0,1,0,15,15.3,garantia
M2267,2024-12-12 12:53:00,chat,C0278,llegó golpeado y no va,envio,0,0,1,1,9.2,garantia
M2268,2024-12-12 13:00:00,formulario,C0160,"Hola, no me quedo con el teclado mecánico retroiluminado: da problemas desde el primer día. Un saludo.",devolucion,0,1,0,2,12.7,garantia
M2269,2024-12-12 17:07:00,correo,C0124,"Hola, buenas, he pedido un cargador rápido de 65 W y otro artículo en el mismo pedido y solo me ha llegado uno. La caja venía bien cerrada, así que no parece cosa del transporte. Saludos cordiales.",envio,0,0,0,4,6.5,envio
M2270,2024-12-12 17:27:00,formulario,C0175,"no me ha llegado nada todavía. También necesito la factura, que no me ha llegado.",factura,1,0,0,13,7.9,spam
M2271,2024-12-13 09:42:00,correo,C0135,"Hola, buenas, en la factura de la funda de silicona reforzada no aparece el IVA desglosado y mi gestoría me la ha devuelto por eso. Saludos cordiales.",factura,0,0,0,100,5.8,factura
M2272,2024-12-13 11:47:00,correo,,"Buenas tardes, el pedido P-2024-81289 figura como entregado desde ayer y aquí no ha llegado nada. He preguntado a los vecinos y tampoco saben nada. Y además el importe cobrado no coincide con el del pedido. Muchas gracias.",factura,1,0,0,,15.7,envio
M2273,2024-12-13 13:27:00,correo,C0009,"Hola, estoy mirando el disco SSD de 1 TB y no me queda claro si es compatible con el equipo que ya tengo en casa. ¿Me lo pueden confirmar antes de comprarlo? Un saludo.",producto,0,0,0,63,9.0,producto
M2274,2024-12-13 15:32:00,correo,C0001,"Buenos días, ¿me pueden cambiar el micrófono USB de sobremesa por otro? Este viene con un defecto de fábrica. Gracias por la atención.",devolucion,0,1,0,14,8.8,devolucion
M2275,2024-12-13 15:33:00,telefono,C0371,"[Transcripción de llamada] Estimados, no me quedo con el monitor de 27 pulgadas: da problemas desde el primer día. Saludos cordiales.",garantia,0,1,0,191,7.9,garantia
M2276,2024-12-13 19:04:00,chat,C0208,el altavoz bluetooth portátil vino dañado,envio,0,0,1,0,3.0,garantia
M2277,2024-12-14 11:57:00,correo,C0224,"Buenos días, el móvil Redmi Note no me sirve para lo que lo quería. lo tengo sin abrir, con el precinto puesto y con la factura dentro de la caja. Un saludo.",devolucion,0,0,0,13,9.1,devolucion
M2278,2024-12-14 19:12:00,chat,C0178,¿cómo devuelvo un pedido?,devolucion,0,0,0,8,10.9,devolucion
M2279,2024-12-14 19:49:00,correo,C0297,"Buenas, compré la barra de sonido de 2.1 canales hace 11 días y quiero cambiarla por el modelo superior pagando la diferencia. ¿Se puede o tengo que devolverla y volver a comprar? Gracias por la atención.",devolucion,0,0,0,11,20.7,devolucion
M2280,2024-12-15 10:37:00,correo,C0311,"Hola, he pedido un micrófono USB de sobremesa y otro artículo en el mismo pedido y solo me ha llegado uno. La caja venía bien cerrada, así que no parece cosa del transporte. Un saludo.",envio,0,0,0,4,3.5,envio
M2281,2024-12-15 18:31:00,correo,C0276,"Buenas tardes, la tablet de 10 pulgadas ha llegado esta mañana y viene dañado. No sé si ha sido el transporte o venía así. Gracias por la atención.",garantia,0,0,1,6,7.6,garantia
M2282,2024-12-15 19:19:00,telefono,C0274,"[Transcripción de llamada] Hola, buenas, ¿me pueden mandar todas las facturas del año pasado? Las necesito para la declaración y en mi área de cliente solo salen las de los últimos tres meses. Muchas gracias.",factura,0,0,0,75,37.1,factura
M2283,2024-12-16 10:20:00,correo,C0077,"Buenas tardes, hice el pedido P-2024-48427 el 17 de septiembre y sigue apareciendo como «en preparación». ¿Me pueden decir cuándo sale? Lo necesito para el fin de semana. En cualquier caso, quiero iniciar la devolución. Saludos cordiales.",devolucion,1,0,0,10,10.7,devolucion
M2284,2024-12-16 10:45:00,formulario,C0124,"Buenas, ¿me pueden mandar todas las facturas del año pasado? Las necesito para la declaración y en mi área de cliente solo salen las de los últimos tres meses. Muchas gracias.",factura,0,0,0,102,3.3,factura
M2285,2024-12-16 12:34:00,correo,C0047,"Hola, buenas, el repartidor dice que ha intentado entregar el disco SSD de 1 TB dos veces y yo he estado en casa las dos veces. Nadie ha llamado al timbre. Un saludo.",envio,0,0,0,0,4.2,envio
M2286,2024-12-16 13:20:00,correo,C0233,¿dónde está mi pedido?,envio,0,0,0,7,8.2,envio
M2287,2024-12-16 13:31:00,formulario,C0221,"Estimados, estoy mirando la funda de silicona reforzada y no me queda claro si es compatible con el equipo que ya tengo en casa. ¿Me lo pueden confirmar antes de comprarla? Gracias de antemano.",producto,0,0,0,72,6.8,envio
M2288,2024-12-16 13:39:00,correo,C0376,"Buenas, me han cobrado dos veces los 226,11 euros del pedido P-2024-13025. En el banco aparecen los dos cargos con la misma fecha. Un saludo.",factura,0,0,0,36,3.8,spam
M2289,2024-12-16 14:40:00,correo,C0215,"Estimados, quiero anular el pedido P-2024-95313, que lo hice esta mañana y todavía no ha salido. Si ya ha salido, díganme cómo la devuelvo. Quedo a la espera.",devolucion,0,0,0,9,11.7,devolucion
M2290,2024-12-16 15:23:00,formulario,C0259,"Hola, buenas, necesito que el pedido P-2024-31013 lo dejen en el punto de recogida en vez de en casa, que por las mañanas no hay nadie. Muchas gracias.",envio,0,0,0,0,10.0,envio
M2291,2024-12-16 17:00:00,formulario,C0357,no me ha llegado nada todavía,envio,0,0,0,7,3.9,envio
M2292,2024-12-16 18:43:00,correo,C0219,"Estimados, he pedido una tablet de 10 pulgadas y otro artículo en el mismo pedido y solo me ha llegado uno. La caja venía bien cerrada, así que no parece cosa del transporte. Llegados a este punto prefiero devolver el pedido entero. A la espera de su respuesta.",devolucion,1,0,0,8,12.9,devolucion
M2293,2024-12-17 08:40:00,correo,C0024,"Hola, buenas, me he equivocado al escribir la dirección de envío del pedido P-2024-31905, puse mal el número de portal. ¿Se puede corregir todavía o ya ha salido? Quedo a la espera.",envio,0,0,0,4,1.1,envio
M2294,2024-12-17 09:54:00,chat,C0397,"Buenas tardes, tengo un problema con el router wifi de doble banda y quiero devolverlo. No me sirve así. Un saludo.",devolucion,0,1,0,8,8.3,devolucion
M2295,2024-12-17 10:31:00,formulario,,"Estimados, última oportunidad: setenta por ciento de descuento en nuestro programa de facturación electrónica para pymes. Oferta válida solo esta semana. Un saludo.",spam,0,0,0,,0.4,spam
M2296,2024-12-17 10:38:00,correo,C0164,"Buenas, el monitor de 27 pulgadas que me vendieron no va bien y quiero que me lo cambien o que me devuelvan el dinero. Saludos cordiales.",garantia,0,1,0,309,19.3,garantia
M2297,2024-12-17 10:45:00,formulario,C0086,no me cuadra el importe,factura,0,0,0,45,3.5,factura
M2298,2024-12-17 10:50:00,correo,C0298,"Estimados, el micrófono USB de sobremesa que me vendieron no va bien y quiero que me lo cambien o que me devuelvan el dinero. Gracias de antemano.",devolucion,0,1,0,10,21.4,devolucion
M2299,2024-12-17 12:32:00,telefono,C0059,"[Transcripción de llamada] Buenos días, ¿es normal que un pedido tarde 11 días en salir del almacén? Lo hice el 12 de febrero y no tengo ni número de seguimiento. A la espera de su respuesta.",envio,0,0,0,10,5.1,envio
M2300,2024-12-17 14:23:00,telefono,,"[Transcripción de llamada] Estimados, ¿necesita mejorar el posicionamiento de su tienda en línea? Le ofrecemos una auditoría gratuita y sin compromiso de su web. A la espera de su respuesta.",spam,0,0,0,,0.6,spam
M2301,2024-12-17 15:30:00,correo,C0074,"Buenos días, no me quedo con el móvil Redmi Note: da problemas desde el primer día. Saludos cordiales.",devolucion,0,1,0,9,9.5,devolucion
M2302,2024-12-17 16:41:00,telefono,C0224,"[Transcripción de llamada] Buenas, compré el router wifi de doble banda hace 8 meses y se ha vuelto a estropear de lo mismo que ya me repararon en marzo. Gracias por la atención.",garantia,0,0,0,475,9.1,garantia
M2303,2024-12-17 17:04:00,chat,,"Buenos días, ofrecemos servicio de atención al cliente externalizado con agentes en horario ampliado. ¿Le interesa que le mandemos una propuesta sin compromiso? Un saludo.",spam,0,0,0,,2.8,spam
M2304,2024-12-17 18:41:00,formulario,,¿cómo devuelvo un pedido?,devolucion,0,0,0,,7.5,devolucion
M2305,2024-12-17 20:03:00,correo,C0022,"Hola, compré el monitor de 27 pulgadas hace 13 meses y se ha vuelto a estropear de lo mismo que ya me repararon en marzo. Saludos cordiales.",garantia,0,0,0,120,6.7,devolucion
M2306,2024-12-18 08:25:00,correo,C0132,"Buenos días, la barra de sonido de 2.1 canales no me sirve para lo que la quería. la tengo sin abrir, con el precinto puesto y con la factura dentro de la caja. Gracias por la atención.",devolucion,0,0,0,6,6.0,devolucion
M2307,2024-12-18 10:36:00,correo,C0258,"Buenas, he pedido una impresora multifunción y otro artículo en el mismo pedido y solo me ha llegado uno. La caja venía bien cerrada, así que no parece cosa del transporte. Gracias de antemano.",envio,0,0,0,2,2.7,envio
M2308,2024-12-18 11:07:00,correo,,"Hola, he pedido un teclado mecánico retroiluminado y otro artículo en el mismo pedido y solo me ha llegado uno. La caja venía bien cerrada, así que no parece cosa del transporte. En cualquier caso, quiero iniciar la devolución. Muchas gracias.",devolucion,1,0,0,,16.1,envio
M2309,2024-12-18 15:14:00,correo,C0247,"Estimados, el altavoz bluetooth portátil ha dejado de funcionar y quiero devolverlo y recuperar mi dinero. Gracias por la atención.",garantia,0,1,0,276,15.9,garantia
M2310,2024-12-18 15:38:00,correo,C0230,"Buenas, el repartidor dice que ha intentado entregar la impresora multifunción dos veces y yo he estado en casa las dos veces. Nadie ha llamado al timbre. A la espera de su respuesta.",envio,0,0,0,3,2.0,devolucion
M2311,2024-12-18 15:53:00,formulario,C0056,"el teclado mecánico retroiluminado no va, lo quiero devolver",devolucion,0,1,0,14,9.8,devolucion
M2312,2024-12-18 18:10:00,chat,C0294,¿cuándo me devolvéis el dinero?,devolucion,0,0,1,7,11.4,factura
M2313,2024-12-19 11:51:00,correo,C0128,"Buenas tardes, necesito la factura del pedido P-2024-61482 con los datos fiscales de mi empresa, que la que me han mandado va a mi nombre particular. Quedo a la espera.",factura,0,0,0,87,12.2,factura
M2314,2024-12-19 12:15:00,correo,C0237,"Hola, buenas, he pedido un monitor de 27 pulgadas y otro artículo en el mismo pedido y solo me ha llegado uno. La caja venía bien cerrada, así que no parece cosa del transporte. Un saludo.",envio,0,0,0,8,5.7,envio
M2315,2024-12-19 12:45:00,formulario,C0177,"Estimados, inicié la devolución del pedido P-2024-70014 por la web, mandé el paquete y han pasado 2 días sin noticias del reembolso. Gracias por la atención.",devolucion,0,0,0,9,7.0,devolucion
M2316,2024-12-19 12:55:00,chat,C0190,¿cómo devuelvo un pedido?,devolucion,0,0,0,4,7.3,factura
M2317,2024-12-19 15:37:00,formulario,,"Buenas tardes, ofrecemos servicio de atención al cliente externalizado con agentes en horario ampliado. ¿Le interesa que le mandemos una propuesta sin compromiso? Gracias por la atención.",spam,0,0,0,,1.0,spam
M2318,2024-12-19 16:40:00,correo,C0234,"Buenas tardes, inicié la devolución del pedido P-2024-52518 por la web, mandé el paquete y han pasado 12 días sin noticias del reembolso. Quedo a la espera.",devolucion,0,0,0,11,23.1,devolucion
M2319,2024-12-19 19:21:00,correo,,"Buenas tardes, me interesa el cargador rápido de 65 W para un regalo. ¿lo mandan en caja neutra y sin el precio dentro? Gracias por la atención.",producto,0,0,0,,18.9,producto
M2320,2024-12-19 19:44:00,telefono,C0350,"[Transcripción de llamada] Buenas tardes, el móvil Redmi Note que me vendieron no va bien y quiero que me lo cambien o que me devuelvan el dinero. Quedo a la espera.",devolucion,0,1,0,2,10.6,devolucion
M2321,2024-12-20 10:47:00,correo,C0229,¿cuándo me devolvéis el dinero?,devolucion,0,0,1,25,12.7,factura
M2322,2024-12-20 17:51:00,formulario,,"Hola, buenas, dudo entre el teclado mecánico retroiluminado y otro modelo más caro. ¿Merece la pena la diferencia de 24,18 euros para un uso normal? Gracias por la atención.",producto,0,0,0,,6.1,producto
M2323,2024-12-20 19:20:00,correo,C0034,"Hola, he recibido el pedido P-2024-93632 y el aparato no va. La caja tiene un golpe en un lateral. A la espera de su respuesta.",garantia,0,0,1,10,7.9,garantia
M2324,2024-12-21 11:15:00,correo,C0063,"Buenos días, ¿me pueden mandar todas las facturas del año pasado? Las necesito para la declaración y en mi área de cliente solo salen las de los últimos tres meses. Saludos cordiales.",factura,0,0,0,55,6.5,factura
M2325,2024-12-21 16:19:00,chat,C0063,¿me pueden dar el número de seguimiento?,envio,0,0,0,8,4.5,envio
M2326,2024-12-23 10:00:00,formulario,C0200,"Buenos días, el tocadiscos con previo incorporado no me sirve para lo que lo quería. lo tengo sin abrir, con el precinto puesto y con la factura dentro de la caja. Gracias de antemano.",devolucion,0,0,0,11,13.5,devolucion
M2327,2024-12-23 10:00:00,correo,C0381,"Hola, necesito la factura del pedido P-2024-65822 con los datos fiscales de mi empresa, que la que me han mandado va a mi nombre particular. Saludos cordiales.",factura,0,0,0,46,8.7,factura
M2328,2024-12-23 10:02:00,correo,C0176,"Estimados, compré la funda de silicona reforzada hace 20 días y quiero cambiarla por el modelo superior pagando la diferencia. ¿Se puede o tengo que devolverla y volver a comprar? Un saludo.",devolucion,0,0,0,2,10.2,devolucion
M2329,2024-12-23 10:07:00,correo,,"Hola, buenas, me interesa el altavoz bluetooth portátil para un regalo. ¿lo mandan en caja neutra y sin el precio dentro? Gracias por la atención.",producto,0,0,0,,6.5,producto
M2330,2024-12-23 10:14:00,chat,C0154,necesito la factura del P-2024-15598,factura,0,0,0,83,2.7,factura
M2331,2024-12-23 10:31:00,formulario,,aumente sus ventas un 300 %,spam,0,0,0,,0.6,spam
M2332,2024-12-23 10:59:00,correo,C0286,"Hola, he pagado con transferencia el pedido P-2024-95080 y me sigue saliendo como pendiente de pago. Adjunto el justificante del banco. A la espera de su respuesta.",factura,0,0,0,7,7.8,factura
M2333,2024-12-23 11:47:00,correo,C0040,"Estimados, la funda de silicona reforzada del pedido P-2024-94844 hace un ruido raro desde la semana pasada y ahora se apaga solo cada poco rato. A la espera de su respuesta.",garantia,0,0,0,165,7.9,garantia
M2334,2024-12-23 11:57:00,chat,C0213,sigue sin llegar,envio,0,0,0,4,4.6,envio
M2335,2024-12-23 12:02:00,telefono,,[Transcripción de llamada] ¿el disco SSD de 1 TB sirve para jugar?,producto,0,0,0,,2.7,envio
M2336,2024-12-23 12:16:00,correo,C0038,"Estimados, he pedido un auricular inalámbrico con cancelación de ruido y otro artículo en el mismo pedido y solo me ha llegado uno. La caja venía bien cerrada, así que no parece cosa del transporte. Muchas gracias.",envio,0,0,0,6,3.6,envio
M2337,2024-12-23 12:23:00,formulario,C0018,"Buenos días, el pedido P-2024-48863 figura como entregado desde ayer y aquí no ha llegado nada. He preguntado a los vecinos y tampoco saben nada. Quedo a la espera.",envio,0,0,0,1,4.7,envio
M2338,2024-12-23 17:04:00,formulario,C0271,"Buenas, compré el monitor de 27 pulgadas y no va. ¿Me devuelven el importe o me lo reparan? Saludos cordiales.",garantia,0,1,0,86,15.2,garantia
M2339,2024-12-23 17:09:00,correo,C0174,"Buenas, en la ficha de la impresora multifunción pone una cosa en las características y otra distinta en la descripción. ¿Cuál de las dos es la buena? Un saludo.",producto,0,0,0,179,8.0,producto
M2340,2024-12-24 10:01:00,chat,C0080,¿cuánto plazo tengo para devolver?,devolucion,0,0,0,13,12.9,devolucion
M2341,2024-12-24 10:01:00,chat,C0240,"Buenos días, quiero que se hagan cargo del auricular inalámbrico con cancelación de ruido, que ha salido malo desde el principio. Saludos cordiales.",garantia,0,1,0,510,11.4,garantia
M2342,2024-12-24 10:35:00,chat,C0085,"Hola, el pedido P-2024-59663 sigue sin aparecer y yo ya lo he comprado en otro sitio. Gracias por la atención.",devolucion,0,0,1,8,8.3,envio
M2343,2024-12-24 11:20:00,formulario,C0056,¿el altavoz bluetooth portátil sirve para jugar?,producto,0,0,0,92,6.9,producto
M2344,2024-12-24 13:09:00,correo,C0127,"Buenas tardes, he pagado con transferencia el pedido P-2024-52902 y me sigue saliendo como pendiente de pago. Adjunto el justificante del banco. A la espera de su respuesta.",factura,0,0,0,10,4.4,factura
M2345,2024-12-24 14:17:00,formulario,C0230,"Buenos días, en la ficha del micrófono USB de sobremesa pone una cosa en las características y otra distinta en la descripción. ¿Cuál de las dos es la buena? Gracias de antemano.",producto,0,0,0,251,3.3,producto
M2346,2024-12-25 11:14:00,formulario,C0324,"Hola, en la factura del pedido P-2024-96335 aparece un importe distinto del que pagué. Yo tengo un cargo de 242,82 euros en la tarjeta. En cualquier caso, quiero iniciar la devolución. Muchas gracias.",devolucion,1,0,0,10,10.1,factura
M2347,2024-12-25 11:27:00,formulario,C0299,"Buenas tardes, ¿es normal que un pedido tarde 13 días en salir del almacén? Lo hice el 24 de marzo y no tengo ni número de seguimiento. Muchas gracias.",envio,0,0,0,0,6.8,envio
M2348,2024-12-25 11:49:00,correo,,"Buenas tardes, ¿necesita mejorar el posicionamiento de su tienda en línea? Le ofrecemos una auditoría gratuita y sin compromiso de su web. Saludos cordiales.",spam,0,0,0,,0.6,spam
M2349,2024-12-25 13:11:00,correo,C0221,"Hola, buenas, ¿el router wifi de doble banda incluye los cables o hay que comprarlos aparte? Lo pregunto porque en la foto se ven y en el listado no aparecen. Quedo a la espera.",producto,0,0,0,224,6.3,producto
M2350,2024-12-25 13:14:00,formulario,C0396,lleva 20 días en reparto,envio,0,0,0,8,3.8,envio
M2351,2024-12-25 14:57:00,correo,C0377,"Buenas tardes, no estoy conforme con el auricular inalámbrico con cancelación de ruido: ni funciona bien ni es lo que anunciaban. Quiero una solución. Gracias por la atención.",garantia,0,1,0,382,21.1,garantia
M2352,2024-12-25 15:32:00,correo,C0058,"¿cuándo me devolvéis los 578,48 euros?",factura,0,0,0,95,3.3,factura
M2353,2024-12-25 16:26:00,formulario,C0239,¿hacéis descuento por volumen?,producto,0,0,0,288,4.3,producto
M2354,2024-12-25 17:33:00,correo,C0017,"Buenas tardes, me han cobrado dos veces los 665,15 euros del pedido P-2024-84876. En el banco aparecen los dos cargos con la misma fecha. Y lo peor es que no funciona, así que habrá que repararlo. Saludos cordiales.",garantia,1,0,0,402,13.1,garantia
M2355,2024-12-25 19:00:00,formulario,C0164,"Buenas, he pedido un auricular inalámbrico con cancelación de ruido y otro artículo en el mismo pedido y solo me ha llegado uno. La caja venía bien cerrada, así que no parece cosa del transporte. A la espera de su respuesta.",envio,0,0,0,6,4.2,envio
M2356,2024-12-26 08:25:00,correo,C0220,"Buenos días, necesito la factura del pedido P-2024-21561 con los datos fiscales de mi empresa, que la que me han mandado va a mi nombre particular. A la espera de su respuesta.",factura,0,0,0,59,3.7,factura
M2357,2024-12-26 08:40:00,correo,C0282,"Hola, la impresora multifunción no me sirve para lo que la quería. la tengo sin abrir, con el precinto puesto y con la factura dentro de la caja. Quedo a la espera.",devolucion,0,0,0,13,12.3,devolucion
M2358,2024-12-26 09:28:00,chat,,"Hola, quería comprar el disco SSD de 1 TB pero aparece sin existencias. ¿Van a reponerlo o lo han descatalogado? Y además el importe cobrado no coincide con el del pedido. Muchas gracias.",factura,1,0,0,,5.3,producto
M2359,2024-12-26 09:58:00,correo,C0267,"Hola, quiero anular el pedido P-2024-17778, que lo hice esta mañana y todavía no ha salido. Si ya ha salido, díganme cómo lo devuelvo. Muchas gracias.",devolucion,0,0,0,12,9.4,devolucion
M2360,2024-12-26 10:27:00,formulario,C0316,"Buenas, inicié la devolución del pedido P-2024-62536 por la web, mandé el paquete y han pasado 16 días sin noticias del reembolso. Gracias de antemano.",devolucion,0,0,0,6,14.7,devolucion
M2361,2024-12-26 10:48:00,correo,C0196,"Hola, necesito que el pedido P-2024-33411 lo dejen en el punto de recogida en vez de en casa, que por las mañanas no hay nadie. Gracias de antemano.",envio,0,0,0,3,3.9,envio
M2362,2024-12-26 13:37:00,formulario,C0312,no me cuadra el importe,factura,0,0,0,55,2.9,factura
M2363,2024-12-26 14:16:00,correo,,"Buenas tardes, somos una empresa de logística internacional con más de veinte años de experiencia y nos gustaría ofrecerles nuestras tarifas para el próximo trimestre. Gracias de antemano.",spam,0,0,0,,0.7,spam
M2364,2024-12-26 17:23:00,correo,C0350,"Buenas, estoy mirando el monitor de 27 pulgadas y no me queda claro si es compatible con el equipo que ya tengo en casa. ¿Me lo pueden confirmar antes de comprarlo? Quedo a la espera.",producto,0,0,0,180,8.4,envio
M2365,2024-12-26 18:23:00,chat,,confirme sus datos aquí,spam,0,0,0,,0.4,spam
M2366,2024-12-26 18:28:00,correo,,"Buenos días, en la ficha de la tablet de 10 pulgadas pone una cosa en las características y otra distinta en la descripción. ¿Cuál de las dos es la buena? Quedo a la espera.",producto,0,0,0,,8.5,producto
M2367,2024-12-26 20:13:00,telefono,C0255,"[Transcripción de llamada] Hola, quiero devolver el disco SSD de 1 TB que compré el 17 de junio. No es lo que esperaba y no le voy a dar uso. Aún estoy dentro de plazo, ¿verdad? Un saludo.",devolucion,0,0,0,13,7.3,devolucion
M2368,2024-12-27 11:27:00,chat,C0180,"Hola, me han llegado dos unidades del tocadiscos con previo incorporado y yo solo pedí una. Quiero devolver la que sobra y que me reembolsen los 727,37 euros. A la espera de su respuesta.",devolucion,0,0,0,1,9.8,devolucion
M2369,2024-12-27 13:21:00,chat,C0125,sigue sin llegar,envio,0,0,0,2,3.4,envio
M2370,2024-12-27 14:39:00,correo,C0218,"Estimados, el seguimiento del pedido P-2024-67284 lleva 4 días sin moverse y la fecha prevista de entrega ya ha pasado. ¿Se ha perdido? Un saludo.",envio,0,0,0,0,7.8,envio
M2371,2024-12-27 14:44:00,formulario,C0394,"Buenas, hice el pedido P-2024-56565 el 12 de junio y sigue apareciendo como «en preparación». ¿Me pueden decir cuándo sale? Lo necesito para el fin de semana. Y si no hay solución, quiero devolverlo y que me reembolsen. Muchas gracias.",devolucion,1,0,0,6,7.8,devolucion
M2372,2024-12-27 17:44:00,correo,,"Estimados, le escribo desde un fondo de inversión con una propuesta de financiación para su negocio, con condiciones muy por debajo de las del mercado. Gracias por la atención.",spam,0,0,0,,1.3,spam
M2373,2024-12-27 17:59:00,correo,C0029,"Hola, el pedido P-2024-50008 sigue sin aparecer y yo ya lo he comprado en otro sitio. A la espera de su respuesta.",envio,0,0,1,7,4.5,envio
M2374,2024-12-27 18:56:00,correo,C0176,"Hola, el reembolso del pedido P-2024-54836 lo aceptaron hace 9 días y en la cuenta no ha entrado nada todavía. Y además ha empezado a fallar: se apaga solo desde el primer día. A la espera de su respuesta.",garantia,1,0,0,180,16.5,garantia
M2375,2024-12-28 09:23:00,telefono,C0350,"[Transcripción de llamada] Buenas tardes, quiero anular el pedido P-2024-10762, que lo hice esta mañana y todavía no ha salido. Si ya ha salido, díganme cómo lo devuelvo. Gracias de antemano.",devolucion,0,0,0,8,9.8,devolucion
M2376,2024-12-28 17:48:00,correo,C0228,"no me sirve, lo quiero devolver",devolucion,0,0,0,11,5.5,devolucion
M2377,2024-12-29 09:54:00,chat,C0018,no me ha llegado nada todavía,envio,0,0,0,7,3.4,envio
M2378,2024-12-29 10:08:00,chat,C0394,"Hola, buenas, el router wifi de doble banda del pedido P-2024-82461 hace un ruido raro desde la semana pasada y ahora se apaga solo cada poco rato. Muchas gracias.",garantia,0,0,0,613,16.8,garantia
M2379,2024-12-29 12:43:00,formulario,C0167,no llega y ya no lo quiero,devolucion,0,0,1,4,11.1,devolucion
M2380,2024-12-29 14:17:00,correo,C0201,"Hola, buenas, la barra de sonido de 2.1 canales no me sirve para lo que la quería. la tengo sin abrir, con el precinto puesto y con la factura dentro de la caja. Muchas gracias.",devolucion,0,0,0,2,5.7,devolucion
M2381,2024-12-30 10:15:00,correo,C0123,"Buenas, el pedido P-2024-34674 me ha llegado bien pero me he arrepentido de la compra. ¿Cómo inicio la devolución y quién paga el transporte de vuelta? Y además ha empezado a fallar: se apaga solo desde el primer día. Muchas gracias.",garantia,1,0,0,476,19.1,garantia
M2382,2024-12-30 10:16:00,correo,C0246,"Hola, buenas, el monitor de 27 pulgadas ha dejado de funcionar y quiero devolverlo y recuperar mi dinero. Muchas gracias.",devolucion,0,1,0,4,10.4,garantia
M2383,2024-12-30 10:22:00,formulario,C0282,sigue sin llegar,envio,0,0,0,10,2.6,envio
M2384,2024-12-30 10:26:00,correo,C0398,"Buenas, compré el disco SSD de 1 TB y no va. ¿Me devuelven el importe o me lo reparan? Saludos cordiales.",garantia,0,1,0,299,19.2,garantia
M2385,2024-12-30 10:48:00,correo,C0300,"Buenas tardes, me ha llegado el altavoz bluetooth portátil con la carcasa partida. ¿Qué hago con él? Gracias de antemano.",garantia,0,0,1,1,20.5,garantia
M2386,2024-12-30 11:10:00,correo,,"Hola, buenas, ¿la funda de silicona reforzada incluye los cables o hay que comprarlos aparte? Lo pregunto porque en la foto se ven y en el listado no aparecen. Un saludo.",producto,0,0,0,,4.7,producto
M2387,2024-12-30 13:59:00,correo,C0204,"Hola, llevo 4 días esperando el pedido P-2024-84018. Si no llega esta semana, no lo quiero. Un saludo.",devolucion,0,0,1,14,6.1,envio
M2388,2024-12-30 14:24:00,correo,C0210,"Hola, el pedido P-2024-87972 figura como entregado desde ayer y aquí no ha llegado nada. He preguntado a los vecinos y tampoco saben nada. A la espera de su respuesta.",envio,0,0,0,4,5.3,producto
M2389,2024-12-30 15:39:00,correo,C0056,"Hola, el repartidor dice que ha intentado entregar el router wifi de doble banda dos veces y yo he estado en casa las dos veces. Nadie ha llamado al timbre. Saludos cordiales.",envio,0,0,0,6,3.2,envio
M2390,2024-12-30 17:44:00,correo,C0069,¿cuánto tarda en llegar?,producto,0,0,1,29,3.4,producto
M2391,2024-12-30 18:08:00,chat,C0363,sigo sin cobrar el reembolso,devolucion,0,0,1,13,6.3,devolucion
M2392,2024-12-30 20:17:00,correo,C0231,"Estimados, en la factura del pedido P-2024-13024 aparece un importe distinto del que pagué. Yo tengo un cargo de 174,12 euros en la tarjeta. En cualquier caso, quiero iniciar la devolución. Un saludo.",devolucion,1,0,0,6,6.9,factura
M2393,2024-12-31 08:17:00,formulario,,"Buenas tardes, ¿la barra de sonido de 2.1 canales que tienen en la web es el modelo de este año o el del anterior? En la ficha no aparece la referencia completa. Gracias por la atención.",producto,0,0,0,,2.2,producto
M2394,2024-12-31 11:26:00,telefono,C0180,"[Transcripción de llamada] Buenas tardes, me he equivocado al escribir la dirección de envío del pedido P-2024-18449, puse mal el número de portal. ¿Se puede corregir todavía o ya ha salido? Saludos cordiales.",envio,0,0,0,8,2.1,envio
M2395,2024-12-31 11:39:00,correo,C0157,"Hola, buenas, ¿el teclado mecánico retroiluminado incluye los cables o hay que comprarlos aparte? Lo pregunto porque en la foto se ven y en el listado no aparecen. A la espera de su respuesta.",producto,0,0,0,165,12.7,producto
M2396,2024-12-31 11:49:00,correo,C0316,"Buenas tardes, quiero devolver el disco SSD de 1 TB que compré el 28 de septiembre. No es lo que esperaba y no le voy a dar uso. Aún estoy dentro de plazo, ¿verdad? Muchas gracias.",devolucion,0,0,0,12,12.9,devolucion
M2397,2024-12-31 12:35:00,formulario,C0180,¿me pueden dar el número de seguimiento?,envio,0,0,0,11,3.1,envio
M2398,2024-12-31 12:58:00,formulario,C0151,"Buenas tardes, ¿el tocadiscos con previo incorporado incluye los cables o hay que comprarlos aparte? Lo pregunto porque en la foto se ven y en el listado no aparecen. Añado que la entrega lleva ya 20 días de retraso. A la espera de su respuesta.",envio,1,0,0,7,5.9,producto
M2399,2024-12-31 14:28:00,formulario,C0328,"Buenas, el seguimiento del pedido P-2024-35352 lleva 15 días sin moverse y la fecha prevista de entrega ya ha pasado. ¿Se ha perdido? A la espera de su respuesta.",envio,0,0,0,10,5.7,envio
M2400,2024-12-31 15:45:00,correo,C0329,"la barra de sonido de 2.1 canales no va, la quiero devolver",garantia,0,1,0,50,30.2,garantia
